LVHI,Legg Mason International Low Vo,
Date,Price,Annualized Dividend
07/28/2016,20.91,0.0
07/28/2016,20.93,0.0
07/29/2016,20.77,0.0
07/29/2016,20.77,0.0
08/01/2016,20.77,0.0
08/01/2016,20.76,0.0
08/02/2016,20.61,0.0
08/02/2016,20.55,0.0
08/03/2016,20.43,0.0
08/03/2016,20.45,0.0
08/04/2016,20.65,0.0
08/04/2016,20.67,0.0
08/05/2016,20.67,0.0
08/05/2016,20.67,0.0
08/08/2016,20.86,0.0
08/08/2016,20.88,0.0
08/09/2016,21.01,0.0
08/09/2016,21.05,0.0
08/10/2016,21.09,0.0
08/10/2016,21.06,0.0
08/11/2016,21.06,0.0
08/11/2016,21.06,0.0
08/12/2016,21.1,0.0
08/12/2016,21.2,0.0
08/15/2016,21.27,0.0
08/15/2016,21.26,0.0
08/16/2016,21.09,0.0
08/16/2016,21.01,0.0
08/17/2016,20.85,0.0
08/17/2016,20.94,0.0
08/18/2016,20.92,0.0
08/18/2016,20.89,0.0
08/19/2016,20.79,0.0
08/19/2016,20.82,0.0
08/22/2016,20.94,0.0
08/22/2016,20.84,0.0
08/23/2016,20.84,0.0
08/23/2016,20.84,0.0
08/24/2016,21.03,0.0
08/24/2016,21.05,0.0
08/25/2016,20.94,0.0
08/25/2016,20.94,0.0
08/26/2016,20.95,0.0
08/26/2016,20.88,0.0
08/29/2016,21.01,0.0
08/29/2016,21.09,0.0
08/30/2016,20.98,0.0
08/30/2016,20.95,0.0
08/31/2016,21.0,0.0
08/31/2016,21.0,0.0
09/01/2016,20.95,0.0
09/01/2016,20.99,0.0
09/02/2016,21.22,0.0
09/02/2016,21.22,0.0
09/06/2016,21.24,0.0
09/06/2016,21.26,0.0
09/07/2016,21.24,0.0
09/07/2016,21.24,0.0
09/08/2016,21.29,0.0
09/08/2016,21.29,0.0
09/09/2016,21.08,0.0
09/09/2016,21.05,0.0
09/12/2016,20.76,0.0
09/12/2016,20.76,0.0
09/13/2016,20.77,0.0
09/13/2016,20.77,0.0
09/14/2016,20.64,0.0
09/14/2016,20.64,0.0
09/15/2016,20.64,0.0
09/15/2016,20.64,0.0
09/16/2016,20.62,0.0
09/16/2016,20.63,0.0
09/19/2016,20.75,0.0
09/19/2016,20.72,0.0
09/20/2016,20.79,0.0
09/20/2016,20.79,0.0
09/21/2016,20.84,0.0
09/21/2016,20.89,0.0
09/22/2016,21.08,0.0
09/22/2016,21.07,0.0
09/23/2016,21.11,0.0
09/23/2016,21.1,0.0
09/26/2016,20.72,0.0
09/26/2016,20.7,0.0
09/27/2016,20.7,0.0
09/27/2016,20.7,0.0
09/28/2016,20.7,0.0
09/28/2016,20.7,0.0
09/29/2016,21.02,0.0
09/29/2016,21.06,0.0
09/30/2016,21.06,0.0
09/30/2016,21.06,0.0
10/03/2016,21.05,0.0
10/03/2016,21.05,0.0
10/04/2016,21.05,0.0
10/04/2016,21.05,0.0
10/05/2016,21.05,0.0
10/05/2016,21.05,0.0
10/06/2016,21.05,0.0
10/06/2016,21.05,0.0
10/07/2016,21.05,0.0
10/07/2016,21.05,0.0
10/10/2016,21.01,0.0
10/10/2016,21.01,0.0
10/11/2016,21.02,0.0
10/11/2016,20.97,0.0
10/12/2016,20.79,0.0
10/12/2016,20.73,0.0
10/13/2016,20.72,0.0
10/13/2016,20.71,0.0
10/14/2016,20.89,0.0
10/14/2016,20.74,0.0
10/17/2016,20.84,0.0
10/17/2016,20.81,0.0
10/18/2016,20.81,0.0
10/18/2016,20.81,0.0
10/19/2016,21.02,0.0
10/19/2016,21.02,0.0
10/20/2016,21.13,0.0
10/20/2016,21.13,0.0
10/21/2016,21.06,0.0
10/21/2016,21.05,0.0
10/24/2016,21.09,0.0
10/24/2016,21.09,0.0
10/25/2016,21.09,0.0
10/25/2016,21.09,0.0
10/26/2016,21.09,0.0
10/26/2016,21.09,0.0
10/27/2016,21.09,0.0
10/27/2016,21.09,0.0
10/28/2016,21.09,0.0
10/28/2016,21.09,0.0
10/31/2016,20.97,0.0
10/31/2016,20.94,0.0
11/01/2016,21.1,0.0
11/01/2016,20.84,0.0
11/02/2016,20.71,0.0
11/02/2016,20.54,0.0
11/03/2016,20.68,0.0
11/03/2016,20.68,0.0
11/04/2016,20.45,0.0
11/04/2016,20.41,0.0
11/07/2016,20.41,0.0
11/07/2016,20.41,0.0
11/08/2016,20.87,0.0
11/08/2016,20.87,0.0
11/09/2016,20.99,0.0
11/09/2016,20.99,0.0
11/10/2016,20.99,0.0
11/10/2016,20.99,0.0
11/11/2016,20.68,0.0
11/11/2016,20.63,0.0
11/14/2016,20.51,0.0
11/14/2016,20.51,0.0
11/15/2016,20.62,0.0
11/15/2016,20.67,0.0
11/16/2016,20.73,0.0
11/16/2016,20.74,0.0
11/17/2016,20.74,0.0
11/17/2016,20.84,0.0
11/18/2016,20.95,0.0
11/18/2016,20.93,0.0
11/21/2016,20.79,0.0
11/21/2016,20.79,0.0
11/22/2016,20.93,0.0
11/22/2016,20.9,0.0
11/23/2016,20.92,0.0
11/23/2016,20.85,0.0
11/25/2016,20.85,0.0
11/25/2016,20.85,0.0
11/28/2016,21.05,0.0
11/28/2016,20.96,0.0
11/29/2016,20.97,0.0
11/29/2016,20.97,0.0
11/30/2016,20.97,0.0
11/30/2016,20.97,0.0
12/01/2016,21.1,0.0
12/01/2016,21.22,0.0
12/02/2016,20.9,0.0
12/02/2016,20.91,0.0
12/05/2016,21.05,0.0
12/05/2016,21.1,0.0
12/06/2016,21.14,0.0
12/06/2016,21.28,0.0
12/07/2016,21.42,0.0
12/07/2016,21.51,0.0
12/08/2016,21.58,0.0
12/08/2016,21.64,0.0
12/09/2016,21.73,0.0
12/09/2016,21.84,0.0
12/12/2016,21.78,0.0
12/12/2016,21.78,0.0
12/13/2016,21.98,0.0
12/13/2016,21.99,0.0
12/14/2016,21.93,0.0
12/14/2016,22.05,0.0
12/15/2016,22.42,0.0
12/15/2016,21.73,0.0
12/16/2016,21.97,0.0
12/16/2016,21.87,0.0
12/19/2016,21.95,0.0
12/19/2016,21.94,0.0
12/20/2016,22.27,0.0
12/20/2016,22.19,0.0
12/21/2016,21.94,0.0
12/21/2016,21.95,0.0
12/22/2016,22.04,0.0
12/22/2016,22.08,0.0
12/23/2016,22.0,0.0
12/23/2016,22.01,0.0
12/27/2016,21.83,0.0
12/27/2016,21.83,0.0
12/28/2016,21.8,0.0
12/28/2016,21.74,0.0
12/29/2016,21.59,0.0
12/29/2016,21.52,0.0
12/30/2016,21.54,0.0
12/30/2016,21.63,0.0
01/03/2017,22.09,0.0
01/03/2017,22.08,0.0
01/04/2017,21.84,0.0
01/04/2017,21.93,0.0
01/05/2017,22.0,0.0
01/05/2017,22.03,0.0
01/06/2017,22.04,0.0
01/06/2017,22.11,0.0
01/09/2017,22.09,0.0
01/09/2017,22.09,0.0
01/10/2017,21.95,0.0
01/10/2017,21.98,0.0
01/11/2017,22.09,0.0
01/11/2017,22.08,0.0
01/12/2017,21.69,0.0
01/12/2017,21.79,0.0
01/13/2017,21.95,0.0
01/13/2017,22.13,0.0
01/17/2017,21.86,0.0
01/17/2017,21.87,0.0
01/18/2017,21.84,0.0
01/18/2017,21.89,0.0
01/19/2017,22.06,0.0
01/19/2017,22.05,0.0
01/20/2017,21.92,0.0
01/20/2017,21.92,0.0
01/23/2017,21.86,0.0
01/23/2017,21.85,0.0
01/24/2017,21.92,0.0
01/24/2017,21.92,0.0
01/25/2017,22.11,0.0
01/25/2017,22.14,0.0
01/26/2017,22.01,0.0
01/26/2017,22.01,0.0
01/27/2017,22.02,0.0
01/27/2017,22.05,0.0
01/30/2017,21.89,0.0
01/30/2017,21.95,0.0
01/31/2017,21.78,0.0
01/31/2017,21.8,0.0
02/01/2017,22.07,0.0
02/01/2017,21.9,0.0
02/02/2017,21.86,0.0
02/02/2017,21.82,0.0
02/03/2017,21.97,0.0
02/03/2017,22.04,0.0
02/06/2017,21.91,0.0
02/06/2017,21.86,0.0
02/07/2017,21.9,0.0
02/07/2017,21.87,0.0
02/08/2017,22.06,0.0
02/08/2017,22.06,0.0
02/09/2017,22.12,0.0
02/09/2017,22.24,0.0
02/10/2017,22.12,0.0
02/10/2017,22.25,0.0
02/13/2017,22.31,0.0
02/13/2017,22.31,0.0
02/14/2017,22.24,0.0
02/14/2017,22.25,0.0
02/15/2017,22.28,0.0
02/15/2017,22.33,0.0
02/16/2017,22.13,0.0
02/16/2017,22.28,0.0
02/17/2017,22.26,0.0
02/17/2017,22.43,0.0
02/21/2017,22.56,0.0
02/21/2017,22.57,0.0
02/22/2017,22.52,0.0
02/22/2017,22.53,0.0
02/23/2017,22.54,0.0
02/23/2017,22.54,0.0
02/24/2017,22.45,0.0
02/24/2017,22.49,0.0
02/27/2017,22.64,0.0
02/27/2017,22.52,0.0
02/28/2017,22.52,0.0
02/28/2017,22.51,0.0
03/01/2017,22.67,0.0
03/01/2017,22.73,0.0
03/02/2017,22.71,0.0
03/02/2017,22.69,0.0
03/03/2017,22.71,0.0
03/03/2017,22.74,0.0
03/06/2017,22.51,0.0
03/06/2017,22.69,0.0
03/07/2017,22.73,0.0
03/07/2017,22.74,0.0
03/08/2017,22.64,0.0
03/08/2017,22.6,0.0
03/09/2017,22.74,0.0
03/09/2017,22.65,0.0
03/10/2017,22.66,0.0
03/10/2017,22.72,0.0
03/13/2017,22.65,0.0
03/13/2017,22.65,0.0
03/14/2017,22.62,0.0
03/14/2017,22.61,0.0
03/15/2017,22.66,0.0
03/15/2017,22.66,0.0
03/16/2017,22.66,0.0
03/16/2017,22.66,0.0
03/17/2017,22.78,0.0
03/17/2017,22.81,0.0
03/20/2017,22.81,0.0
03/20/2017,22.73,0.0
03/21/2017,22.86,0.0
03/21/2017,22.69,0.0
03/22/2017,22.61,0.0
03/22/2017,22.69,0.0
03/23/2017,22.63,0.0
03/23/2017,22.66,0.0
03/24/2017,22.74,0.0
03/24/2017,22.77,0.0
03/27/2017,22.59,0.0
03/27/2017,22.65,0.0
03/28/2017,22.66,0.0
03/28/2017,22.74,0.0
03/29/2017,22.74,0.0
03/29/2017,22.81,0.0
03/30/2017,22.72,0.0
03/30/2017,22.72,0.0
03/31/2017,22.91,0.0
03/31/2017,22.86,0.0
04/03/2017,22.68,0.0
04/03/2017,22.93,0.0
04/04/2017,22.71,0.0
04/04/2017,22.76,0.0
04/05/2017,22.71,0.0
04/05/2017,22.68,0.0
04/06/2017,22.74,0.0
04/06/2017,22.71,0.0
04/07/2017,22.75,0.0
04/07/2017,22.77,0.0
04/10/2017,22.84,0.0
04/10/2017,22.83,0.0
04/11/2017,22.8,0.0
04/11/2017,22.8,0.0
04/12/2017,22.83,0.0
04/12/2017,22.84,0.0
04/13/2017,22.71,0.0
04/13/2017,22.68,0.0
04/17/2017,22.63,0.0
04/17/2017,22.8,0.0
04/18/2017,22.67,0.0
04/18/2017,22.68,0.0
04/19/2017,22.62,0.0
04/19/2017,22.49,0.0
04/20/2017,22.68,0.0
04/20/2017,22.72,0.0
04/21/2017,22.78,0.0
04/21/2017,22.68,0.0
04/24/2017,23.02,0.0
04/24/2017,23.06,0.0
04/25/2017,23.08,0.0
04/25/2017,23.16,0.0
04/26/2017,23.04,0.0
04/26/2017,23.1,0.0
04/27/2017,23.12,0.0
04/27/2017,23.14,0.0
04/28/2017,23.15,0.0
04/28/2017,23.13,0.0
05/01/2017,23.13,0.0
05/01/2017,23.29,0.0
05/02/2017,23.35,0.0
05/02/2017,23.49,0.0
05/03/2017,23.49,0.0
05/03/2017,23.49,0.0
05/04/2017,23.16,0.0
05/04/2017,23.48,0.0
05/05/2017,23.48,0.0
05/05/2017,23.48,0.0
05/08/2017,23.49,0.0
05/08/2017,23.74,0.0
05/09/2017,23.59,0.0
05/09/2017,23.76,0.0
05/10/2017,23.55,0.0
05/10/2017,24.15,0.0
05/11/2017,23.49,0.0
05/11/2017,23.66,0.0
05/12/2017,23.49,0.0
05/12/2017,23.62,0.0
05/15/2017,23.52,0.0
05/15/2017,23.83,0.0
05/16/2017,23.83,0.0
05/16/2017,24.0,0.0
05/17/2017,23.59,0.0
05/17/2017,23.77,0.0
05/18/2017,23.34,0.0
05/18/2017,23.72,0.0
05/19/2017,23.59,0.0
05/19/2017,23.97,0.0
05/22/2017,23.49,0.0
05/22/2017,23.94,0.0
05/23/2017,23.64,0.0
05/23/2017,24.07,0.0
05/24/2017,24.09,0.0
05/24/2017,24.12,0.0
05/25/2017,23.93,0.0
05/25/2017,23.9,0.0
05/26/2017,23.72,0.0
05/26/2017,23.78,0.0
05/30/2017,23.97,0.0
05/30/2017,23.77,0.0
05/31/2017,23.8,0.0
05/31/2017,23.88,0.0
06/01/2017,23.88,0.0
06/01/2017,24.0,0.0
06/02/2017,23.99,0.0
06/02/2017,23.81,0.0
06/05/2017,23.85,0.0
06/05/2017,23.84,0.0
06/06/2017,23.81,0.0
06/06/2017,23.71,0.0
06/07/2017,23.74,0.0
06/07/2017,23.73,0.0
06/08/2017,23.95,0.0
06/08/2017,23.66,0.0
06/09/2017,24.27,0.0
06/09/2017,23.86,0.0
06/12/2017,23.81,0.0
06/12/2017,23.8,0.0
06/13/2017,23.7,0.0
06/13/2017,23.89,0.0
06/14/2017,23.82,0.0
06/14/2017,23.87,0.0
06/15/2017,23.77,0.0
06/15/2017,23.85,0.0
06/16/2017,23.88,0.0
06/16/2017,23.8,0.0
06/19/2017,23.96,0.0
06/19/2017,24.07,0.0
06/20/2017,24.06,0.0
06/20/2017,23.93,0.0
06/21/2017,23.85,0.0
06/21/2017,23.77,0.0
06/22/2017,23.79,0.0
06/22/2017,23.76,0.0
06/23/2017,23.7,0.0
06/23/2017,23.79,0.0
06/26/2017,23.61,0.0
06/26/2017,23.57,0.0
06/27/2017,23.43,0.0
06/27/2017,23.38,0.0
06/28/2017,23.25,0.0
06/28/2017,23.32,0.0
06/29/2017,23.19,0.0
06/29/2017,23.11,0.0
06/30/2017,23.14,0.0
06/30/2017,23.13,0.0
07/03/2017,23.18,0.0
07/03/2017,23.13,0.0
07/05/2017,23.21,0.0
07/05/2017,23.2,0.0
07/06/2017,22.83,0.0
07/06/2017,23.03,0.0
07/07/2017,23.14,0.0
07/07/2017,23.14,0.0
07/10/2017,23.12,0.0
07/10/2017,23.18,0.0
07/11/2017,23.06,0.0
07/11/2017,23.08,0.0
07/12/2017,23.13,0.0
07/12/2017,23.08,0.0
07/13/2017,23.25,0.0
07/13/2017,23.15,0.0
07/14/2017,23.22,0.0
07/14/2017,23.23,0.0
07/17/2017,23.18,0.0
07/17/2017,23.21,0.0
07/18/2017,23.17,0.0
07/18/2017,23.16,0.0
07/19/2017,23.34,0.0
07/19/2017,23.34,0.0
07/20/2017,23.35,0.0
07/20/2017,23.33,0.0
07/21/2017,22.95,0.0
07/21/2017,23.19,0.0
07/24/2017,23.04,0.0
07/24/2017,23.03,0.0
07/25/2017,22.99,0.0
07/25/2017,23.05,0.0
07/26/2017,23.22,0.0
07/26/2017,23.24,0.0
07/27/2017,23.27,0.0
07/27/2017,23.25,0.0
07/28/2017,23.12,0.0
07/28/2017,23.14,0.0
07/31/2017,23.2,0.0
07/31/2017,23.01,0.0
08/01/2017,23.19,0.0
08/01/2017,23.19,0.0
08/02/2017,23.28,0.0
08/02/2017,23.31,0.0
08/03/2017,23.29,0.0
08/03/2017,23.31,0.0
08/04/2017,23.24,0.0
08/04/2017,23.24,0.0
08/07/2017,23.25,0.0
08/07/2017,23.23,0.0
08/08/2017,23.15,0.0
08/08/2017,23.21,0.0
08/09/2017,23.19,0.0
08/09/2017,23.19,0.0
08/10/2017,23.15,0.0
08/10/2017,23.04,0.0
08/11/2017,23.03,0.0
08/11/2017,22.99,0.0
08/14/2017,23.19,0.0
08/14/2017,23.22,0.0
08/15/2017,23.31,0.0
08/15/2017,23.26,0.0
08/16/2017,23.25,0.0
08/16/2017,23.1,0.0
08/17/2017,23.08,0.0
08/17/2017,23.02,0.0
08/18/2017,23.02,0.0
08/18/2017,23.02,0.0
08/21/2017,23.04,0.0
08/21/2017,22.89,0.0
08/22/2017,23.21,0.0
08/22/2017,23.21,0.0
08/23/2017,23.2,0.0
08/23/2017,23.2,0.0
08/24/2017,23.23,0.0
08/24/2017,23.22,0.0
08/25/2017,23.29,0.0
08/25/2017,23.25,0.0
08/28/2017,23.16,0.0
08/28/2017,23.13,0.0
08/29/2017,23.01,0.0
08/29/2017,23.05,0.0
08/30/2017,23.03,0.0
08/30/2017,22.96,0.0
08/31/2017,23.15,0.0
08/31/2017,23.15,0.0
09/01/2017,23.22,0.0
09/01/2017,23.16,0.0
09/05/2017,23.15,0.0
09/05/2017,23.01,0.0
09/06/2017,23.07,0.0
09/06/2017,23.09,0.0
09/07/2017,23.04,0.0
09/07/2017,23.01,0.0
09/08/2017,23.02,0.0
09/08/2017,22.99,0.0
09/11/2017,23.01,0.0
09/11/2017,23.28,0.0
09/12/2017,23.3,0.0
09/12/2017,23.32,0.0
09/13/2017,23.09,0.0
09/13/2017,23.28,0.0
09/14/2017,23.21,0.0
09/14/2017,23.17,0.0
09/15/2017,23.1,0.0
09/15/2017,23.33,0.0
09/18/2017,23.3,0.0
09/18/2017,23.22,0.0
09/19/2017,23.4,0.0
09/19/2017,23.34,0.0
09/20/2017,23.28,0.0
09/20/2017,23.27,0.0
09/21/2017,23.24,0.0
09/21/2017,23.29,0.0
09/22/2017,23.34,0.0
09/22/2017,23.26,0.0
09/25/2017,23.17,0.0
09/25/2017,23.12,0.0
09/26/2017,23.15,0.15
09/26/2017,23.16,0.15
09/27/2017,23.14,0.15
09/27/2017,23.18,0.15
09/28/2017,23.27,0.15
09/28/2017,23.3,0.15
09/29/2017,23.29,0.15
09/29/2017,23.32,0.15
10/02/2017,23.17,0.15
10/02/2017,23.11,0.15
10/03/2017,23.13,0.15
10/03/2017,23.33,0.15
10/04/2017,23.29,0.15
10/04/2017,23.23,0.15
10/05/2017,23.25,0.15
10/05/2017,23.24,0.15
10/06/2017,23.29,0.15
10/06/2017,23.36,0.15
10/09/2017,23.43,0.15
10/09/2017,23.36,0.15
10/10/2017,23.51,0.15
10/10/2017,23.56,0.15
10/11/2017,26.29,0.15
10/11/2017,23.4,0.15
10/12/2017,23.43,0.15
10/12/2017,23.45,0.15
10/13/2017,23.47,0.15
10/13/2017,23.53,0.15
10/16/2017,23.4,0.15
10/16/2017,23.45,0.15
10/17/2017,23.45,0.15
10/17/2017,23.44,0.15
10/18/2017,23.53,0.15
10/18/2017,23.63,0.15
10/19/2017,23.54,0.15
10/19/2017,23.56,0.15
10/20/2017,23.49,0.15
10/20/2017,23.55,0.15
10/23/2017,23.62,0.15
10/23/2017,23.56,0.15
10/24/2017,23.55,0.15
10/24/2017,23.52,0.15
10/25/2017,23.4,0.15
10/25/2017,23.33,0.15
10/26/2017,23.43,0.15
10/26/2017,23.42,0.15
10/27/2017,23.57,0.15
10/27/2017,23.53,0.15
10/30/2017,23.53,0.15
10/30/2017,23.61,0.15
10/31/2017,23.58,0.15
10/31/2017,23.61,0.15
11/01/2017,23.68,0.15
11/01/2017,23.7,0.15
11/02/2017,23.65,0.15
11/02/2017,23.76,0.15
11/03/2017,23.67,0.15
11/03/2017,23.7,0.15
11/06/2017,23.65,0.15
11/06/2017,23.81,0.15
11/07/2017,23.68,0.15
11/07/2017,23.76,0.15
11/08/2017,23.74,0.15
11/08/2017,23.77,0.15
11/09/2017,23.45,0.15
11/09/2017,23.67,0.15
11/10/2017,23.61,0.15
11/10/2017,23.55,0.15
11/13/2017,23.43,0.15
11/13/2017,23.43,0.15
11/14/2017,23.56,0.15
11/14/2017,23.62,0.15
11/15/2017,23.41,0.15
11/15/2017,23.49,0.15
11/16/2017,23.58,0.15
11/16/2017,23.58,0.15
11/17/2017,23.43,0.15
11/17/2017,23.56,0.15
11/20/2017,23.33,0.15
11/20/2017,23.49,0.15
11/21/2017,23.52,0.15
11/21/2017,23.62,0.15
11/22/2017,23.77,0.15
11/22/2017,23.72,0.15
11/24/2017,23.81,0.15
11/24/2017,23.65,0.15
11/27/2017,23.62,0.15
11/27/2017,23.46,0.15
11/28/2017,23.58,0.15
11/28/2017,23.61,0.15
11/29/2017,23.67,0.15
11/29/2017,23.66,0.15
11/30/2017,23.85,0.15
11/30/2017,23.77,0.15
12/01/2017,23.7,0.15
12/01/2017,23.72,0.15
12/04/2017,23.68,0.15
12/04/2017,23.65,0.15
12/05/2017,23.73,0.15
12/05/2017,23.68,0.15
12/06/2017,23.68,0.15
12/06/2017,23.54,0.15
12/07/2017,23.74,0.15
12/07/2017,23.76,0.15
12/08/2017,23.88,0.15
12/08/2017,23.93,0.15
12/11/2017,23.95,0.15
12/11/2017,23.96,0.15
12/12/2017,23.96,0.15
12/12/2017,23.98,0.15
12/13/2017,24.02,0.15
12/13/2017,23.76,0.15
12/14/2017,23.77,0.15
12/14/2017,23.75,0.15
12/15/2017,23.81,0.15
12/15/2017,23.91,0.15
12/18/2017,23.99,0.15
12/18/2017,23.85,0.15
12/19/2017,24.17,0.15
12/19/2017,23.82,0.15
12/20/2017,23.8,0.15
12/20/2017,23.73,0.15
12/21/2017,23.97,0.15
12/21/2017,23.99,0.15
12/22/2017,23.92,0.15
12/22/2017,23.92,0.15
12/26/2017,23.95,0.388
12/26/2017,23.94,0.388
12/27/2017,23.91,0.388
12/27/2017,23.91,0.388
12/28/2017,23.84,0.388
12/28/2017,23.81,0.388
12/29/2017,23.78,0.388
12/29/2017,23.8,0.388
01/02/2018,23.91,0.388
01/02/2018,23.86,0.388
01/03/2018,23.98,0.388
01/03/2018,24.08,0.388
01/04/2018,24.09,0.388
01/04/2018,24.09,0.388
01/05/2018,24.29,0.388
01/05/2018,24.31,0.388
01/08/2018,24.38,0.388
01/08/2018,24.38,0.388
01/09/2018,24.36,0.388
01/09/2018,24.43,0.388
01/10/2018,24.09,0.388
01/10/2018,24.12,0.388
01/11/2018,24.03,0.388
01/11/2018,24.15,0.388
01/12/2018,23.9,0.388
01/12/2018,23.99,0.388
01/16/2018,24.36,0.388
01/16/2018,24.37,0.388
01/17/2018,24.01,0.388
01/17/2018,23.86,0.388
01/18/2018,23.97,0.388
01/18/2018,23.89,0.388
01/19/2018,24.16,0.388
01/19/2018,23.96,0.388
01/22/2018,24.01,0.388
01/22/2018,24.03,0.388
01/23/2018,24.01,0.388
01/23/2018,24.07,0.388
01/24/2018,23.9,0.388
01/24/2018,24.05,0.388
01/25/2018,23.95,0.388
01/25/2018,23.91,0.388
01/26/2018,23.91,0.388
01/26/2018,23.89,0.388
01/29/2018,23.77,0.388
01/29/2018,23.84,0.388
01/30/2018,23.65,0.388
01/30/2018,23.54,0.388
01/31/2018,23.68,0.388
01/31/2018,23.65,0.388
02/01/2018,23.63,0.388
02/01/2018,23.58,0.388
02/02/2018,23.52,0.388
02/02/2018,23.28,0.388
02/05/2018,23.16,0.388
02/05/2018,22.68,0.388
02/06/2018,22.44,0.388
02/06/2018,22.8,0.388
02/07/2018,22.77,0.388
02/07/2018,22.76,0.388
02/08/2018,22.87,0.388
02/08/2018,22.42,0.388
02/09/2018,22.44,0.388
02/09/2018,22.33,0.388
02/12/2018,22.65,0.388
02/12/2018,22.53,0.388
02/13/2018,22.42,0.388
02/13/2018,22.36,0.388
02/14/2018,22.56,0.388
02/14/2018,22.64,0.388
02/15/2018,22.52,0.388
02/15/2018,22.52,0.388
02/16/2018,22.7,0.388
02/16/2018,22.74,0.388
02/20/2018,22.63,0.388
02/20/2018,22.66,0.388
02/21/2018,22.66,0.388
02/21/2018,22.66,0.388
02/22/2018,22.67,0.388
02/22/2018,22.78,0.388
02/23/2018,22.89,0.388
02/23/2018,22.94,0.388
02/26/2018,23.04,0.388
02/26/2018,23.05,0.388
02/27/2018,22.94,0.388
02/27/2018,22.95,0.388
02/28/2018,22.92,0.388
02/28/2018,22.87,0.388
03/01/2018,22.53,0.388
03/01/2018,22.5,0.388
03/02/2018,22.32,0.388
03/02/2018,22.41,0.388
03/05/2018,22.47,0.388
03/05/2018,22.56,0.388
03/06/2018,22.82,0.388
03/06/2018,22.74,0.388
03/07/2018,22.59,0.388
03/07/2018,22.77,0.388
03/08/2018,22.85,0.388
03/08/2018,22.91,0.388
03/09/2018,22.87,0.388
03/09/2018,22.87,0.388
03/12/2018,22.99,0.388
03/12/2018,22.94,0.388
03/13/2018,22.88,0.388
03/13/2018,22.73,0.388
03/14/2018,22.81,0.388
03/14/2018,22.84,0.388
03/15/2018,22.81,0.388
03/15/2018,22.81,0.388
03/16/2018,23.03,0.388
03/16/2018,23.03,0.388
03/19/2018,22.67,0.388
03/19/2018,22.67,0.388
03/20/2018,22.62,0.388
03/20/2018,22.62,0.388
03/21/2018,22.64,0.388
03/21/2018,22.64,0.388
03/22/2018,22.19,0.388
03/22/2018,22.22,0.388
03/23/2018,22.44,0.388
03/23/2018,22.05,0.388
03/26/2018,22.24,0.7230000000000001
03/26/2018,22.2,0.7230000000000001
03/27/2018,22.43,0.7230000000000001
03/27/2018,22.3,0.7230000000000001
03/28/2018,22.49,0.7230000000000001
03/28/2018,22.67,0.7230000000000001
03/29/2018,22.94,0.7230000000000001
03/29/2018,22.97,0.7230000000000001
04/02/2018,22.65,0.7230000000000001
04/02/2018,22.86,0.7230000000000001
04/03/2018,22.73,0.7230000000000001
04/03/2018,22.69,0.7230000000000001
04/04/2018,22.87,0.7230000000000001
04/04/2018,22.87,0.7230000000000001
04/05/2018,22.93,0.7230000000000001
04/05/2018,22.99,0.7230000000000001
04/06/2018,23.15,0.7230000000000001
04/06/2018,22.97,0.7230000000000001
04/09/2018,22.97,0.7230000000000001
04/09/2018,22.97,0.7230000000000001
04/10/2018,23.01,0.7230000000000001
04/10/2018,23.01,0.7230000000000001
04/11/2018,22.99,0.7230000000000001
04/11/2018,22.99,0.7230000000000001
04/12/2018,23.03,0.7230000000000001
04/12/2018,23.03,0.7230000000000001
04/13/2018,23.01,0.7230000000000001
04/13/2018,23.01,0.7230000000000001
04/16/2018,23.01,0.7230000000000001
04/16/2018,23.01,0.7230000000000001
04/17/2018,23.07,0.7230000000000001
04/17/2018,23.1,0.7230000000000001
04/18/2018,23.22,0.7230000000000001
04/18/2018,23.18,0.7230000000000001
04/19/2018,23.15,0.7230000000000001
04/19/2018,23.15,0.7230000000000001
04/20/2018,23.29,0.7230000000000001
04/20/2018,23.25,0.7230000000000001
04/23/2018,23.4,0.7230000000000001
04/23/2018,23.41,0.7230000000000001
04/24/2018,23.32,0.7230000000000001
04/24/2018,22.92,0.7230000000000001
04/25/2018,23.44,0.7230000000000001
04/25/2018,23.41,0.7230000000000001
04/26/2018,23.44,0.7230000000000001
04/26/2018,23.23,0.7230000000000001
04/27/2018,23.68,0.7230000000000001
04/27/2018,23.79,0.7230000000000001
04/30/2018,23.75,0.7230000000000001
04/30/2018,23.31,0.7230000000000001
05/01/2018,23.65,0.7230000000000001
05/01/2018,23.62,0.7230000000000001
05/02/2018,23.65,0.7230000000000001
05/02/2018,23.65,0.7230000000000001
05/03/2018,23.64,0.7230000000000001
05/03/2018,23.64,0.7230000000000001
05/04/2018,23.72,0.7230000000000001
05/04/2018,23.66,0.7230000000000001
05/07/2018,23.62,0.7230000000000001
05/07/2018,23.69,0.7230000000000001
05/08/2018,23.71,0.7230000000000001
05/08/2018,23.68,0.7230000000000001
05/09/2018,23.74,0.7230000000000001
05/09/2018,23.76,0.7230000000000001
05/10/2018,23.7,0.7230000000000001
05/10/2018,23.7,0.7230000000000001
05/11/2018,23.71,0.7230000000000001
05/11/2018,23.65,0.7230000000000001
05/14/2018,23.57,0.7230000000000001
05/14/2018,23.58,0.7230000000000001
05/15/2018,23.69,0.7230000000000001
05/15/2018,23.71,0.7230000000000001
05/16/2018,23.71,0.7230000000000001
05/16/2018,23.71,0.7230000000000001
05/17/2018,23.57,0.7230000000000001
05/17/2018,23.65,0.7230000000000001
05/18/2018,23.74,0.7230000000000001
05/18/2018,23.65,0.7230000000000001
05/21/2018,23.72,0.7230000000000001
05/21/2018,23.71,0.7230000000000001
05/22/2018,23.78,0.7230000000000001
05/22/2018,23.62,0.7230000000000001
05/23/2018,23.51,0.7230000000000001
05/23/2018,23.47,0.7230000000000001
05/24/2018,23.32,0.7230000000000001
05/24/2018,23.25,0.7230000000000001
05/25/2018,23.37,0.7230000000000001
05/25/2018,23.4,0.7230000000000001
05/29/2018,23.2,0.7230000000000001
05/29/2018,23.02,0.7230000000000001
05/30/2018,23.08,0.7230000000000001
05/30/2018,23.19,0.7230000000000001
05/31/2018,22.94,0.7230000000000001
05/31/2018,22.94,0.7230000000000001
06/01/2018,23.1,0.7230000000000001
06/01/2018,23.1,0.7230000000000001
06/04/2018,23.1,0.7230000000000001
06/04/2018,23.1,0.7230000000000001
06/05/2018,23.1,0.7230000000000001
06/05/2018,23.1,0.7230000000000001
06/06/2018,23.2,0.7230000000000001
06/06/2018,23.2,0.7230000000000001
06/07/2018,23.29,0.7230000000000001
06/07/2018,23.23,0.7230000000000001
06/08/2018,23.22,0.7230000000000001
06/08/2018,23.22,0.7230000000000001
06/11/2018,23.33,0.7230000000000001
06/11/2018,23.37,0.7230000000000001
06/12/2018,23.33,0.7230000000000001
06/12/2018,23.35,0.7230000000000001
06/13/2018,23.34,0.7230000000000001
06/13/2018,23.32,0.7230000000000001
06/14/2018,23.47,0.7230000000000001
06/14/2018,23.46,0.7230000000000001
06/15/2018,23.5,0.7230000000000001
06/15/2018,23.5,0.7230000000000001
06/18/2018,23.29,0.7230000000000001
06/18/2018,23.28,0.7230000000000001
06/19/2018,23.18,0.7230000000000001
06/19/2018,23.22,0.7230000000000001
06/20/2018,23.46,0.7230000000000001
06/20/2018,23.32,0.7230000000000001
06/21/2018,23.28,0.7230000000000001
06/21/2018,23.05,0.7230000000000001
06/22/2018,23.32,0.7230000000000001
06/22/2018,23.25,0.7230000000000001
06/25/2018,22.94,0.7230000000000001
06/25/2018,23.01,0.7230000000000001
06/26/2018,23.27,1.198
06/26/2018,23.16,1.198
06/27/2018,23.19,1.198
06/27/2018,23.08,1.198
06/28/2018,23.14,1.198
06/28/2018,23.29,1.198
06/29/2018,23.2,1.198
06/29/2018,23.11,1.198
07/02/2018,23.11,1.198
07/02/2018,22.91,1.198
07/03/2018,23.2,1.198
07/03/2018,23.17,1.198
07/05/2018,23.53,1.198
07/05/2018,23.53,1.198
07/06/2018,23.53,1.198
07/06/2018,23.53,1.198
07/09/2018,23.63,1.198
07/09/2018,23.58,1.198
07/10/2018,23.61,1.198
07/10/2018,23.63,1.198
07/11/2018,23.39,1.198
07/11/2018,23.3,1.198
07/12/2018,23.67,1.198
07/12/2018,23.63,1.198
07/13/2018,23.6,1.198
07/13/2018,23.6,1.198
07/16/2018,23.6,1.198
07/16/2018,23.6,1.198
07/17/2018,23.6,1.198
07/17/2018,23.6,1.198
07/18/2018,23.6,1.198
07/18/2018,23.62,1.198
07/19/2018,23.62,1.198
07/19/2018,23.6,1.198
07/20/2018,23.6,1.198
07/20/2018,23.6,1.198
07/23/2018,23.6,1.198
07/23/2018,23.6,1.198
07/24/2018,23.6,1.198
07/24/2018,23.82,1.198
07/25/2018,23.65,1.198
07/25/2018,23.65,1.198
07/26/2018,23.76,1.198
07/26/2018,23.74,1.198
07/27/2018,23.96,1.198
07/27/2018,23.96,1.198
07/30/2018,24.02,1.198
07/30/2018,24.02,1.198
07/31/2018,24.03,1.198
07/31/2018,23.92,1.198
08/01/2018,24.03,1.198
08/01/2018,23.82,1.198
08/02/2018,23.8,1.198
08/02/2018,23.8,1.198
08/03/2018,23.85,1.198
08/03/2018,23.9,1.198
08/06/2018,23.88,1.198
08/06/2018,23.87,1.198
08/07/2018,24.03,1.198
08/07/2018,24.04,1.198
08/08/2018,24.14,1.198
08/08/2018,24.14,1.198
08/09/2018,24.13,1.198
08/09/2018,24.02,1.198
08/10/2018,23.96,1.198
08/10/2018,24.0,1.198
08/13/2018,23.78,1.198
08/13/2018,23.75,1.198
08/14/2018,23.76,1.198
08/14/2018,23.76,1.198
08/15/2018,23.76,1.198
08/15/2018,23.76,1.198
08/16/2018,23.78,1.198
08/16/2018,23.78,1.198
08/17/2018,23.83,1.198
08/17/2018,23.86,1.198
08/20/2018,23.86,1.198
08/20/2018,23.84,1.198
08/21/2018,23.85,1.198
08/21/2018,23.85,1.198
08/22/2018,23.85,1.198
08/22/2018,23.85,1.198
08/23/2018,23.81,1.198
08/23/2018,23.84,1.198
08/24/2018,23.75,1.198
08/24/2018,23.7,1.198
08/27/2018,23.93,1.198
08/27/2018,23.93,1.198
08/28/2018,24.1,1.198
08/28/2018,23.97,1.198
08/29/2018,24.13,1.198
08/29/2018,24.12,1.198
08/30/2018,23.9,1.198
08/30/2018,23.95,1.198
08/31/2018,23.78,1.198
08/31/2018,23.67,1.198
09/04/2018,23.67,1.198
09/04/2018,23.76,1.198
09/05/2018,23.67,1.198
09/05/2018,23.6,1.198
09/06/2018,23.73,1.198
09/06/2018,23.69,1.198
09/07/2018,23.35,1.198
09/07/2018,23.44,1.198
09/10/2018,23.75,1.198
09/10/2018,23.61,1.198
09/11/2018,23.52,1.198
09/11/2018,23.65,1.198
09/12/2018,23.46,1.198
09/12/2018,23.6,1.198
09/13/2018,23.56,1.198
09/13/2018,23.55,1.198
09/14/2018,23.66,1.198
09/14/2018,23.66,1.198
09/17/2018,23.87,1.198
09/17/2018,23.87,1.198
09/18/2018,23.83,1.198
09/18/2018,23.81,1.198
09/19/2018,23.85,1.198
09/19/2018,23.85,1.198
09/20/2018,23.86,1.198
09/20/2018,23.82,1.198
09/21/2018,23.95,1.198
09/21/2018,24.01,1.198
09/24/2018,23.76,1.198
09/24/2018,23.76,1.198
09/25/2018,23.89,1.344
09/25/2018,23.75,1.344
09/26/2018,23.91,1.344
09/26/2018,23.87,1.344
09/27/2018,23.98,1.344
09/27/2018,24.05,1.344
09/28/2018,24.0,1.344
09/28/2018,23.96,1.344
10/01/2018,24.1,1.344
10/01/2018,23.88,1.344
10/02/2018,23.86,1.344
10/02/2018,23.87,1.344
10/03/2018,23.87,1.344
10/03/2018,23.74,1.344
10/04/2018,23.59,1.344
10/04/2018,23.58,1.344
10/05/2018,23.55,1.344
10/05/2018,23.55,1.344
10/08/2018,23.45,1.344
10/08/2018,23.49,1.344
10/09/2018,23.52,1.344
10/09/2018,23.48,1.344
10/10/2018,23.5,1.344
10/10/2018,23.42,1.344
10/11/2018,23.09,1.344
10/11/2018,22.89,1.344
10/12/2018,23.07,1.344
10/12/2018,23.07,1.344
10/15/2018,23.07,1.344
10/15/2018,23.07,1.344
10/16/2018,23.07,1.344
10/16/2018,23.07,1.344
10/17/2018,23.12,1.344
10/17/2018,23.09,1.344
10/18/2018,23.08,1.344
10/18/2018,23.03,1.344
10/19/2018,23.11,1.344
10/19/2018,23.08,1.344
10/22/2018,22.98,1.344
10/22/2018,22.94,1.344
10/23/2018,22.94,1.344
10/23/2018,22.94,1.344
10/24/2018,22.96,1.344
10/24/2018,22.84,1.344
10/25/2018,22.94,1.344
10/25/2018,22.95,1.344
10/26/2018,22.97,1.344
10/26/2018,22.85,1.344
10/29/2018,22.85,1.344
10/29/2018,22.85,1.344
10/30/2018,23.04,1.344
10/30/2018,23.12,1.344
10/31/2018,23.17,1.344
10/31/2018,23.17,1.344
11/01/2018,23.12,1.344
11/01/2018,23.17,1.344
11/02/2018,23.21,1.344
11/02/2018,23.18,1.344
11/05/2018,23.21,1.344
11/05/2018,23.23,1.344
11/06/2018,23.25,1.344
11/06/2018,23.25,1.344
11/07/2018,23.36,1.344
11/07/2018,23.41,1.344
11/08/2018,23.41,1.344
11/08/2018,23.41,1.344
11/09/2018,23.42,1.344
11/09/2018,23.46,1.344
11/12/2018,23.43,1.344
11/12/2018,23.42,1.344
11/13/2018,23.32,1.344
11/13/2018,23.32,1.344
11/14/2018,23.43,1.344
11/14/2018,23.43,1.344
11/15/2018,23.2,1.344
11/15/2018,23.19,1.344
11/16/2018,23.11,1.344
11/16/2018,23.18,1.344
11/19/2018,23.21,1.344
11/19/2018,23.14,1.344
11/20/2018,22.87,1.344
11/20/2018,22.87,1.344
11/21/2018,23.06,1.344
11/21/2018,23.08,1.344
11/23/2018,23.1,1.344
11/23/2018,23.14,1.344
11/26/2018,23.29,1.344
11/26/2018,23.36,1.344
11/27/2018,23.35,1.344
11/27/2018,23.34,1.344
11/28/2018,23.32,1.344
11/28/2018,23.43,1.344
11/29/2018,23.32,1.344
11/29/2018,23.32,1.344
11/30/2018,23.24,1.344
11/30/2018,23.27,1.344
12/03/2018,23.31,1.344
12/03/2018,23.39,1.344
12/04/2018,23.12,1.344
12/04/2018,23.01,1.344
12/06/2018,22.97,1.344
12/06/2018,23.34,1.344
12/07/2018,23.23,1.344
12/07/2018,22.94,1.344
12/10/2018,22.9,1.344
12/10/2018,22.99,1.344
12/11/2018,23.28,1.344
12/11/2018,23.2,1.344
12/12/2018,23.47,1.344
12/12/2018,23.43,1.344
12/13/2018,23.45,1.344
12/13/2018,23.39,1.344
12/14/2018,23.22,1.344
12/14/2018,23.35,1.344
12/17/2018,23.26,1.344
12/17/2018,23.13,1.344
12/18/2018,23.02,1.344
12/18/2018,23.01,1.344
12/19/2018,23.06,1.344
12/19/2018,23.05,1.344
12/20/2018,22.93,1.344
12/20/2018,22.84,1.344
12/21/2018,22.39,1.344
12/21/2018,22.59,1.344
12/24/2018,22.48,1.344
12/24/2018,22.31,1.344
12/26/2018,21.89,2.574
12/26/2018,22.48,2.574
12/27/2018,22.02,2.574
12/27/2018,22.52,2.574
12/28/2018,22.37,2.574
12/28/2018,22.65,2.574
12/31/2018,22.1,2.574
12/31/2018,22.56,2.574
01/02/2019,22.26,2.574
01/02/2019,22.62,2.574
01/03/2019,22.72,2.574
01/03/2019,22.72,2.574
01/04/2019,23.03,2.574
01/04/2019,23.1,2.574
01/07/2019,23.05,2.574
01/07/2019,23.08,2.574
01/08/2019,23.16,2.574
01/08/2019,23.17,2.574
01/09/2019,23.31,2.574
01/09/2019,23.33,2.574
01/10/2019,23.33,2.574
01/10/2019,23.33,2.574
01/11/2019,23.44,2.574
01/11/2019,23.37,2.574
01/14/2019,23.44,2.574
01/14/2019,23.41,2.574
01/15/2019,23.14,2.574
01/15/2019,23.39,2.574
01/16/2019,23.44,2.574
01/16/2019,23.3,2.574
01/17/2019,23.37,2.574
01/17/2019,23.44,2.574
01/18/2019,23.62,2.574
01/18/2019,23.9,2.574
01/22/2019,23.9,2.574
01/22/2019,23.57,2.574
01/23/2019,23.71,2.574
01/23/2019,23.75,2.574
01/24/2019,23.69,2.574
01/24/2019,23.75,2.574
01/25/2019,23.74,2.574
01/25/2019,23.74,2.574
01/28/2019,23.79,2.574
01/28/2019,23.79,2.574
01/29/2019,23.86,2.574
01/29/2019,23.93,2.574
01/30/2019,23.98,2.574
01/30/2019,24.09,2.574
01/31/2019,23.92,2.574
01/31/2019,23.97,2.574
02/01/2019,24.08,2.574
02/01/2019,23.98,2.574
02/04/2019,23.93,2.574
02/04/2019,24.07,2.574
02/05/2019,24.15,2.574
02/05/2019,24.21,2.574
02/06/2019,24.19,2.574
02/06/2019,24.11,2.574
02/07/2019,24.23,2.574
02/07/2019,23.9,2.574
02/08/2019,23.86,2.574
02/08/2019,23.76,2.574
02/11/2019,23.93,2.574
02/11/2019,23.93,2.574
02/12/2019,24.02,2.574
02/12/2019,23.97,2.574
02/13/2019,24.15,2.574
02/13/2019,24.08,2.574
02/14/2019,24.0,2.574
02/14/2019,23.93,2.574
02/15/2019,24.14,2.574
02/15/2019,24.14,2.574
02/19/2019,24.38,2.574
02/19/2019,24.24,2.574
02/20/2019,24.5,2.574
02/20/2019,24.17,2.574
02/21/2019,24.13,2.574
02/21/2019,24.1,2.574
02/22/2019,24.19,2.574
02/22/2019,24.18,2.574
02/25/2019,24.23,2.574
02/25/2019,24.3,2.574
02/26/2019,24.23,2.574
02/26/2019,24.34,2.574
02/27/2019,24.45,2.574
02/27/2019,24.33,2.574
02/28/2019,24.31,2.574
02/28/2019,24.22,2.574
03/01/2019,24.42,2.574
03/01/2019,24.37,2.574
03/04/2019,24.41,2.574
03/04/2019,24.24,2.574
03/05/2019,24.36,2.574
03/05/2019,24.36,2.574
03/06/2019,24.43,2.574
03/06/2019,24.36,2.574
03/07/2019,24.42,2.905
03/07/2019,24.38,2.905
03/08/2019,24.27,2.905
03/08/2019,24.28,2.905
03/11/2019,24.19,2.905
03/11/2019,24.42,2.905
03/12/2019,24.34,2.905
03/12/2019,24.38,2.905
03/13/2019,24.45,2.905
03/13/2019,24.48,2.905
03/14/2019,24.38,2.905
03/14/2019,24.57,2.905
03/15/2019,24.5,2.905
03/15/2019,24.72,2.905
03/18/2019,24.6,2.905
03/18/2019,24.83,2.905
03/19/2019,25.04,2.905
03/19/2019,24.87,2.905
03/20/2019,24.87,2.905
03/20/2019,24.88,2.905
03/21/2019,24.85,2.905
03/21/2019,24.79,2.905
03/22/2019,24.61,2.905
03/22/2019,24.52,2.905
03/25/2019,24.43,2.905
03/25/2019,24.44,2.905
03/26/2019,24.56,2.905
03/26/2019,24.55,2.905
03/27/2019,24.59,2.905
03/27/2019,24.58,2.905
03/28/2019,24.52,2.905
03/28/2019,24.53,2.905
03/29/2019,24.48,2.905
03/29/2019,24.51,2.905
04/01/2019,24.69,2.57
04/01/2019,24.67,2.57
04/02/2019,24.8,2.57
04/02/2019,24.69,2.57
04/03/2019,24.93,2.57
04/03/2019,24.89,2.57
04/04/2019,24.9,2.57
04/04/2019,24.94,2.57
04/05/2019,24.89,2.57
04/05/2019,24.91,2.57
04/08/2019,24.88,2.57
04/08/2019,24.86,2.57
04/09/2019,24.67,2.57
04/09/2019,24.73,2.57
04/10/2019,24.68,2.57
04/10/2019,24.74,2.57
04/11/2019,24.82,2.57
04/11/2019,24.82,2.57
04/12/2019,24.92,2.57
04/12/2019,24.98,2.57
04/15/2019,25.06,2.57
04/15/2019,25.03,2.57
04/16/2019,25.01,2.57
04/16/2019,25.09,2.57
04/17/2019,25.19,2.57
04/17/2019,25.19,2.57
04/18/2019,25.18,2.57
04/18/2019,25.13,2.57
04/22/2019,25.22,2.57
04/22/2019,25.26,2.57
04/23/2019,25.21,2.57
04/23/2019,25.19,2.57
04/24/2019,25.17,2.57
04/24/2019,25.1,2.57
04/25/2019,25.06,2.57
04/25/2019,25.17,2.57
04/26/2019,25.16,2.57
04/26/2019,25.21,2.57
04/29/2019,25.15,2.57
04/29/2019,25.18,2.57
04/30/2019,25.28,2.57
04/30/2019,25.18,2.57
05/01/2019,25.17,2.57
05/01/2019,25.1,2.57
05/02/2019,25.01,2.57
05/02/2019,25.01,2.57
05/03/2019,24.99,2.57
05/03/2019,25.03,2.57
05/06/2019,24.84,2.57
05/06/2019,24.95,2.57
05/07/2019,24.91,2.57
05/07/2019,24.62,2.57
05/08/2019,24.63,2.57
05/08/2019,24.57,2.57
05/09/2019,24.59,2.57
05/09/2019,24.54,2.57
05/10/2019,24.48,2.57
05/10/2019,24.56,2.57
05/13/2019,24.42,2.57
05/13/2019,24.22,2.57
05/14/2019,24.24,2.57
05/14/2019,24.38,2.57
05/15/2019,24.41,2.57
05/15/2019,24.53,2.57
05/16/2019,24.56,2.57
05/16/2019,24.66,2.57
05/17/2019,24.51,2.57
05/17/2019,24.39,2.57
05/20/2019,24.48,2.57
05/20/2019,24.48,2.57
05/21/2019,24.8,2.57
05/21/2019,24.74,2.57
05/22/2019,24.76,2.57
05/22/2019,24.72,2.57
05/23/2019,24.6,2.57
05/23/2019,24.33,2.57
05/24/2019,24.7,2.57
05/24/2019,24.44,2.57
05/28/2019,24.53,2.57
05/28/2019,24.35,2.57
05/29/2019,24.32,2.57
05/29/2019,24.23,2.57
05/30/2019,24.24,2.57
05/30/2019,24.2,2.57
05/31/2019,24.19,2.57
05/31/2019,24.1,2.57
06/03/2019,24.15,2.57
06/03/2019,24.03,2.57
06/04/2019,24.29,2.57
06/04/2019,24.39,2.57
06/05/2019,24.52,2.57
06/05/2019,24.42,2.57
06/06/2019,24.61,2.881
06/06/2019,24.7,2.881
06/07/2019,24.81,2.881
06/07/2019,24.82,2.881
06/10/2019,24.89,2.881
06/10/2019,24.88,2.881
06/11/2019,25.1,2.881
06/11/2019,25.01,2.881
06/12/2019,25.06,2.881
06/12/2019,24.99,2.881
06/13/2019,25.0,2.881
06/13/2019,24.97,2.881
06/14/2019,24.97,2.881
06/14/2019,24.94,2.881
06/17/2019,24.85,2.881
06/17/2019,24.95,2.881
06/18/2019,24.98,2.881
06/18/2019,25.19,2.881
06/19/2019,25.18,2.881
06/19/2019,25.25,2.881
06/20/2019,25.25,2.881
06/20/2019,25.27,2.881
06/21/2019,25.24,2.881
06/21/2019,25.26,2.881
06/24/2019,25.29,2.881
06/24/2019,25.17,2.881
06/25/2019,25.19,2.881
06/25/2019,25.15,2.881
06/26/2019,25.16,2.881
06/26/2019,25.01,2.881
06/27/2019,25.24,2.881
06/27/2019,25.11,2.881
06/28/2019,25.34,2.881
06/28/2019,25.2,2.881
07/01/2019,25.36,2.881
07/01/2019,25.37,2.881
07/02/2019,25.45,2.406
07/02/2019,25.48,2.406
07/03/2019,25.63,2.406
07/03/2019,25.51,2.406
07/05/2019,25.44,2.406
07/05/2019,25.46,2.406
07/08/2019,25.46,2.406
07/08/2019,25.45,2.406
07/09/2019,25.41,2.406
07/09/2019,25.35,2.406
07/10/2019,25.43,2.406
07/10/2019,25.44,2.406
07/11/2019,25.52,2.406
07/11/2019,25.51,2.406
07/12/2019,25.54,2.406
07/12/2019,25.49,2.406
07/15/2019,25.55,2.406
07/15/2019,25.36,2.406
07/16/2019,25.42,2.406
07/16/2019,25.41,2.406
07/17/2019,25.41,2.406
07/17/2019,25.23,2.406
07/18/2019,25.04,2.406
07/18/2019,25.21,2.406
07/19/2019,25.29,2.406
07/19/2019,25.21,2.406
07/22/2019,25.24,2.406
07/22/2019,25.08,2.406
07/23/2019,25.35,2.406
07/23/2019,25.37,2.406
07/24/2019,25.42,2.406
07/24/2019,25.38,2.406
07/25/2019,25.38,2.406
07/25/2019,25.3,2.406
07/26/2019,25.4,2.406
07/26/2019,25.37,2.406
07/29/2019,25.59,2.406
07/29/2019,25.42,2.406
07/30/2019,24.96,2.406
07/30/2019,25.03,2.406
07/31/2019,25.04,2.406
07/31/2019,24.96,2.406
08/01/2019,25.09,2.406
08/01/2019,24.95,2.406
08/02/2019,25.07,2.406
08/02/2019,24.82,2.406
08/05/2019,24.64,2.406
08/05/2019,24.3,2.406
08/06/2019,24.3,2.406
08/06/2019,24.19,2.406
08/07/2019,24.18,2.406
08/07/2019,24.2,2.406
08/08/2019,24.33,2.406
08/08/2019,24.52,2.406
08/09/2019,24.52,2.406
08/09/2019,24.34,2.406
08/12/2019,24.44,2.406
08/12/2019,24.27,2.406
08/13/2019,23.99,2.406
08/13/2019,24.3,2.406
08/14/2019,24.16,2.406
08/14/2019,24.01,2.406
08/15/2019,24.08,2.406
08/15/2019,23.96,2.406
08/16/2019,24.27,2.406
08/16/2019,24.18,2.406
08/19/2019,24.57,2.406
08/19/2019,24.48,2.406
08/20/2019,24.48,2.406
08/20/2019,24.33,2.406
08/21/2019,24.36,2.406
08/21/2019,24.35,2.406
08/22/2019,24.39,2.406
08/22/2019,24.38,2.406
08/23/2019,24.33,2.406
08/23/2019,24.18,2.406
08/26/2019,24.38,2.406
08/26/2019,24.34,2.406
08/27/2019,24.5,2.406
08/27/2019,24.27,2.406
08/28/2019,24.25,2.406
08/28/2019,24.29,2.406
08/29/2019,24.44,2.406
08/29/2019,24.45,2.406
08/30/2019,24.77,2.406
08/30/2019,24.72,2.406
09/03/2019,24.73,2.406
09/03/2019,24.67,2.406
09/04/2019,24.93,2.406
09/04/2019,24.9,2.406
09/05/2019,25.11,2.592
09/05/2019,25.07,2.592
09/06/2019,25.13,2.592
09/06/2019,25.09,2.592
09/09/2019,24.85,2.592
09/09/2019,25.16,2.592
09/10/2019,25.12,2.592
09/10/2019,25.34,2.592
09/11/2019,25.39,2.592
09/11/2019,25.55,2.592
09/12/2019,25.67,2.592
09/12/2019,25.77,2.592
09/13/2019,25.9,2.592
09/13/2019,25.76,2.592
09/16/2019,25.76,2.592
09/16/2019,25.64,2.592
09/17/2019,25.61,2.592
09/17/2019,25.65,2.592
09/18/2019,25.73,2.592
09/18/2019,25.63,2.592
09/19/2019,25.6,2.592
09/19/2019,25.63,2.592
09/20/2019,25.78,2.592
09/20/2019,25.66,2.592
09/23/2019,25.78,2.592
09/23/2019,25.69,2.592
09/24/2019,25.87,2.592
09/24/2019,25.59,2.592
09/25/2019,25.58,2.592
09/25/2019,25.56,2.592
09/26/2019,25.56,2.592
09/26/2019,25.69,2.592
09/27/2019,25.86,2.592
09/27/2019,25.55,2.592
09/30/2019,25.7,2.592
09/30/2019,25.8,2.592
10/01/2019,25.86,2.296
10/01/2019,25.7,2.296
10/02/2019,25.46,2.296
10/02/2019,25.28,2.296
10/03/2019,25.24,2.296
10/03/2019,25.23,2.296
10/04/2019,25.34,2.296
10/04/2019,25.38,2.296
10/07/2019,25.34,2.296
10/07/2019,25.4,2.296
10/08/2019,25.42,2.296
10/08/2019,25.23,2.296
10/09/2019,25.5,2.296
10/09/2019,25.39,2.296
10/10/2019,25.49,2.296
10/10/2019,25.47,2.296
10/11/2019,25.74,2.296
10/11/2019,25.95,2.296
10/14/2019,25.97,2.296
10/14/2019,25.95,2.296
10/15/2019,26.12,2.296
10/15/2019,26.24,2.296
10/16/2019,26.3,2.296
10/16/2019,26.28,2.296
10/17/2019,26.38,2.296
10/17/2019,26.25,2.296
10/18/2019,26.32,2.296
10/18/2019,26.21,2.296
10/21/2019,26.45,2.296
10/21/2019,26.45,2.296
10/22/2019,26.62,2.296
10/22/2019,26.5,2.296
10/23/2019,26.63,2.296
10/23/2019,26.52,2.296
10/24/2019,26.71,2.296
10/24/2019,26.68,2.296
10/25/2019,26.62,2.296
10/25/2019,26.55,2.296
10/28/2019,26.74,2.296
10/28/2019,26.61,2.296
10/29/2019,26.56,2.296
10/29/2019,26.51,2.296
10/30/2019,26.41,2.296
10/30/2019,26.5,2.296
10/31/2019,26.39,2.296
10/31/2019,26.47,2.296
11/01/2019,26.54,2.296
11/01/2019,26.59,2.296
11/04/2019,26.62,2.296
11/04/2019,26.68,2.296
11/05/2019,26.78,2.296
11/05/2019,26.7,2.296
11/06/2019,26.59,2.296
11/06/2019,26.64,2.296
11/07/2019,26.78,2.296
11/07/2019,26.75,2.296
11/08/2019,26.76,2.296
11/08/2019,26.78,2.296
11/11/2019,26.89,2.296
11/11/2019,26.83,2.296
11/12/2019,27.0,2.296
11/12/2019,26.91,2.296
11/13/2019,26.81,2.296
11/13/2019,26.8,2.296
11/14/2019,26.71,2.296
11/14/2019,26.67,2.296
11/15/2019,26.64,2.296
11/15/2019,26.79,2.296
11/18/2019,26.77,2.296
11/18/2019,26.66,2.296
11/19/2019,26.85,2.296
11/19/2019,26.57,2.296
11/20/2019,26.47,2.296
11/20/2019,26.36,2.296
11/21/2019,26.39,2.296
11/21/2019,26.35,2.296
11/22/2019,26.54,2.296
11/22/2019,26.52,2.296
11/25/2019,26.6,2.296
11/25/2019,26.61,2.296
11/26/2019,26.64,2.296
11/26/2019,26.53,2.296
11/27/2019,26.63,2.296
11/27/2019,26.63,2.296
11/29/2019,26.58,2.296
11/29/2019,26.49,2.296
12/02/2019,26.5,2.296
12/02/2019,26.31,2.296
12/03/2019,26.24,2.296
12/03/2019,26.23,2.296
12/04/2019,26.4,2.296
12/04/2019,26.43,2.296
12/05/2019,26.52,3.131
12/05/2019,26.35,3.131
12/06/2019,26.64,3.131
12/06/2019,26.55,3.131
12/09/2019,26.59,3.131
12/09/2019,26.47,3.131
12/10/2019,26.5,3.131
12/10/2019,26.41,3.131
12/11/2019,26.54,3.131
12/11/2019,26.54,3.131
12/12/2019,26.5,3.131
12/12/2019,26.42,3.131
12/13/2019,26.58,3.131
12/13/2019,26.82,3.131
12/16/2019,26.86,3.131
12/16/2019,27.07,3.131
12/17/2019,26.9,3.131
12/17/2019,26.99,3.131
12/18/2019,27.03,3.131
12/18/2019,26.9,3.131
12/19/2019,26.93,3.131
12/19/2019,26.85,3.131
12/20/2019,26.88,3.131
12/20/2019,26.89,3.131
12/23/2019,27.18,3.131
12/23/2019,26.97,3.131
12/24/2019,27.11,3.131
12/24/2019,26.95,3.131
12/26/2019,27.07,3.131
12/26/2019,27.02,3.131
12/27/2019,26.99,3.131
12/27/2019,27.01,3.131
12/30/2019,27.14,1.782
12/30/2019,26.82,1.782
12/31/2019,26.85,1.782
12/31/2019,26.7,1.782
01/02/2020,26.8,1.782
01/02/2020,27.0,1.782
01/03/2020,26.85,1.782
01/03/2020,26.91,1.782
