ACRE,Ares Commercial Real Estate Cor,
Date,Price,Dividend,Annualized Dividend
04/27/2012,8.364301882559554,0.0,0.0
04/30/2012,8.271364019298924,0.0,0.0
05/01/2012,8.355007800268341,0.0,0.0
05/02/2012,8.364300592154768,0.0,0.0
05/03/2012,8.331773956696516,0.0,0.0
05/04/2012,7.969320529198357,0.0,0.0
05/07/2012,8.09943126745098,0.0,0.0
05/08/2012,8.13195849868815,0.0,0.0
05/09/2012,7.992557675463414,0.0,0.0
05/10/2012,7.736979187545264,0.0,0.0
05/11/2012,7.644042779932767,0.0,0.0
05/14/2012,7.518577501087524,0.0,0.0
05/15/2012,7.6765709644154745,0.0,0.0
05/16/2012,7.681217204032609,0.0,0.0
05/17/2012,7.6672753514449115,0.0,0.0
05/18/2012,7.61151431794459,0.0,0.0
05/21/2012,7.741625714922574,0.0,0.0
05/22/2012,7.783447412622338,0.0,0.0
05/23/2012,7.574338478310998,0.0,0.0
05/24/2012,7.695158595079997,0.0,0.0
05/25/2012,7.769508307095048,0.0,0.0
05/29/2012,7.769505988842423,0.0,0.0
05/30/2012,7.662628565634448,0.0,0.0
05/31/2012,7.713746024962337,0.0,0.0
06/01/2012,7.495341430804038,0.0,0.0
06/04/2012,7.565047040482034,0.0,0.0
06/05/2012,7.657984941299748,0.0,0.0
06/06/2012,7.867089946048608,0.0,0.0
06/07/2012,8.029728939329445,0.0,0.0
06/08/2012,8.150548844335306,0.0,0.0
06/11/2012,8.234188854437038,0.0,0.0
06/12/2012,8.011141574553164,0.0,0.0
06/13/2012,8.118018141337233,0.0,0.0
06/14/2012,8.09943126745098,0.0,0.0
06/15/2012,8.155193171351955,0.0,0.0
06/18/2012,8.243484467089795,0.0,0.0
06/19/2012,8.197016803604079,0.0,0.0
06/20/2012,8.006496244084307,0.0,0.0
06/21/2012,8.159841971103567,0.0,0.0
06/22/2012,8.04366896696217,0.0,0.0
06/25/2012,7.997204023144833,0.0,0.0
06/26/2012,7.997203158548017,0.0,0.0
06/27/2012,7.946201793705029,0.06,0.06
06/28/2012,7.974181126937239,0.0,0.06
06/29/2012,8.13739513243675,0.0,0.06
07/02/2012,8.156046810423465,0.0,0.06
07/03/2012,8.07677107600715,0.0,0.06
07/05/2012,8.072109237973457,0.0,0.06
07/06/2012,7.974181951256941,0.0,0.06
07/09/2012,7.857597399375272,0.0,0.06
07/10/2012,7.8902428909354265,0.0,0.06
07/11/2012,7.997498750429693,0.0,0.06
07/12/2012,7.787651768620563,0.0,0.06
07/13/2012,7.834283810392623,0.0,0.06
07/16/2012,7.9228836562775875,0.0,0.06
07/17/2012,7.792311973296088,0.0,0.06
07/18/2012,7.83428379200035,0.0,0.06
07/19/2012,7.857601165771484,0.0,0.06
07/20/2012,7.8342817371187685,0.0,0.06
07/23/2012,7.83428379200035,0.0,0.06
07/24/2012,7.78764986074892,0.0,0.06
07/25/2012,7.876254364681735,0.0,0.06
07/26/2012,7.78765005417854,0.0,0.06
07/27/2012,7.815628821746439,0.0,0.06
07/30/2012,7.778324449771116,0.0,0.06
07/31/2012,7.815631197018126,0.0,0.06
08/01/2012,7.834284645541019,0.0,0.06
08/02/2012,7.694382181221561,0.0,0.06
08/03/2012,7.908893876371568,0.0,0.06
08/06/2012,7.852938524190305,0.0,0.06
08/07/2012,7.83428197554558,0.0,0.06
08/08/2012,7.801638655518498,0.0,0.06
08/09/2012,7.773657669575649,0.0,0.06
08/10/2012,7.7689943009140405,0.0,0.06
08/13/2012,7.782989025115968,0.0,0.06
08/14/2012,7.764335078108486,0.0,0.06
08/15/2012,7.694384852533518,0.0,0.06
08/16/2012,7.7689984537357075,0.0,0.06
08/17/2012,7.685058261491652,0.0,0.06
08/20/2012,7.624435565815858,0.0,0.06
08/21/2012,7.703711076375232,0.0,0.06
08/22/2012,7.666407354907263,0.0,0.06
08/23/2012,7.629098989618403,0.0,0.06
08/24/2012,7.624439960729332,0.0,0.06
08/27/2012,7.717701217503964,0.0,0.06
08/28/2012,7.619774887915721,0.0,0.06
08/29/2012,7.74101839197728,0.0,0.06
08/30/2012,7.713038526510045,0.0,0.06
08/31/2012,7.796975764320494,0.0,0.06
09/04/2012,7.838945676330855,0.0,0.06
09/05/2012,7.950864176971338,0.0,0.06
09/06/2012,7.955528303697129,0.0,0.06
09/07/2012,7.983507769695785,0.0,0.06
09/10/2012,7.918222788891105,0.0,0.06
09/11/2012,8.020814315167632,0.0,0.06
09/12/2012,8.002159736951787,0.0,0.06
09/13/2012,7.866925004989536,0.0,0.06
09/14/2012,8.090761511094302,0.0,0.06
09/17/2012,8.118740799007465,0.0,0.06
09/18/2012,8.17936624001205,0.0,0.06
09/19/2012,8.216670036315918,0.0,0.06
09/20/2012,8.193356098800828,0.0,0.06
09/21/2012,8.291285084396376,0.0,0.06
09/24/2012,8.132731102767165,0.0,0.06
09/25/2012,8.216670659359325,0.0,0.06
09/26/2012,7.941537521585094,0.0,0.06
09/27/2012,8.044132454879112,0.0,0.06
09/28/2012,8.00224201478906,0.06,0.12
10/01/2012,8.034999587096005,0.0,0.12
10/02/2012,7.997560600970097,0.0,0.12
10/03/2012,7.960126196792707,0.0,0.12
10/04/2012,7.964803720210844,0.0,0.12
10/05/2012,7.9414066967737105,0.0,0.12
10/08/2012,7.964803035352327,0.0,0.12
10/09/2012,7.997563199237048,0.0,0.12
10/10/2012,7.932048373541355,0.0,0.12
10/11/2012,7.894611014476245,0.0,0.12
10/12/2012,7.847813414918356,0.0,0.12
10/15/2012,7.9086472510540755,0.0,0.12
10/16/2012,7.941407492534031,0.0,0.12
10/17/2012,7.899287576254124,0.0,0.12
10/18/2012,7.894608688754283,0.0,0.12
10/19/2012,7.903969777708192,0.0,0.12
10/22/2012,7.824413008680993,0.0,0.12
10/23/2012,7.796335594950393,0.0,0.12
10/24/2012,7.782296948299986,0.0,0.12
10/25/2012,7.8056973929722995,0.0,0.12
10/26/2012,7.847814272802351,0.0,0.12
10/31/2012,7.8852516327275755,0.0,0.12
11/01/2012,7.908649913073513,0.0,0.12
11/02/2012,7.871209917638987,0.0,0.12
11/05/2012,7.8244163029596505,0.0,0.12
11/06/2012,7.8852524003433695,0.0,0.12
11/07/2012,7.768258656039549,0.0,0.12
11/08/2012,7.772939196404491,0.0,0.12
11/09/2012,7.632549961471299,0.0,0.12
11/12/2012,7.660628345505851,0.0,0.12
11/13/2012,7.796338561394172,0.0,0.12
11/14/2012,7.637227893647522,0.0,0.12
11/15/2012,7.38452584817519,0.0,0.12
11/16/2012,7.239457519605386,0.0,0.12
11/19/2012,7.389206034366419,0.0,0.12
11/20/2012,7.389205395345916,0.0,0.12
11/21/2012,7.393884742830397,0.0,0.12
11/23/2012,7.426643557654682,0.0,0.12
11/26/2012,7.510876898465029,0.0,0.12
11/27/2012,7.557674884559594,0.0,0.12
11/28/2012,7.379846714303207,0.0,0.12
11/29/2012,7.585751318915905,0.0,0.12
11/30/2012,7.506197293706706,0.0,0.12
12/03/2012,7.702743588044894,0.0,0.12
12/04/2012,7.70274245992248,0.0,0.12
12/05/2012,7.79165536873496,0.0,0.12
12/06/2012,7.674666559063978,0.0,0.12
12/07/2012,7.627868080711613,0.0,0.12
12/10/2012,7.552993624559269,0.0,0.12
12/11/2012,7.698064052838525,0.0,0.12
12/12/2012,7.679348195455561,0.0,0.12
12/13/2012,7.571711078117534,0.0,0.12
12/14/2012,7.590431397310434,0.0,0.12
12/17/2012,7.599788847085691,0.0,0.12
12/18/2012,7.669985529979014,0.0,0.12
12/19/2012,7.744861745496615,0.0,0.12
12/20/2012,7.796337299929234,0.0,0.12
12/21/2012,7.815055996870803,0.0,0.12
12/24/2012,7.726141940268432,0.0,0.12
12/26/2012,7.74486139106506,0.0,0.12
12/27/2012,7.773514307624338,0.25,0.37
12/28/2012,7.783017500995491,0.0,0.37
12/31/2012,7.787766094398571,0.0,0.37
01/02/2013,7.930316376198676,0.0,0.37
01/03/2013,7.949321024399273,0.0,0.37
01/04/2013,7.958823512582218,0.0,0.37
01/07/2013,8.001587848766544,0.0,0.37
01/08/2013,8.106119232029263,0.0,0.37
01/09/2013,8.053853474041844,0.0,0.37
01/10/2013,8.091865205686457,0.0,0.37
01/11/2013,8.125127164095243,0.0,0.37
01/14/2013,8.210654107630567,0.0,0.37
01/15/2013,8.186896986669945,0.0,0.37
01/16/2013,8.15363831126369,0.0,0.37
01/17/2013,8.300932369453115,0.0,0.37
01/18/2013,8.381708066687285,0.0,0.37
01/22/2013,8.229659516688217,0.0,0.37
01/23/2013,8.31518790133794,0.0,0.37
01/24/2013,8.229660560105206,0.0,0.37
01/25/2013,8.158388896893454,0.0,0.37
01/28/2013,8.239163078632657,0.0,0.37
01/29/2013,8.0681067045369,0.0,0.37
01/30/2013,8.291432256410102,0.0,0.37
01/31/2013,8.215405931289492,0.0,0.37
02/01/2013,8.281928576124791,0.0,0.37
02/04/2013,8.315188773478704,0.0,0.37
02/05/2013,8.31518843272948,0.0,0.37
02/06/2013,8.172643190899155,0.0,0.37
02/07/2013,8.172642863731413,0.0,0.37
02/08/2013,8.077613631214534,0.0,0.37
02/11/2013,8.153636508336275,0.0,0.37
02/12/2013,8.077611334034755,0.0,0.37
02/13/2013,8.02059354325132,0.0,0.37
02/14/2013,8.049103032279945,0.0,0.37
02/15/2013,8.139382581183792,0.0,0.37
02/19/2013,8.158388078701298,0.0,0.37
02/20/2013,8.034848287087382,0.0,0.37
02/21/2013,8.034846895989698,0.0,0.37
02/22/2013,8.139381572667098,0.0,0.37
02/25/2013,8.082364047317991,0.0,0.37
02/26/2013,7.935067080617004,0.0,0.37
02/27/2013,7.968327543994179,0.0,0.37
02/28/2013,7.925563478665393,0.0,0.37
03/01/2013,8.077612097823064,0.0,0.37
03/04/2013,8.068108632858854,0.0,0.37
03/05/2013,8.144133606088552,0.0,0.37
03/06/2013,8.039599241907412,0.0,0.37
03/07/2013,8.063356560261749,0.0,0.37
03/08/2013,8.039599520007618,0.0,0.37
03/11/2013,8.058604282098807,0.0,0.37
03/12/2013,8.120377242717874,0.0,0.37
03/13/2013,8.201151889063095,0.0,0.37
03/14/2013,8.125126502790764,0.0,0.37
03/15/2013,8.172642169157719,0.0,0.37
03/18/2013,7.954071007306032,0.0,0.37
03/19/2013,8.011091696549013,0.0,0.37
03/20/2013,7.982581075129197,0.0,0.37
03/21/2013,7.968325868810996,0.0,0.37
03/22/2013,8.001587265555624,0.0,0.37
03/25/2013,8.039600298856017,0.0,0.37
03/26/2013,8.087114596080399,0.0,0.37
03/27/2013,8.001586801947939,0.0,0.37
03/28/2013,8.101368030487889,0.0,0.37
04/01/2013,8.053854176690177,0.0,0.37
04/02/2013,7.987333614594007,0.0,0.37
04/03/2013,8.077611052174632,0.0,0.37
04/04/2013,8.00137385520257,0.25,0.62
04/05/2013,7.977256796466731,0.0,0.62
04/08/2013,7.895268549948676,0.0,0.62
04/09/2013,7.957965285791733,0.0,0.62
04/10/2013,7.982081125830529,0.0,0.62
04/11/2013,8.044780658438116,0.0,0.62
04/12/2013,8.054426869248429,0.0,0.62
04/15/2013,8.001374411022,0.0,0.62
04/16/2013,7.8952673174517845,0.0,0.62
04/17/2013,7.769870118711697,0.0,0.62
04/18/2013,7.832567802568787,0.0,0.62
04/19/2013,7.837392987579575,0.0,0.62
04/22/2013,7.861505398913919,0.0,0.62
04/23/2013,7.962789351913167,0.0,0.62
04/24/2013,8.035131858916074,0.0,0.62
04/25/2013,8.150882935525376,0.0,0.62
04/26/2013,8.05924553045154,0.0,0.62
04/29/2013,8.049604300996375,0.0,0.62
04/30/2013,8.05442678811104,0.0,0.62
05/01/2013,8.073718082099465,0.0,0.62
05/02/2013,7.933851377210663,0.0,0.62
05/03/2013,8.030311267893715,0.0,0.62
05/06/2013,8.001373781622314,0.0,0.62
05/07/2013,8.078541469306703,0.0,0.62
05/08/2013,8.136419998673988,0.0,0.62
05/09/2013,8.15088526242687,0.0,0.62
05/10/2013,8.150886432809807,0.0,0.62
05/13/2013,8.039956831451633,0.0,0.62
05/14/2013,8.13641721272633,0.0,0.62
05/15/2013,8.14123817987394,0.0,0.62
05/16/2013,8.141241090927007,0.0,0.62
05/17/2013,8.107478144901053,0.0,0.62
05/20/2013,8.189470474672538,0.0,0.62
05/21/2013,8.078541011497846,0.0,0.62
05/22/2013,8.12677068943172,0.0,0.62
05/23/2013,8.0061949073686,0.0,0.62
05/24/2013,8.160533849207543,0.0,0.62
05/28/2013,8.165356435688562,0.0,0.62
05/29/2013,8.102654736729606,0.0,0.62
05/30/2013,8.059249108871487,0.0,0.62
05/31/2013,7.929029438247304,0.0,0.62
06/03/2013,7.808454176984062,0.0,0.62
06/04/2013,7.813275855002782,0.0,0.62
06/05/2013,7.692698252505852,0.0,0.62
06/06/2013,7.639646642478496,0.0,0.62
06/07/2013,7.827744674723502,0.0,0.62
06/10/2013,7.890445941039616,0.0,0.62
06/11/2013,7.711994796630375,0.0,0.62
06/12/2013,7.765044496515475,0.0,0.62
06/13/2013,7.62035583729563,0.0,0.62
06/14/2013,7.639646831190023,0.0,0.62
06/17/2013,7.774692852285295,0.0,0.62
06/18/2013,7.514249126958181,0.0,0.62
06/19/2013,7.441905525297522,0.0,0.62
06/20/2013,7.022302877079249,0.0,0.62
06/21/2013,6.351903154786714,0.0,0.62
06/24/2013,6.269912190681438,0.0,0.62
06/25/2013,6.202391135474934,0.0,0.62
06/26/2013,6.227561939682476,0.25,0.81
06/27/2013,6.3013486155047636,0.0,0.81
06/28/2013,6.247239391358525,0.0,0.81
07/01/2013,6.3062686382618045,0.0,0.81
07/02/2013,6.375134946766369,0.0,0.81
07/03/2013,6.493193701798786,0.0,0.81
07/05/2013,6.370215234168958,0.0,0.81
07/08/2013,6.163614845232465,0.0,0.81
07/09/2013,6.202967185658482,0.0,0.81
07/10/2013,6.24231906428783,0.0,0.81
07/11/2013,6.335781905335001,0.0,0.81
07/12/2013,6.350540005420052,0.0,0.81
07/15/2013,6.257076860075917,0.0,0.81
07/16/2013,6.345618508035217,0.0,0.81
07/17/2013,6.419408138722212,0.0,0.81
07/18/2013,6.41448711233486,0.0,0.81
07/19/2013,6.384973446468907,0.0,0.81
07/22/2013,6.409568379471795,0.0,0.81
07/23/2013,6.458760018445661,0.0,0.81
07/24/2013,6.424326742317632,0.0,0.81
07/25/2013,6.394811497619146,0.0,0.81
07/26/2013,6.448921563752133,0.0,0.81
07/29/2013,6.488274966984555,0.0,0.81
07/30/2013,6.453840241188581,0.0,0.81
07/31/2013,6.512868932326589,0.0,0.81
08/01/2013,6.488274037124564,0.0,0.81
08/02/2013,6.453840371243272,0.0,0.81
08/05/2013,6.404648623715144,0.0,0.81
08/06/2013,6.4341641631014905,0.0,0.81
08/07/2013,6.375135730770552,0.0,0.81
08/08/2013,6.261996604779008,0.0,0.81
08/09/2013,6.316107036276497,0.0,0.81
08/12/2013,6.3505398005688285,0.0,0.81
08/13/2013,6.286589809316743,0.0,0.81
08/14/2013,6.212805938015485,0.0,0.81
08/15/2013,6.232480049133301,0.0,0.81
08/16/2013,6.25215773305624,0.0,0.81
08/19/2013,6.222644328373087,0.0,0.81
08/20/2013,6.168533192520724,0.0,0.81
08/21/2013,6.104585271488849,0.0,0.81
08/22/2013,6.0258793643177615,0.0,0.81
08/23/2013,6.148857232582566,0.0,0.81
08/26/2013,6.153777480212385,0.0,0.81
08/27/2013,6.055394509683521,0.0,0.81
08/28/2013,6.001283645629883,0.0,0.81
08/29/2013,6.075071527224022,0.0,0.81
08/30/2013,6.281672954559326,0.0,0.81
09/03/2013,6.321023719542978,0.0,0.81
09/04/2013,6.242318192851011,0.0,0.81
09/05/2013,6.365296945484207,0.0,0.81
09/06/2013,6.306268355121636,0.0,0.81
09/09/2013,6.242319177769162,0.0,0.81
09/10/2013,6.271835115340152,0.0,0.81
09/11/2013,6.271833803063967,0.0,0.81
09/12/2013,6.3702156275307145,0.0,0.81
09/13/2013,6.261996717432303,0.0,0.81
09/16/2013,6.316105648102253,0.0,0.81
09/17/2013,6.212803730055645,0.0,0.81
09/18/2013,6.252158176722487,0.0,0.81
09/19/2013,6.355457160648764,0.0,0.81
09/20/2013,6.227561918867554,0.0,0.81
09/23/2013,6.193129481153148,0.0,0.81
09/24/2013,6.227561918867554,0.0,0.81
09/25/2013,6.232481148600913,0.0,0.81
09/26/2013,6.232580184936523,0.25,1.0
09/27/2013,6.187416655358422,0.0,1.0
09/30/2013,6.187416896529952,0.0,1.0
10/01/2013,6.257671943226664,0.0,1.0
10/02/2013,6.252653232400558,0.0,1.0
10/03/2013,6.272724389718782,0.0,1.0
10/04/2013,6.277745092491553,0.0,1.0
10/07/2013,6.3379623434192895,0.0,1.0
10/08/2013,6.2877809118819545,0.0,1.0
10/09/2013,6.197454762998018,0.0,1.0
10/10/2013,6.212508357291779,0.0,1.0
10/11/2013,6.242617712402352,0.0,1.0
10/14/2013,6.247635426278755,0.0,1.0
10/15/2013,6.257672092670817,0.0,1.0
10/16/2013,6.237599264537215,0.0,1.0
10/17/2013,6.202471523535032,0.0,1.0
10/18/2013,6.297818016399033,0.0,1.0
10/21/2013,6.287780042168128,0.0,1.0
10/22/2013,6.307853575185981,0.0,1.0
10/23/2013,6.282761211229073,0.0,1.0
10/24/2013,6.3931628962693186,0.0,1.0
10/25/2013,6.438325525567728,0.0,1.0
10/28/2013,6.413236827796952,0.0,1.0
10/29/2013,6.358034741561706,0.0,1.0
10/30/2013,6.317890009773598,0.0,1.0
10/31/2013,6.242616713119466,0.0,1.0
11/01/2013,6.22254554027188,0.0,1.0
11/04/2013,6.302837162071212,0.0,1.0
11/05/2013,6.34799861907959,0.0,1.0
11/06/2013,6.3931616302143786,0.0,1.0
11/07/2013,6.553745555939702,0.0,1.0
11/08/2013,6.433307444423439,0.0,1.0
11/11/2013,6.5236347288231045,0.0,1.0
11/12/2013,6.553745331942594,0.0,1.0
11/13/2013,6.548728498169886,0.0,1.0
11/14/2013,6.774545567563186,0.0,1.0
11/15/2013,6.864871339897136,0.0,1.0
11/18/2013,6.79963467408141,0.0,1.0
11/19/2013,6.603925356322652,0.0,1.0
11/20/2013,6.5938891163303746,0.0,1.0
11/21/2013,6.608943523298642,0.0,1.0
11/22/2013,6.623999516788317,0.0,1.0
11/25/2013,6.669160970033505,0.0,1.0
11/26/2013,6.578836296321222,0.0,1.0
11/27/2013,6.649088805093865,0.0,1.0
11/29/2013,6.618982754639115,0.0,1.0
12/02/2013,6.56378173828125,0.0,1.0
12/03/2013,6.533672624833151,0.0,1.0
12/04/2013,6.518615771701892,0.0,1.0
12/05/2013,6.568798133320553,0.0,1.0
12/06/2013,6.518617735572754,0.0,1.0
12/09/2013,6.548724769058899,0.0,1.0
12/10/2013,6.548726178698919,0.0,1.0
12/11/2013,6.433308096889813,0.0,1.0
12/12/2013,6.498545001993046,0.0,1.0
12/13/2013,6.478469911029401,0.0,1.0
12/16/2013,6.443344398147698,0.0,1.0
12/17/2013,6.483489279351221,0.0,1.0
12/18/2013,6.488509426681924,0.0,1.0
12/19/2013,6.4483626562830905,0.0,1.0
12/20/2013,6.423270630906352,0.0,1.0
12/23/2013,6.513597789416657,0.0,1.0
12/24/2013,6.4784737733806015,0.0,1.0
12/26/2013,6.618982754639115,0.0,1.0
12/27/2013,6.563391255785161,0.25,1.0
12/30/2013,6.701514201078131,0.0,1.0
12/31/2013,6.594084904205599,0.0,1.0
01/02/2014,6.701514194631031,0.0,1.0
01/03/2014,6.752668911188866,0.0,1.0
01/06/2014,6.819174231195475,0.0,1.0
01/07/2014,6.829405470163282,0.0,1.0
01/08/2014,6.829403591000956,0.0,1.0
01/09/2014,6.941948767132368,0.0,1.0
01/10/2014,6.890793487323727,0.0,1.0
01/13/2014,6.860098151822025,0.0,1.0
01/14/2014,6.865213800880363,0.0,1.0
01/15/2014,6.783363297029028,0.0,1.0
01/16/2014,6.808943165651335,0.0,1.0
01/17/2014,6.798711511259642,0.0,1.0
01/21/2014,6.7833634504398574,0.0,1.0
01/22/2014,6.834520011824308,0.0,1.0
01/23/2014,6.793594682907745,0.0,1.0
01/24/2014,6.865215994786909,0.0,1.0
01/27/2014,6.860100116228145,0.0,1.0
01/28/2014,6.803828030758863,0.0,1.0
01/29/2014,6.793594513993775,0.0,1.0
01/30/2014,6.824289853483303,0.0,1.0
01/31/2014,6.844750292455401,0.0,1.0
02/03/2014,6.819175211678318,0.0,1.0
02/04/2014,6.696398361982122,0.0,1.0
02/05/2014,6.716861036652957,0.0,1.0
02/06/2014,6.778247691716655,0.0,1.0
02/07/2014,6.854982358918955,0.0,1.0
02/10/2014,6.788478231485913,0.0,1.0
02/11/2014,6.803826453343226,0.0,1.0
02/12/2014,6.860097265641881,0.0,1.0
02/13/2014,6.947066624212025,0.0,1.0
02/14/2014,6.941948617997405,0.0,1.0
02/18/2014,6.89079269742142,0.0,1.0
02/19/2014,6.9061392713857765,0.0,1.0
02/20/2014,6.91125594221707,0.0,1.0
02/21/2014,6.875445144843091,0.0,1.0
02/24/2014,6.844751685626747,0.0,1.0
02/25/2014,6.860098407864005,0.0,1.0
02/26/2014,6.834520758766171,0.0,1.0
02/27/2014,6.824289069484987,0.0,1.0
02/28/2014,6.906141273059059,0.0,1.0
03/03/2014,6.926603105274153,0.0,1.0
03/04/2014,6.982874187326385,0.0,1.0
03/05/2014,7.008453572771475,0.0,1.0
03/06/2014,7.095421228822516,0.0,1.0
03/07/2014,7.01868342514331,0.0,1.0
03/10/2014,6.977758560225235,0.0,1.0
03/11/2014,6.911256105821569,0.0,1.0
03/12/2014,6.844751109920511,0.0,1.0
03/13/2014,6.911256105821569,0.0,1.0
03/14/2014,6.839634517494406,0.0,1.0
03/17/2014,6.778247635889706,0.0,1.0
03/18/2014,6.8600979487692095,0.0,1.0
03/19/2014,6.8805607728647,0.0,1.0
03/20/2014,6.86521492971999,0.0,1.0
03/21/2014,6.8549835408393625,0.0,1.0
03/24/2014,6.819172904679406,0.0,1.0
03/25/2014,6.834519589376128,0.0,1.0
03/26/2014,6.814058189646848,0.0,1.0
03/27/2014,6.768511354385937,0.25,1.25
03/28/2014,6.805012852962226,0.0,1.25
03/31/2014,6.898876769239059,0.0,1.25
04/01/2014,6.99795381492426,0.0,1.25
04/02/2014,6.930163806699826,0.0,1.25
04/03/2014,6.914519190144212,0.0,1.25
04/04/2014,6.862375186742226,0.0,1.25
04/07/2014,6.778940195948485,0.0,1.25
04/08/2014,6.752867702826602,0.0,1.25
04/09/2014,6.763296627048014,0.0,1.25
04/10/2014,6.778942584400179,0.0,1.0
04/11/2014,6.669433631540565,0.0,1.0
04/14/2014,6.737225985683343,0.0,1.0
04/15/2014,6.7111520520441,0.0,1.0
04/16/2014,6.726794242858887,0.0,1.0
04/17/2014,6.653790192349847,0.0,1.0
04/21/2014,6.778939723968506,0.0,1.0
04/22/2014,6.7685107652074255,0.0,1.0
04/23/2014,6.737223597240662,0.0,1.0
04/24/2014,6.742439693288444,0.0,1.0
04/25/2014,6.669435024261475,0.0,1.0
04/28/2014,6.685079046694833,0.0,1.0
04/29/2014,6.674650056256617,0.0,1.0
04/30/2014,6.544285437913508,0.0,1.0
05/01/2014,6.632932090075329,0.0,1.0
05/02/2014,6.5495009922012,0.0,1.0
05/05/2014,6.554715109676682,0.0,1.0
05/06/2014,6.528640736179696,0.0,1.0
05/07/2014,6.471280483889778,0.0,1.0
05/08/2014,6.361774985098192,0.0,1.0
05/09/2014,6.403489731240902,0.0,1.0
05/12/2014,6.512997800936029,0.0,1.0
05/13/2014,6.659006563391198,0.0,1.0
05/14/2014,6.617288024588075,0.0,1.0
05/15/2014,6.549499509407546,0.0,1.0
05/16/2014,6.533856365143236,0.0,1.0
05/19/2014,6.471281636357408,0.0,1.0
05/20/2014,6.539068626352351,0.0,1.0
05/21/2014,6.502569222221656,0.0,1.0
05/22/2014,6.51821231842041,0.0,1.0
05/23/2014,6.523426047740241,0.0,1.0
05/27/2014,6.528640806660636,0.0,1.0
05/28/2014,6.559929772999854,0.0,1.0
05/29/2014,6.533856792546635,0.0,1.0
05/30/2014,6.502569723410843,0.0,1.0
06/02/2014,6.5547146261910125,0.0,1.0
06/03/2014,6.51299709519784,0.0,1.0
06/04/2014,6.486923663054796,0.0,1.0
06/05/2014,6.471280607065244,0.0,1.0
06/06/2014,6.518212400594954,0.0,1.0
06/09/2014,6.591216560402262,0.0,1.0
06/10/2014,6.55992746961688,0.0,1.0
06/11/2014,6.5599283274880635,0.0,1.0
06/12/2014,6.507783868095798,0.0,1.0
06/13/2014,6.512997122875972,0.0,1.0
06/16/2014,6.507783941075271,0.0,1.0
06/17/2014,6.523426118164885,0.0,1.0
06/18/2014,6.580787738887617,0.0,1.0
06/19/2014,6.664220308997828,0.0,1.0
06/20/2014,6.643360585409557,0.0,1.0
06/23/2014,6.648576740085894,0.0,1.0
06/24/2014,6.664218323890989,0.0,1.0
06/25/2014,6.591216025614592,0.0,1.0
06/26/2014,6.581529804373773,0.25,1.0
06/27/2014,6.608132232278862,0.0,1.0
06/30/2014,6.618773343869818,0.0,1.0
07/01/2014,6.602812000534024,0.0,1.0
07/02/2014,6.645376249855091,0.0,1.0
07/03/2014,6.7251850910416975,0.0,1.0
07/07/2014,6.629414081573486,0.0,1.0
07/08/2014,6.6294140698263435,0.0,1.0
07/09/2014,6.677299603356772,0.0,1.0
07/10/2014,6.671979726280729,0.0,1.0
07/11/2014,6.741147286784685,0.0,1.0
07/14/2014,6.783709535715178,0.0,1.0
07/15/2014,6.773068775143284,0.0,1.0
07/16/2014,6.783710144203819,0.0,1.0
07/17/2014,6.783710649315436,0.0,1.0
07/18/2014,6.7039013911993,0.0,1.0
07/21/2014,6.730504587638242,0.0,1.0
07/22/2014,6.762429499309809,0.0,1.0
07/23/2014,6.746467966767959,0.0,1.0
07/24/2014,6.773068821796391,0.0,1.0
07/25/2014,6.6613369388968335,0.0,1.0
07/28/2014,6.624092936588469,0.0,1.0
07/29/2014,6.602811088534361,0.0,1.0
07/30/2014,6.629413799585772,0.0,1.0
07/31/2014,6.491080023626128,0.0,1.0
08/01/2014,6.523004332719103,0.0,1.0
08/04/2014,6.496399975523161,0.0,1.0
08/05/2014,6.53896558652135,0.0,1.0
08/06/2014,6.501720834594829,0.0,1.0
08/07/2014,6.645375538449188,0.0,1.0
08/08/2014,6.512362695752465,0.0,1.0
08/11/2014,6.523002603804131,0.0,1.0
08/12/2014,6.570889141775664,0.0,1.0
08/13/2014,6.570888042449951,0.0,1.0
08/14/2014,6.586849559771204,0.0,1.0
08/15/2014,6.650695842196424,0.0,1.0
08/18/2014,6.586849212646484,0.0,1.0
08/19/2014,6.746466478341184,0.0,1.0
08/20/2014,6.629414236057229,0.0,1.0
08/21/2014,6.592169891089756,0.0,1.0
08/22/2014,6.565567006281222,0.0,1.0
08/25/2014,6.59217096214691,0.0,1.0
08/26/2014,6.618773531501835,0.0,1.0
08/27/2014,6.671979557981736,0.0,1.0
08/28/2014,6.629415135555053,0.0,1.0
08/29/2014,6.666656704928589,0.0,1.0
09/02/2014,6.719862827463108,0.0,1.0
09/03/2014,6.703903128505718,0.0,1.0
09/04/2014,6.693259943849425,0.0,1.0
09/05/2014,6.666659338526043,0.0,1.0
09/08/2014,6.677298060770039,0.0,1.0
09/09/2014,6.677299176042447,0.0,1.0
09/10/2014,6.629414819191005,0.0,1.0
09/11/2014,6.624092698598035,0.0,1.0
09/12/2014,6.650695601607772,0.0,1.0
09/15/2014,6.618772652098814,0.0,1.0
09/16/2014,6.5496052517227685,0.0,1.0
09/17/2014,6.581528674408967,0.0,1.0
09/18/2014,6.581528424881599,0.0,1.0
09/19/2014,6.549604957816926,0.0,1.0
09/22/2014,6.464475631713867,0.0,1.0
09/23/2014,6.4697978549374735,0.0,1.0
09/24/2014,6.44319486618042,0.0,1.0
09/25/2014,6.453836224598056,0.0,1.0
09/26/2014,6.448625753320681,0.25,1.0
09/29/2014,6.475790109489929,0.0,1.0
09/30/2014,6.443195269489519,0.0,1.0
10/01/2014,6.367136707402954,0.0,1.0
10/02/2014,6.378002797537106,0.0,1.0
10/03/2014,6.394300526708517,0.0,1.0
10/06/2014,6.291078815156285,0.0,1.0
10/07/2014,6.285646915435791,0.0,1.0
10/08/2014,6.285644410096946,0.0,1.0
10/09/2014,6.388866886204021,0.0,1.0
10/10/2014,6.29107825096102,0.0,1.0
10/13/2014,6.345405886617428,0.0,1.0
10/14/2014,6.372569024021609,0.0,1.0
10/15/2014,6.345406193047462,0.0,1.0
10/16/2014,6.356270661279528,0.0,1.0
10/17/2014,6.44319449877946,0.0,1.0
10/20/2014,6.4160330660454115,0.0,1.0
10/21/2014,6.5029536725106025,0.0,1.0
10/22/2014,6.5898768651928465,0.0,1.0
10/23/2014,6.4975225063289335,0.0,1.0
10/24/2014,6.5572798336173,0.0,1.0
10/27/2014,6.497521955233424,0.0,1.0
10/28/2014,6.540982816809197,0.0,1.0
10/29/2014,6.655069904722001,0.0,1.0
10/30/2014,6.546416530162074,0.0,1.0
10/31/2014,6.622473885972125,0.0,1.0
11/03/2014,6.595309968010044,0.0,1.0
11/04/2014,6.524685364090966,0.0,1.0
11/05/2014,6.4920896708756795,0.0,1.0
11/06/2014,6.557282376420522,0.0,1.0
11/07/2014,6.475790512002269,0.0,1.0
11/10/2014,6.4866567418306165,0.0,1.0
11/11/2014,6.519254365534034,0.0,1.0
11/12/2014,6.492089366592149,0.0,1.0
11/13/2014,6.5464166823709675,0.0,1.0
11/14/2014,6.54641593588867,0.0,1.0
11/17/2014,6.470357666179231,0.0,1.0
11/18/2014,6.497521024567086,0.0,1.0
11/19/2014,6.535549710251429,0.0,1.0
11/20/2014,6.43232886115498,0.0,1.0
11/21/2014,6.530118302422232,0.0,1.0
11/24/2014,6.421462804362242,0.0,1.0
11/25/2014,6.432328472629211,0.0,1.0
11/26/2014,6.459491151251517,0.0,1.0
11/28/2014,6.497523538373072,0.0,1.0
12/01/2014,6.454059270917792,0.0,1.0
12/02/2014,6.421463271362296,0.0,1.0
12/03/2014,6.4866557917256324,0.0,1.0
12/04/2014,6.497523538373072,0.0,1.0
12/05/2014,6.4812227758536185,0.0,1.0
12/08/2014,6.45405912399292,0.0,1.0
12/09/2014,6.421464196811027,0.0,1.0
12/10/2014,6.535550024513749,0.0,1.0
12/11/2014,6.470356569380005,0.0,1.0
12/12/2014,6.437761372894173,0.0,1.0
12/15/2014,6.42689753598808,0.0,1.0
12/16/2014,6.285645343693462,0.0,1.0
12/17/2014,6.280213354775103,0.0,1.0
12/18/2014,6.470357275356444,0.0,1.0
12/19/2014,6.4377623200502905,0.0,1.0
12/22/2014,6.46492553285799,0.0,1.0
12/23/2014,6.437761140117927,0.0,1.0
12/24/2014,6.437762182011002,0.0,1.0
12/26/2014,6.432329098590746,0.0,1.0
12/29/2014,6.388396454255765,0.25,1.0
12/30/2014,6.393946882184529,0.0,1.0
12/31/2014,6.460551818064582,0.0,1.0
01/02/2015,6.405047208724116,0.0,1.0
01/05/2015,6.3994981563606395,0.0,1.0
01/06/2015,6.388397510761966,0.0,1.0
01/07/2015,6.371746976479269,0.0,1.0
01/08/2015,6.493854091115244,0.0,1.0
01/09/2015,6.48275161177299,0.0,1.0
01/12/2015,6.455001309685342,0.0,1.0
01/13/2015,6.482754014979129,0.0,1.0
01/14/2015,6.588208391159055,0.0,1.0
01/15/2015,6.754717826843262,0.0,1.0
01/16/2015,6.743615444716563,0.0,1.0
01/20/2015,6.815769324075922,0.0,1.0
01/21/2015,6.710313996656422,0.0,1.0
01/22/2015,6.693663704575005,0.0,1.0
01/23/2015,6.743614508996376,0.0,1.0
01/26/2015,6.671462485403226,0.0,1.0
01/27/2015,6.74361446594558,0.0,1.0
01/28/2015,6.704765364828459,0.0,1.0
01/29/2015,6.7103151022623155,0.0,1.0
01/30/2015,6.704763098799399,0.0,1.0
02/02/2015,6.677011401638277,0.0,1.0
02/03/2015,6.815770707130153,0.0,1.0
02/04/2015,6.8268718642728095,0.0,1.0
02/05/2015,6.743617365494876,0.0,1.0
02/06/2015,6.837971755387373,0.0,1.0
02/09/2015,6.743616166395922,0.0,1.0
02/10/2015,6.688114605569378,0.0,1.0
02/11/2015,6.693665382954055,0.0,1.0
02/12/2015,6.688115035556681,0.0,1.0
02/13/2015,6.815770960552912,0.0,1.0
02/17/2015,6.73806665002314,0.0,1.0
02/18/2015,6.8268706515850335,0.0,1.0
02/19/2015,6.7991191980115975,0.0,1.0
02/20/2015,6.771368441246831,0.0,1.0
02/23/2015,6.671461903654454,0.0,1.0
02/24/2015,6.704762577106437,0.0,1.0
02/25/2015,6.699212345422336,0.0,1.0
02/26/2015,6.654810308586758,0.0,1.0
02/27/2015,6.688113858864502,0.0,1.0
03/02/2015,6.688114344967041,0.0,1.0
03/03/2015,6.743617050107346,0.0,1.0
03/04/2015,6.738067150115967,0.0,1.0
03/05/2015,6.771367626216103,0.0,1.0
03/06/2015,6.510504012267918,0.0,1.0
03/09/2015,6.454999653034293,0.0,1.0
03/10/2015,6.388397074459358,0.0,1.0
03/11/2015,6.3439947850606515,0.0,1.0
03/12/2015,6.355094743681429,0.0,1.0
03/13/2015,6.388397305089894,0.0,1.0
03/16/2015,6.393947211868141,0.0,1.0
03/17/2015,6.371747054522756,0.0,1.0
03/18/2015,6.349544684280004,0.0,1.0
03/19/2015,6.299593060971091,0.0,1.0
03/20/2015,6.327343438738208,0.0,1.0
03/23/2015,6.405048847198486,0.0,1.0
03/24/2015,6.3883961465220676,0.0,1.0
03/25/2015,6.327343964758875,0.0,1.0
03/26/2015,6.227438582308142,0.0,1.0
03/27/2015,6.210786479209379,0.25,1.0
03/30/2015,6.312975949218661,0.0,1.0
03/31/2015,6.295943843144973,0.0,1.0
04/01/2015,6.284589311388011,0.0,1.0
04/02/2015,6.261880874633789,0.0,1.0
04/06/2015,6.273236165547276,0.0,1.0
04/07/2015,6.307299820373964,0.0,1.0
04/08/2015,6.2505271709251415,0.0,1.0
04/09/2015,6.386778177570229,0.0,1.0
04/10/2015,6.369747616256078,0.0,1.0
04/13/2015,6.364070693997771,0.0,1.0
04/14/2015,6.403810303701993,0.0,1.0
04/15/2015,6.47193488014374,0.0,1.0
04/16/2015,6.449226357601316,0.0,1.0
04/17/2015,6.415163844494621,0.0,1.0
04/20/2015,6.471936181965627,0.0,1.0
04/21/2015,6.494643105845332,0.0,1.0
04/22/2015,6.5343852043151855,0.0,1.0
04/23/2015,6.5343852043151855,0.0,1.0
04/24/2015,6.545738697052002,0.0,1.0
04/27/2015,6.5400615604051815,0.0,1.0
04/28/2015,6.511676676625522,0.0,1.0
04/29/2015,6.528706444086463,0.0,1.0
04/30/2015,6.551414979749168,0.0,1.0
05/01/2015,6.454903773856338,0.0,1.0
05/04/2015,6.449226357601316,0.0,1.0
05/05/2015,6.449226615772078,0.0,1.0
05/06/2015,6.426519007024289,0.0,1.0
05/07/2015,6.4208423355921385,0.0,1.0
05/08/2015,6.540061387354195,0.0,1.0
05/11/2015,6.585478435204106,0.0,1.0
05/12/2015,6.5287076056715,0.0,1.0
05/13/2015,6.591156757082471,0.0,1.0
05/14/2015,6.66495737493157,0.0,1.0
05/15/2015,6.6876665902890196,0.0,1.0
05/18/2015,6.738760861879823,0.0,1.0
05/19/2015,6.7614693858908295,0.0,1.0
05/20/2015,6.750115372904196,0.0,1.0
05/21/2015,6.761468835197484,0.0,1.0
05/22/2015,6.664958065164831,0.0,1.0
05/26/2015,6.613863923765466,0.0,1.0
05/27/2015,6.608186445960877,0.0,1.0
05/28/2015,6.6479268074035645,0.0,1.0
05/29/2015,6.642249257503313,0.0,1.0
06/01/2015,6.647927109286519,0.0,1.0
06/02/2015,6.6876659600582915,0.0,1.0
06/03/2015,6.6990226779210555,0.0,1.0
06/04/2015,6.619541125538608,0.0,1.0
06/05/2015,6.528706158809043,0.0,1.0
06/08/2015,6.528705638995835,0.0,1.0
06/09/2015,6.523028976984331,0.0,1.0
06/10/2015,6.534384881852134,0.0,1.0
06/11/2015,6.505998245469022,0.0,1.0
06/12/2015,6.557093230735819,0.0,1.0
06/15/2015,6.523030938882348,0.0,1.0
06/16/2015,6.466258525848389,0.0,1.0
06/17/2015,6.494643969939597,0.0,1.0
06/18/2015,6.5287076056715,0.0,1.0
06/19/2015,6.613863170440844,0.0,1.0
06/22/2015,6.70469780050069,0.0,1.0
06/23/2015,6.670635743762816,0.0,1.0
06/24/2015,6.664959109659938,0.0,1.0
06/25/2015,6.670635003561147,0.0,1.0
06/26/2015,6.619541451221193,0.25,1.0
06/29/2015,6.607938861355191,0.0,1.0
06/30/2015,6.636944519056997,0.0,1.0
07/01/2015,6.631144982053876,0.0,1.0
07/02/2015,6.642746771891119,0.0,1.0
07/06/2015,6.694960252428236,0.0,1.0
07/07/2015,6.712364851657495,0.0,1.0
07/08/2015,6.810990681654699,0.0,1.0
07/09/2015,6.892212887570993,0.0,1.0
07/10/2015,6.8690067861596535,0.0,1.0
07/13/2015,6.90381433587542,0.0,1.0
07/14/2015,6.89801446926844,0.0,1.0
07/15/2015,6.973433258408118,0.0,1.0
07/16/2015,6.950228270045626,0.0,1.0
07/17/2015,6.961830788737716,0.0,1.0
07/20/2015,6.996640012519,0.0,1.0
07/21/2015,6.938625794178322,0.0,1.0
07/22/2015,6.927021656041965,0.0,1.0
07/23/2015,6.9618316128829925,0.0,1.0
07/24/2015,6.903815307995403,0.0,1.0
07/27/2015,6.903815307995403,0.0,1.0
07/28/2015,6.944427164212336,0.0,1.0
07/29/2015,6.961829702653563,0.0,1.0
07/30/2015,7.037251294963735,0.0,1.0
07/31/2015,7.228701572698288,0.0,1.0
08/03/2015,7.246105502415161,0.0,1.0
08/04/2015,7.391143051180103,0.0,1.0
08/05/2015,7.379541553103671,0.0,1.0
08/06/2015,7.321526724369665,0.0,1.0
08/07/2015,7.246104457036881,0.0,1.0
08/10/2015,7.292517204765246,0.0,1.0
08/11/2015,7.246106124534906,0.0,1.0
08/12/2015,7.309923466536955,0.0,1.0
08/13/2015,7.414351297079809,0.0,1.0
08/14/2015,7.362137146826607,0.0,1.0
08/17/2015,7.443359791204247,0.0,1.0
08/18/2015,7.5593883940296305,0.0,1.0
08/19/2015,7.437557990063271,0.0,1.0
08/20/2015,7.4375565928788765,0.0,1.0
08/21/2015,7.309922639528376,0.0,1.0
08/24/2015,7.182288498492229,0.0,1.0
08/25/2015,7.350532082137266,0.0,1.0
08/26/2015,7.385343551635742,0.0,1.0
08/27/2015,7.414350836368685,0.0,1.0
08/28/2015,7.541984736486945,0.0,1.0
08/31/2015,7.449159356090224,0.0,1.0
09/01/2015,7.17068502045822,0.0,1.0
09/02/2015,7.188089994593165,0.0,1.0
09/03/2015,7.147481199488165,0.0,1.0
09/04/2015,7.0778600408734755,0.0,1.0
09/08/2015,7.083663158656579,0.0,1.0
09/09/2015,7.066257429697717,0.0,1.0
09/10/2015,6.909617120493068,0.0,1.0
09/11/2015,6.979235819320069,0.0,1.0
09/14/2015,7.019846534839555,0.0,1.0
09/15/2015,7.043053449870534,0.0,1.0
09/16/2015,7.10687110783599,0.0,1.0
09/17/2015,7.193892478942871,0.0,1.0
09/18/2015,7.118471460219327,0.0,1.0
09/21/2015,7.327325964362351,0.0,1.0
09/22/2015,7.251907060872501,0.0,1.0
09/23/2015,7.240304164324427,0.0,1.0
09/24/2015,7.240302421710105,0.0,1.0
09/25/2015,7.321525963046071,0.0,1.0
09/28/2015,7.153041602475193,0.25,1.0
09/29/2015,7.141197997211704,0.0,1.0
09/30/2015,6.95763581149732,0.0,1.0
10/01/2015,7.111592143707171,0.0,1.0
10/02/2015,7.093828800157717,0.0,1.0
10/05/2015,7.153042312913565,0.0,1.0
10/06/2015,7.289234325502812,0.0,1.0
10/07/2015,7.295156365428431,0.0,1.0
10/08/2015,7.324760437011719,0.0,1.0
10/09/2015,7.348448226194687,0.0,1.0
10/12/2015,7.3069993284879855,0.0,1.0
10/13/2015,7.3425245939501025,0.0,1.0
10/14/2015,7.354368822520083,0.0,1.0
10/15/2015,7.2655487247882355,0.0,1.0
10/16/2015,7.378053319380757,0.0,1.0
10/19/2015,7.455031404690089,0.0,1.0
10/20/2015,7.419502876296671,0.0,1.0
10/21/2015,7.4787186629198485,0.0,1.0
10/22/2015,7.395818660547399,0.0,1.0
10/23/2015,7.508326091097868,0.0,1.0
10/26/2015,7.437270374466106,0.0,1.0
10/27/2015,7.36029003086788,0.0,1.0
10/28/2015,7.24778249254659,0.0,1.0
10/29/2015,7.366212152630138,0.0,1.0
10/30/2015,7.3129202579742705,0.0,1.0
11/02/2015,7.295154948810864,0.0,1.0
11/03/2015,7.490560788580244,0.0,1.0
11/04/2015,7.431346743346808,0.0,1.0
11/05/2015,7.431347515252937,0.0,1.0
11/06/2015,7.4372690431352915,0.0,1.0
11/09/2015,7.443188179502021,0.0,1.0
11/10/2015,7.4431923620584,0.0,1.0
11/11/2015,7.484640957545815,0.0,1.0
11/12/2015,7.514244976225478,0.0,1.0
11/13/2015,7.378054931590431,0.0,1.0
11/16/2015,7.383975654624444,0.0,1.0
11/17/2015,7.413582679521292,0.0,1.0
11/18/2015,7.33660612622783,0.0,1.0
11/19/2015,7.425425602952249,0.0,1.0
11/20/2015,7.478719429014104,0.0,1.0
11/23/2015,7.532011869803843,0.0,1.0
11/24/2015,7.555696600483636,0.0,1.0
11/25/2015,7.650439190361897,0.0,1.0
11/27/2015,7.620830587333016,0.0,1.0
11/30/2015,7.6978106171740075,0.0,1.0
12/01/2015,7.626753751387888,0.0,1.0
12/02/2015,7.5912241193923276,0.0,1.0
12/03/2015,7.573459083136339,0.0,1.0
12/04/2015,7.532009526751318,0.0,1.0
12/07/2015,7.526089496635015,0.0,1.0
12/08/2015,7.38397750816199,0.0,1.0
12/09/2015,7.330684878794751,0.0,1.0
12/10/2015,7.3721315187859515,0.0,1.0
12/11/2015,7.25370603723214,0.0,1.0
12/14/2015,7.111590928429583,0.0,1.0
12/15/2015,6.981320811449775,0.0,1.0
12/16/2015,6.9517158729065915,0.0,1.0
12/17/2015,7.064221397813007,0.0,1.0
12/18/2015,7.010929201075436,0.0,1.0
12/21/2015,7.052377566218758,0.0,1.0
12/22/2015,6.993164533697545,0.0,1.0
12/23/2015,6.922107155546073,0.0,1.0
12/24/2015,7.022772389409877,0.0,1.0
12/28/2015,7.028693034785611,0.0,1.0
12/29/2015,7.113246652329762,0.25,1.0
12/30/2015,7.143490796143994,0.0,1.0
12/31/2015,6.992274322815221,0.0,1.0
01/04/2016,6.865251318235849,0.0,1.0
01/05/2016,6.822910478952589,0.0,1.0
01/06/2016,6.925737787114616,0.0,1.0
01/07/2016,7.034613924037226,0.0,1.0
01/08/2016,7.022517055692097,0.0,1.0
01/11/2016,6.828959149217667,0.0,1.0
01/12/2016,6.883397513577799,0.0,1.0
01/13/2016,6.810814516044193,0.0,1.0
01/14/2016,6.580962940387446,0.0,1.0
01/15/2016,6.562817235068343,0.0,1.0
01/19/2016,6.568865803685673,0.0,1.0
01/20/2016,6.387405719810429,0.0,1.0
01/21/2016,6.290624821315209,0.0,1.0
01/22/2016,6.399503293628663,0.0,1.0
01/25/2016,6.429747125946622,0.0,1.0
01/26/2016,6.28457823563962,0.0,1.0
01/27/2016,6.411598841486057,0.0,1.0
01/28/2016,6.36320946415647,0.0,1.0
01/29/2016,6.339016243329336,0.0,1.0
02/01/2016,6.411600930325797,0.0,1.0
02/02/2016,6.405551710799081,0.0,1.0
02/03/2016,6.4176484685763935,0.0,1.0
02/04/2016,6.381356432222811,0.0,1.0
02/05/2016,6.1152149899135075,0.0,1.0
02/08/2016,5.903511797440035,0.0,1.0
02/09/2016,5.673661805970374,0.0,1.0
02/10/2016,5.661564169303934,0.0,1.0
02/11/2016,5.534542546415593,0.0,1.0
02/12/2016,5.498249361680095,0.0,1.0
02/16/2016,5.697856251930038,0.0,1.0
02/17/2016,6.036581669789582,0.0,1.0
02/18/2016,5.988192746593736,0.0,1.0
02/19/2016,5.812780355953635,0.0,1.0
02/22/2016,5.824878239054566,0.0,1.0
02/23/2016,5.855121703978177,0.0,1.0
02/24/2016,5.722051059574409,0.0,1.0
02/25/2016,5.95190073293078,0.0,1.0
02/26/2016,6.066823516790117,0.0,1.0
02/29/2016,5.836974871808101,0.0,1.0
03/01/2016,6.199896579322388,0.0,1.0
03/02/2016,6.193847789633493,0.0,1.0
03/03/2016,6.133361596494805,0.0,1.0
03/04/2016,6.084971866137917,0.0,1.0
03/07/2016,6.078924387082469,0.0,1.0
03/08/2016,6.139409580782604,0.0,1.0
03/09/2016,6.1515069923681,0.0,1.0
03/10/2016,6.2664313457631815,0.0,1.0
03/11/2016,6.242237667445498,0.0,1.0
03/14/2016,6.308773517608643,0.0,1.0
03/15/2016,6.3087729965259305,0.0,1.0
03/16/2016,6.236188036926177,0.0,1.0
03/17/2016,6.314819786220113,0.0,1.0
03/18/2016,6.459990440135132,0.0,1.0
03/21/2016,6.411600033598916,0.0,1.0
03/22/2016,6.50233117659504,0.0,1.0
03/23/2016,6.720083597672828,0.0,1.0
03/24/2016,6.520476017309225,0.0,1.0
03/28/2016,6.496281304014823,0.0,1.0
03/29/2016,6.635990226713272,0.26,1.01
03/30/2016,6.840461798441622,0.0,1.01
03/31/2016,6.728930435293522,0.0,1.01
04/01/2016,6.747519597275855,0.0,1.01
04/04/2016,6.840462841356184,0.0,1.01
04/05/2016,6.772304320676698,0.0,1.01
04/06/2016,6.9334011231735975,0.0,1.01
04/07/2016,7.0449308673869675,0.0,1.01
04/08/2016,7.1254800084987755,0.0,1.01
04/11/2016,7.181244729196763,0.0,1.01
04/12/2016,7.162656617773922,0.0,1.01
04/13/2016,7.206029605020431,0.0,1.01
04/14/2016,7.187441273452997,0.0,1.01
04/15/2016,7.206029562295586,0.0,1.01
04/18/2016,7.131676576382857,0.0,1.01
04/19/2016,7.168853530025378,0.0,1.01
04/20/2016,7.131676792364216,0.0,1.01
04/21/2016,7.206029562295586,0.0,1.01
04/22/2016,7.156460308454321,0.0,1.01
04/25/2016,7.175048592566112,0.0,1.01
04/26/2016,7.249401688589833,0.0,1.01
04/27/2016,7.255597758032924,0.0,1.01
04/28/2016,7.373322341644753,0.0,1.01
04/29/2016,7.329950428420489,0.0,1.01
05/02/2016,7.435284920104033,0.0,1.01
05/03/2016,7.42908706072881,0.0,1.01
05/04/2016,7.274187049822122,0.0,1.01
05/05/2016,7.113088189006063,0.0,1.01
05/06/2016,6.9581856849182575,0.0,1.01
05/09/2016,7.175048449531534,0.0,1.01
05/10/2016,7.212224696538699,0.0,1.01
05/11/2016,7.224617607052606,0.0,1.01
05/12/2016,7.16885320955189,0.0,1.01
05/13/2016,6.982971571678839,0.0,1.01
05/16/2016,6.970579263879906,0.0,1.01
05/17/2016,6.970578430007402,0.0,1.01
05/18/2016,6.908618613581127,0.0,1.01
05/19/2016,7.336147557447566,0.0,1.01
05/20/2016,7.0573227684331945,0.0,1.01
05/23/2016,7.305167654119698,0.0,1.01
05/24/2016,7.4043038687256475,0.0,1.01
05/25/2016,7.329951782121984,0.0,1.01
05/26/2016,7.34234196464401,0.0,1.01
05/27/2016,7.3547353020621875,0.0,1.01
05/31/2016,7.435284518155635,0.0,1.01
06/01/2016,7.360932535793883,0.0,1.01
06/02/2016,7.528224569182764,0.0,1.01
06/03/2016,7.460068543387106,0.0,1.01
06/06/2016,7.422892136383183,0.0,1.01
06/07/2016,7.522030526168796,0.0,1.01
06/08/2016,7.484851816226927,0.0,1.01
06/09/2016,7.559205451892195,0.0,1.01
06/10/2016,7.614971892258078,0.0,1.01
06/13/2016,7.55301025432056,0.0,1.01
06/14/2016,7.534422632426578,0.0,1.01
06/15/2016,7.460068819185405,0.0,1.01
06/16/2016,7.466263773409551,0.0,1.01
06/17/2016,7.577795533538477,0.0,1.01
06/20/2016,7.701714227850589,0.0,1.01
06/21/2016,7.745087219297526,0.0,1.01
06/22/2016,7.652147250246485,0.0,1.01
06/23/2016,7.614969730377197,0.0,1.01
06/24/2016,7.534421015062885,0.0,1.01
06/27/2016,7.621165746831995,0.0,1.01
06/28/2016,7.404303918307532,0.26,1.02
06/29/2016,7.676660470504024,0.0,1.02
06/30/2016,7.644990135718379,0.0,1.02
07/01/2016,7.7273313705630144,0.0,1.02
07/05/2016,7.77166756453362,0.0,1.02
07/06/2016,7.7526661041689735,0.0,1.02
07/07/2016,7.740000655717285,0.0,1.02
07/08/2016,7.758998836625257,0.0,1.02
07/11/2016,7.854007871960949,0.0,1.02
07/12/2016,7.949016437762531,0.0,1.02
07/13/2016,8.037690295616702,0.0,1.02
07/14/2016,7.778001351831858,0.0,1.02
07/15/2016,7.923679715529702,0.0,1.02
07/18/2016,7.949017451500455,0.0,1.02
07/19/2016,7.999687409785994,0.0,1.02
07/20/2016,7.993355101507415,0.0,1.02
07/21/2016,8.101029639026917,0.0,1.02
07/22/2016,8.01235731880601,0.0,1.02
07/25/2016,8.069361585362527,0.0,1.02
07/26/2016,8.14536828435587,0.0,1.02
07/27/2016,8.202369689941406,0.0,1.02
07/28/2016,8.23404224356207,0.0,1.02
07/29/2016,8.145366412877996,0.0,1.02
08/01/2016,8.03135713347058,0.0,1.02
08/02/2016,8.075694897714282,0.0,1.02
08/03/2016,7.987018674053888,0.0,1.02
08/04/2016,8.044025348185743,0.0,1.02
08/05/2016,8.107364439528132,0.0,1.02
08/08/2016,8.22770623822068,0.0,1.02
08/09/2016,8.23404224356207,0.0,1.02
08/10/2016,8.208706329529837,0.0,1.02
08/11/2016,8.101030386957047,0.0,1.02
08/12/2016,7.949016376551768,0.0,1.02
08/15/2016,7.942684157331765,0.0,1.02
08/16/2016,7.923681063856121,0.0,1.02
08/17/2016,7.898346424102783,0.0,1.02
08/18/2016,7.892013174194543,0.0,1.02
08/19/2016,7.911014080047608,0.0,1.02
08/22/2016,7.936350133428172,0.0,1.02
08/23/2016,7.923680266524771,0.0,1.02
08/24/2016,7.999689164372583,0.0,1.02
08/25/2016,7.955350485506642,0.0,1.02
08/26/2016,7.949017616724532,0.0,1.02
08/29/2016,7.942682548424377,0.0,1.02
08/30/2016,8.025023618080917,0.0,1.02
08/31/2016,8.044024711140855,0.0,1.02
09/01/2016,7.923682230183677,0.0,1.02
09/02/2016,7.94268241524819,0.0,1.02
09/06/2016,8.031358361522486,0.0,1.02
09/07/2016,8.101029570857945,0.0,1.02
09/08/2016,8.075695599715496,0.0,1.02
09/09/2016,8.050359414965504,0.0,1.02
09/12/2016,7.79700467810828,0.0,1.02
09/13/2016,7.860342943468629,0.0,1.02
09/14/2016,7.854008384984265,0.0,1.02
09/15/2016,7.739999466304668,0.0,1.02
09/16/2016,7.93634850501839,0.0,1.02
09/19/2016,7.885678590278232,0.0,1.02
09/20/2016,7.974352057481457,0.0,1.02
09/21/2016,7.949016717604966,0.0,1.02
09/22/2016,8.03135869534512,0.0,1.02
09/23/2016,8.177035745039166,0.0,1.02
09/26/2016,8.06935741783652,0.0,1.02
09/27/2016,8.018690602412509,0.0,1.02
09/28/2016,8.037691961319963,0.26,1.03
09/29/2016,8.115286827087402,0.0,1.03
09/30/2016,8.14115273514687,0.0,1.03
10/03/2016,8.141152737676457,0.0,1.03
10/04/2016,8.082954280960566,0.0,1.03
10/05/2016,8.0570899279265,0.0,1.03
10/06/2016,8.11528659473183,0.0,1.03
10/07/2016,8.07002377105658,0.0,1.03
10/10/2016,8.044157037130702,0.0,1.03
10/11/2016,8.205816984085596,0.0,1.03
10/12/2016,8.160553082503299,0.0,1.03
10/13/2016,8.251082420349121,0.0,1.03
10/14/2016,8.276946423668786,0.0,1.03
10/17/2016,8.2381485688729,0.0,1.03
10/18/2016,8.276947021484375,0.0,1.03
10/19/2016,8.276945856686249,0.0,1.03
10/20/2016,8.361011034866513,0.0,1.03
10/21/2016,8.32221115957138,0.0,1.03
10/24/2016,8.55499970471363,0.0,1.03
10/25/2016,8.535600326399635,0.0,1.03
10/26/2016,8.645529027255353,0.0,1.03
10/27/2016,8.593798870780622,0.0,1.03
10/28/2016,8.477403502713774,0.0,1.03
10/31/2016,8.47093619297625,0.0,1.03
11/01/2016,8.496803899885077,0.0,1.03
11/02/2016,8.309276211728452,0.0,1.03
11/03/2016,8.076488372303745,0.0,1.03
11/04/2016,8.076487704235994,0.0,1.03
11/07/2016,8.380408649324488,0.0,1.03
11/08/2016,8.406275147570286,0.0,1.03
11/09/2016,8.231681581618808,0.0,1.03
11/10/2016,8.522669200227234,0.0,1.03
11/11/2016,8.470938327324555,0.0,1.03
11/14/2016,8.645528670085806,0.0,1.03
11/15/2016,8.587331047848323,0.0,1.03
11/16/2016,8.593797437556065,0.0,1.03
11/17/2016,8.632596742105756,0.0,1.03
11/18/2016,8.619662540556952,0.0,1.03
11/21/2016,8.781322479248047,0.0,1.03
11/22/2016,8.852453111451723,0.0,1.03
11/23/2016,8.820121170599686,0.0,1.03
11/25/2016,8.761924142924137,0.0,1.03
11/28/2016,8.7295916153066,0.0,1.03
11/29/2016,8.807188978651505,0.0,1.03
11/30/2016,8.839521301293871,0.0,1.03
12/01/2016,8.807186828345122,0.0,1.03
12/02/2016,8.77485644120447,0.0,1.03
12/05/2016,8.813654106176276,0.0,1.03
12/06/2016,9.046444044093052,0.0,1.03
12/07/2016,9.052909373251383,0.0,1.03
12/08/2016,9.033510125593397,0.0,1.03
12/09/2016,9.162837034520743,0.0,1.03
12/12/2016,9.22750224183165,0.0,1.03
12/13/2016,9.208103413398021,0.0,1.03
12/14/2016,9.136972177147522,0.0,1.03
12/15/2016,8.897717830518117,0.0,1.03
12/16/2016,8.490336540001838,0.0,1.03
12/19/2016,8.567933077067599,0.0,1.03
12/20/2016,8.619664077145444,0.0,1.03
12/21/2016,8.807186983026476,0.0,1.03
12/22/2016,8.930047418997468,0.0,1.03
12/23/2016,8.994710677864365,0.0,1.03
12/27/2016,9.091709746314214,0.0,1.03
12/28/2016,8.962628524775635,0.26,1.04
12/29/2016,9.002169339190969,0.0,1.04
12/30/2016,9.094432348415799,0.0,1.04
01/03/2017,9.114203151438701,0.0,1.04
01/04/2017,9.246006644309137,0.0,1.04
01/05/2017,9.325087914407094,0.0,1.04
01/06/2017,9.285546907959153,0.0,1.04
01/09/2017,9.265777383304595,0.0,1.04
01/10/2017,9.166924816162158,0.0,1.04
01/11/2017,9.219647118098667,0.0,1.04
01/12/2017,9.180105115575993,0.0,1.04
01/13/2017,9.180102348327637,0.0,1.04
01/17/2017,9.140563827206078,0.0,1.04
01/18/2017,9.219645775458451,0.0,1.04
01/19/2017,9.127383114715851,0.0,1.04
01/20/2017,8.99557847032436,0.0,1.04
01/23/2017,9.002170794938666,0.0,1.04
01/24/2017,8.962629108566642,0.0,1.04
01/25/2017,9.087841042443596,0.0,1.04
01/26/2017,8.962630330130077,0.0,1.04
01/27/2017,9.002170993230315,0.0,1.04
01/30/2017,8.99557830690993,0.0,1.04
01/31/2017,8.903316831422,0.0,1.04
02/01/2017,8.909907653426604,0.0,1.04
02/02/2017,8.863775953565991,0.0,1.04
02/03/2017,8.863777160644531,0.0,1.04
02/06/2017,8.890137199359314,0.0,1.04
02/07/2017,8.962631325442743,0.0,1.04
02/08/2017,8.83082526074359,0.0,1.04
02/09/2017,8.731971640571812,0.0,1.04
02/10/2017,8.797874649771718,0.0,1.04
02/13/2017,8.863774262699916,0.0,1.04
02/14/2017,8.758334253389425,0.0,1.04
02/15/2017,8.75833397923202,0.0,1.04
02/16/2017,8.778102315210804,0.0,1.04
02/17/2017,8.942858109001401,0.0,1.04
02/21/2017,8.896728756782034,0.0,1.04
02/22/2017,8.9494484280846,0.0,1.04
02/23/2017,8.916498857491018,0.0,1.04
02/24/2017,8.962630469810255,0.0,1.04
02/27/2017,8.962629654531188,0.0,1.04
02/28/2017,8.942857677855997,0.0,1.04
03/01/2017,8.956038315386941,0.0,1.04
03/02/2017,8.896728515625,0.0,1.04
03/03/2017,8.890138243347113,0.0,1.04
03/06/2017,8.817644978061258,0.0,1.04
03/07/2017,8.844003981713188,0.0,1.04
03/08/2017,9.114203272941657,0.0,1.04
03/09/2017,8.619939426254652,0.0,1.04
03/10/2017,8.48154587740934,0.0,1.04
03/13/2017,8.514498748195669,0.0,1.04
03/14/2017,8.422234400535588,0.0,1.04
03/15/2017,8.428826067860943,0.0,1.04
03/16/2017,8.613348563087673,0.0,1.04
03/17/2017,8.66607076228958,0.0,1.04
03/20/2017,8.764923404192121,0.0,1.04
03/21/2017,8.685842558313979,0.0,1.04
03/22/2017,8.646300546304346,0.0,1.04
03/23/2017,8.619939006207744,0.0,1.04
03/24/2017,8.75833308547658,0.0,1.04
03/27/2017,8.692431409435057,0.0,1.04
03/28/2017,8.718792691391124,0.0,1.04
03/29/2017,8.837688498517004,0.27,1.05
03/30/2017,8.87804102755186,0.0,1.05
03/31/2017,8.99238141670151,0.0,1.05
04/03/2017,8.999106334890806,0.0,1.05
04/04/2017,8.864588522007415,0.0,1.05
04/05/2017,8.999106689802511,0.0,1.05
04/06/2017,8.952027051905937,0.0,1.05
04/07/2017,9.019283734729093,0.0,1.05
04/10/2017,9.147073101415502,0.0,1.05
04/11/2017,9.12017098296925,0.0,1.05
04/12/2017,9.214330951751558,0.0,1.05
04/13/2017,9.160524116073704,0.0,1.05
04/17/2017,9.274862965537903,0.0,1.05
04/18/2017,9.321943583534637,0.0,1.05
04/19/2017,9.308491683583732,0.0,1.05
04/20/2017,9.288315792522361,0.0,1.05
04/21/2017,9.321943562055134,0.0,1.05
04/24/2017,9.342121412921667,0.0,1.05
04/25/2017,9.315220207765451,0.0,1.05
04/26/2017,9.348846479641367,0.0,1.05
04/27/2017,9.409378683438467,0.0,1.05
04/28/2017,9.422830806206065,0.0,1.05
05/01/2017,9.348845594467743,0.0,1.05
05/02/2017,9.274864674109844,0.0,1.05
05/03/2017,9.026008417730791,0.0,1.05
05/04/2017,8.817508997054002,0.0,1.05
05/05/2017,8.810784360458326,0.0,1.05
05/08/2017,8.837685622059439,0.0,1.05
05/09/2017,8.857863653917182,0.0,1.05
05/10/2017,8.777154301306302,0.0,1.05
05/11/2017,8.830962492963016,0.0,1.05
05/12/2017,8.851139295510729,0.0,1.05
05/15/2017,8.763702059535502,0.0,1.05
05/16/2017,8.723347972696113,0.0,1.05
05/17/2017,8.676268577575684,0.0,1.05
05/18/2017,8.662817350386117,0.0,1.05
05/19/2017,8.703171739956048,0.0,1.05
05/22/2017,8.763703398545893,0.0,1.05
05/23/2017,8.851137805911337,0.0,1.05
05/24/2017,8.884767187809022,0.0,1.05
05/25/2017,8.844412472172612,0.0,1.05
05/26/2017,8.817509972567695,0.0,1.05
05/30/2017,8.824234984909584,0.0,1.05
05/31/2017,8.871315976516659,0.0,1.05
06/01/2017,8.871315084856352,0.0,1.05
06/02/2017,8.999105841074021,0.0,1.05
06/05/2017,9.052913578318016,0.0,1.05
06/06/2017,8.891493410623179,0.0,1.05
06/07/2017,8.810784060991836,0.0,1.05
06/08/2017,8.851139444897541,0.0,1.05
06/09/2017,8.938573228969044,0.0,1.05
06/12/2017,9.012558625003166,0.0,1.05
06/13/2017,8.992380803926249,0.0,1.05
06/14/2017,9.005830493321543,0.0,1.05
06/15/2017,9.03945897175768,0.0,1.05
06/16/2017,9.039460698851927,0.0,1.05
06/19/2017,9.247958828835342,0.0,1.05
06/20/2017,9.274863491318063,0.0,1.05
06/21/2017,9.18742773300843,0.0,1.05
06/22/2017,9.066361471104031,0.0,1.05
06/23/2017,9.140348386197521,0.0,1.05
06/26/2017,9.073088729971234,0.0,1.05
06/27/2017,9.12017180715914,0.0,1.05
06/28/2017,9.122105598449707,0.27,1.06
06/29/2017,9.122105160252795,0.0,1.06
06/30/2017,9.026009033755958,0.0,1.06
07/03/2017,9.012281186456597,0.0,1.06
07/05/2017,9.128968107314465,0.0,1.06
07/06/2017,9.019145588756016,0.0,1.06
07/07/2017,8.964234352111816,0.0,1.06
07/10/2017,8.957370676876334,0.0,1.06
07/11/2017,8.8200919779081,0.0,1.06
07/12/2017,8.991690956205275,0.0,1.06
07/13/2017,8.923051704661464,0.0,1.06
07/14/2017,8.861274393516679,0.0,1.06
07/17/2017,8.881867465462452,0.0,1.06
07/18/2017,8.902458740014868,0.0,1.06
07/19/2017,8.820092224875262,0.0,1.06
07/20/2017,8.85441258355837,0.0,1.06
07/21/2017,8.916187473425392,0.0,1.06
07/24/2017,8.888730774969904,0.0,1.06
07/25/2017,8.977961852971202,0.0,1.06
07/26/2017,8.909322903326112,0.0,1.06
07/27/2017,8.861276044561908,0.0,1.06
07/28/2017,8.799501603765847,0.0,1.06
07/31/2017,8.875002900991333,0.0,1.06
08/01/2017,8.799500099181278,0.0,1.06
08/02/2017,8.861275408737225,0.0,1.06
08/03/2017,8.854411842808261,0.0,1.06
08/04/2017,8.97796085222229,0.0,1.06
08/07/2017,9.094647864492499,0.0,1.06
08/08/2017,9.19074363440512,0.0,1.06
08/09/2017,9.060330512058446,0.0,1.06
08/10/2017,9.122104516318908,0.0,1.06
08/11/2017,9.053463345889462,0.0,1.06
08/14/2017,9.012283257534326,0.0,1.06
08/15/2017,9.108375813206633,0.0,1.06
08/16/2017,9.09464799115265,0.0,1.06
08/17/2017,9.101512967824116,0.0,1.06
08/18/2017,8.957369703634429,0.0,1.06
08/21/2017,9.026009803095457,0.0,1.06
08/22/2017,9.026008663309614,0.0,1.06
08/23/2017,9.005416768686732,0.0,1.06
08/24/2017,9.087785775094591,0.0,1.06
08/25/2017,9.135832038817265,0.0,1.06
08/28/2017,9.156424073319771,0.0,1.06
08/29/2017,9.170150789308279,0.0,1.06
08/30/2017,9.060329363918378,0.0,1.06
08/31/2017,9.032872464344818,0.0,1.06
09/01/2017,9.053465709207952,0.0,1.06
09/05/2017,9.08778539934983,0.0,1.06
09/06/2017,8.916187473425392,0.0,1.06
09/07/2017,8.902461051940918,0.0,1.06
09/08/2017,8.90932139686247,0.0,1.06
09/11/2017,8.957371075855116,0.0,1.06
09/12/2017,9.012282371520996,0.0,1.06
09/13/2017,9.005418387870332,0.0,1.06
09/14/2017,8.92991479522081,0.0,1.06
09/15/2017,8.971098826820917,0.0,1.06
09/18/2017,8.929914190897868,0.0,1.06
09/19/2017,9.032873210271998,0.0,1.06
09/20/2017,9.039736117595144,0.0,1.06
09/21/2017,9.053465709207952,0.0,1.06
09/22/2017,9.094647533457593,0.0,1.06
09/25/2017,9.046603078744422,0.0,1.06
09/26/2017,9.156423326276485,0.0,1.06
09/27/2017,9.204469922649906,0.0,1.06
09/28/2017,9.18373489354541,0.27,1.07
09/29/2017,9.30982954286948,0.0,1.07
10/02/2017,9.330845754258451,0.0,1.07
10/03/2017,9.414906661347805,0.0,1.07
10/04/2017,9.45693755826299,0.0,1.07
10/05/2017,9.51297976876218,0.0,1.07
10/06/2017,9.569020570707597,0.0,1.07
10/09/2017,9.484958087268692,0.0,1.07
10/10/2017,9.505973720489031,0.0,1.07
10/11/2017,9.456936443155284,0.0,1.07
10/12/2017,9.484959431219176,0.0,1.07
10/13/2017,9.562014473195708,0.0,1.07
10/16/2017,9.604045502558455,0.0,1.07
10/17/2017,9.519982792999576,0.0,1.07
10/18/2017,9.449931144714355,0.0,1.07
10/19/2017,9.435922390795513,0.0,1.07
10/20/2017,9.477954130959622,0.0,1.07
10/23/2017,9.498970976817118,0.0,1.07
10/24/2017,9.274804742100219,0.0,1.07
10/25/2017,9.239778487900416,0.0,1.07
10/26/2017,9.190744766088613,0.0,1.07
10/27/2017,9.043634900037938,0.0,1.07
10/30/2017,9.099676458432112,0.0,1.07
10/31/2017,9.134700612107082,0.0,1.07
11/01/2017,9.470947817854432,0.0,1.07
11/02/2017,9.211758021532365,0.0,1.07
11/03/2017,9.120691201271855,0.0,1.07
11/06/2017,9.036628946274877,0.0,1.07
11/07/2017,9.036628884082285,0.0,1.07
11/08/2017,9.050640106201172,0.0,1.07
11/09/2017,9.001604112833734,0.0,1.07
11/10/2017,9.092670271124707,0.0,1.07
11/13/2017,9.09967557059043,0.0,1.07
11/14/2017,9.057645267748283,0.0,1.07
11/15/2017,9.099675339012247,0.0,1.07
11/16/2017,9.169728043355791,0.0,1.07
11/17/2017,9.162721341760284,0.0,1.07
11/20/2017,9.211757913095736,0.0,1.07
11/21/2017,9.316835276797422,0.0,1.07
11/22/2017,9.372876495489066,0.0,1.07
11/24/2017,9.4429279874998,0.0,1.07
11/27/2017,9.421912755473747,0.0,1.07
11/28/2017,9.407902294517953,0.0,1.07
11/29/2017,9.309831144438686,0.0,1.07
11/30/2017,9.400896899273183,0.0,1.07
12/01/2017,9.421912256976185,0.0,1.07
12/04/2017,9.428917163304295,0.0,1.07
12/05/2017,9.407901039064516,0.0,1.07
12/06/2017,9.379881636535982,0.0,1.07
12/07/2017,9.323839519463773,0.0,1.07
12/08/2017,9.351860545590746,0.0,1.07
12/11/2017,9.351860777031078,0.0,1.07
12/12/2017,9.372873924069681,0.0,1.07
12/13/2017,9.337851054209018,0.0,1.07
12/14/2017,9.393891567554478,0.0,1.07
12/15/2017,9.365871069513856,0.0,1.07
12/18/2017,9.47795367589243,0.0,1.07
12/19/2017,9.512980333540945,0.0,1.07
12/20/2017,9.288816127526232,0.0,1.07
12/21/2017,9.260793890401093,0.0,1.07
12/22/2017,9.330844150147966,0.0,1.07
12/26/2017,9.37287666517066,0.0,1.07
12/27/2017,9.386883851481501,0.0,1.07
12/28/2017,9.402055940399,0.27,1.08
12/29/2017,9.330554819985563,0.0,1.08
01/02/2018,9.223307154797029,0.0,1.08
01/03/2018,9.151810723130028,0.0,1.08
01/04/2018,8.980214438275452,0.0,1.08
01/05/2018,9.008812268771091,0.0,1.08
01/08/2018,9.037413199893644,0.0,1.08
01/09/2018,8.973064937833046,0.0,1.08
01/10/2018,9.08031113781949,0.0,1.08
01/11/2018,9.116062936012806,0.0,1.08
01/12/2018,9.259057594215527,0.0,1.08
01/16/2018,9.2304582153724,0.0,1.08
01/17/2018,9.25905704498291,0.0,1.08
01/18/2018,9.273358345031738,0.0,1.08
01/19/2018,9.259057804737866,0.0,1.08
01/22/2018,9.359154792030338,0.0,1.08
01/23/2018,9.402054553077685,0.0,1.08
01/24/2018,9.473553976886794,0.0,1.08
01/25/2018,9.480703632847016,0.0,1.08
01/26/2018,9.45925346119159,0.0,1.08
01/29/2018,9.330554819985563,0.0,1.08
01/30/2018,9.20900716842007,0.0,1.08
01/31/2018,9.187560242450436,0.0,1.08
02/01/2018,9.051713553405888,0.0,1.08
02/02/2018,8.9802145999692,0.0,1.08
02/05/2018,8.79431771446725,0.0,1.08
02/06/2018,8.594122417076528,0.0,1.08
02/07/2018,8.687069024578241,0.0,1.08
02/08/2018,8.744268894260962,0.0,1.08
02/09/2018,8.701369924153894,0.0,1.08
02/12/2018,8.687069530006836,0.0,1.08
02/13/2018,8.67992094827035,0.0,1.08
02/14/2018,8.70851915353425,0.0,1.08
02/15/2018,8.830067833041735,0.0,1.08
02/16/2018,8.937314834513753,0.0,1.08
02/20/2018,9.03741300613099,0.0,1.08
02/21/2018,9.051710991670843,0.0,1.08
02/22/2018,9.073161636002833,0.0,1.08
02/23/2018,9.008814336362871,0.0,1.08
02/26/2018,9.137510813968058,0.0,1.08
02/27/2018,9.066011573786964,0.0,1.08
02/28/2018,8.951615179719346,0.0,1.08
03/01/2018,9.08746136951564,0.0,1.08
03/02/2018,8.737119479790227,0.0,1.08
03/05/2018,8.751417477087143,0.0,1.08
03/06/2018,8.76571917379194,0.0,1.08
03/07/2018,8.780017257842896,0.0,1.08
03/08/2018,8.830066363999972,0.0,1.08
03/09/2018,8.815766061103256,0.0,1.08
03/12/2018,8.894416124694818,0.0,1.08
03/13/2018,9.11606104683117,0.0,1.08
03/14/2018,8.994513002879025,0.0,1.08
03/15/2018,9.116060446176004,0.0,1.08
03/16/2018,9.01596295958679,0.0,1.08
03/19/2018,9.044561429420828,0.0,1.08
03/20/2018,9.087460657648663,0.0,1.08
03/21/2018,9.001662483086895,0.0,1.08
03/22/2018,8.908713930663469,0.0,1.08
03/23/2018,8.901564465742574,0.0,1.08
03/26/2018,8.887264569650755,0.0,1.08
03/27/2018,8.88726561011049,0.0,1.08
03/28/2018,8.729968516640547,0.0,1.08
03/29/2018,8.858666059004253,0.0,1.08
04/02/2018,8.83006783612066,0.0,1.08
04/03/2018,8.73711983361167,0.0,1.08
04/04/2018,8.751419183859065,0.0,0.81
04/05/2018,8.837215151470568,0.0,0.81
04/06/2018,8.87296704437129,0.0,0.81
04/09/2018,8.83721618607086,0.0,0.81
04/10/2018,8.98021307654601,0.0,0.81
04/11/2018,8.901564279849769,0.0,0.81
04/12/2018,8.937314310443233,0.0,0.81
04/13/2018,8.915865095543726,0.0,0.81
04/16/2018,8.808617948574767,0.0,0.81
04/17/2018,8.844367027282715,0.0,0.81
04/18/2018,8.851515180054305,0.0,0.81
04/19/2018,8.872966729345695,0.0,0.81
04/20/2018,8.8157678421165,0.0,0.81
04/23/2018,8.765719061600143,0.0,0.81
04/24/2018,8.708520292844991,0.0,0.81
04/25/2018,8.701370239257812,0.0,0.81
04/26/2018,8.708519703876386,0.0,0.81
04/27/2018,8.758567174435917,0.0,0.81
04/30/2018,8.772868479124813,0.0,0.81
05/01/2018,8.78716861892598,0.0,0.81
05/02/2018,8.894415084748504,0.0,0.81
05/03/2018,9.259057884505776,0.0,0.81
05/04/2018,9.437804422929666,0.0,0.81
05/07/2018,9.580801006811605,0.0,0.81
05/08/2018,9.573650360486198,0.0,0.81
05/09/2018,9.609400025454587,0.0,0.81
05/10/2018,9.580801006811605,0.0,0.81
05/11/2018,9.587951384214737,0.0,0.81
05/14/2018,9.616550401690011,0.0,0.81
05/15/2018,9.545052105614927,0.0,0.81
05/16/2018,9.659450254890656,0.0,0.81
05/17/2018,9.695199454702907,0.0,0.81
05/18/2018,9.795295217386842,0.0,0.81
05/21/2018,9.902545414980338,0.0,0.81
05/22/2018,9.974042486894959,0.0,0.81
05/23/2018,9.580801718399886,0.0,0.81
05/24/2018,9.888245785429554,0.0,0.81
05/25/2018,9.738095967399437,0.0,0.81
05/29/2018,9.745247693537198,0.0,0.81
05/30/2018,9.859645608111514,0.0,0.81
05/31/2018,9.873944646014397,0.0,0.81
06/01/2018,9.873944646014397,0.0,0.81
06/04/2018,9.909693081591886,0.0,0.81
06/05/2018,9.931143760681152,0.0,0.81
06/06/2018,9.873945004487435,0.0,0.81
06/07/2018,9.959744458517719,0.0,0.81
06/08/2018,9.938293093808147,0.0,0.81
06/11/2018,9.931144164497914,0.0,0.81
06/12/2018,9.995492084572906,0.0,0.81
06/13/2018,9.845344496801612,0.0,0.81
06/14/2018,9.788147132528623,0.0,0.81
06/15/2018,9.888244224758438,0.0,0.81
06/18/2018,9.845346298684836,0.0,0.81
06/19/2018,9.938293772449368,0.0,0.81
06/20/2018,9.966892600518394,0.0,0.81
06/21/2018,10.01694175048374,0.0,0.81
06/22/2018,10.045539902491228,0.0,0.81
06/25/2018,10.05984147119218,0.0,0.81
06/26/2018,10.066989488026769,0.0,0.81
06/27/2018,9.981193464701477,0.0,0.81
06/28/2018,9.902396676698041,0.28,0.8200000000000001
06/29/2018,10.084829511225665,0.0,0.8200000000000001
07/02/2018,10.033747985972406,0.0,0.8200000000000001
07/03/2018,10.092125160198167,0.0,0.8200000000000001
07/05/2018,10.245368214214043,0.0,0.8200000000000001
07/06/2018,10.311045820241151,0.0,0.8200000000000001
07/09/2018,10.37671934255195,0.0,0.8200000000000001
07/10/2018,10.332936208391436,0.0,0.8200000000000001
07/11/2018,10.216180949031578,0.0,0.8200000000000001
07/12/2018,10.311044692993164,0.0,0.8200000000000001
07/13/2018,10.354827880129132,0.0,0.8200000000000001
07/16/2018,10.281854707536796,0.0,0.8200000000000001
07/17/2018,10.289152600785808,0.0,0.8200000000000001
07/18/2018,10.135909747389348,0.0,0.8200000000000001
07/19/2018,10.084829731536034,0.0,0.8200000000000001
07/20/2018,10.25266634350068,0.0,0.8200000000000001
07/23/2018,9.960774946060845,0.0,0.8200000000000001
07/24/2018,10.230774568899678,0.0,0.8200000000000001
07/25/2018,10.194287166420153,0.0,0.8200000000000001
07/26/2018,10.208882538709508,0.0,0.8200000000000001
07/27/2018,10.28915291731017,0.0,0.8200000000000001
07/30/2018,10.296449712145805,0.0,0.8200000000000001
07/31/2018,10.281856509337175,0.0,0.8200000000000001
08/01/2018,10.267259831838903,0.0,0.8200000000000001
08/02/2018,10.281856710746764,0.0,0.8200000000000001
08/03/2018,10.325637651930878,0.0,0.8200000000000001
08/06/2018,10.223478388159334,0.0,0.8200000000000001
08/07/2018,10.274557987968203,0.0,0.8200000000000001
08/08/2018,10.194287963591314,0.0,0.8200000000000001
08/09/2018,10.092124916536546,0.0,0.8200000000000001
08/10/2018,10.077530793253317,0.0,0.8200000000000001
08/13/2018,10.17969337706598,0.0,0.8200000000000001
08/14/2018,10.216180002552202,0.0,0.8200000000000001
08/15/2018,10.2380724721362,0.0,0.8200000000000001
08/16/2018,10.274559020996094,0.0,0.8200000000000001
08/17/2018,10.281855634886712,0.0,0.8200000000000001
08/20/2018,10.318341207775132,0.0,0.8200000000000001
08/21/2018,10.39131565323068,0.0,0.8200000000000001
08/22/2018,10.508070016388242,0.0,0.8200000000000001
08/23/2018,10.500775155969192,0.0,0.8200000000000001
08/24/2018,10.508070016388242,0.0,0.8200000000000001
08/27/2018,10.529961585998535,0.0,0.8200000000000001
08/28/2018,10.529961774252156,0.0,0.8200000000000001
08/29/2018,10.595637275330345,0.0,0.8200000000000001
08/30/2018,10.639421567518973,0.0,0.8200000000000001
08/31/2018,10.69050123625782,0.0,0.8200000000000001
09/04/2018,10.68320448579153,0.0,0.8200000000000001
09/05/2018,10.602934994735548,0.0,0.8200000000000001
09/06/2018,10.66131239183711,0.0,0.8200000000000001
09/07/2018,10.734285189788947,0.0,0.8200000000000001
09/10/2018,10.668608628903872,0.0,0.8200000000000001
09/11/2018,10.624826329976353,0.0,0.8200000000000001
09/12/2018,10.6248261405259,0.0,0.8200000000000001
09/13/2018,10.58104319043234,0.0,0.8200000000000001
09/14/2018,10.551854027064788,0.0,0.8200000000000001
09/17/2018,10.500773327663723,0.0,0.8200000000000001
09/18/2018,10.515368204585108,0.0,0.8200000000000001
09/19/2018,10.362125081668738,0.0,0.8200000000000001
09/20/2018,10.19428807367085,0.0,0.8200000000000001
09/21/2018,10.194288763865567,0.0,0.8200000000000001
09/24/2018,10.427799984905832,0.0,0.8200000000000001
09/25/2018,10.318342131500286,0.0,0.8200000000000001
09/26/2018,10.347529964861048,0.0,0.8200000000000001
09/27/2018,10.245523557548625,0.29,0.8400000000000001
09/28/2018,10.312584637263614,0.0,0.8400000000000001
10/01/2018,10.431805342082628,0.0,0.8400000000000001
10/02/2018,10.252974107881833,0.0,0.8400000000000001
10/03/2018,10.267876665550983,0.0,0.8400000000000001
10/04/2018,10.23061987255802,0.0,0.8400000000000001
10/05/2018,10.185911982612856,0.0,0.8400000000000001
10/08/2018,10.156108860549788,0.0,0.8400000000000001
10/09/2018,10.379646555550122,0.0,0.8400000000000001
10/10/2018,10.334938384314455,0.0,0.8400000000000001
10/11/2018,10.208265072874811,0.0,0.8400000000000001
10/12/2018,10.163559106231217,0.0,0.8400000000000001
10/15/2018,10.081594535198956,0.0,0.8400000000000001
10/16/2018,10.334939455622674,0.0,0.8400000000000001
10/17/2018,10.52867177677383,0.0,0.8400000000000001
10/18/2018,10.58083079968694,0.0,0.8400000000000001
10/19/2018,10.394549773186299,0.0,0.8400000000000001
10/22/2018,10.402000078796933,0.0,0.8400000000000001
10/23/2018,10.357292323450832,0.0,0.8400000000000001
10/24/2018,10.439257264456035,0.0,0.8400000000000001
10/25/2018,10.34984128015169,0.0,0.8400000000000001
10/26/2018,10.334938143487125,0.0,0.8400000000000001
10/29/2018,10.394548510465548,0.0,0.8400000000000001
10/30/2018,10.193365352109558,0.0,0.8400000000000001
10/31/2018,10.655342883240342,0.0,0.8400000000000001
11/01/2018,10.804370267266721,0.0,0.8400000000000001
11/02/2018,10.729856692968387,0.0,0.8400000000000001
11/05/2018,10.819273654413218,0.0,0.8400000000000001
11/06/2018,10.78201565139894,0.0,0.8400000000000001
11/07/2018,10.796918466301703,0.0,0.8400000000000001
11/08/2018,10.804369028672212,0.0,0.8400000000000001
11/09/2018,10.82672315339142,0.0,0.8400000000000001
11/12/2018,10.87143074323748,0.0,0.8400000000000001
11/13/2018,10.856527478444756,0.0,0.8400000000000001
11/14/2018,10.91613822961039,0.0,0.8400000000000001
11/15/2018,10.804369559993841,0.0,0.8400000000000001
11/16/2018,10.640440995285111,0.0,0.8400000000000001
11/19/2018,10.655344763459121,0.0,0.8400000000000001
11/20/2018,10.56592864532384,0.0,0.8400000000000001
11/21/2018,10.43180396893538,0.0,0.8400000000000001
11/23/2018,10.461611097363207,0.0,0.8400000000000001
11/26/2018,10.588283442747466,0.0,0.8400000000000001
11/27/2018,10.632991445576254,0.0,0.8400000000000001
11/28/2018,10.565928528134108,0.0,0.8400000000000001
11/29/2018,10.670247628101906,0.0,0.8400000000000001
11/30/2018,10.647892400717016,0.0,0.8400000000000001
12/03/2018,10.714953880049933,0.0,0.8400000000000001
12/04/2018,10.68514993875425,0.0,0.8400000000000001
12/06/2018,10.506318494969745,0.0,0.8400000000000001
12/07/2018,10.506318291743153,0.0,0.8400000000000001
12/10/2018,10.461610741119914,0.0,0.8400000000000001
12/11/2018,10.47651432311249,0.0,0.8400000000000001
12/12/2018,10.625538161983187,0.0,0.8400000000000001
12/13/2018,10.565927700698321,0.0,0.8400000000000001
12/14/2018,10.49141622884132,0.0,0.8400000000000001
12/17/2018,10.565928500990994,0.0,0.8400000000000001
12/18/2018,10.290231059073983,0.0,0.8400000000000001
12/19/2018,10.372194807797486,0.0,0.8400000000000001
12/20/2018,10.11139997047935,0.0,0.8400000000000001
12/21/2018,9.828250630635798,0.0,0.8400000000000001
12/24/2018,9.872958501532363,0.0,0.8400000000000001
12/26/2018,9.656869614678458,0.0,0.8400000000000001
12/27/2018,9.825592890357282,0.31,0.8800000000000001
12/28/2018,9.985791206359863,0.0,0.8800000000000001
12/31/2018,9.993419755367853,0.0,0.8800000000000001
01/02/2019,9.833220538227497,0.0,0.8800000000000001
01/03/2019,9.9857907171495,0.0,0.8800000000000001
01/04/2019,10.031561310273378,0.0,0.8800000000000001
01/07/2019,10.207019816713354,0.0,0.8800000000000001
01/08/2019,10.634218573150921,0.0,0.8800000000000001
01/09/2019,10.741018461882138,0.0,0.8800000000000001
01/10/2019,10.679990879206334,0.0,0.8800000000000001
01/11/2019,10.77153265668943,0.0,0.8800000000000001
01/14/2019,10.939362450729394,0.0,0.8800000000000001
01/15/2019,10.93936069522655,0.0,0.8800000000000001
01/16/2019,10.870704739653327,0.0,0.8800000000000001
01/17/2019,10.779161428834614,0.0,0.8800000000000001
01/18/2019,10.71050497844309,0.0,0.8800000000000001
01/22/2019,10.618963211858087,0.0,0.8800000000000001
01/23/2019,10.496903126095686,0.0,0.8800000000000001
01/24/2019,10.626590901112046,0.0,0.8800000000000001
01/25/2019,10.824931966324522,0.0,0.8800000000000001
01/28/2019,10.786790978075,0.0,0.8800000000000001
01/29/2019,10.824932645818434,0.0,0.8800000000000001
01/30/2019,10.885961853752221,0.0,0.8800000000000001
01/31/2019,10.89358858807873,0.0,0.8800000000000001
02/01/2019,10.992761851065191,0.0,0.8800000000000001
02/04/2019,10.802048287998948,0.0,0.8800000000000001
02/05/2019,10.916475619445295,0.0,0.8800000000000001
02/06/2019,10.969876248469197,0.0,0.8800000000000001
02/07/2019,10.870704739653327,0.0,0.8800000000000001
02/08/2019,10.77153225127568,0.0,0.8800000000000001
02/11/2019,10.809675872160321,0.0,0.8800000000000001
02/12/2019,10.809676148713347,0.0,0.8800000000000001
02/13/2019,10.794417739508534,0.0,0.8800000000000001
02/14/2019,10.763903097140917,0.0,0.8800000000000001
02/15/2019,10.72576201007254,0.0,0.8800000000000001
02/19/2019,10.718133590565026,0.0,0.8800000000000001
02/20/2019,10.748647799398865,0.0,0.8800000000000001
02/21/2019,10.908847945817527,0.0,0.8800000000000001
02/22/2019,11.36656133235447,0.0,0.8800000000000001
02/25/2019,11.572532932455577,0.0,0.8800000000000001
02/26/2019,11.519134466087879,0.0,0.8800000000000001
02/27/2019,11.450475547825251,0.0,0.8800000000000001
02/28/2019,11.549647834879893,0.0,0.8800000000000001
03/01/2019,11.702219406377996,0.0,0.8800000000000001
03/04/2019,11.595419229178862,0.0,0.8800000000000001
03/05/2019,11.587790359759975,0.0,0.8800000000000001
03/06/2019,11.618303443873966,0.0,0.8800000000000001
03/07/2019,11.534389922282047,0.0,0.8800000000000001
03/08/2019,11.34367409423747,0.0,0.8800000000000001
03/11/2019,11.587789613866631,0.0,0.8800000000000001
03/12/2019,11.717473983764648,0.0,0.8800000000000001
03/13/2019,11.717474472845614,0.0,0.8800000000000001
03/14/2019,11.648818547015068,0.0,0.8800000000000001
03/15/2019,11.824275162609522,0.0,0.8800000000000001
03/18/2019,11.839532793898256,0.0,0.8800000000000001
03/19/2019,11.824276048525297,0.0,0.8800000000000001
03/20/2019,11.67170459104151,0.0,0.8800000000000001
03/21/2019,11.702219009399414,0.0,0.8800000000000001
03/22/2019,11.686961002476268,0.0,0.8800000000000001
03/25/2019,11.557274841599806,0.0,0.8800000000000001
03/26/2019,11.679334170847817,0.0,0.8800000000000001
03/27/2019,11.72510356818978,0.0,0.8800000000000001
03/28/2019,11.84120038829826,0.33,1.2100000000000002
03/29/2019,11.926950621469837,0.0,1.2100000000000002
04/01/2019,11.825609957397113,0.0,1.2100000000000002
04/02/2019,11.856791462927339,0.0,1.2100000000000002
04/03/2019,11.887973612603043,0.0,1.2100000000000002
04/04/2019,11.981518476497467,0.0,1.2100000000000002
04/05/2019,12.020494731096683,0.0,1.2100000000000002
04/08/2019,12.036084858396832,0.0,1.2100000000000002
04/09/2019,12.02049446105957,0.0,1.2100000000000002
04/10/2019,12.05947156954249,0.0,1.2100000000000002
04/11/2019,12.036085845299715,0.0,1.2100000000000002
04/12/2019,12.059471773380178,0.0,1.2100000000000002
04/15/2019,12.02049446105957,0.0,1.2100000000000002
04/16/2019,12.067267830622837,0.0,1.2100000000000002
04/17/2019,12.090653828516492,0.0,1.2100000000000002
04/18/2019,12.020494181990351,0.0,1.2100000000000002
04/22/2019,11.950336693391753,0.0,1.2100000000000002
04/23/2019,11.989315271005289,0.0,1.2100000000000002
04/24/2019,11.989313772404321,0.0,1.2100000000000002
04/25/2019,11.864587783813477,0.0,1.2100000000000002
04/26/2019,11.86458703348198,0.0,1.2100000000000002
04/29/2019,11.833405764376485,0.0,1.2100000000000002
04/30/2019,11.87238213118492,0.0,1.2100000000000002
05/01/2019,11.810018565821492,0.0,1.2100000000000002
05/02/2019,11.638520309019336,0.0,1.2100000000000002
05/03/2019,11.669702431234683,0.0,1.2100000000000002
05/06/2019,11.6774979315375,0.0,1.2100000000000002
05/07/2019,11.708680148141594,0.0,1.2100000000000002
05/08/2019,11.700884236459427,0.0,1.2100000000000002
05/09/2019,11.505999124551105,0.0,1.2100000000000002
05/10/2019,11.544975829078837,0.0,1.2100000000000002
05/13/2019,11.482612412564224,0.0,1.2100000000000002
05/14/2019,11.58395159220926,0.0,1.2100000000000002
05/15/2019,11.65411169463854,0.0,1.2100000000000002
05/16/2019,11.739860696427778,0.0,1.2100000000000002
05/17/2019,11.615132379619945,0.0,1.2100000000000002
05/20/2019,11.65411189864639,0.0,1.2100000000000002
05/21/2019,11.732066122755025,0.0,1.2100000000000002
05/22/2019,11.69308781425605,0.0,1.2100000000000002
05/23/2019,11.677497389940738,0.0,1.2100000000000002
05/24/2019,11.76324657015389,0.0,1.2100000000000002
05/28/2019,11.786633254532935,0.0,1.2100000000000002
05/29/2019,11.778837027602929,0.0,1.2100000000000002
05/30/2019,11.630724797147591,0.0,1.2100000000000002
05/31/2019,11.474817479486783,0.0,1.2100000000000002
06/03/2019,11.443635677610015,0.0,1.2100000000000002
06/04/2019,11.685293434862547,0.0,1.2100000000000002
06/05/2019,11.669700622558594,0.0,1.2100000000000002
06/06/2019,11.716472552590094,0.0,1.2100000000000002
06/07/2019,11.693089692495496,0.0,1.2100000000000002
06/10/2019,11.716474533081055,0.0,1.2100000000000002
06/11/2019,11.778836179377764,0.0,1.2100000000000002
06/12/2019,11.693089073814013,0.0,1.2100000000000002
06/13/2019,11.810018849331158,0.0,1.2100000000000002
06/14/2019,11.864587847304303,0.0,1.2100000000000002
06/17/2019,11.9113592414199,0.0,1.2100000000000002
06/18/2019,11.895769388235164,0.0,1.2100000000000002
06/19/2019,11.872383182599583,0.0,1.2100000000000002
06/20/2019,11.989312701390581,0.0,1.2100000000000002
06/21/2019,11.794429892374984,0.0,1.2100000000000002
06/24/2019,11.661907670781446,0.0,1.2100000000000002
06/25/2019,11.677498006751389,0.0,1.2100000000000002
06/26/2019,11.638519995788641,0.0,1.2100000000000002
06/27/2019,11.774573607699201,0.33,1.26
06/28/2019,11.71079785304024,0.0,1.26
07/01/2019,11.910095827966476,0.0,1.26
07/02/2019,11.7984893407074,0.0,1.26
07/03/2019,11.766602246668485,0.0,1.26
07/05/2019,11.838350185774283,0.0,1.26
07/08/2019,11.878209341473896,0.0,1.26
07/09/2019,11.910096256894146,0.0,1.26
07/10/2019,11.981843577555225,0.0,1.26
07/11/2019,11.989816767174899,0.0,1.26
07/12/2019,12.093451129162547,0.0,1.26
07/15/2019,12.09345091690114,0.0,1.26
07/16/2019,12.10142510722201,0.0,1.26
07/17/2019,12.093452225671308,0.0,1.26
07/18/2019,12.053591995560238,0.0,1.26
07/19/2019,11.934012677686077,0.0,1.26
07/22/2019,11.838349008664052,0.0,1.26
07/23/2019,11.910095520206744,0.0,1.26
07/24/2019,11.96590050910011,0.0,1.26
07/25/2019,12.053592515557904,0.0,1.26
07/26/2019,12.117368116106482,0.0,1.26
07/29/2019,12.101424671470706,0.0,1.26
07/30/2019,12.109395903073404,0.0,1.26
07/31/2019,12.213031441459876,0.0,1.26
08/01/2019,12.101423988300645,0.0,1.26
08/02/2019,12.053591833331916,0.0,1.26
08/05/2019,12.15722700082085,0.0,1.26
08/06/2019,11.941984924725288,0.0,1.26
08/07/2019,12.02170520641275,0.0,1.26
08/08/2019,12.157226591877704,0.0,1.26
08/09/2019,12.069536454813084,0.0,1.26
08/12/2019,12.117368198604131,0.0,1.26
08/13/2019,12.141283827515183,0.0,1.26
08/14/2019,12.053592827150927,0.0,1.26
08/15/2019,12.01373191962369,0.0,1.26
08/16/2019,12.189115191018539,0.0,1.26
08/19/2019,12.109394626171527,0.0,1.26
08/20/2019,12.228974361073078,0.0,1.26
08/21/2019,12.25289071125276,0.0,1.26
08/22/2019,12.236947574523423,0.0,1.26
08/23/2019,12.17317205624289,0.0,1.26
08/26/2019,12.125340173514054,0.0,1.26
08/27/2019,12.268835396770001,0.0,1.26
08/28/2019,12.061564572373735,0.0,1.26
08/29/2019,12.037647758229754,0.0,1.26
08/30/2019,12.037647899364162,0.0,1.26
09/03/2019,11.926039899029991,0.0,1.26
09/04/2019,12.149255962829946,0.0,1.26
09/05/2019,12.221003304358064,0.0,1.26
09/06/2019,12.197087659374672,0.0,1.26
09/09/2019,12.228975115566115,0.0,1.26
09/10/2019,12.388414011673865,0.0,1.26
09/11/2019,12.404359332610333,0.0,1.26
09/12/2019,12.515965215423572,0.0,1.26
09/13/2019,12.468135252229693,0.0,1.26
09/16/2019,12.436245936176707,0.0,1.26
09/17/2019,12.460161791464728,0.0,1.26
09/18/2019,12.452189445495607,0.0,1.26
09/19/2019,12.460163473366736,0.0,1.26
09/20/2019,12.452191058585797,0.0,1.26
09/23/2019,12.555824862313273,0.0,1.26
09/24/2019,12.563796463695647,0.0,1.26
09/25/2019,12.452189656537856,0.0,1.26
09/26/2019,12.49204893599349,0.0,1.26
09/27/2019,12.588054411218737,0.33,1.3
09/30/2019,12.457775656980543,0.0,1.3
10/01/2019,12.433349299160941,0.0,1.3
10/02/2019,12.221648960028292,0.0,1.3
10/03/2019,12.311213343770518,0.0,1.3
10/04/2019,12.4007805714722,0.0,1.3
10/07/2019,12.37635264459575,0.0,1.3
10/08/2019,12.319357978758799,0.0,1.3
10/09/2019,12.311214060049904,0.0,1.3
10/10/2019,12.384495115805633,0.0,1.3
10/11/2019,12.41706471931875,0.0,1.3
10/14/2019,12.417065055072028,0.0,1.3
10/15/2019,12.514773139586614,0.0,1.3
10/16/2019,12.441492080688478,0.0,1.3
10/17/2019,12.441492417333736,0.0,1.3
10/18/2019,12.38449585867314,0.0,1.3
10/21/2019,12.465918773741175,0.0,1.3
10/22/2019,12.474061136703703,0.0,1.3
10/23/2019,12.54734247670412,0.0,1.3
10/24/2019,12.604337405603113,0.0,1.3
10/25/2019,12.522914834141964,0.0,1.3
10/28/2019,12.579911673169613,0.0,1.3
10/29/2019,12.522915628154808,0.0,1.3
10/30/2019,12.604338982499376,0.0,1.3
10/31/2019,12.563627472452938,0.0,1.3
11/01/2019,12.628766165641562,0.0,1.3
11/04/2019,12.661334423741105,0.0,1.3
11/05/2019,12.653192944685639,0.0,1.3
11/06/2019,12.465919389135427,0.0,1.3
11/07/2019,12.596195658687478,0.0,1.3
11/08/2019,12.65319265771841,0.0,1.3
11/11/2019,12.465919284418925,0.0,1.3
11/12/2019,12.531058062991441,0.0,1.3
11/13/2019,12.36006860515712,0.0,1.3
11/14/2019,12.449634499129877,0.0,1.3
11/15/2019,12.482203713314595,0.0,1.3
11/18/2019,12.514772310495845,0.0,1.3
11/19/2019,12.571769728746949,0.0,1.3
11/20/2019,12.653193420637558,0.0,1.3
11/21/2019,12.685762497295068,0.0,1.3
11/22/2019,12.449634164229304,0.0,1.3
11/25/2019,12.474060136787646,0.0,1.3
11/26/2019,12.539199952507607,0.0,1.3
11/27/2019,12.62062371156093,0.0,1.3
11/29/2019,12.726473755642788,0.0,1.3
12/02/2019,12.72647376698025,0.0,1.3
12/03/2019,12.50663163098999,0.0,1.3
12/04/2019,12.612480729557056,0.0,1.3
12/05/2019,12.693904415991637,0.0,1.3
12/06/2019,12.702046112982332,0.0,1.3
12/09/2019,12.718332574821202,0.0,1.3
12/10/2019,12.702046960278826,0.0,1.3
12/11/2019,12.750901384997963,0.0,1.3
12/12/2019,12.702047453946953,0.0,1.3
12/13/2019,12.677619107572266,0.0,1.3
12/16/2019,12.84860817152627,0.0,1.3
12/17/2019,12.78346907462321,0.0,1.3
12/18/2019,13.011455535888672,0.0,1.3
12/19/2019,13.035883336951658,0.0,1.3
12/20/2019,13.084735893178065,0.0,1.3
12/23/2019,13.190587327976612,0.0,1.3
12/24/2019,13.255726070947047,0.0,1.3
12/26/2019,13.27200974415373,0.0,1.3
12/27/2019,13.230122397334698,0.33,1.32
12/30/2019,13.288294929437479,0.0,1.32
12/31/2019,13.155328500274234,0.0,1.32
01/02/2020,13.130397973460965,0.0,1.32
01/03/2020,13.01405243177309,0.0,1.32
01/06/2020,13.005741822478885,0.0,1.32
01/07/2020,12.964190315230141,0.0,1.32
01/08/2020,13.163639360102653,0.0,1.32
01/09/2020,13.296605360735219,0.0,1.32
01/10/2020,13.338156981749462,0.0,1.32
01/13/2020,13.412949598577429,0.0,1.32
01/14/2020,13.496053946057735,0.0,1.32
01/15/2020,13.504364347369625,0.0,1.32
01/16/2020,13.587468231482854,0.0,1.32
01/17/2020,13.670572829914743,0.0,1.32
01/21/2020,13.629020770427925,0.0,1.32
01/22/2020,13.703813255075469,0.0,1.32
01/23/2020,13.313226281454543,0.0,1.32
01/24/2020,13.41295051574707,0.0,1.32
01/27/2020,13.396330544584576,0.0,1.32
01/28/2020,13.53760662044714,0.0,1.32
01/29/2020,13.57915811424358,0.0,1.32
01/30/2020,13.645642358443613,0.0,1.32
01/31/2020,13.687191084989953,0.0,1.32
02/03/2020,13.595780528349628,0.0,1.32
02/04/2020,13.712123823070096,0.0,1.32
02/05/2020,13.903262872765735,0.0,1.32
02/06/2020,14.07778114195238,0.0,1.32
02/07/2020,14.002986829826778,0.0,1.32
02/10/2020,13.853400901118043,0.0,1.32
02/11/2020,13.811849594116211,0.0,1.32
02/12/2020,13.820158490451547,0.0,1.32
02/13/2020,13.903261559352494,0.0,1.32
02/14/2020,14.02791690826416,0.0,1.32
02/18/2020,14.027917111742491,0.0,1.32
02/19/2020,14.061159670785534,0.0,1.32
02/20/2020,14.21074799331428,0.0,1.32
02/21/2020,14.651196181072805,0.0,1.32
02/24/2020,14.418507154690898,0.0,1.32
02/25/2020,14.385265485283604,0.0,1.32
02/26/2020,13.978056546016566,0.0,1.32
02/27/2020,13.678882060547048,0.0,1.32
02/28/2020,12.748120728483553,0.0,1.32
03/02/2020,12.748120242749115,0.0,1.32
03/03/2020,13.263363510936642,0.0,1.32
03/04/2020,13.363088155036964,0.0,1.32
03/05/2020,13.163639771497959,0.0,1.32
03/06/2020,12.914327621459961,0.0,1.32
03/09/2020,12.133151890710836,0.0,1.32
03/10/2020,11.892150262351295,0.0,1.32
03/11/2020,11.784116139170562,0.0,1.32
03/12/2020,10.637284789523289,0.0,1.32
03/13/2020,9.856108726773337,0.0,1.32
03/16/2020,8.326999263656509,0.0,1.32
03/17/2020,6.1912308813174,0.0,1.32
03/18/2020,5.227228117347509,0.0,1.32
03/19/2020,3.673187159305369,0.0,1.32
03/20/2020,5.152434229409254,0.0,1.32
03/23/2020,4.778467201068115,0.0,1.32
03/24/2020,4.545776493750503,0.0,1.32
03/25/2020,4.31308607461482,0.0,1.32
03/26/2020,4.944674658939126,0.0,1.32
03/27/2020,6.083196620289736,0.0,1.32
03/30/2020,7.339360737668432,0.33,1.32
03/31/2020,6.0355448722839355,0.0,1.32
04/01/2020,5.448396058779824,0.0,1.32
04/02/2020,4.550402930878504,0.0,1.32
04/03/2020,4.317271053014618,0.0,1.32
04/06/2020,3.704218852659457,0.0,1.32
04/07/2020,4.80944031908316,0.0,1.32
04/08/2020,5.362050072207103,0.0,1.32
04/09/2020,7.425705875343727,0.0,1.32
04/13/2020,7.106226973967004,0.0,1.32
04/14/2020,7.080323654122951,0.0,1.32
04/15/2020,6.3809257532452985,0.0,1.32
04/16/2020,6.225503862475691,0.0,1.32
04/17/2020,6.23413855732986,0.0,1.32
04/20/2020,6.04417879054578,0.0,1.32
04/21/2020,5.70743202860897,0.0,1.32
04/22/2020,6.139158925934766,0.0,1.32
04/23/2020,5.836950437008237,0.0,1.32
04/24/2020,5.897392009321108,0.0,1.32
04/27/2020,5.8110468751777,0.0,1.32
04/28/2020,6.372291666429663,0.0,1.32
04/29/2020,7.063055273525763,0.0,1.32
04/30/2020,7.071689563950713,0.0,1.32
05/01/2020,6.579520762196086,0.0,1.32
05/04/2020,6.519079240458057,0.0,1.32
05/05/2020,6.752211827472174,0.0,1.32
05/06/2020,6.45863753550927,0.0,1.32
05/07/2020,6.294580464056249,0.0,1.32
05/08/2020,6.510444544437532,0.0,1.32
05/11/2020,6.432732981833519,0.0,1.32
05/12/2020,6.216869627065767,0.0,1.32
05/13/2020,5.741970023742875,0.0,1.32
05/14/2020,5.21526289127849,0.0,1.32
05/15/2020,5.422492026934641,0.0,1.32
05/18/2020,5.526106562535135,0.0,1.32
05/19/2020,6.061448439927746,0.0,1.32
05/20/2020,6.130524664638281,0.0,1.32
05/21/2020,6.173697922892683,0.0,1.32
05/22/2020,6.078716830024268,0.0,1.32
05/26/2020,6.3463880920178,0.0,1.32
05/27/2020,6.691769892194379,0.0,1.32
05/28/2020,7.071688674363421,0.0,1.32
05/29/2020,6.7090390241422115,0.0,1.32
06/01/2020,6.959441050201947,0.0,1.32
06/02/2020,7.183939032422083,0.0,1.32
06/03/2020,7.684741495567923,0.0,1.32
06/04/2020,7.9869513924285345,0.0,1.32
06/05/2020,8.850404150044378,0.0,1.32
06/08/2020,9.627512992175022,0.0,1.32
06/09/2020,9.066267585754394,0.0,1.32
06/10/2020,8.608638587246947,0.0,1.32
06/11/2020,7.391168270036975,0.0,1.32
06/12/2020,7.7279147726464235,0.0,1.32
06/15/2020,7.278918231358584,0.0,1.32
06/16/2020,8.634542143760994,0.0,1.32
06/17/2020,8.004220459284364,0.0,1.32
06/18/2020,7.676107948192297,0.0,1.32
06/19/2020,8.021488766669243,0.0,1.32
06/22/2020,7.874702149082846,0.0,1.32
06/23/2020,8.030123611754243,0.0,1.32
06/24/2020,7.978316249252879,0.0,1.32
06/25/2020,7.572493244495262,0.0,1.32
06/26/2020,7.943778858335607,0.0,1.32
06/29/2020,7.963634258227395,0.33,1.32
06/30/2020,8.241331886306792,0.0,1.32
07/01/2020,8.142793895118338,0.0,1.32
07/02/2020,7.99050798339223,0.0,1.32
07/06/2020,7.784475489854905,0.0,1.32
07/07/2020,7.632190833982437,0.0,1.32
07/08/2020,7.444072723388673,0.0,1.32
07/09/2020,7.390324724897082,0.0,1.32
07/10/2020,7.130543543990218,0.0,1.32
07/13/2020,7.5426105410933895,0.0,1.32
07/14/2020,7.417197965436323,0.0,1.32
07/15/2020,7.847181817682213,0.0,1.32
07/16/2020,7.954676286685841,0.0,1.32
07/17/2020,7.874056014036182,0.0,1.32
07/20/2020,7.73968559502025,0.0,1.32
07/21/2020,7.793433212660736,0.0,1.32
07/22/2020,7.802391797435222,0.0,1.32
07/23/2020,8.06217368461905,0.0,1.32
07/24/2020,8.01738225365708,0.0,1.32
07/27/2020,7.9546768544414785,0.0,1.32
07/28/2020,7.838222392401531,0.0,1.32
07/29/2020,8.026340740849852,0.0,1.32
07/30/2020,8.01738258434062,0.0,1.32
07/31/2020,8.268206204884862,0.0,1.32
08/03/2020,8.133836663255913,0.0,1.32
08/04/2020,7.972592233408347,0.0,1.32
08/05/2020,8.142795002370681,0.0,1.32
08/06/2020,8.286121539404126,0.0,1.32
08/07/2020,8.38465941576946,0.0,1.32
08/10/2020,8.805683728017014,0.0,1.32
08/11/2020,9.217751090535529,0.0,1.32
08/12/2020,9.020674836926984,0.0,1.32
08/13/2020,8.814641585766786,0.0,1.32
08/14/2020,8.644439294830725,0.0,1.32
08/17/2020,8.949011150670648,0.0,1.32
08/18/2020,8.769852390109351,0.0,1.32
08/19/2020,8.742977572286968,0.0,1.32
08/20/2020,8.734020012667346,0.0,1.32
08/21/2020,8.77880958799583,0.0,1.32
08/24/2020,8.662356796281411,0.0,1.32
08/25/2020,8.895264787945816,0.0,1.32
08/26/2020,8.91317930754248,0.0,1.32
08/27/2020,8.868388430763734,0.0,1.32
08/28/2020,9.011717722472843,0.0,1.32
08/31/2020,9.164001981974035,0.0,1.32
09/01/2020,8.85047458869938,0.0,1.32
09/02/2020,8.742978737696905,0.0,1.32
09/03/2020,8.778810170554493,0.0,1.32
09/04/2020,8.868388941819001,0.0,1.32
09/08/2020,8.608608660516174,0.0,1.32
09/09/2020,8.760894173365083,0.0,1.32
09/10/2020,8.913179388896637,0.0,1.32
09/11/2020,8.805683976265703,0.0,1.32
09/14/2020,8.581734545032292,0.0,1.32
09/15/2020,8.877348259878918,0.0,1.32
09/16/2020,8.88630529523742,0.0,1.32
09/17/2020,9.029633686921503,0.0,1.32
09/18/2020,9.119213104248047,0.0,1.32
09/21/2020,8.940053038605475,0.0,1.32
09/22/2020,8.760893650565624,0.0,1.32
09/23/2020,8.778810847228227,0.0,1.32
09/24/2020,8.330911246347,0.0,1.32
09/25/2020,8.295079307345983,0.0,1.32
09/28/2020,8.769852638244629,0.0,1.32
09/29/2020,8.667877570841137,0.33,1.32
09/30/2020,8.389763683336271,0.0,1.32
10/01/2020,8.575172279784537,0.0,1.32
10/02/2020,8.5195488717428,0.0,1.32
10/05/2020,8.853286597181924,0.0,1.32
10/06/2020,8.992343401186636,0.0,1.32
10/07/2020,8.88109720028765,0.0,1.32
10/08/2020,8.79766252407184,0.0,1.32
10/09/2020,9.010884660222805,0.0,1.32
10/12/2020,8.844015120874497,0.0,1.32
10/13/2020,8.87182734876841,0.0,1.32
10/14/2020,8.844015121753614,0.0,1.32
10/15/2020,8.936720628470164,0.0,1.32
10/16/2020,8.983072731705795,0.0,1.32
10/19/2020,8.80693383949055,0.0,1.32
10/20/2020,8.556631084947727,0.0,1.32
10/21/2020,8.547361521589966,0.0,1.32
10/22/2020,8.47319779150491,0.0,1.32
10/23/2020,8.53809135701909,0.0,1.32
10/26/2020,8.556631307666601,0.0,1.32
10/27/2020,8.51027965842716,0.0,1.32
10/28/2020,8.343411519386008,0.0,1.32
10/29/2020,8.584443741721337,0.0,1.32
10/30/2020,8.723498550391838,0.0,1.32
11/02/2020,8.732770333226094,0.0,1.32
11/03/2020,9.168482633804908,0.0,1.32
11/04/2020,9.09431861237959,0.0,1.32
11/05/2020,8.992342875701677,0.0,1.32
11/06/2020,9.075776746061155,0.0,1.32
11/09/2020,9.15921137768942,0.0,1.32
11/10/2020,9.604193020517497,0.0,1.32
11/11/2020,10.021363762714827,0.0,1.32
11/12/2020,9.557841753397689,0.0,1.32
11/13/2020,9.455865569397572,0.0,1.32
11/16/2020,10.002823158885707,0.0,1.32
11/17/2020,10.22531325814502,0.0,1.32
11/18/2020,10.318018176659692,0.0,1.32
11/19/2020,10.123338342089182,0.0,1.32
11/20/2020,10.086256622794767,0.0,1.32
11/23/2020,10.392182129754008,0.0,1.32
11/24/2020,10.827893401017368,0.0,1.32
11/25/2020,10.753730415488826,0.0,1.32
11/27/2020,10.596132280131604,0.0,1.32
11/30/2020,10.559051010002216,0.0,1.32
12/01/2020,10.438535383491537,0.0,1.32
12/02/2020,10.56832056020359,0.0,1.32
12/03/2020,10.920598027901843,0.0,1.32
12/04/2020,11.068924160954472,0.0,1.32
12/07/2020,11.115276547568405,0.0,1.32
12/08/2020,10.92059700593456,0.0,1.32
12/09/2020,11.050384745553764,0.0,1.32
12/10/2020,10.809352727485944,0.0,1.32
12/11/2020,10.874244975921343,0.0,1.32
12/14/2020,10.929868406259533,0.0,1.32
12/15/2020,11.217252815591511,0.0,1.32
12/16/2020,11.708586266900543,0.0,1.32
12/17/2020,11.977430051015304,0.0,1.32
12/18/2020,12.153568797272953,0.0,1.32
12/21/2020,11.263604452624625,0.0,1.32
12/22/2020,11.124549143834253,0.0,1.32
12/23/2020,11.013303085853202,0.0,1.32
12/24/2020,11.356309008109275,0.0,1.32
12/28/2020,11.51390736116206,0.0,1.32
12/29/2020,11.54197134644735,0.33,1.32
12/30/2020,11.227709096264425,0.0,1.32
12/31/2020,11.037248426534875,0.0,1.32
01/04/2021,11.389603020802548,0.0,1.32
01/05/2021,10.922970956463566,0.0,1.32
01/06/2021,11.065817639821732,0.0,1.32
01/07/2021,11.484833428610454,0.0,1.32
01/08/2021,11.237232392375079,0.0,1.32
01/11/2021,11.046770973453903,0.0,1.32
01/12/2021,11.275325156792068,0.0,1.32
01/13/2021,11.389602566413695,0.0,1.32
01/14/2021,11.437217521929421,0.0,1.32
01/15/2021,11.532448292647343,0.0,1.32
01/19/2021,11.456264068732889,0.0,1.32
01/20/2021,11.42769484352427,0.0,1.32
01/21/2021,11.437217038254394,0.0,1.32
01/22/2021,11.246756462368628,0.0,1.32
01/25/2021,11.446741392995333,0.0,1.32
01/26/2021,11.341986701815024,0.0,1.32
01/27/2021,11.094387159226057,0.0,1.32
01/28/2021,10.932494398263708,0.0,1.32
01/29/2021,10.932494743463261,0.0,1.32
02/01/2021,10.87535638694127,0.0,1.32
02/02/2021,11.03724767737572,0.0,1.32
02/03/2021,11.494355817181718,0.0,1.32
02/04/2021,11.38960204260411,0.0,1.32
02/05/2021,11.456263778706465,0.0,1.32
02/08/2021,11.713386878753766,0.0,1.32
02/09/2021,11.970510199258605,0.0,1.32
02/10/2021,12.11335630643369,0.0,1.32
02/11/2021,12.246678782545265,0.0,1.32
02/12/2021,12.322864051118918,0.0,1.32
02/16/2021,12.74187965481012,0.0,1.32
02/17/2021,12.97043279338107,0.0,1.32
02/18/2021,12.8371093784382,0.0,1.32
02/19/2021,13.008525005891997,0.0,1.32
02/22/2021,13.284694957833631,0.0,1.32
02/23/2021,13.237079381430183,0.0,1.32
02/24/2021,13.332310014928542,0.0,1.32
02/25/2021,13.59895694286454,0.0,1.32
02/26/2021,12.932340675650972,0.0,1.32
03/01/2021,13.398971224935096,0.0,1.32
03/02/2021,13.456110095821066,0.0,1.32
03/03/2021,13.465632832757517,0.0,1.32
03/04/2021,13.665617363786035,0.0,1.32
03/05/2021,13.284694483294265,0.0,1.32
03/08/2021,13.48467955508234,0.0,1.32
03/09/2021,13.67514128900128,0.0,1.32
03/10/2021,13.713232382215383,0.0,1.32
03/11/2021,13.998925251620047,0.0,1.32
03/12/2021,13.932264471634571,0.0,1.32
03/15/2021,14.056064794868153,0.0,1.32
03/16/2021,13.598955640611594,0.0,1.32
03/17/2021,13.817987967801779,0.0,1.32
03/18/2021,13.85607921508121,0.0,1.32
03/19/2021,13.484679367062123,0.0,1.32
03/22/2021,13.722755997556593,0.0,1.32
03/23/2021,13.437063299604555,0.0,1.32
03/24/2021,13.370402909618997,0.0,1.32
03/25/2021,13.189464150800141,0.0,1.32
03/26/2021,13.541818866670766,0.0,1.32
03/29/2021,13.179940988750328,0.0,1.32
03/30/2021,13.382870232300444,0.35,1.3399999999999999
03/31/2021,13.470786977584671,0.0,1.3399999999999999
04/01/2021,13.519630150747926,0.0,1.3399999999999999
04/05/2021,13.627083102478947,0.0,1.3399999999999999
04/06/2021,13.578241215516599,0.0,1.3399999999999999
04/07/2021,13.490325230679984,0.0,1.3399999999999999
04/08/2021,13.480555768175632,0.0,1.3399999999999999
04/09/2021,13.588009415288102,0.0,1.3399999999999999
04/12/2021,13.56847283794767,0.0,1.3399999999999999
04/13/2021,13.646620887132613,0.0,1.3399999999999999
04/14/2021,13.890833923695759,0.0,1.3399999999999999
04/15/2021,14.076435852814983,0.0,1.3399999999999999
04/16/2021,14.174121349215632,0.0,1.3399999999999999
04/19/2021,14.056898678108226,0.0,1.3399999999999999
04/20/2021,13.754074213755876,0.0,1.3399999999999999
04/21/2021,13.55870438626304,0.0,1.3399999999999999
04/22/2021,14.027593128046057,0.0,1.3399999999999999
04/23/2021,13.910370545208696,0.0,1.3399999999999999
04/26/2021,14.095972666642346,0.0,1.3399999999999999
04/27/2021,13.98851893837928,0.0,1.3399999999999999
04/28/2021,14.252268676314738,0.0,1.3399999999999999
04/29/2021,14.428102493286135,0.0,1.3399999999999999
04/30/2021,14.418334007263184,0.0,1.3399999999999999
05/03/2021,14.57462997248408,0.0,1.3399999999999999
05/04/2021,14.428102658594632,0.0,1.3399999999999999
05/05/2021,14.545324813203758,0.0,1.3399999999999999
05/06/2021,14.643009370557461,0.0,1.3399999999999999
05/07/2021,14.574629944733825,0.0,1.3399999999999999
05/10/2021,14.701620801148126,0.0,1.3399999999999999
05/11/2021,14.428102749670467,0.0,1.3399999999999999
05/12/2021,14.359722696009564,0.0,1.3399999999999999
05/13/2021,13.783379728000574,0.0,1.3399999999999999
05/14/2021,14.467176600203283,0.0,1.3399999999999999
05/17/2021,14.389027501065877,0.0,1.3399999999999999
05/18/2021,14.633240280310266,0.0,1.3399999999999999
05/19/2021,14.418334231666506,0.0,1.3399999999999999
05/20/2021,14.652777742620573,0.0,1.3399999999999999
05/21/2021,14.828611466771346,0.0,1.3399999999999999
05/24/2021,14.789537845190143,0.0,1.3399999999999999
05/25/2021,14.945833601150005,0.0,1.3399999999999999
05/26/2021,14.613703982188934,0.0,1.3399999999999999
05/27/2021,14.799306010736519,0.0,1.3399999999999999
05/28/2021,14.887222220415174,0.0,1.3399999999999999
06/01/2021,14.916528398930819,0.0,1.3399999999999999
06/02/2021,15.23888966926303,0.0,1.3399999999999999
06/03/2021,15.336573927065139,0.0,1.3399999999999999
06/04/2021,15.58078712224411,0.0,1.3399999999999999
06/07/2021,15.707777496716792,0.0,1.3399999999999999
06/08/2021,16.23527922340744,0.0,1.3399999999999999
06/09/2021,16.362268078316646,0.0,1.3399999999999999
06/10/2021,16.469723123562304,0.0,1.3399999999999999
06/11/2021,16.23527972852987,0.0,1.3399999999999999
06/14/2021,16.342731287517804,0.0,1.3399999999999999
06/15/2021,16.55763956268167,0.0,1.3399999999999999
06/16/2021,16.264583214335744,0.0,1.3399999999999999
06/17/2021,16.411111320870937,0.0,1.3399999999999999
06/18/2021,14.945833477579168,0.0,1.3399999999999999
06/21/2021,14.35972264587507,0.0,1.3399999999999999
06/22/2021,14.447639527745906,0.0,1.3399999999999999
06/23/2021,14.652778181549758,0.0,1.3399999999999999
06/24/2021,14.857916994757476,0.0,1.3399999999999999
06/25/2021,14.945833931500461,0.0,1.3399999999999999
06/28/2021,14.838379791918596,0.0,1.3399999999999999
06/29/2021,14.779999732971191,0.35,1.3599999999999999
06/30/2021,14.579999923706055,0.0,1.3599999999999999
07/01/2021,14.720000267028809,0.0,1.3599999999999999
07/02/2021,15.010000228881836,0.0,1.3599999999999999
07/06/2021,14.850000381469727,0.0,1.3599999999999999
07/07/2021,14.880000114440918,0.0,1.3599999999999999
07/08/2021,14.40999984741211,0.0,1.3599999999999999
07/09/2021,14.609999656677246,0.0,1.3599999999999999
07/12/2021,15.0,0.0,1.3599999999999999
07/13/2021,15.279999732971191,0.0,1.3599999999999999
07/14/2021,14.9399995803833,0.0,1.3599999999999999
07/15/2021,14.960000038146973,0.0,1.3599999999999999
07/16/2021,15.069999694824219,0.0,1.3599999999999999
07/19/2021,14.729999542236328,0.0,1.3599999999999999
07/20/2021,14.579999923706055,0.0,1.3599999999999999
07/21/2021,15.029999732971191,0.0,1.3599999999999999
07/22/2021,15.069999694824219,0.0,1.3599999999999999
07/23/2021,15.069999694824219,0.0,1.3599999999999999
07/26/2021,15.010000228881836,0.0,1.3599999999999999
07/27/2021,15.050000190734863,0.0,1.3599999999999999
07/28/2021,15.229999542236328,0.0,1.3599999999999999
07/29/2021,15.369999885559082,0.0,1.3599999999999999
07/30/2021,15.4399995803833,0.0,1.3599999999999999
