ADA-USD,Cardano USD,
Date,Price,Dividend,Annualized Dividend
10/01/2017,0.021678000688552856,0.0,0.0
10/02/2017,0.02460700087249279,0.0,0.0
10/03/2017,0.025756999850273132,0.0,0.0
10/04/2017,0.020864000543951988,0.0,0.0
10/05/2017,0.02195099927484989,0.0,0.0
10/06/2017,0.021359000355005264,0.0,0.0
10/07/2017,0.018414000049233437,0.0,0.0
10/08/2017,0.02092899940907955,0.0,0.0
10/09/2017,0.020344000309705734,0.0,0.0
10/10/2017,0.022112000733613968,0.0,0.0
10/11/2017,0.021479999646544456,0.0,0.0
10/12/2017,0.022538000717759132,0.0,0.0
10/13/2017,0.026061000302433968,0.0,0.0
10/14/2017,0.033876001834869385,0.0,0.0
10/15/2017,0.03287399932742119,0.0,0.0
10/16/2017,0.02993899956345558,0.0,0.0
10/17/2017,0.028953000903129578,0.0,0.0
10/18/2017,0.027218999341130257,0.0,0.0
10/19/2017,0.026704000309109688,0.0,0.0
10/20/2017,0.026982000097632408,0.0,0.0
10/21/2017,0.030805999413132668,0.0,0.0
10/22/2017,0.028565000742673874,0.0,0.0
10/23/2017,0.02768399938941002,0.0,0.0
10/24/2017,0.025338999927043915,0.0,0.0
10/25/2017,0.027038000524044037,0.0,0.0
10/26/2017,0.02740900032222271,0.0,0.0
10/27/2017,0.0271380003541708,0.0,0.0
10/28/2017,0.026339000090956688,0.0,0.0
10/29/2017,0.02583100087940693,0.0,0.0
10/30/2017,0.028317999094724655,0.0,0.0
10/31/2017,0.028547000139951706,0.0,0.0
11/01/2017,0.029126999899744987,0.0,0.0
11/02/2017,0.023079000413417816,0.0,0.0
11/03/2017,0.021417999640107155,0.0,0.0
11/04/2017,0.022640999406576157,0.0,0.0
11/05/2017,0.022053999826312065,0.0,0.0
11/06/2017,0.020976999774575233,0.0,0.0
11/07/2017,0.021846000105142593,0.0,0.0
11/08/2017,0.021911999210715294,0.0,0.0
11/09/2017,0.02515999972820282,0.0,0.0
11/10/2017,0.03221900016069412,0.0,0.0
11/11/2017,0.02689100056886673,0.0,0.0
11/12/2017,0.027480000630021095,0.0,0.0
11/13/2017,0.02436400018632412,0.0,0.0
11/14/2017,0.025797000154852867,0.0,0.0
11/15/2017,0.02611600048840046,0.0,0.0
11/16/2017,0.026582999154925346,0.0,0.0
11/17/2017,0.027142999693751335,0.0,0.0
11/18/2017,0.025597000494599342,0.0,0.0
11/19/2017,0.026242999359965324,0.0,0.0
11/20/2017,0.028152000159025192,0.0,0.0
11/21/2017,0.029587000608444214,0.0,0.0
11/22/2017,0.028398999944329262,0.0,0.0
11/23/2017,0.028540000319480896,0.0,0.0
11/24/2017,0.0274059996008873,0.0,0.0
11/25/2017,0.028324000537395477,0.0,0.0
11/26/2017,0.03043700009584427,0.0,0.0
11/27/2017,0.036619000136852264,0.0,0.0
11/28/2017,0.050627000629901886,0.0,0.0
11/29/2017,0.11823499947786331,0.0,0.0
11/30/2017,0.094930000603199,0.0,0.0
12/01/2017,0.11662200093269348,0.0,0.0
12/02/2017,0.131632998585701,0.0,0.0
12/03/2017,0.13235099613666534,0.0,0.0
12/04/2017,0.1315460056066513,0.0,0.0
12/05/2017,0.13562500476837158,0.0,0.0
12/06/2017,0.1267479956150055,0.0,0.0
12/07/2017,0.11776600033044815,0.0,0.0
12/08/2017,0.10614199936389923,0.0,0.0
12/09/2017,0.11474499851465225,0.0,0.0
12/10/2017,0.11979400366544724,0.0,0.0
12/11/2017,0.10892699658870697,0.0,0.0
12/12/2017,0.12117700278759003,0.0,0.0
12/13/2017,0.13373899459838867,0.0,0.0
12/14/2017,0.1336670070886612,0.0,0.0
12/15/2017,0.23320899903774261,0.0,0.0
12/16/2017,0.21287499368190765,0.0,0.0
12/17/2017,0.3867749869823456,0.0,0.0
12/18/2017,0.5119389891624451,0.0,0.0
12/19/2017,0.5202680230140686,0.0,0.0
12/20/2017,0.5337049961090088,0.0,0.0
12/21/2017,0.49004900455474854,0.0,0.0
12/22/2017,0.47897401452064514,0.0,0.0
12/23/2017,0.4144200086593628,0.0,0.0
12/24/2017,0.41666099429130554,0.0,0.0
12/25/2017,0.39232999086380005,0.0,0.0
12/26/2017,0.4135729968547821,0.0,0.0
12/27/2017,0.4271070063114166,0.0,0.0
12/28/2017,0.4120199978351593,0.0,0.0
12/29/2017,0.41045698523521423,0.0,0.0
12/30/2017,0.5283160209655762,0.0,0.0
12/31/2017,0.6425809860229492,0.0,0.0
01/01/2018,0.7188469767570496,0.0,0.0
01/02/2018,0.7246760129928589,0.0,0.0
01/03/2018,0.7796810269355774,0.0,0.0
01/04/2018,1.0940300226211548,0.0,0.0
01/05/2018,1.1711499691009521,0.0,0.0
01/06/2018,0.996999979019165,0.0,0.0
01/07/2018,1.024150013923645,0.0,0.0
01/08/2018,0.9993289709091187,0.0,0.0
01/09/2018,0.8981850147247314,0.0,0.0
01/10/2018,0.8158720135688782,0.0,0.0
01/11/2018,0.7915220260620117,0.0,0.0
01/12/2018,0.6957690119743347,0.0,0.0
01/13/2018,0.9174100160598755,0.0,0.0
01/14/2018,0.8819609880447388,0.0,0.0
01/15/2018,0.795760989189148,0.0,0.0
01/16/2018,0.7806209921836853,0.0,0.0
01/17/2018,0.6241229772567749,0.0,0.0
01/18/2018,0.6312950253486633,0.0,0.0
01/19/2018,0.6495440006256104,0.0,0.0
01/20/2018,0.6565639972686768,0.0,0.0
01/21/2018,0.7063909769058228,0.0,0.0
01/22/2018,0.6149830222129822,0.0,0.0
01/23/2018,0.5665370225906372,0.0,0.0
01/24/2018,0.5633689761161804,0.0,0.0
01/25/2018,0.6293370127677917,0.0,0.0
01/26/2018,0.6339030265808105,0.0,0.0
01/27/2018,0.6234769821166992,0.0,0.0
01/28/2018,0.6205599904060364,0.0,0.0
01/29/2018,0.6693729758262634,0.0,0.0
01/30/2018,0.6247990131378174,0.0,0.0
01/31/2018,0.5275980234146118,0.0,0.0
02/01/2018,0.5159119963645935,0.0,0.0
02/02/2018,0.4194599986076355,0.0,0.0
02/03/2018,0.40096500515937805,0.0,0.0
02/04/2018,0.4338650107383728,0.0,0.0
02/05/2018,0.38504400849342346,0.0,0.0
02/06/2018,0.3312090039253235,0.0,0.0
02/07/2018,0.36726701259613037,0.0,0.0
02/08/2018,0.3444640040397644,0.0,0.0
02/09/2018,0.35284799337387085,0.0,0.0
02/10/2018,0.3866710066795349,0.0,0.0
02/11/2018,0.40510401129722595,0.0,0.0
02/12/2018,0.37259501218795776,0.0,0.0
02/13/2018,0.383435994386673,0.0,0.0
02/14/2018,0.3737660050392151,0.0,0.0
02/15/2018,0.3946709930896759,0.0,0.0
02/16/2018,0.4101420044898987,0.0,0.0
02/17/2018,0.40240299701690674,0.0,0.0
02/18/2018,0.41835498809814453,0.0,0.0
02/19/2018,0.386929988861084,0.0,0.0
02/20/2018,0.3909420073032379,0.0,0.0
02/21/2018,0.37559300661087036,0.0,0.0
02/22/2018,0.362650990486145,0.0,0.0
02/23/2018,0.3347580134868622,0.0,0.0
02/24/2018,0.34366801381111145,0.0,0.0
02/25/2018,0.3221519887447357,0.0,0.0
02/26/2018,0.3452720046043396,0.0,0.0
02/27/2018,0.33913201093673706,0.0,0.0
02/28/2018,0.3344860076904297,0.0,0.0
03/01/2018,0.3119730055332184,0.0,0.0
03/02/2018,0.304423987865448,0.0,0.0
03/03/2018,0.2929520010948181,0.0,0.0
03/04/2018,0.2962850034236908,0.0,0.0
03/05/2018,0.2998969852924347,0.0,0.0
03/06/2018,0.29594698548316956,0.0,0.0
03/07/2018,0.2846739888191223,0.0,0.0
03/08/2018,0.2481600046157837,0.0,0.0
03/09/2018,0.22128599882125854,0.0,0.0
03/10/2018,0.22521600127220154,0.0,0.0
03/11/2018,0.20972099900245667,0.0,0.0
03/12/2018,0.22410400211811066,0.0,0.0
03/13/2018,0.22311000525951385,0.0,0.0
03/14/2018,0.22342999279499054,0.0,0.0
03/15/2018,0.19875499606132507,0.0,0.0
03/16/2018,0.18678799271583557,0.0,0.0
03/17/2018,0.1787700057029724,0.0,0.0
03/18/2018,0.15393100678920746,0.0,0.0
03/19/2018,0.16074900329113007,0.0,0.0
03/20/2018,0.19344699382781982,0.0,0.0
03/21/2018,0.2053149938583374,0.0,0.0
03/22/2018,0.2154030054807663,0.0,0.0
03/23/2018,0.20229800045490265,0.0,0.0
03/24/2018,0.1888439953327179,0.0,0.0
03/25/2018,0.18839600682258606,0.0,0.0
03/26/2018,0.18396000564098358,0.0,0.0
03/27/2018,0.16821500658988953,0.0,0.0
03/28/2018,0.15519599616527557,0.0,0.0
03/29/2018,0.16014300286769867,0.0,0.0
03/30/2018,0.14665399491786957,0.0,0.0
03/31/2018,0.14711500704288483,0.0,0.0
04/01/2018,0.15659700334072113,0.0,0.0
04/02/2018,0.1516910046339035,0.0,0.0
04/03/2018,0.15786400437355042,0.0,0.0
04/04/2018,0.17115800082683563,0.0,0.0
04/05/2018,0.15559199452400208,0.0,0.0
04/06/2018,0.14839400351047516,0.0,0.0
04/07/2018,0.14488500356674194,0.0,0.0
04/08/2018,0.148825004696846,0.0,0.0
04/09/2018,0.15709400177001953,0.0,0.0
04/10/2018,0.15323999524116516,0.0,0.0
04/11/2018,0.15676100552082062,0.0,0.0
04/12/2018,0.1667570024728775,0.0,0.0
04/13/2018,0.21163199841976166,0.0,0.0
04/14/2018,0.1986750066280365,0.0,0.0
04/15/2018,0.20138899981975555,0.0,0.0
04/16/2018,0.22188900411128998,0.0,0.0
04/17/2018,0.25508999824523926,0.0,0.0
04/18/2018,0.24273400008678436,0.0,0.0
04/19/2018,0.26749300956726074,0.0,0.0
04/20/2018,0.27098599076271057,0.0,0.0
04/21/2018,0.30229198932647705,0.0,0.0
04/22/2018,0.28748801350593567,0.0,0.0
04/23/2018,0.28555798530578613,0.0,0.0
04/24/2018,0.28853899240493774,0.0,0.0
04/25/2018,0.3128049969673157,0.0,0.0
04/26/2018,0.27079498767852783,0.0,0.0
04/27/2018,0.29458901286125183,0.0,0.0
04/28/2018,0.2871299982070923,0.0,0.0
04/29/2018,0.3606700003147125,0.0,0.0
04/30/2018,0.3642970025539398,0.0,0.0
05/01/2018,0.34295299649238586,0.0,0.0
05/02/2018,0.35760200023651123,0.0,0.0
05/03/2018,0.3719260096549988,0.0,0.0
05/04/2018,0.3707770109176636,0.0,0.0
05/05/2018,0.3613179922103882,0.0,0.0
05/06/2018,0.36593300104141235,0.0,0.0
05/07/2018,0.349947988986969,0.0,0.0
05/08/2018,0.3355950117111206,0.0,0.0
05/09/2018,0.3284260034561157,0.0,0.0
05/10/2018,0.3238790035247803,0.0,0.0
05/11/2018,0.2967970073223114,0.0,0.0
05/12/2018,0.2626489996910095,0.0,0.0
05/13/2018,0.27164000272750854,0.0,0.0
05/14/2018,0.28585198521614075,0.0,0.0
05/15/2018,0.2742690145969391,0.0,0.0
05/16/2018,0.25908198952674866,0.0,0.0
05/17/2018,0.25735199451446533,0.0,0.0
05/18/2018,0.2428160011768341,0.0,0.0
05/19/2018,0.24619899690151215,0.0,0.0
05/20/2018,0.2431430071592331,0.0,0.0
05/21/2018,0.25613000988960266,0.0,0.0
05/22/2018,0.24939699470996857,0.0,0.0
05/23/2018,0.22439299523830414,0.0,0.0
05/24/2018,0.20332400500774384,0.0,0.0
05/25/2018,0.20905999839305878,0.0,0.0
05/26/2018,0.19976100325584412,0.0,0.0
05/27/2018,0.1963540017604828,0.0,0.0
05/28/2018,0.1936960071325302,0.0,0.0
05/29/2018,0.17547500133514404,0.0,0.0
05/30/2018,0.203685000538826,0.0,0.0
05/31/2018,0.2103929966688156,0.0,0.0
06/01/2018,0.22453300654888153,0.0,0.0
06/02/2018,0.22270099818706512,0.0,0.0
06/03/2018,0.22769999504089355,0.0,0.0
06/04/2018,0.2281550019979477,0.0,0.0
06/05/2018,0.21424700319766998,0.0,0.0
06/06/2018,0.22056500613689423,0.0,0.0
06/07/2018,0.21610499918460846,0.0,0.0
06/08/2018,0.21083100140094757,0.0,0.0
06/09/2018,0.2052599936723709,0.0,0.0
06/10/2018,0.2015170007944107,0.0,0.0
06/11/2018,0.1762620061635971,0.0,0.0
06/12/2018,0.18134799599647522,0.0,0.0
06/13/2018,0.1661359965801239,0.0,0.0
06/14/2018,0.1602499932050705,0.0,0.0
06/15/2018,0.17221799492835999,0.0,0.0
06/16/2018,0.16274100542068481,0.0,0.0
06/17/2018,0.16313700377941132,0.0,0.0
06/18/2018,0.16112199425697327,0.0,0.0
06/19/2018,0.16470199823379517,0.0,0.0
06/20/2018,0.1667809933423996,0.0,0.0
06/21/2018,0.1620510071516037,0.0,0.0
06/22/2018,0.15846000611782074,0.0,0.0
06/23/2018,0.14033399522304535,0.0,0.0
06/24/2018,0.13835500180721283,0.0,0.0
06/25/2018,0.13232100009918213,0.0,0.0
06/26/2018,0.1356229931116104,0.0,0.0
06/27/2018,0.12655100226402283,0.0,0.0
06/28/2018,0.12739300727844238,0.0,0.0
06/29/2018,0.11939699947834015,0.0,0.0
06/30/2018,0.12603600323200226,0.0,0.0
07/01/2018,0.138264000415802,0.0,0.0
07/02/2018,0.14259099960327148,0.0,0.0
07/03/2018,0.15852199494838715,0.0,0.0
07/04/2018,0.1501999944448471,0.0,0.0
07/05/2018,0.15159699320793152,0.0,0.0
07/06/2018,0.1487489938735962,0.0,0.0
07/07/2018,0.14625699818134308,0.0,0.0
07/08/2018,0.1499529927968979,0.0,0.0
07/09/2018,0.14534500241279602,0.0,0.0
07/10/2018,0.13972899317741394,0.0,0.0
07/11/2018,0.12880100309848785,0.0,0.0
07/12/2018,0.13155999779701233,0.0,0.0
07/13/2018,0.1272989958524704,0.0,0.0
07/14/2018,0.1383650004863739,0.0,0.0
07/15/2018,0.1370290070772171,0.0,0.0
07/16/2018,0.14227700233459473,0.0,0.0
07/17/2018,0.1549150049686432,0.0,0.0
07/18/2018,0.1702989935874939,0.0,0.0
07/19/2018,0.17898599803447723,0.0,0.0
07/20/2018,0.17989300191402435,0.0,0.0
07/21/2018,0.16199399530887604,0.0,0.0
07/22/2018,0.16387400031089783,0.0,0.0
07/23/2018,0.16952599585056305,0.0,0.0
07/24/2018,0.16473600268363953,0.0,0.0
07/25/2018,0.17236000299453735,0.0,0.0
07/26/2018,0.17241600155830383,0.0,0.0
07/27/2018,0.164450004696846,0.0,0.0
07/28/2018,0.16622799634933472,0.0,0.0
07/29/2018,0.1641629934310913,0.0,0.0
07/30/2018,0.16323399543762207,0.0,0.0
07/31/2018,0.1540669947862625,0.0,0.0
08/01/2018,0.1430860012769699,0.0,0.0
08/02/2018,0.1413159966468811,0.0,0.0
08/03/2018,0.13141599297523499,0.0,0.0
08/04/2018,0.1307709962129593,0.0,0.0
08/05/2018,0.12729200720787048,0.0,0.0
08/06/2018,0.13091899454593658,0.0,0.0
08/07/2018,0.13092300295829773,0.0,0.0
08/08/2018,0.12559400498867035,0.0,0.0
08/09/2018,0.11450699716806412,0.0,0.0
08/10/2018,0.1240909993648529,0.0,0.0
08/11/2018,0.11644399911165237,0.0,0.0
08/12/2018,0.1124970018863678,0.0,0.0
08/13/2018,0.11318299919366837,0.0,0.0
08/14/2018,0.10277900099754333,0.0,0.0
08/15/2018,0.095489002764225,0.0,0.0
08/16/2018,0.09503600001335144,0.0,0.0
08/17/2018,0.09568200260400772,0.0,0.0
08/18/2018,0.10984700173139572,0.0,0.0
08/19/2018,0.09974399954080582,0.0,0.0
08/20/2018,0.10224299877882004,0.0,0.0
08/21/2018,0.09316100180149078,0.0,0.0
08/22/2018,0.0950160026550293,0.0,0.0
08/23/2018,0.09020499885082245,0.0,0.0
08/24/2018,0.09284599870443344,0.0,0.0
08/25/2018,0.09430500119924545,0.0,0.0
08/26/2018,0.09426199644804001,0.0,0.0
08/27/2018,0.09317799657583237,0.0,0.0
08/28/2018,0.10056500136852264,0.0,0.0
08/29/2018,0.10561099648475647,0.0,0.0
08/30/2018,0.1052049994468689,0.0,0.0
08/31/2018,0.1009019985795021,0.0,0.0
09/01/2018,0.10187699645757675,0.0,0.0
09/02/2018,0.10690300166606903,0.0,0.0
09/03/2018,0.10464999824762344,0.0,0.0
09/04/2018,0.10348399728536606,0.0,0.0
09/05/2018,0.1052670031785965,0.0,0.0
09/06/2018,0.08752500265836716,0.0,0.0
09/07/2018,0.08852100372314453,0.0,0.0
09/08/2018,0.0841199979186058,0.0,0.0
09/09/2018,0.0784429982304573,0.0,0.0
09/10/2018,0.07727699726819992,0.0,0.0
09/11/2018,0.0741799995303154,0.0,0.0
09/12/2018,0.0707940012216568,0.0,0.0
09/13/2018,0.06705299764871597,0.0,0.0
09/14/2018,0.07009399682283401,0.0,0.0
09/15/2018,0.0679280012845993,0.0,0.0
09/16/2018,0.06915300339460373,0.0,0.0
09/17/2018,0.0698539987206459,0.0,0.0
09/18/2018,0.06356800347566605,0.0,0.0
09/19/2018,0.06914599984884262,0.0,0.0
09/20/2018,0.07243900001049042,0.0,0.0
09/21/2018,0.08177799731492996,0.0,0.0
09/22/2018,0.08765999972820282,0.0,0.0
09/23/2018,0.08348800241947174,0.0,0.0
09/24/2018,0.08970600366592407,0.0,0.0
09/25/2018,0.0823030024766922,0.0,0.0
09/26/2018,0.08099199831485748,0.0,0.0
09/27/2018,0.07946600019931793,0.0,0.0
09/28/2018,0.0864029973745346,0.0,0.0
09/29/2018,0.08371199667453766,0.0,0.0
09/30/2018,0.08436799794435501,0.0,0.0
10/01/2018,0.08529199659824371,0.0,0.0
10/02/2018,0.08460400253534317,0.0,0.0
10/03/2018,0.08203200250864029,0.0,0.0
10/04/2018,0.08081799745559692,0.0,0.0
10/05/2018,0.08138100057840347,0.0,0.0
10/06/2018,0.08330900222063065,0.0,0.0
10/07/2018,0.08145400136709213,0.0,0.0
10/08/2018,0.08453100174665451,0.0,0.0
10/09/2018,0.08677300065755844,0.0,0.0
10/10/2018,0.08634500205516815,0.0,0.0
10/11/2018,0.08452499657869339,0.0,0.0
10/12/2018,0.07033900171518326,0.0,0.0
10/13/2018,0.07263699918985367,0.0,0.0
10/14/2018,0.07306300103664398,0.0,0.0
10/15/2018,0.07043600082397461,0.0,0.0
10/16/2018,0.07478799670934677,0.0,0.0
10/17/2018,0.07586000114679337,0.0,0.0
10/18/2018,0.07753600180149078,0.0,0.0
10/19/2018,0.07502199709415436,0.0,0.0
10/20/2018,0.07578899711370468,0.0,0.0
10/21/2018,0.07630500197410583,0.0,0.0
10/22/2018,0.07575400173664093,0.0,0.0
10/23/2018,0.07586400210857391,0.0,0.0
10/24/2018,0.07461199909448624,0.0,0.0
10/25/2018,0.0742890015244484,0.0,0.0
10/26/2018,0.07374799996614456,0.0,0.0
10/27/2018,0.07368700206279755,0.0,0.0
10/28/2018,0.0730300024151802,0.0,0.0
10/29/2018,0.07304199784994125,0.0,0.0
10/30/2018,0.06963200122117996,0.0,0.0
10/31/2018,0.06972300261259079,0.0,0.0
11/01/2018,0.06969799846410751,0.0,0.0
11/02/2018,0.07081399857997894,0.0,0.0
11/03/2018,0.07256100326776505,0.0,0.0
11/04/2018,0.07149200141429901,0.0,0.0
11/05/2018,0.07596100121736526,0.0,0.0
11/06/2018,0.07633700221776962,0.0,0.0
11/07/2018,0.08101999759674072,0.0,0.0
11/08/2018,0.07839100062847137,0.0,0.0
11/09/2018,0.07632400095462799,0.0,0.0
11/10/2018,0.07416699826717377,0.0,0.0
11/11/2018,0.07516500353813171,0.0,0.0
11/12/2018,0.07681799679994583,0.0,0.0
11/13/2018,0.07588300108909607,0.0,0.0
11/14/2018,0.07343900203704834,0.0,0.0
11/15/2018,0.06484699994325638,0.0,0.0
11/16/2018,0.06324200332164764,0.0,0.0
11/17/2018,0.06106200069189072,0.0,0.0
11/18/2018,0.06080299988389015,0.0,0.0
11/19/2018,0.06190299987792969,0.0,0.0
11/20/2018,0.052657999098300934,0.0,0.0
11/21/2018,0.045148998498916626,0.0,0.0
11/22/2018,0.047885000705718994,0.0,0.0
11/23/2018,0.04406199976801872,0.0,0.0
11/24/2018,0.04341999813914299,0.0,0.0
11/25/2018,0.038628000766038895,0.0,0.0
11/26/2018,0.03776099905371666,0.0,0.0
11/27/2018,0.03568200021982193,0.0,0.0
11/28/2018,0.03650999814271927,0.0,0.0
11/29/2018,0.04226899892091751,0.0,0.0
11/30/2018,0.04198399931192398,0.0,0.0
12/01/2018,0.03899100050330162,0.0,0.0
12/02/2018,0.041349999606609344,0.0,0.0
12/03/2018,0.041873998939991,0.0,0.0
12/04/2018,0.03855700045824051,0.0,0.0
12/05/2018,0.03765900060534477,0.0,0.0
12/06/2018,0.034318000078201294,0.0,0.0
12/07/2018,0.030796999111771584,0.0,0.0
12/08/2018,0.029812000691890717,0.0,0.0
12/09/2018,0.030642999336123466,0.0,0.0
12/10/2018,0.03165299817919731,0.0,0.0
12/11/2018,0.03011699952185154,0.0,0.0
12/12/2018,0.02943900041282177,0.0,0.0
12/13/2018,0.03063499927520752,0.0,0.0
12/14/2018,0.029234999790787697,0.0,0.0
12/15/2018,0.028395000845193863,0.0,0.0
12/16/2018,0.028202999383211136,0.0,0.0
12/17/2018,0.02917500026524067,0.0,0.0
12/18/2018,0.03282000124454498,0.0,0.0
12/19/2018,0.03486299887299538,0.0,0.0
12/20/2018,0.03421200066804886,0.0,0.0
12/21/2018,0.03907899931073189,0.0,0.0
12/22/2018,0.040658000856637955,0.0,0.0
12/23/2018,0.04220300167798996,0.0,0.0
12/24/2018,0.04428600147366524,0.0,0.0
12/25/2018,0.04567499831318855,0.0,0.0
12/26/2018,0.04160299897193909,0.0,0.0
12/27/2018,0.04122500121593475,0.0,0.0
12/28/2018,0.03701699897646904,0.0,0.0
12/29/2018,0.04187300056219101,0.0,0.0
12/30/2018,0.04159700125455856,0.0,0.0
12/31/2018,0.04323200136423111,0.0,0.0
01/01/2019,0.04098400101065636,0.0,0.0
01/02/2019,0.04256799817085266,0.0,0.0
01/03/2019,0.04510600119829178,0.0,0.0
01/04/2019,0.042628999799489975,0.0,0.0
01/05/2019,0.04365900158882141,0.0,0.0
01/06/2019,0.04470900073647499,0.0,0.0
01/07/2019,0.04926599934697151,0.0,0.0
01/08/2019,0.04814000055193901,0.0,0.0
01/09/2019,0.04856700077652931,0.0,0.0
01/10/2019,0.052048999816179276,0.0,0.0
01/11/2019,0.044321998953819275,0.0,0.0
01/12/2019,0.04415399953722954,0.0,0.0
01/13/2019,0.04381199926137924,0.0,0.0
01/14/2019,0.04024900123476982,0.0,0.0
01/15/2019,0.0441569983959198,0.0,0.0
01/16/2019,0.042768001556396484,0.0,0.0
01/17/2019,0.044867999851703644,0.0,0.0
01/18/2019,0.04530800133943558,0.0,0.0
01/19/2019,0.04427500069141388,0.0,0.0
01/20/2019,0.045673999935388565,0.0,0.0
01/21/2019,0.04354099929332733,0.0,0.0
01/22/2019,0.04288899898529053,0.0,0.0
01/23/2019,0.04354799911379814,0.0,0.0
01/24/2019,0.04293699935078621,0.0,0.0
01/25/2019,0.04309700056910515,0.0,0.0
01/26/2019,0.04268699884414673,0.0,0.0
01/27/2019,0.0426659993827343,0.0,0.0
01/28/2019,0.04113699868321419,0.0,0.0
01/29/2019,0.0387130007147789,0.0,0.0
01/30/2019,0.0381769984960556,0.0,0.0
01/31/2019,0.039698999375104904,0.0,0.0
02/01/2019,0.038440998643636703,0.0,0.0
02/02/2019,0.03859800100326538,0.0,0.0
02/03/2019,0.03925900161266327,0.0,0.0
02/04/2019,0.03813000023365021,0.0,0.0
02/05/2019,0.03782400116324425,0.0,0.0
02/06/2019,0.03799299895763397,0.0,0.0
02/07/2019,0.03665100038051605,0.0,0.0
02/08/2019,0.0363989993929863,0.0,0.0
02/09/2019,0.04077500104904175,0.0,0.0
02/10/2019,0.04104999825358391,0.0,0.0
02/11/2019,0.042771998792886734,0.0,0.0
02/12/2019,0.041680000722408295,0.0,0.0
02/13/2019,0.04175499826669693,0.0,0.0
02/14/2019,0.0411360003054142,0.0,0.0
02/15/2019,0.040536001324653625,0.0,0.0
02/16/2019,0.04061900079250336,0.0,0.0
02/17/2019,0.041026998311281204,0.0,0.0
02/18/2019,0.041467998176813126,0.0,0.0
02/19/2019,0.04568200185894966,0.0,0.0
02/20/2019,0.04617699980735779,0.0,0.0
02/21/2019,0.04758400097489357,0.0,0.0
02/22/2019,0.04504099860787392,0.0,0.0
02/23/2019,0.0459819994866848,0.0,0.0
02/24/2019,0.04872699826955795,0.0,0.0
02/25/2019,0.04216799885034561,0.0,0.0
02/26/2019,0.04396500065922737,0.0,0.0
02/27/2019,0.04332900047302246,0.0,0.0
02/28/2019,0.04324499890208244,0.0,0.0
03/01/2019,0.043111998587846756,0.0,0.0
03/02/2019,0.043216999620199203,0.0,0.0
03/03/2019,0.04285300150513649,0.0,0.0
03/04/2019,0.04230299964547157,0.0,0.0
03/05/2019,0.040598999708890915,0.0,0.0
03/06/2019,0.043184999376535416,0.0,0.0
03/07/2019,0.04284999892115593,0.0,0.0
03/08/2019,0.042952001094818115,0.0,0.0
03/09/2019,0.04268600046634674,0.0,0.0
03/10/2019,0.04675399884581566,0.0,0.0
03/11/2019,0.04569699987769127,0.0,0.0
03/12/2019,0.04766499996185303,0.0,0.0
03/13/2019,0.04736600071191788,0.0,0.0
03/14/2019,0.046574998646974564,0.0,0.0
03/15/2019,0.047986000776290894,0.0,0.0
03/16/2019,0.05011200159788132,0.0,0.0
03/17/2019,0.051600001752376556,0.0,0.0
03/18/2019,0.050310999155044556,0.0,0.0
03/19/2019,0.050457000732421875,0.0,0.0
03/20/2019,0.05271900072693825,0.0,0.0
03/21/2019,0.053957000374794006,0.0,0.0
03/22/2019,0.05290599912405014,0.0,0.0
03/23/2019,0.057992998510599136,0.0,0.0
03/24/2019,0.06372299790382385,0.0,0.0
03/25/2019,0.06185000017285347,0.0,0.0
03/26/2019,0.059206001460552216,0.0,0.0
03/27/2019,0.06223199889063835,0.0,0.0
03/28/2019,0.06759300082921982,0.0,0.0
03/29/2019,0.06576299667358398,0.0,0.0
03/30/2019,0.07125700265169144,0.0,0.0
03/31/2019,0.07173900306224823,0.0,0.0
04/01/2019,0.06965100020170212,0.0,0.0
04/02/2019,0.07231000065803528,0.0,0.0
04/03/2019,0.08543699979782104,0.0,0.0
04/04/2019,0.09051799774169922,0.0,0.0
04/05/2019,0.08735500276088715,0.0,0.0
04/06/2019,0.09121400117874146,0.0,0.0
04/07/2019,0.09016100317239761,0.0,0.0
04/08/2019,0.09046600013971329,0.0,0.0
04/09/2019,0.08698900043964386,0.0,0.0
04/10/2019,0.0837789997458458,0.0,0.0
04/11/2019,0.08992899954319,0.0,0.0
04/12/2019,0.0835840031504631,0.0,0.0
04/13/2019,0.08348499983549118,0.0,0.0
04/14/2019,0.08373100310564041,0.0,0.0
04/15/2019,0.08464299887418747,0.0,0.0
04/16/2019,0.08226499706506729,0.0,0.0
04/17/2019,0.08378499746322632,0.0,0.0
04/18/2019,0.08306600153446198,0.0,0.0
04/19/2019,0.08173900097608566,0.0,0.0
04/20/2019,0.0795150026679039,0.0,0.0
04/21/2019,0.076555997133255,0.0,0.0
04/22/2019,0.07410100102424622,0.0,0.0
04/23/2019,0.07806699723005295,0.0,0.0
04/24/2019,0.07452400028705597,0.0,0.0
04/25/2019,0.07264299690723419,0.0,0.0
04/26/2019,0.06934700161218643,0.0,0.0
04/27/2019,0.06921099871397018,0.0,0.0
04/28/2019,0.07018899917602539,0.0,0.0
04/29/2019,0.0686199963092804,0.0,0.0
04/30/2019,0.06466100364923477,0.0,0.0
05/01/2019,0.07033800333738327,0.0,0.0
05/02/2019,0.06902000308036804,0.0,0.0
05/03/2019,0.06857500225305557,0.0,0.0
05/04/2019,0.06985799968242645,0.0,0.0
05/05/2019,0.06690700352191925,0.0,0.0
05/06/2019,0.06616400182247162,0.0,0.0
05/07/2019,0.06675899773836136,0.0,0.0
05/08/2019,0.06401699781417847,0.0,0.0
05/09/2019,0.06460600346326828,0.0,0.0
05/10/2019,0.061694998294115067,0.0,0.0
05/11/2019,0.06335499882698059,0.0,0.0
05/12/2019,0.07514499872922897,0.0,0.0
05/13/2019,0.07008600234985352,0.0,0.0
05/14/2019,0.07301600277423859,0.0,0.0
05/15/2019,0.08456200361251831,0.0,0.0
05/16/2019,0.09399600327014923,0.0,0.0
05/17/2019,0.08820699900388718,0.0,0.0
05/18/2019,0.08325999975204468,0.0,0.0
05/19/2019,0.07906299829483032,0.0,0.0
05/20/2019,0.08696199953556061,0.0,0.0
05/21/2019,0.08484400063753128,0.0,0.0
05/22/2019,0.08460299670696259,0.0,0.0
05/23/2019,0.07791399955749512,0.0,0.0
05/24/2019,0.08072499930858612,0.0,0.0
05/25/2019,0.08086899667978287,0.0,0.0
05/26/2019,0.08050200343132019,0.0,0.0
05/27/2019,0.0860380008816719,0.0,0.0
05/28/2019,0.09154900163412094,0.0,0.0
05/29/2019,0.09287399798631668,0.0,0.0
05/30/2019,0.09083200246095657,0.0,0.0
05/31/2019,0.08450999855995178,0.0,0.0
06/01/2019,0.08946199715137482,0.0,0.0
06/02/2019,0.09069500118494034,0.0,0.0
06/03/2019,0.09658599644899368,0.0,0.0
06/04/2019,0.08844699710607529,0.0,0.0
06/05/2019,0.08271899819374084,0.0,0.0
06/06/2019,0.08339100331068039,0.0,0.0
06/07/2019,0.083406001329422,0.0,0.0
06/08/2019,0.08585599809885025,0.0,0.0
06/09/2019,0.08420500159263611,0.0,0.0
06/10/2019,0.0794299989938736,0.0,0.0
06/11/2019,0.08559499680995941,0.0,0.0
06/12/2019,0.08799800276756287,0.0,0.0
06/13/2019,0.09633100032806396,0.0,0.0
06/14/2019,0.08977600187063217,0.0,0.0
06/15/2019,0.09065700322389603,0.0,0.0
06/16/2019,0.09169500321149826,0.0,0.0
06/17/2019,0.09229099750518799,0.0,0.0
06/18/2019,0.09359599649906158,0.0,0.0
06/19/2019,0.08915500342845917,0.0,0.0
06/20/2019,0.08997900038957596,0.0,0.0
06/21/2019,0.08740299940109253,0.0,0.0
06/22/2019,0.08962900191545486,0.0,0.0
06/23/2019,0.09440299868583679,0.0,0.0
06/24/2019,0.09664399921894073,0.0,0.0
06/25/2019,0.09781300276517868,0.0,0.0
06/26/2019,0.09635700285434723,0.0,0.0
06/27/2019,0.0977569967508316,0.0,0.0
06/28/2019,0.08648200333118439,0.0,0.0
06/29/2019,0.08929699659347534,0.0,0.0
06/30/2019,0.09048599749803543,0.0,0.0
07/01/2019,0.08209799975156784,0.0,0.0
07/02/2019,0.08380000293254852,0.0,0.0
07/03/2019,0.08103299885988235,0.0,0.0
07/04/2019,0.08300700038671494,0.0,0.0
07/05/2019,0.07780499756336212,0.0,0.0
07/06/2019,0.0765179991722107,0.0,0.0
07/07/2019,0.07734599709510803,0.0,0.0
07/08/2019,0.07993199676275253,0.0,0.0
07/09/2019,0.08045200258493423,0.0,0.0
07/10/2019,0.07801199704408646,0.0,0.0
07/11/2019,0.07193399965763092,0.0,0.0
07/12/2019,0.06518100202083588,0.0,0.0
07/13/2019,0.06980500370264053,0.0,0.0
07/14/2019,0.0667949989438057,0.0,0.0
07/15/2019,0.05941300094127655,0.0,0.0
07/16/2019,0.059516001492738724,0.0,0.0
07/17/2019,0.05195299908518791,0.0,0.0
07/18/2019,0.05523499846458435,0.0,0.0
07/19/2019,0.058772001415491104,0.0,0.0
07/20/2019,0.059808000922203064,0.0,0.0
07/21/2019,0.06294400244951248,0.0,0.0
07/22/2019,0.06120799854397774,0.0,0.0
07/23/2019,0.059463001787662506,0.0,0.0
07/24/2019,0.05581200122833252,0.0,0.0
07/25/2019,0.05907300114631653,0.0,0.0
07/26/2019,0.058678001165390015,0.0,0.0
07/27/2019,0.06288400292396545,0.0,0.0
07/28/2019,0.0598750002682209,0.0,0.0
07/29/2019,0.05937900021672249,0.0,0.0
07/30/2019,0.06041400134563446,0.0,0.0
07/31/2019,0.05994199961423874,0.0,0.0
08/01/2019,0.06015999987721443,0.0,0.0
08/02/2019,0.05886400118470192,0.0,0.0
08/03/2019,0.05741700157523155,0.0,0.0
08/04/2019,0.05776999890804291,0.0,0.0
08/05/2019,0.05626999959349632,0.0,0.0
08/06/2019,0.056651998311281204,0.0,0.0
08/07/2019,0.053373999893665314,0.0,0.0
08/08/2019,0.051906000822782516,0.0,0.0
08/09/2019,0.051910001784563065,0.0,0.0
08/10/2019,0.047641001641750336,0.0,0.0
08/11/2019,0.05199199914932251,0.0,0.0
08/12/2019,0.0547959990799427,0.0,0.0
08/13/2019,0.052932001650333405,0.0,0.0
08/14/2019,0.05255400016903877,0.0,0.0
08/15/2019,0.04709000140428543,0.0,0.0
08/16/2019,0.04753600060939789,0.0,0.0
08/17/2019,0.04686899855732918,0.0,0.0
08/18/2019,0.04742399975657463,0.0,0.0
08/19/2019,0.050725001841783524,0.0,0.0
08/20/2019,0.05025099962949753,0.0,0.0
08/21/2019,0.049226000905036926,0.0,0.0
08/22/2019,0.04715299978852272,0.0,0.0
08/23/2019,0.04941000044345856,0.0,0.0
08/24/2019,0.04980200156569481,0.0,0.0
08/25/2019,0.05017000064253807,0.0,0.0
08/26/2019,0.04945399984717369,0.0,0.0
08/27/2019,0.049706000834703445,0.0,0.0
08/28/2019,0.049862999469041824,0.0,0.0
08/29/2019,0.04583499953150749,0.0,0.0
08/30/2019,0.0447160005569458,0.0,0.0
08/31/2019,0.04482400044798851,0.0,0.0
09/01/2019,0.04495200142264366,0.0,0.0
09/02/2019,0.044555000960826874,0.0,0.0
09/03/2019,0.0453759990632534,0.0,0.0
09/04/2019,0.04678399860858917,0.0,0.0
09/05/2019,0.045504000037908554,0.0,0.0
09/06/2019,0.044436998665332794,0.0,0.0
09/07/2019,0.044426001608371735,0.0,0.0
09/08/2019,0.04621100053191185,0.0,0.0
09/09/2019,0.04670599848031998,0.0,0.0
09/10/2019,0.04690299928188324,0.0,0.0
09/11/2019,0.04649600014090538,0.0,0.0
09/12/2019,0.044992998242378235,0.0,0.0
09/13/2019,0.045462001115083694,0.0,0.0
09/14/2019,0.04575800150632858,0.0,0.0
09/15/2019,0.04650700092315674,0.0,0.0
09/16/2019,0.04681500047445297,0.0,0.0
09/17/2019,0.047109998762607574,0.0,0.0
09/18/2019,0.048948999494314194,0.0,0.0
09/19/2019,0.05329599976539612,0.0,0.0
09/20/2019,0.05249100178480148,0.0,0.0
09/21/2019,0.05233500152826309,0.0,0.0
09/22/2019,0.05189400166273117,0.0,0.0
09/23/2019,0.04904500022530556,0.0,0.0
09/24/2019,0.04625900089740753,0.0,0.0
09/25/2019,0.0376100018620491,0.0,0.0
09/26/2019,0.0394119992852211,0.0,0.0
09/27/2019,0.03822999820113182,0.0,0.0
09/28/2019,0.03951000049710274,0.0,0.0
09/29/2019,0.03882800042629242,0.0,0.0
09/30/2019,0.037473998963832855,0.0,0.0
10/01/2019,0.03888599947094917,0.0,0.0
10/02/2019,0.03850699961185455,0.0,0.0
10/03/2019,0.039400000125169754,0.0,0.0
10/04/2019,0.03836200013756752,0.0,0.0
10/05/2019,0.03965499997138977,0.0,0.0
10/06/2019,0.039712999016046524,0.0,0.0
10/07/2019,0.03930500149726868,0.0,0.0
10/08/2019,0.04167599976062775,0.0,0.0
10/09/2019,0.04144199937582016,0.0,0.0
10/10/2019,0.042628999799489975,0.0,0.0
10/11/2019,0.041701000183820724,0.0,0.0
10/12/2019,0.040539998561143875,0.0,0.0
10/13/2019,0.040539998561143875,0.0,0.0
10/14/2019,0.04132499918341637,0.0,0.0
10/15/2019,0.0417959988117218,0.0,0.0
10/16/2019,0.03976000100374222,0.0,0.0
10/17/2019,0.038725998252630234,0.0,0.0
10/18/2019,0.03952699899673462,0.0,0.0
10/19/2019,0.038079001009464264,0.0,0.0
10/20/2019,0.03921699896454811,0.0,0.0
10/21/2019,0.03954299911856651,0.0,0.0
10/22/2019,0.039271000772714615,0.0,0.0
10/23/2019,0.03881999850273132,0.0,0.0
10/24/2019,0.03640900179743767,0.0,0.0
10/25/2019,0.03767799958586693,0.0,0.0
10/26/2019,0.04121999815106392,0.0,0.0
10/27/2019,0.04053699970245361,0.0,0.0
10/28/2019,0.04231499880552292,0.0,0.0
10/29/2019,0.04232800006866455,0.0,0.0
10/30/2019,0.043428000062704086,0.0,0.0
10/31/2019,0.04196299985051155,0.0,0.0
11/01/2019,0.041645001620054245,0.0,0.0
11/02/2019,0.04233599826693535,0.0,0.0
11/03/2019,0.04258099943399429,0.0,0.0
11/04/2019,0.0418890006840229,0.0,0.0
11/05/2019,0.04326099902391434,0.0,0.0
11/06/2019,0.044300999492406845,0.0,0.0
11/07/2019,0.04492799937725067,0.0,0.0
11/08/2019,0.043643999844789505,0.0,0.0
11/09/2019,0.04229800030589104,0.0,0.0
11/10/2019,0.042438000440597534,0.0,0.0
11/11/2019,0.043970998376607895,0.0,0.0
11/12/2019,0.04325700178742409,0.0,0.0
11/13/2019,0.0437219999730587,0.0,0.0
11/14/2019,0.0434890016913414,0.0,0.0
11/15/2019,0.043129999190568924,0.0,0.0
11/16/2019,0.043977998197078705,0.0,0.0
11/17/2019,0.04415300115942955,0.0,0.0
11/18/2019,0.045402999967336655,0.0,0.0
11/19/2019,0.04369699954986572,0.0,0.0
11/20/2019,0.0425879992544651,0.0,0.0
11/21/2019,0.041168998926877975,0.0,0.0
11/22/2019,0.038447000086307526,0.0,0.0
11/23/2019,0.03715899959206581,0.0,0.0
11/24/2019,0.038371000438928604,0.0,0.0
11/25/2019,0.03554299846291542,0.0,0.0
11/26/2019,0.036045998334884644,0.0,0.0
11/27/2019,0.03695499897003174,0.0,0.0
11/28/2019,0.039129000157117844,0.0,0.0
11/29/2019,0.03922700136899948,0.0,0.0
11/30/2019,0.041416000574827194,0.0,0.0
12/01/2019,0.04042600095272064,0.0,0.0
12/02/2019,0.039611998945474625,0.0,0.0
12/03/2019,0.038047000765800476,0.0,0.0
12/04/2019,0.03790599852800369,0.0,0.0
12/05/2019,0.03740200027823448,0.0,0.0
12/06/2019,0.03787900134921074,0.0,0.0
12/07/2019,0.038311999291181564,0.0,0.0
12/08/2019,0.038752999156713486,0.0,0.0
12/09/2019,0.03893199935555458,0.0,0.0
12/10/2019,0.037473998963832855,0.0,0.0
12/11/2019,0.03660200163722038,0.0,0.0
12/12/2019,0.03665199875831604,0.0,0.0
12/13/2019,0.036719001829624176,0.0,0.0
12/14/2019,0.0371600016951561,0.0,0.0
12/15/2019,0.03644900023937225,0.0,0.0
12/16/2019,0.03666200116276741,0.0,0.0
12/17/2019,0.034269001334905624,0.0,0.0
12/18/2019,0.031794000416994095,0.0,0.0
12/19/2019,0.03445599973201752,0.0,0.0
12/20/2019,0.033263999968767166,0.0,0.0
12/21/2019,0.03400000184774399,0.0,0.0
12/22/2019,0.033264998346567154,0.0,0.0
12/23/2019,0.03444100171327591,0.0,0.0
12/24/2019,0.033195000141859055,0.0,0.0
12/25/2019,0.03418499976396561,0.0,0.0
12/26/2019,0.03374499827623367,0.0,0.0
12/27/2019,0.034279000014066696,0.0,0.0
12/28/2019,0.03309499844908714,0.0,0.0
12/29/2019,0.033636998385190964,0.0,0.0
12/30/2019,0.03427800163626671,0.0,0.0
12/31/2019,0.03360699862241745,0.0,0.0
01/01/2020,0.03283200040459633,0.0,0.0
01/02/2020,0.03347399830818176,0.0,0.0
01/03/2020,0.03274799883365631,0.0,0.0
01/04/2020,0.03419100120663643,0.0,0.0
01/05/2020,0.0345739983022213,0.0,0.0
01/06/2020,0.03475100174546242,0.0,0.0
01/07/2020,0.03729100152850151,0.0,0.0
01/08/2020,0.03705500066280365,0.0,0.0
01/09/2020,0.036444999277591705,0.0,0.0
01/10/2020,0.03633499890565872,0.0,0.0
01/11/2020,0.03685399889945984,0.0,0.0
01/12/2020,0.03682100027799606,0.0,0.0
01/13/2020,0.037696000188589096,0.0,0.0
01/14/2020,0.03704100102186203,0.0,0.0
01/15/2020,0.04157999902963638,0.0,0.0
01/16/2020,0.04257199913263321,0.0,0.0
01/17/2020,0.04143499955534935,0.0,0.0
01/18/2020,0.04498500004410744,0.0,0.0
01/19/2020,0.04485100135207176,0.0,0.0
01/20/2020,0.041919998824596405,0.0,0.0
01/21/2020,0.043811000883579254,0.0,0.0
01/22/2020,0.04593899846076965,0.0,0.0
01/23/2020,0.04565899819135666,0.0,0.0
01/24/2020,0.043379999697208405,0.0,0.0
01/25/2020,0.044968001544475555,0.0,0.0
01/26/2020,0.04324699938297272,0.0,0.0
01/27/2020,0.04462699964642525,0.0,0.0
01/28/2020,0.047839000821113586,0.0,0.0
01/29/2020,0.052896998822689056,0.0,0.0
01/30/2020,0.05346899852156639,0.0,0.0
01/31/2020,0.05603399872779846,0.0,0.0
02/01/2020,0.053835999220609665,0.0,0.0
02/02/2020,0.05610999837517738,0.0,0.0
02/03/2020,0.055723998695611954,0.0,0.0
02/04/2020,0.05696599930524826,0.0,0.0
02/05/2020,0.05598499998450279,0.0,0.0
02/06/2020,0.05924300104379654,0.0,0.0
02/07/2020,0.059755999594926834,0.0,0.0
02/08/2020,0.059751998633146286,0.0,0.0
02/09/2020,0.05993799865245819,0.0,0.0
02/10/2020,0.061824001371860504,0.0,0.0
02/11/2020,0.06034500151872635,0.0,0.0
02/12/2020,0.06319300085306168,0.0,0.0
02/13/2020,0.06833299994468689,0.0,0.0
02/14/2020,0.06858699768781662,0.0,0.0
02/15/2020,0.07057999819517136,0.0,0.0
02/16/2020,0.06398899853229523,0.0,0.0
02/17/2020,0.06255999952554703,0.0,0.0
02/18/2020,0.06005999818444252,0.0,0.0
02/19/2020,0.06260400265455246,0.0,0.0
02/20/2020,0.057429999113082886,0.0,0.0
02/21/2020,0.05818599835038185,0.0,0.0
02/22/2020,0.058577001094818115,0.0,0.0
02/23/2020,0.05832299962639809,0.0,0.0
02/24/2020,0.06154400110244751,0.0,0.0
02/25/2020,0.058952998369932175,0.0,0.0
02/26/2020,0.05629599839448929,0.0,0.0
02/27/2020,0.04943599924445152,0.0,0.0
02/28/2020,0.04966200143098831,0.0,0.0
02/29/2020,0.048608001321554184,0.0,0.0
03/01/2020,0.047506000846624374,0.0,0.0
03/02/2020,0.04588399827480316,0.0,0.0
03/03/2020,0.04891299828886986,0.0,0.0
03/04/2020,0.048760998994112015,0.0,0.0
03/05/2020,0.04901500046253204,0.0,0.0
03/06/2020,0.051040999591350555,0.0,0.0
03/07/2020,0.051527999341487885,0.0,0.0
03/08/2020,0.048927001655101776,0.0,0.0
03/09/2020,0.04323099926114082,0.0,0.0
03/10/2020,0.04155400022864342,0.0,0.0
03/11/2020,0.04149400070309639,0.0,0.0
03/12/2020,0.03962700068950653,0.0,0.0
03/13/2020,0.02395400032401085,0.0,0.0
03/14/2020,0.0284620001912117,0.0,0.0
03/15/2020,0.02595899999141693,0.0,0.0
03/16/2020,0.027110999450087547,0.0,0.0
03/17/2020,0.02411000058054924,0.0,0.0
03/18/2020,0.02520900033414364,0.0,0.0
03/19/2020,0.025314999744296074,0.0,0.0
03/20/2020,0.030415000393986702,0.0,0.0
03/21/2020,0.02936599962413311,0.0,0.0
03/22/2020,0.02944600023329258,0.0,0.0
03/23/2020,0.02708899974822998,0.0,0.0
03/24/2020,0.029092000797390938,0.0,0.0
03/25/2020,0.030186999589204788,0.0,0.0
03/26/2020,0.029438000172376633,0.0,0.0
03/27/2020,0.03072899952530861,0.0,0.0
03/28/2020,0.029254000633955002,0.0,0.0
03/29/2020,0.02973799966275692,0.0,0.0
03/30/2020,0.028217999264597893,0.0,0.0
03/31/2020,0.0298250000923872,0.0,0.0
04/01/2020,0.030553000047802925,0.0,0.0
04/02/2020,0.030841000378131866,0.0,0.0
04/03/2020,0.031961001455783844,0.0,0.0
04/04/2020,0.032294999808073044,0.0,0.0
04/05/2020,0.032517001032829285,0.0,0.0
04/06/2020,0.031998999416828156,0.0,0.0
04/07/2020,0.03565499931573868,0.0,0.0
04/08/2020,0.035130999982357025,0.0,0.0
04/09/2020,0.03627900034189224,0.0,0.0
04/10/2020,0.03616200014948845,0.0,0.0
04/11/2020,0.0332150012254715,0.0,0.0
04/12/2020,0.03332899883389473,0.0,0.0
04/13/2020,0.033782001584768295,0.0,0.0
04/14/2020,0.03312300145626068,0.0,0.0
04/15/2020,0.032958999276161194,0.0,0.0
04/16/2020,0.03189999982714653,0.0,0.0
04/18/2020,0.034623000770807266,0.0,0.0
04/19/2020,0.03657300025224686,0.0,0.0
04/20/2020,0.03580600023269653,0.0,0.0
04/21/2020,0.03415999934077263,0.0,0.0
04/22/2020,0.03468799963593483,0.0,0.0
04/23/2020,0.036570001393556595,0.0,0.0
04/24/2020,0.04061700031161308,0.0,0.0
04/25/2020,0.04187000170350075,0.0,0.0
04/26/2020,0.04240500181913376,0.0,0.0
04/27/2020,0.045938000082969666,0.0,0.0
04/28/2020,0.046629998832941055,0.0,0.0
04/29/2020,0.04723000153899193,0.0,0.0
04/30/2020,0.05171699821949005,0.0,0.0
05/01/2020,0.047825999557971954,0.0,0.0
05/02/2020,0.05119600147008896,0.0,0.0
05/03/2020,0.05103199928998947,0.0,0.0
05/04/2020,0.0489640012383461,0.0,0.0
05/05/2020,0.049667999148368835,0.0,0.0
05/06/2020,0.04930200055241585,0.0,0.0
05/07/2020,0.04974000155925751,0.0,0.0
05/08/2020,0.051082998514175415,0.0,0.0
05/09/2020,0.05225899815559387,0.0,0.0
05/10/2020,0.0517439991235733,0.0,0.0
05/11/2020,0.04769600182771683,0.0,0.0
05/12/2020,0.0480940006673336,0.0,0.0
05/13/2020,0.050367001444101334,0.0,0.0
05/14/2020,0.051364999264478683,0.0,0.0
05/15/2020,0.05086600035429001,0.0,0.0
05/16/2020,0.05042300000786781,0.0,0.0
05/17/2020,0.050912998616695404,0.0,0.0
05/18/2020,0.0512939989566803,0.0,0.0
05/19/2020,0.05422399938106537,0.0,0.0
05/20/2020,0.05645899847149849,0.0,0.0
05/21/2020,0.05686900019645691,0.0,0.0
05/22/2020,0.05228300020098686,0.0,0.0
05/23/2020,0.05584000051021576,0.0,0.0
05/24/2020,0.055264998227357864,0.0,0.0
05/25/2020,0.052188001573085785,0.0,0.0
05/26/2020,0.053881000727415085,0.0,0.0
05/27/2020,0.05347999930381775,0.0,0.0
05/28/2020,0.05511999875307083,0.0,0.0
05/29/2020,0.06464499980211258,0.0,0.0
05/30/2020,0.06477700173854828,0.0,0.0
05/31/2020,0.07690499722957611,0.0,0.0
06/01/2020,0.07424400001764297,0.0,0.0
06/02/2020,0.0809829980134964,0.0,0.0
06/03/2020,0.07851800322532654,0.0,0.0
06/04/2020,0.08536399900913239,0.0,0.0
06/05/2020,0.08905000239610672,0.0,0.0
06/06/2020,0.08544900268316269,0.0,0.0
06/07/2020,0.08603499829769135,0.0,0.0
06/08/2020,0.08670300245285034,0.0,0.0
06/09/2020,0.08644399791955948,0.0,0.0
06/10/2020,0.08339399844408035,0.0,0.0
06/11/2020,0.08354000002145767,0.0,0.0
06/12/2020,0.0753680020570755,0.0,0.0
06/13/2020,0.07961300015449524,0.0,0.0
06/14/2020,0.0791030004620552,0.0,0.0
06/15/2020,0.07674799859523773,0.0,0.0
06/16/2020,0.0783810019493103,0.0,0.0
06/17/2020,0.07908499985933304,0.0,0.0
06/18/2020,0.0834449976682663,0.0,0.0
06/19/2020,0.08213900029659271,0.0,0.0
06/20/2020,0.07960300147533417,0.0,0.0
06/21/2020,0.07931800186634064,0.0,0.0
06/22/2020,0.07847200334072113,0.0,0.0
06/23/2020,0.08341199904680252,0.0,0.0
06/24/2020,0.08299200236797333,0.0,0.0
06/25/2020,0.08261600136756897,0.0,0.0
06/26/2020,0.08173199743032455,0.0,0.0
06/27/2020,0.08055800199508667,0.0,0.0
06/28/2020,0.07767900079488754,0.0,0.0
06/29/2020,0.08039200305938721,0.0,0.0
06/30/2020,0.0838479995727539,0.0,0.0
07/01/2020,0.08311200141906738,0.0,0.0
07/02/2020,0.09689699858427048,0.0,0.0
07/03/2020,0.09431800246238708,0.0,0.0
07/04/2020,0.09665200114250183,0.0,0.0
07/05/2020,0.09996499866247177,0.0,0.0
07/06/2020,0.09821099787950516,0.0,0.0
07/07/2020,0.10495699942111969,0.0,0.0
07/08/2020,0.1174900010228157,0.0,0.0
07/09/2020,0.1299079954624176,0.0,0.0
07/10/2020,0.12422999739646912,0.0,0.0
07/11/2020,0.11834900081157684,0.0,0.0
07/12/2020,0.12534099817276,0.0,0.0
07/13/2020,0.12678299844264984,0.0,0.0
07/14/2020,0.12426900118589401,0.0,0.0
07/15/2020,0.1319960057735443,0.0,0.0
07/16/2020,0.1303970068693161,0.0,0.0
07/17/2020,0.1259640008211136,0.0,0.0
07/18/2020,0.12230700254440308,0.0,0.0
07/19/2020,0.1224839985370636,0.0,0.0
07/20/2020,0.12372300028800964,0.0,0.0
07/21/2020,0.11790399998426437,0.0,0.0
07/22/2020,0.122980996966362,0.0,0.0
07/23/2020,0.1239669993519783,0.0,0.0
07/24/2020,0.12391799688339233,0.0,0.0
07/25/2020,0.1219249963760376,0.0,0.0
07/26/2020,0.1429709941148758,0.0,0.0
07/27/2020,0.14789099991321564,0.0,0.0
07/28/2020,0.1387619972229004,0.0,0.0
07/29/2020,0.1486469954252243,0.0,0.0
07/30/2020,0.13996799290180206,0.0,0.0
07/31/2020,0.14067299664020538,0.0,0.0
08/01/2020,0.13879799842834473,0.0,0.0
08/02/2020,0.14375600218772888,0.0,0.0
08/03/2020,0.13349799811840057,0.0,0.0
08/04/2020,0.1373320072889328,0.0,0.0
08/05/2020,0.14312900602817535,0.0,0.0
08/06/2020,0.14270399510860443,0.0,0.0
08/07/2020,0.1440799981355667,0.0,0.0
08/08/2020,0.13908900320529938,0.0,0.0
08/09/2020,0.14631499350070953,0.0,0.0
08/10/2020,0.14538100361824036,0.0,0.0
08/11/2020,0.1437090039253235,0.0,0.0
08/12/2020,0.13742400705814362,0.0,0.0
08/13/2020,0.13749900460243225,0.0,0.0
08/14/2020,0.14131799340248108,0.0,0.0
08/15/2020,0.13828399777412415,0.0,0.0
08/16/2020,0.13834500312805176,0.0,0.0
08/17/2020,0.13847100734710693,0.0,0.0
08/18/2020,0.14081799983978271,0.0,0.0
08/19/2020,0.13742700219154358,0.0,0.0
08/20/2020,0.12930899858474731,0.0,0.0
08/21/2020,0.13353599607944489,0.0,0.0
08/22/2020,0.12374699860811234,0.0,0.0
08/23/2020,0.12515099346637726,0.0,0.0
08/24/2020,0.12158100306987762,0.0,0.0
08/25/2020,0.12452500313520432,0.0,0.0
08/26/2020,0.11334700137376785,0.0,0.0
08/27/2020,0.11525800079107285,0.0,0.0
08/28/2020,0.10687500238418579,0.0,0.0
08/29/2020,0.10947400331497192,0.0,0.0
08/30/2020,0.11666800081729889,0.0,0.0
08/31/2020,0.11749300360679626,0.0,0.0
09/01/2020,0.12261000275611877,0.0,0.0
09/02/2020,0.12547700107097626,0.0,0.0
09/03/2020,0.11553800106048584,0.0,0.0
09/04/2020,0.0959869995713234,0.0,0.0
09/05/2020,0.10238999873399734,0.0,0.0
09/06/2020,0.08992300182580948,0.0,0.0
09/07/2020,0.09307199716567993,0.0,0.0
09/08/2020,0.0932369977235794,0.0,0.0
09/09/2020,0.09114900231361389,0.0,0.0
09/10/2020,0.09343300014734268,0.0,0.0
09/11/2020,0.09715600311756134,0.0,0.0
09/12/2020,0.09711199998855591,0.0,0.0
09/13/2020,0.09759800136089325,0.0,0.0
09/14/2020,0.09490600228309631,0.0,0.0
09/15/2020,0.09680899977684021,0.0,0.0
09/16/2020,0.09339799731969833,0.0,0.0
09/17/2020,0.09165500104427338,0.0,0.0
09/18/2020,0.09421700239181519,0.0,0.0
09/19/2020,0.0908840000629425,0.0,0.0
09/20/2020,0.09166199713945389,0.0,0.0
09/21/2020,0.08945900201797485,0.0,0.0
09/22/2020,0.08044800162315369,0.0,0.0
09/23/2020,0.08175399899482727,0.0,0.0
09/24/2020,0.07680600136518478,0.0,0.0
09/25/2020,0.08290000259876251,0.0,0.0
09/26/2020,0.09689199924468994,0.0,0.0
09/27/2020,0.09557799994945526,0.0,0.0
09/28/2020,0.10120599716901779,0.0,0.0
09/29/2020,0.10070300102233887,0.0,0.0
09/30/2020,0.10111600160598755,0.0,0.0
10/01/2020,0.10120200365781784,0.0,0.0
10/02/2020,0.09789399802684784,0.0,0.0
10/03/2020,0.09291300177574158,0.0,0.0
10/04/2020,0.09368400275707245,0.0,0.0
10/05/2020,0.09630099684000015,0.0,0.0
10/06/2020,0.09763400256633759,0.0,0.0
10/07/2020,0.09290900081396103,0.0,0.0
10/08/2020,0.0939439982175827,0.0,0.0
10/10/2020,0.10146600008010864,0.0,0.0
10/11/2020,0.1049019992351532,0.0,0.0
10/14/2020,0.10929799824953079,0.0,0.0
10/15/2020,0.10721699893474579,0.0,0.0
10/16/2020,0.10674799978733063,0.0,0.0
10/17/2020,0.1042179986834526,0.0,0.0
10/18/2020,0.10604400187730789,0.0,0.0
10/19/2020,0.10741599649190903,0.0,0.0
10/20/2020,0.1086139976978302,0.0,0.0
10/21/2020,0.10251899808645248,0.0,0.0
10/22/2020,0.10605599731206894,0.0,0.0
10/23/2020,0.11069799959659576,0.0,0.0
10/24/2020,0.10808300226926804,0.0,0.0
10/25/2020,0.10807500034570694,0.0,0.0
10/26/2020,0.10635100305080414,0.0,0.0
10/27/2020,0.10309699922800064,0.0,0.0
10/28/2020,0.10282699763774872,0.0,0.0
10/29/2020,0.0989769995212555,0.0,0.0
10/30/2020,0.09537599980831146,0.0,0.0
10/31/2020,0.0933689996600151,0.0,0.0
11/01/2020,0.09305600076913834,0.0,0.0
11/02/2020,0.09819699823856354,0.0,0.0
11/03/2020,0.0921429991722107,0.0,0.0
11/04/2020,0.09343499690294266,0.0,0.0
11/05/2020,0.09536900371313095,0.0,0.0
11/06/2020,0.09699399769306183,0.0,0.0
11/07/2020,0.10910499840974808,0.0,0.0
11/08/2020,0.10137899965047836,0.0,0.0
11/09/2020,0.10662099719047546,0.0,0.0
11/10/2020,0.10532599687576294,0.0,0.0
11/11/2020,0.10580500215291977,0.0,0.0
11/12/2020,0.10596500337123871,0.0,0.0
11/13/2020,0.10452499985694885,0.0,0.0
11/14/2020,0.10639099776744843,0.0,0.0
11/15/2020,0.10420200228691101,0.0,0.0
11/16/2020,0.10053099691867828,0.0,0.0
11/17/2020,0.10548000037670135,0.0,0.0
11/18/2020,0.1096000000834465,0.0,0.0
11/19/2020,0.10640200227499008,0.0,0.0
11/20/2020,0.10586600005626678,0.0,0.0
11/21/2020,0.11822599917650223,0.0,0.0
11/22/2020,0.1329450011253357,0.0,0.0
11/23/2020,0.14475999772548676,0.0,0.0
11/24/2020,0.1535709947347641,0.0,0.0
11/25/2020,0.1663459986448288,0.0,0.0
11/26/2020,0.15510700643062592,0.0,0.0
11/27/2020,0.13829199969768524,0.0,0.0
11/28/2020,0.14107400178909302,0.0,0.0
11/29/2020,0.16492299735546112,0.0,0.0
11/30/2020,0.16662999987602234,0.0,0.0
12/01/2020,0.17136700451374054,0.0,0.0
12/02/2020,0.15595600008964539,0.0,0.0
12/03/2020,0.15859200060367584,0.0,0.0
12/04/2020,0.16420899331569672,0.0,0.0
12/05/2020,0.14816400408744812,0.0,0.0
12/06/2020,0.1596589982509613,0.0,0.0
12/07/2020,0.15887600183486938,0.0,0.0
12/08/2020,0.15412700176239014,0.0,0.0
12/09/2020,0.14094200730323792,0.0,0.0
12/10/2020,0.14816999435424805,0.0,0.0
12/11/2020,0.1420219987630844,0.0,0.0
12/12/2020,0.13942299783229828,0.0,0.0
12/13/2020,0.14450299739837646,0.0,0.0
12/14/2020,0.15401600301265717,0.0,0.0
12/15/2020,0.15806500613689423,0.0,0.0
12/16/2020,0.15431199967861176,0.0,0.0
12/17/2020,0.16757099330425262,0.0,0.0
12/18/2020,0.1634490042924881,0.0,0.0
12/19/2020,0.1649799942970276,0.0,0.0
12/20/2020,0.16472800076007843,0.0,0.0
12/21/2020,0.1620039939880371,0.0,0.0
12/22/2020,0.15263399481773376,0.0,0.0
12/23/2020,0.1562259942293167,0.0,0.0
12/24/2020,0.13645699620246887,0.0,0.0
12/25/2020,0.15288600325584412,0.0,0.0
12/26/2020,0.15755599737167358,0.0,0.0
12/27/2020,0.1578350067138672,0.0,0.0
12/28/2020,0.1544400006532669,0.0,0.0
12/29/2020,0.17670899629592896,0.0,0.0
12/30/2020,0.19202199578285217,0.0,0.0
12/31/2020,0.18403400480747223,0.0,0.0
01/01/2021,0.18138200044631958,0.0,0.0
01/02/2021,0.17535899579524994,0.0,0.0
01/03/2021,0.17738200724124908,0.0,0.0
01/04/2021,0.20523600280284882,0.0,0.0
01/05/2021,0.22481699287891388,0.0,0.0
01/06/2021,0.2585490047931671,0.0,0.0
01/07/2021,0.3322719931602478,0.0,0.0
01/08/2021,0.3003869950771332,0.0,0.0
01/09/2021,0.3056110143661499,0.0,0.0
01/10/2021,0.33296099305152893,0.0,0.0
01/11/2021,0.3049960136413574,0.0,0.0
01/12/2021,0.27524900436401367,0.0,0.0
01/13/2021,0.2866879999637604,0.0,0.0
01/14/2021,0.31354600191116333,0.0,0.0
01/15/2021,0.31055399775505066,0.0,0.0
01/16/2021,0.302511990070343,0.0,0.0
01/17/2021,0.3523370027542114,0.0,0.0
01/18/2021,0.37973499298095703,0.0,0.0
01/19/2021,0.3714570105075836,0.0,0.0
01/20/2021,0.3689360022544861,0.0,0.0
01/21/2021,0.375449001789093,0.0,0.0
01/22/2021,0.3100540041923523,0.0,0.0
01/23/2021,0.3493320047855377,0.0,0.0
01/24/2021,0.34558600187301636,0.0,0.0
01/25/2021,0.35385000705718994,0.0,0.0
01/26/2021,0.34384098649024963,0.0,0.0
01/27/2021,0.344217985868454,0.0,0.0
01/28/2021,0.3130210041999817,0.0,0.0
01/29/2021,0.3523479998111725,0.0,0.0
01/30/2021,0.34807801246643066,0.0,0.0
01/31/2021,0.3626079857349396,0.0,0.0
02/01/2021,0.34481701254844666,0.0,0.0
02/02/2021,0.4029519855976105,0.0,0.0
02/03/2021,0.4259589910507202,0.0,0.0
02/04/2021,0.44135698676109314,0.0,0.0
02/05/2021,0.4411419928073883,0.0,0.0
02/06/2021,0.5377579927444458,0.0,0.0
02/07/2021,0.6288319826126099,0.0,0.0
02/08/2021,0.6623799800872803,0.0,0.0
02/09/2021,0.6821449995040894,0.0,0.0
02/10/2021,0.703548014163971,0.0,0.0
02/11/2021,0.930823028087616,0.0,0.0
02/12/2021,0.9270949959754944,0.0,0.0
02/13/2021,0.9254209995269775,0.0,0.0
02/14/2021,0.9063299894332886,0.0,0.0
02/15/2021,0.8478249907493591,0.0,0.0
02/16/2021,0.8607029914855957,0.0,0.0
02/17/2021,0.8709099888801575,0.0,0.0
02/18/2021,0.8908690214157104,0.0,0.0
02/19/2021,0.9142559766769409,0.0,0.0
02/20/2021,0.9274619817733765,0.0,0.0
02/21/2021,1.1215840578079224,0.0,0.0
02/22/2021,1.1004060506820679,0.0,0.0
02/23/2021,1.098768949508667,0.0,0.0
02/24/2021,0.9549580216407776,0.0,0.0
02/25/2021,1.0513490438461304,0.0,0.0
02/26/2021,1.0808279514312744,0.0,0.0
02/27/2021,1.2421449422836304,0.0,0.0
02/28/2021,1.32361900806427,0.0,0.0
03/01/2021,1.3097920417785645,0.0,0.0
03/02/2021,1.2936090230941772,0.0,0.0
03/03/2021,1.2257189750671387,0.0,0.0
03/04/2021,1.216444969177246,0.0,0.0
03/05/2021,1.1146390438079834,0.0,0.0
03/06/2021,1.167456030845642,0.0,0.0
03/07/2021,1.130849003791809,0.0,0.0
03/08/2021,1.1329389810562134,0.0,0.0
03/09/2021,1.1181449890136719,0.0,0.0
03/10/2021,1.1951030492782593,0.0,0.0
03/11/2021,1.1344130039215088,0.0,0.0
03/12/2021,1.124822974205017,0.0,0.0
03/13/2021,1.0388940572738647,0.0,0.0
03/14/2021,1.1029820442199707,0.0,0.0
03/15/2021,1.0586010217666626,0.0,0.0
03/16/2021,1.0332419872283936,0.0,0.0
03/17/2021,1.243554949760437,0.0,0.0
03/18/2021,1.3784159421920776,0.0,0.0
03/19/2021,1.2385590076446533,0.0,0.0
03/20/2021,1.3014719486236572,0.0,0.0
03/21/2021,1.2064310312271118,0.0,0.0
03/22/2021,1.1892030239105225,0.0,0.0
03/23/2021,1.1093430519104004,0.0,0.0
03/24/2021,1.121345043182373,0.0,0.0
03/25/2021,1.0744659900665283,0.0,0.0
03/26/2021,1.101425051689148,0.0,0.0
03/27/2021,1.2140820026397705,0.0,0.0
03/28/2021,1.1768200397491455,0.0,0.0
03/29/2021,1.1909760236740112,0.0,0.0
03/30/2021,1.2025619745254517,0.0,0.0
03/31/2021,1.2136750221252441,0.0,0.0
04/01/2021,1.1935529708862305,0.0,0.0
04/02/2021,1.1892080307006836,0.0,0.0
04/03/2021,1.1963260173797607,0.0,0.0
04/04/2021,1.1729730367660522,0.0,0.0
04/05/2021,1.1915520429611206,0.0,0.0
04/06/2021,1.214279055595398,0.0,0.0
04/07/2021,1.2554570436477661,0.0,0.0
04/08/2021,1.1761319637298584,0.0,0.0
04/09/2021,1.219454050064087,0.0,0.0
04/10/2021,1.2035330533981323,0.0,0.0
04/11/2021,1.2183589935302734,0.0,0.0
04/12/2021,1.2662060260772705,0.0,0.0
04/13/2021,1.3148950338363647,0.0,0.0
04/14/2021,1.4109989404678345,0.0,0.0
04/15/2021,1.4538040161132812,0.0,0.0
04/16/2021,1.479627013206482,0.0,0.0
04/17/2021,1.413843035697937,0.0,0.0
04/18/2021,1.3861809968948364,0.0,0.0
04/19/2021,1.2780050039291382,0.0,0.0
04/20/2021,1.1946090459823608,0.0,0.0
04/21/2021,1.2677350044250488,0.0,0.0
04/22/2021,1.2039010524749756,0.0,0.0
04/23/2021,1.1458239555358887,0.0,0.0
04/24/2021,1.158782958984375,0.0,0.0
04/25/2021,1.1027029752731323,0.0,0.0
04/26/2021,1.0901859998703003,0.0,0.0
04/27/2021,1.2375949621200562,0.0,0.0
04/28/2021,1.3059660196304321,0.0,0.0
04/29/2021,1.3371069431304932,0.0,0.0
04/30/2021,1.3061959743499756,0.0,0.0
05/01/2021,1.352431058883667,0.0,0.0
05/02/2021,1.3514020442962646,0.0,0.0
05/03/2021,1.3269380331039429,0.0,0.0
05/04/2021,1.3629390001296997,0.0,0.0
05/05/2021,1.2709859609603882,0.0,0.0
05/06/2021,1.4781099557876587,0.0,0.0
05/07/2021,1.648682951927185,0.0,0.0
05/08/2021,1.6545439958572388,0.0,0.0
05/09/2021,1.620347023010254,0.0,0.0
05/10/2021,1.7660679817199707,0.0,0.0
05/11/2021,1.6417169570922852,0.0,0.0
05/12/2021,1.763504981994629,0.0,0.0
05/13/2021,1.5684499740600586,0.0,0.0
05/14/2021,1.9272830486297607,0.0,0.0
05/15/2021,2.0066239833831787,0.0,0.0
05/16/2021,2.171433925628662,0.0,0.0
05/17/2021,2.300189971923828,0.0,0.0
05/18/2021,2.0281031131744385,0.0,0.0
05/19/2021,2.0065839290618896,0.0,0.0
05/20/2021,1.4719610214233398,0.0,0.0
05/21/2021,1.8025939464569092,0.0,0.0
05/22/2021,1.5531129837036133,0.0,0.0
05/23/2021,1.4656800031661987,0.0,0.0
05/24/2021,1.3162360191345215,0.0,0.0
05/25/2021,1.5503729581832886,0.0,0.0
05/26/2021,1.5544630289077759,0.0,0.0
05/27/2021,1.7811369895935059,0.0,0.0
05/28/2021,1.6506359577178955,0.0,0.0
05/29/2021,1.5136229991912842,0.0,0.0
05/30/2021,1.404302954673767,0.0,0.0
05/31/2021,1.5756440162658691,0.0,0.0
06/01/2021,1.7384469509124756,0.0,0.0
06/02/2021,1.7361030578613281,0.0,0.0
06/03/2021,1.7546429634094238,0.0,0.0
06/04/2021,1.846714973449707,0.0,0.0
06/05/2021,1.7099159955978394,0.0,0.0
06/06/2021,1.6564610004425049,0.0,0.0
06/07/2021,1.677225947380066,0.0,0.0
06/08/2021,1.5670510530471802,0.0,0.0
06/09/2021,1.5834859609603882,0.0,0.0
06/10/2021,1.6277780532836914,0.0,0.0
06/11/2021,1.5331369638442993,0.0,0.0
06/12/2021,1.4377210140228271,0.0,0.0
06/13/2021,1.4804940223693848,0.0,0.0
06/14/2021,1.5570189952850342,0.0,0.0
06/15/2021,1.5738699436187744,0.0,0.0
06/16/2021,1.5565799474716187,0.0,0.0
06/17/2021,1.4845579862594604,0.0,0.0
06/18/2021,1.4827890396118164,0.0,0.0
06/19/2021,1.4176030158996582,0.0,0.0
06/20/2021,1.3874080181121826,0.0,0.0
06/21/2021,1.427027940750122,0.0,0.0
06/22/2021,1.175233006477356,0.0,0.0
06/23/2021,1.1558040380477905,0.0,0.0
06/24/2021,1.2514100074768066,0.0,0.0
06/25/2021,1.3595219850540161,0.0,0.0
06/26/2021,1.2543009519577026,0.0,0.0
06/27/2021,1.2518270015716553,0.0,0.0
06/28/2021,1.3371139764785767,0.0,0.0
06/29/2021,1.3255130052566528,0.0,0.0
06/30/2021,1.3729679584503174,0.0,0.0
07/01/2021,1.3838139772415161,0.0,0.0
07/02/2021,1.332942008972168,0.0,0.0
07/03/2021,1.394152045249939,0.0,0.0
07/04/2021,1.4040080308914185,0.0,0.0
07/05/2021,1.4612209796905518,0.0,0.0
07/06/2021,1.4047119617462158,0.0,0.0
07/07/2021,1.4161529541015625,0.0,0.0
07/08/2021,1.4049639701843262,0.0,0.0
07/09/2021,1.327267050743103,0.0,0.0
07/10/2021,1.3507150411605835,0.0,0.0
07/11/2021,1.3351720571517944,0.0,0.0
07/12/2021,1.3482639789581299,0.0,0.0
07/13/2021,1.3139729499816895,0.0,0.0
07/14/2021,1.2649379968643188,0.0,0.0
07/15/2021,1.2636940479278564,0.0,0.0
07/16/2021,1.2250499725341797,0.0,0.0
07/17/2021,1.171584963798523,0.0,0.0
07/18/2021,1.1728509664535522,0.0,0.0
07/19/2021,1.1819989681243896,0.0,0.0
07/20/2021,1.1227600574493408,0.0,0.0
07/21/2021,1.054298996925354,0.0,0.0
07/22/2021,1.1702519655227661,0.0,0.0
07/23/2021,1.1862499713897705,0.0,0.0
07/24/2021,1.2070720195770264,0.0,0.0
07/25/2021,1.2335660457611084,0.0,0.0
07/26/2021,1.2287219762802124,0.0,0.0
07/27/2021,1.2559280395507812,0.0,0.0
07/28/2021,1.2808259725570679,0.0,0.0
07/29/2021,1.2864940166473389,0.0,0.0
07/30/2021,1.2868826389312744,0.0,0.0
