BCH-USD,BitcoinCash USD,
Date,Price,Annualized Dividend
07/23/2017,555.885986328125,0.0
07/23/2017,413.05999755859375,0.0
07/24/2017,412.5799865722656,0.0
07/24/2017,440.70098876953125,0.0
07/25/2017,441.3450012207031,0.0
07/25/2017,406.8970031738281,0.0
07/26/2017,407.0820007324219,0.0
07/26/2017,365.8160095214844,0.0
07/27/2017,417.0979919433594,0.0
07/27/2017,385.47900390625,0.0
07/28/2017,386.6470031738281,0.0
07/28/2017,406.0459899902344,0.0
07/29/2017,410.56500244140625,0.0
07/29/2017,384.77301025390625,0.0
07/30/2017,385.1400146484375,0.0
07/30/2017,345.6610107421875,0.0
07/31/2017,346.364013671875,0.0
07/31/2017,294.46099853515625,0.0
08/01/2017,294.60198974609375,0.0
08/01/2017,380.010009765625,0.0
08/02/2017,382.37701416015625,0.0
08/02/2017,452.6570129394531,0.0
08/03/2017,448.4859924316406,0.0
08/03/2017,364.0480041503906,0.0
08/04/2017,362.1830139160156,0.0
08/04/2017,233.04600524902344,0.0
08/05/2017,231.10899353027344,0.0
08/05/2017,213.14700317382812,0.0
08/06/2017,212.17599487304688,0.0
08/06/2017,220.656005859375,0.0
08/07/2017,223.75599670410156,0.0
08/07/2017,319.6889953613281,0.0
08/08/2017,321.3500061035156,0.0
08/08/2017,345.4880065917969,0.0
08/09/2017,345.2799987792969,0.0
08/09/2017,303.8909912109375,0.0
08/10/2017,305.21099853515625,0.0
08/10/2017,275.9530029296875,0.0
08/11/2017,275.8810119628906,0.0
08/11/2017,328.24200439453125,0.0
08/12/2017,327.8190002441406,0.0
08/12/2017,317.09100341796875,0.0
08/13/2017,316.2860107421875,0.0
08/13/2017,298.0530090332031,0.0
08/14/2017,296.0979919433594,0.0
08/14/2017,297.6780090332031,0.0
08/15/2017,298.18499755859375,0.0
08/15/2017,297.864013671875,0.0
08/16/2017,297.9700012207031,0.0
08/16/2017,300.2099914550781,0.0
08/17/2017,301.02099609375,0.0
08/17/2017,460.5299987792969,0.0
08/18/2017,458.6700134277344,0.0
08/18/2017,690.239990234375,0.0
08/19/2017,697.0440063476562,0.0
08/19/2017,754.5579833984375,0.0
08/20/2017,772.4180297851562,0.0
08/20/2017,712.8729858398438,0.0
08/21/2017,723.7009887695312,0.0
08/21/2017,599.635009765625,0.0
08/22/2017,596.1939697265625,0.0
08/22/2017,690.8829956054688,0.0
08/23/2017,690.9600219726562,0.0
08/23/2017,669.4000244140625,0.0
08/24/2017,670.0280151367188,0.0
08/24/2017,628.1090087890625,0.0
08/25/2017,627.06298828125,0.0
08/25/2017,641.0549926757812,0.0
08/26/2017,641.8820190429688,0.0
08/26/2017,625.3209838867188,0.0
08/27/2017,625.8920288085938,0.0
08/27/2017,620.89599609375,0.0
08/28/2017,619.697998046875,0.0
08/28/2017,596.177001953125,0.0
08/29/2017,596.1300048828125,0.0
08/29/2017,552.927001953125,0.0
08/30/2017,549.3159790039062,0.0
08/30/2017,575.2069702148438,0.0
08/31/2017,576.2509765625,0.0
08/31/2017,588.1729736328125,0.0
09/01/2017,588.3980102539062,0.0
09/01/2017,622.1680297851562,0.0
09/02/2017,621.9630126953125,0.0
09/02/2017,575.9019775390625,0.0
09/03/2017,578.2659912109375,0.0
09/03/2017,607.4329833984375,0.0
09/04/2017,608.260986328125,0.0
09/04/2017,517.2429809570312,0.0
09/05/2017,514.9039916992188,0.0
09/05/2017,541.7130126953125,0.0
09/06/2017,541.281982421875,0.0
09/06/2017,638.177978515625,0.0
09/07/2017,636.8460083007812,0.0
09/07/2017,652.85498046875,0.0
09/08/2017,654.3729858398438,0.0
09/08/2017,583.0980224609375,0.0
09/09/2017,584.72802734375,0.0
09/09/2017,547.4710083007812,0.0
09/10/2017,546.4749755859375,0.0
09/10/2017,537.0670166015625,0.0
09/11/2017,537.18701171875,0.0
09/11/2017,537.8099975585938,0.0
09/12/2017,539.0260009765625,0.0
09/12/2017,510.406005859375,0.0
09/13/2017,509.4679870605469,0.0
09/13/2017,503.6050109863281,0.0
09/14/2017,504.22198486328125,0.0
09/14/2017,367.0409851074219,0.0
09/15/2017,369.4930114746094,0.0
09/15/2017,424.02099609375,0.0
09/16/2017,424.48699951171875,0.0
09/16/2017,440.218994140625,0.0
09/17/2017,438.89801025390625,0.0
09/17/2017,419.864013671875,0.0
09/18/2017,422.0880126953125,0.0
09/18/2017,479.3169860839844,0.0
09/19/2017,480.63800048828125,0.0
09/19/2017,527.875,0.0
09/20/2017,526.7369995117188,0.0
09/20/2017,476.0509948730469,0.0
09/21/2017,475.8299865722656,0.0
09/21/2017,416.2640075683594,0.0
09/22/2017,417.9169921875,0.0
09/22/2017,415.0929870605469,0.0
09/23/2017,415.3059997558594,0.0
09/23/2017,428.50299072265625,0.0
09/24/2017,428.802001953125,0.0
09/24/2017,421.0299987792969,0.0
09/25/2017,419.6470031738281,0.0
09/25/2017,445.79901123046875,0.0
09/26/2017,445.3609924316406,0.0
09/26/2017,441.8299865722656,0.0
09/27/2017,441.8550109863281,0.0
09/27/2017,457.3110046386719,0.0
09/28/2017,456.7130126953125,0.0
09/28/2017,447.8059997558594,0.0
09/29/2017,447.6619873046875,0.0
09/29/2017,436.7749938964844,0.0
09/30/2017,436.6449890136719,0.0
09/30/2017,432.6260070800781,0.0
10/01/2017,433.3800048828125,0.0
10/01/2017,415.1520080566406,0.0
10/02/2017,415.8689880371094,0.0
10/02/2017,421.1860046386719,0.0
10/03/2017,421.7860107421875,0.0
10/03/2017,404.177001953125,0.0
10/04/2017,404.1990051269531,0.0
10/04/2017,358.4469909667969,0.0
10/05/2017,358.4219970703125,0.0
10/05/2017,355.75,0.0
10/06/2017,355.43499755859375,0.0
10/06/2017,363.0140075683594,0.0
10/07/2017,363.60198974609375,0.0
10/07/2017,360.7820129394531,0.0
10/08/2017,360.0899963378906,0.0
10/08/2017,342.2120056152344,0.0
10/09/2017,342.7560119628906,0.0
10/09/2017,314.1610107421875,0.0
10/10/2017,313.2239990234375,0.0
10/10/2017,321.5899963378906,0.0
10/11/2017,320.2019958496094,0.0
10/11/2017,314.89599609375,0.0
10/12/2017,315.46600341796875,0.0
10/12/2017,313.2130126953125,0.0
10/13/2017,314.1510009765625,0.0
10/13/2017,321.46099853515625,0.0
10/14/2017,321.5419921875,0.0
10/14/2017,321.9580078125,0.0
10/15/2017,322.4200134277344,0.0
10/15/2017,314.9469909667969,0.0
10/16/2017,315.26300048828125,0.0
10/16/2017,313.64300537109375,0.0
10/17/2017,313.70098876953125,0.0
10/17/2017,371.7309875488281,0.0
10/18/2017,373.6510009765625,0.0
10/18/2017,339.1659851074219,0.0
10/19/2017,339.2659912109375,0.0
10/19/2017,330.8059997558594,0.0
10/20/2017,330.90399169921875,0.0
10/20/2017,327.4440002441406,0.0
10/21/2017,326.75201416015625,0.0
10/21/2017,323.3580017089844,0.0
10/22/2017,323.5039978027344,0.0
10/22/2017,331.6600036621094,0.0
10/23/2017,330.6679992675781,0.0
10/23/2017,315.5950012207031,0.0
10/24/2017,315.8970031738281,0.0
10/24/2017,326.8900146484375,0.0
10/25/2017,326.5889892578125,0.0
10/25/2017,332.1310119628906,0.0
10/26/2017,332.1099853515625,0.0
10/26/2017,338.2049865722656,0.0
10/27/2017,338.3030090332031,0.0
10/27/2017,367.57000732421875,0.0
10/28/2017,369.5409851074219,0.0
10/28/2017,423.3450012207031,0.0
10/29/2017,420.468994140625,0.0
10/29/2017,451.92401123046875,0.0
10/30/2017,458.4519958496094,0.0
10/30/2017,448.22698974609375,0.0
10/31/2017,449.3689880371094,0.0
10/31/2017,439.0530090332031,0.0
11/01/2017,438.2980041503906,0.0
11/01/2017,531.8280029296875,0.0
11/02/2017,527.677001953125,0.0
11/02/2017,587.2219848632812,0.0
11/03/2017,587.3179931640625,0.0
11/03/2017,625.323974609375,0.0
11/04/2017,635.3469848632812,0.0
11/04/2017,620.4450073242188,0.0
11/05/2017,619.9110107421875,0.0
11/05/2017,630.7020263671875,0.0
11/06/2017,630.3060302734375,0.0
11/06/2017,602.6480102539062,0.0
11/07/2017,602.6840209960938,0.0
11/07/2017,616.2960205078125,0.0
11/08/2017,615.2429809570312,0.0
11/08/2017,622.4550170898438,0.0
11/09/2017,622.31201171875,0.0
11/09/2017,654.302978515625,0.0
11/10/2017,651.7750244140625,0.0
11/10/2017,1007.4199829101562,0.0
11/11/2017,1001.6400146484375,0.0
11/11/2017,1340.449951171875,0.0
11/12/2017,1346.969970703125,0.0
11/12/2017,1388.8599853515625,0.0
11/13/2017,1381.8199462890625,0.0
11/13/2017,1353.989990234375,0.0
11/14/2017,1346.72998046875,0.0
11/14/2017,1273.530029296875,0.0
11/15/2017,1269.7900390625,0.0
11/15/2017,1212.4000244140625,0.0
11/16/2017,1202.1700439453125,0.0
11/16/2017,900.7760009765625,0.0
11/17/2017,909.1580200195312,0.0
11/17/2017,1185.47998046875,0.0
11/18/2017,1197.4300537109375,0.0
11/18/2017,1254.530029296875,0.0
11/19/2017,1260.949951171875,0.0
11/19/2017,1172.050048828125,0.0
11/20/2017,1172.4300537109375,0.0
11/20/2017,1236.010009765625,0.0
11/21/2017,1220.780029296875,0.0
11/21/2017,1176.969970703125,0.0
11/22/2017,1175.06005859375,0.0
11/22/2017,1303.31005859375,0.0
11/23/2017,1302.22998046875,0.0
11/23/2017,1683.81005859375,0.0
11/24/2017,1651.8599853515625,0.0
11/24/2017,1648.510009765625,0.0
11/25/2017,1634.0,0.0
11/25/2017,1571.27001953125,0.0
11/26/2017,1571.3900146484375,0.0
11/26/2017,1735.6600341796875,0.0
11/27/2017,1722.9300537109375,0.0
11/27/2017,1622.5699462890625,0.0
11/28/2017,1621.1700439453125,0.0
11/28/2017,1546.1800537109375,0.0
11/29/2017,1541.6300048828125,0.0
11/29/2017,1359.7099609375,0.0
11/30/2017,1380.3599853515625,0.0
11/30/2017,1389.780029296875,0.0
12/01/2017,1381.81005859375,0.0
12/01/2017,1462.6800537109375,0.0
12/02/2017,1462.06005859375,0.0
12/02/2017,1434.97998046875,0.0
12/03/2017,1435.3599853515625,0.0
12/03/2017,1559.9300537109375,0.0
12/04/2017,1560.1600341796875,0.0
12/04/2017,1576.9200439453125,0.0
12/05/2017,1580.1600341796875,0.0
12/05/2017,1501.8499755859375,0.0
12/06/2017,1498.489990234375,0.0
12/06/2017,1430.0999755859375,0.0
12/07/2017,1430.7099609375,0.0
12/07/2017,1330.9300537109375,0.0
12/08/2017,1329.1600341796875,0.0
12/08/2017,1464.1300048828125,0.0
12/09/2017,1464.6300048828125,0.0
12/09/2017,1410.06005859375,0.0
12/10/2017,1411.8399658203125,0.0
12/10/2017,1323.0699462890625,0.0
12/11/2017,1320.0,0.0
12/11/2017,1423.3800048828125,0.0
12/12/2017,1427.3800048828125,0.0
12/12/2017,1615.030029296875,0.0
12/13/2017,1616.989990234375,0.0
12/13/2017,1607.6500244140625,0.0
12/14/2017,1600.6700439453125,0.0
12/14/2017,1966.1400146484375,0.0
12/15/2017,1974.6600341796875,0.0
12/15/2017,1815.4300537109375,0.0
12/16/2017,1824.8499755859375,0.0
12/16/2017,1801.8800048828125,0.0
12/17/2017,1812.3299560546875,0.0
12/17/2017,1862.8800048828125,0.0
12/18/2017,1869.2099609375,0.0
12/18/2017,2196.639892578125,0.0
12/19/2017,2199.06005859375,0.0
12/19/2017,2805.889892578125,0.0
12/20/2017,2825.030029296875,0.0
12/20/2017,3923.070068359375,0.0
12/21/2017,3909.0,0.0
12/21/2017,3267.169921875,0.0
12/22/2017,3324.0,0.0
12/22/2017,2696.68994140625,0.0
12/23/2017,2746.949951171875,0.0
12/23/2017,3257.080078125,0.0
12/24/2017,3260.550048828125,0.0
12/24/2017,2903.1201171875,0.0
12/25/2017,2929.35009765625,0.0
12/25/2017,2954.68994140625,0.0
12/26/2017,2947.739990234375,0.0
12/26/2017,3108.889892578125,0.0
12/27/2017,3108.320068359375,0.0
12/27/2017,2889.52001953125,0.0
12/28/2017,2888.639892578125,0.0
12/28/2017,2566.639892578125,0.0
12/29/2017,2587.300048828125,0.0
12/29/2017,2779.949951171875,0.0
12/30/2017,2791.550048828125,0.0
12/30/2017,2392.409912109375,0.0
12/31/2017,2376.9599609375,0.0
12/31/2017,2533.010009765625,0.0
01/01/2018,2534.820068359375,0.0
01/01/2018,2432.5400390625,0.0
01/02/2018,2434.5,0.0
01/02/2018,2711.0,0.0
01/03/2018,2700.550048828125,0.0
01/03/2018,2608.68994140625,0.0
01/04/2018,2608.8701171875,0.0
01/04/2018,2430.179931640625,0.0
01/05/2018,2400.739990234375,0.0
01/05/2018,2584.47998046875,0.0
01/06/2018,2583.7099609375,0.0
01/06/2018,2786.64990234375,0.0
01/07/2018,2784.679931640625,0.0
01/07/2018,2786.8798828125,0.0
01/08/2018,2786.60009765625,0.0
01/08/2018,2421.469970703125,0.0
01/09/2018,2412.360107421875,0.0
01/09/2018,2391.56005859375,0.0
01/10/2018,2390.02001953125,0.0
01/10/2018,2895.3798828125,0.0
01/11/2018,2891.550048828125,0.0
01/11/2018,2462.610107421875,0.0
01/12/2018,2475.89990234375,0.0
01/12/2018,2620.989990234375,0.0
01/13/2018,2617.659912109375,0.0
01/13/2018,2685.2900390625,0.0
01/14/2018,2687.10009765625,0.0
01/14/2018,2553.320068359375,0.0
01/15/2018,2541.580078125,0.0
01/15/2018,2401.5400390625,0.0
01/16/2018,2406.860107421875,0.0
01/16/2018,1772.0699462890625,0.0
01/17/2018,1767.5799560546875,0.0
01/17/2018,1748.050048828125,0.0
01/18/2018,1752.27001953125,0.0
01/18/2018,1756.75,0.0
01/19/2018,1740.1700439453125,0.0
01/19/2018,1769.6199951171875,0.0
01/20/2018,1784.260009765625,0.0
01/20/2018,2032.1199951171875,0.0
01/21/2018,2033.699951171875,0.0
01/21/2018,1776.6400146484375,0.0
01/22/2018,1794.4599609375,0.0
01/22/2018,1621.9200439453125,0.0
01/23/2018,1623.1400146484375,0.0
01/23/2018,1621.4599609375,0.0
01/24/2018,1622.1500244140625,0.0
01/24/2018,1639.1300048828125,0.0
01/25/2018,1661.0400390625,0.0
01/25/2018,1642.1199951171875,0.0
01/26/2018,1637.18994140625,0.0
01/26/2018,1603.9000244140625,0.0
01/27/2018,1602.5,0.0
01/27/2018,1628.6300048828125,0.0
01/28/2018,1636.4100341796875,0.0
01/28/2018,1746.25,0.0
01/29/2018,1745.3599853515625,0.0
01/29/2018,1657.1400146484375,0.0
01/30/2018,1657.68994140625,0.0
01/30/2018,1470.550048828125,0.0
01/31/2018,1470.739990234375,0.0
01/31/2018,1486.8900146484375,0.0
02/01/2018,1491.1199951171875,0.0
02/01/2018,1274.3499755859375,0.0
02/02/2018,1272.5,0.0
02/02/2018,1191.1400146484375,0.0
02/03/2018,1194.22998046875,0.0
02/03/2018,1272.5,0.0
02/04/2018,1273.1700439453125,0.0
02/04/2018,1165.3800048828125,0.0
02/05/2018,1159.8900146484375,0.0
02/05/2018,887.4130249023438,0.0
02/06/2018,890.9660034179688,0.0
02/06/2018,974.5250244140625,0.0
02/07/2018,971.0759887695312,0.0
02/07/2018,957.9600219726562,0.0
02/08/2018,951.5670166015625,0.0
02/08/2018,1284.56005859375,0.0
02/09/2018,1273.8699951171875,0.0
02/09/2018,1312.1099853515625,0.0
02/10/2018,1311.989990234375,0.0
02/10/2018,1257.31005859375,0.0
02/11/2018,1255.5899658203125,0.0
02/11/2018,1217.6400146484375,0.0
02/12/2018,1222.4300537109375,0.0
02/12/2018,1283.9100341796875,0.0
02/13/2018,1285.22998046875,0.0
02/13/2018,1231.97998046875,0.0
02/14/2018,1229.1800537109375,0.0
02/14/2018,1362.27001953125,0.0
02/15/2018,1358.6500244140625,0.0
02/15/2018,1375.81005859375,0.0
02/16/2018,1373.1600341796875,0.0
02/16/2018,1552.199951171875,0.0
02/17/2018,1548.47998046875,0.0
02/17/2018,1551.3900146484375,0.0
02/18/2018,1552.0999755859375,0.0
02/18/2018,1487.4599609375,0.0
02/19/2018,1483.3399658203125,0.0
02/19/2018,1534.77001953125,0.0
02/20/2018,1543.27001953125,0.0
02/20/2018,1418.72998046875,0.0
02/21/2018,1412.8499755859375,0.0
02/21/2018,1308.4599609375,0.0
02/22/2018,1304.6600341796875,0.0
02/22/2018,1219.489990234375,0.0
02/23/2018,1217.3599853515625,0.0
02/23/2018,1270.7099609375,0.0
02/24/2018,1266.56005859375,0.0
02/24/2018,1193.27001953125,0.0
02/25/2018,1191.3499755859375,0.0
02/25/2018,1178.0999755859375,0.0
02/26/2018,1177.5799560546875,0.0
02/26/2018,1250.56005859375,0.0
02/27/2018,1255.449951171875,0.0
02/27/2018,1246.6600341796875,0.0
02/28/2018,1243.260009765625,0.0
02/28/2018,1204.1600341796875,0.0
03/01/2018,1204.8399658203125,0.0
03/01/2018,1291.9200439453125,0.0
03/02/2018,1284.949951171875,0.0
03/02/2018,1275.1800537109375,0.0
03/03/2018,1274.6700439453125,0.0
03/03/2018,1270.3800048828125,0.0
03/04/2018,1267.8599853515625,0.0
03/04/2018,1289.0799560546875,0.0
03/05/2018,1287.0999755859375,0.0
03/05/2018,1268.030029296875,0.0
03/06/2018,1264.18994140625,0.0
03/06/2018,1206.0400390625,0.0
03/07/2018,1205.8399658203125,0.0
03/07/2018,1092.1600341796875,0.0
03/08/2018,1094.6400146484375,0.0
03/08/2018,1040.2099609375,0.0
03/09/2018,1034.68994140625,0.0
03/09/2018,1067.02001953125,0.0
03/10/2018,1071.1500244140625,0.0
03/10/2018,1005.9299926757812,0.0
03/11/2018,1002.5499877929688,0.0
03/11/2018,1145.1700439453125,0.0
03/12/2018,1143.93994140625,0.0
03/12/2018,1051.280029296875,0.0
03/13/2018,1051.0699462890625,0.0
03/13/2018,1064.030029296875,0.0
03/14/2018,1071.5,0.0
03/14/2018,949.4669799804688,0.0
03/15/2018,949.7680053710938,0.0
03/15/2018,943.635986328125,0.0
03/16/2018,943.6010131835938,0.0
03/16/2018,977.0349731445312,0.0
03/17/2018,974.7039794921875,0.0
03/17/2018,949.7789916992188,0.0
03/18/2018,948.2760009765625,0.0
03/18/2018,938.114990234375,0.0
03/19/2018,942.5980224609375,0.0
03/19/2018,994.6749877929688,0.0
03/20/2018,998.1699829101562,0.0
03/20/2018,1059.1199951171875,0.0
03/21/2018,1066.030029296875,0.0
03/21/2018,1033.449951171875,0.0
03/22/2018,1033.260009765625,0.0
03/22/2018,1011.52001953125,0.0
03/23/2018,1011.8300170898438,0.0
03/23/2018,1019.4299926757812,0.0
03/24/2018,1028.1199951171875,0.0
03/24/2018,982.302978515625,0.0
03/25/2018,973.60302734375,0.0
03/25/2018,966.8759765625,0.0
03/26/2018,967.89501953125,0.0
03/26/2018,919.2479858398438,0.0
03/27/2018,916.989990234375,0.0
03/27/2018,876.3280029296875,0.0
03/28/2018,876.3590087890625,0.0
03/28/2018,860.52001953125,0.0
03/29/2018,861.6099853515625,0.0
03/29/2018,714.2680053710938,0.0
03/30/2018,712.405029296875,0.0
03/30/2018,697.0120239257812,0.0
03/31/2018,697.6220092773438,0.0
03/31/2018,685.2470092773438,0.0
04/01/2018,688.0139770507812,0.0
04/01/2018,643.0269775390625,0.0
04/02/2018,644.4580078125,0.0
04/02/2018,662.7730102539062,0.0
04/03/2018,664.1500244140625,0.0
04/03/2018,712.8779907226562,0.0
04/04/2018,710.4710083007812,0.0
04/04/2018,649.1959838867188,0.0
04/05/2018,648.6279907226562,0.0
04/05/2018,646.0419921875,0.0
04/06/2018,641.8619995117188,0.0
04/06/2018,610.426025390625,0.0
04/07/2018,611.2030029296875,0.0
04/07/2018,640.3460083007812,0.0
04/08/2018,640.8920288085938,0.0
04/08/2018,655.2559814453125,0.0
04/09/2018,656.0910034179688,0.0
04/09/2018,637.0289916992188,0.0
04/10/2018,637.697021484375,0.0
04/10/2018,649.6160278320312,0.0
04/11/2018,648.8980102539062,0.0
04/11/2018,666.5800170898438,0.0
04/12/2018,666.3900146484375,0.0
04/12/2018,734.4819946289062,0.0
04/13/2018,735.7780151367188,0.0
04/13/2018,738.302001953125,0.0
04/14/2018,738.719970703125,0.0
04/14/2018,738.9849853515625,0.0
04/15/2018,741.906982421875,0.0
04/15/2018,780.8259887695312,0.0
04/16/2018,781.1209716796875,0.0
04/16/2018,766.4730224609375,0.0
04/17/2018,766.697998046875,0.0
04/17/2018,757.5910034179688,0.0
04/18/2018,758.25,0.0
04/18/2018,888.9080200195312,0.0
04/19/2018,890.6619873046875,0.0
04/19/2018,968.6380004882812,0.0
04/20/2018,970.14697265625,0.0
04/20/2018,1128.02001953125,0.0
04/21/2018,1126.8599853515625,0.0
04/21/2018,1154.68994140625,0.0
04/22/2018,1147.47998046875,0.0
04/22/2018,1201.219970703125,0.0
04/23/2018,1194.7099609375,0.0
04/23/2018,1432.260009765625,0.0
04/24/2018,1434.010009765625,0.0
04/24/2018,1426.4200439453125,0.0
04/25/2018,1426.7099609375,0.0
04/25/2018,1284.7900390625,0.0
04/26/2018,1289.5400390625,0.0
04/26/2018,1420.4100341796875,0.0
04/27/2018,1422.06005859375,0.0
04/27/2018,1337.8499755859375,0.0
04/28/2018,1337.9599609375,0.0
04/28/2018,1396.25,0.0
04/29/2018,1393.989990234375,0.0
04/29/2018,1440.300048828125,0.0
04/30/2018,1440.9599609375,0.0
04/30/2018,1350.050048828125,0.0
05/01/2018,1348.6400146484375,0.0
05/01/2018,1351.280029296875,0.0
05/02/2018,1353.5400390625,0.0
05/02/2018,1458.719970703125,0.0
05/03/2018,1459.550048828125,0.0
05/03/2018,1511.969970703125,0.0
05/04/2018,1501.4000244140625,0.0
05/04/2018,1517.3299560546875,0.0
05/05/2018,1516.739990234375,0.0
05/05/2018,1752.0999755859375,0.0
05/06/2018,1758.8299560546875,0.0
05/06/2018,1765.68994140625,0.0
05/07/2018,1766.6600341796875,0.0
05/07/2018,1655.199951171875,0.0
05/08/2018,1673.0699462890625,0.0
05/08/2018,1611.93994140625,0.0
05/09/2018,1607.8699951171875,0.0
05/09/2018,1638.3399658203125,0.0
05/10/2018,1646.1500244140625,0.0
05/10/2018,1528.5899658203125,0.0
05/11/2018,1527.489990234375,0.0
05/11/2018,1371.739990234375,0.0
05/12/2018,1376.050048828125,0.0
05/12/2018,1472.4000244140625,0.0
05/13/2018,1474.760009765625,0.0
05/13/2018,1493.1199951171875,0.0
05/14/2018,1489.3299560546875,0.0
05/14/2018,1431.68994140625,0.0
05/15/2018,1430.280029296875,0.0
05/15/2018,1343.3800048828125,0.0
05/16/2018,1341.8900146484375,0.0
05/16/2018,1280.6199951171875,0.0
05/17/2018,1290.219970703125,0.0
05/17/2018,1206.1700439453125,0.0
05/18/2018,1202.199951171875,0.0
05/18/2018,1207.239990234375,0.0
05/19/2018,1206.6099853515625,0.0
05/19/2018,1184.9599609375,0.0
05/20/2018,1183.199951171875,0.0
05/20/2018,1291.77001953125,0.0
05/21/2018,1296.030029296875,0.0
05/21/2018,1233.6400146484375,0.0
05/22/2018,1233.699951171875,0.0
05/22/2018,1141.8599853515625,0.0
05/23/2018,1142.25,0.0
05/23/2018,1005.6099853515625,0.0
05/24/2018,1005.010009765625,0.0
05/24/2018,1071.3599853515625,0.0
05/25/2018,1072.739990234375,0.0
05/25/2018,1017.2999877929688,0.0
05/26/2018,1015.6799926757812,0.0
05/26/2018,1012.47998046875,0.0
05/27/2018,1009.2000122070312,0.0
05/27/2018,996.9240112304688,0.0
05/28/2018,996.6480102539062,0.0
05/28/2018,892.1179809570312,0.0
05/29/2018,896.8499755859375,0.0
05/29/2018,987.6630249023438,0.0
05/30/2018,990.0700073242188,0.0
05/30/2018,984.676025390625,0.0
05/31/2018,983.573974609375,0.0
05/31/2018,995.343994140625,0.0
06/01/2018,995.6610107421875,0.0
06/01/2018,1002.9199829101562,0.0
06/02/2018,1003.3300170898438,0.0
06/02/2018,1084.780029296875,0.0
06/03/2018,1083.1300048828125,0.0
06/03/2018,1170.4000244140625,0.0
06/04/2018,1170.780029296875,0.0
06/04/2018,1105.800048828125,0.0
06/05/2018,1110.0699462890625,0.0
06/05/2018,1152.8900146484375,0.0
06/06/2018,1157.3299560546875,0.0
06/06/2018,1131.1700439453125,0.0
06/07/2018,1135.1500244140625,0.0
06/07/2018,1143.75,0.0
06/08/2018,1145.3399658203125,0.0
06/08/2018,1118.18994140625,0.0
06/09/2018,1117.3499755859375,0.0
06/09/2018,1092.1300048828125,0.0
06/10/2018,1087.4599609375,0.0
06/10/2018,939.5460205078125,0.0
06/11/2018,937.6320190429688,0.0
06/11/2018,958.5640258789062,0.0
06/12/2018,957.1400146484375,0.0
06/12/2018,874.4340209960938,0.0
06/13/2018,876.8909912109375,0.0
06/13/2018,844.2420043945312,0.0
06/14/2018,844.3599853515625,0.0
06/14/2018,897.6019897460938,0.0
06/15/2018,896.4299926757812,0.0
06/15/2018,849.3150024414062,0.0
06/16/2018,847.1649780273438,0.0
06/16/2018,852.1909790039062,0.0
06/17/2018,853.0590209960938,0.0
06/17/2018,852.1019897460938,0.0
06/18/2018,849.8070068359375,0.0
06/18/2018,885.6389770507812,0.0
06/19/2018,885.9940185546875,0.0
06/19/2018,904.6519775390625,0.0
06/20/2018,905.7050170898438,0.0
06/20/2018,890.4530029296875,0.0
06/21/2018,890.6409912109375,0.0
06/21/2018,874.093994140625,0.0
06/22/2018,874.9650268554688,0.0
06/22/2018,755.9749755859375,0.0
06/23/2018,755.2410278320312,0.0
06/23/2018,762.7589721679688,0.0
06/24/2018,764.6229858398438,0.0
06/24/2018,749.364990234375,0.0
06/25/2018,748.625,0.0
06/25/2018,756.8460083007812,0.0
06/26/2018,757.25,0.0
06/26/2018,700.2589721679688,0.0
06/27/2018,698.2849731445312,0.0
06/27/2018,713.7670288085938,0.0
06/28/2018,714.7009887695312,0.0
06/28/2018,660.239990234375,0.0
06/29/2018,662.9990234375,0.0
06/29/2018,715.7109985351562,0.0
06/30/2018,717.0419921875,0.0
06/30/2018,748.708984375,0.0
07/01/2018,749.1790161132812,0.0
07/01/2018,739.4249877929688,0.0
07/02/2018,739.2459716796875,0.0
07/02/2018,776.1749877929688,0.0
07/03/2018,775.0670166015625,0.0
07/03/2018,757.947021484375,0.0
07/04/2018,757.926025390625,0.0
07/04/2018,762.39501953125,0.0
07/05/2018,763.2949829101562,0.0
07/05/2018,748.2249755859375,0.0
07/06/2018,748.47998046875,0.0
07/06/2018,737.3309936523438,0.0
07/07/2018,736.7589721679688,0.0
07/07/2018,775.2969970703125,0.0
07/08/2018,775.7760009765625,0.0
07/08/2018,751.3519897460938,0.0
07/09/2018,751.5689697265625,0.0
07/09/2018,733.3839721679688,0.0
07/10/2018,732.8560180664062,0.0
07/10/2018,688.6290283203125,0.0
07/11/2018,688.8690185546875,0.0
07/11/2018,707.47998046875,0.0
07/12/2018,706.9760131835938,0.0
07/12/2018,682.7550048828125,0.0
07/13/2018,686.6480102539062,0.0
07/13/2018,696.5880126953125,0.0
07/14/2018,696.416015625,0.0
07/14/2018,704.0570068359375,0.0
07/15/2018,702.9949951171875,0.0
07/15/2018,722.9739990234375,0.0
07/16/2018,724.47802734375,0.0
07/16/2018,805.677001953125,0.0
07/17/2018,803.1160278320312,0.0
07/17/2018,850.7789916992188,0.0
07/18/2018,849.7689819335938,0.0
07/18/2018,829.93701171875,0.0
07/19/2018,828.427001953125,0.0
07/19/2018,824.8930053710938,0.0
07/20/2018,823.39501953125,0.0
07/20/2018,767.655029296875,0.0
07/21/2018,767.8770141601562,0.0
07/21/2018,789.4860229492188,0.0
07/22/2018,788.4710083007812,0.0
07/22/2018,788.666015625,0.0
07/23/2018,789.6890258789062,0.0
07/23/2018,784.385986328125,0.0
07/24/2018,785.5969848632812,0.0
07/24/2018,869.4669799804688,0.0
07/25/2018,863.197998046875,0.0
07/25/2018,831.4550170898438,0.0
07/26/2018,830.739013671875,0.0
07/26/2018,806.177978515625,0.0
07/27/2018,804.3499755859375,0.0
07/27/2018,819.3870239257812,0.0
07/28/2018,821.4920043945312,0.0
07/28/2018,818.8300170898438,0.0
07/29/2018,821.0139770507812,0.0
07/29/2018,828.97900390625,0.0
07/30/2018,828.5469970703125,0.0
07/30/2018,816.0780029296875,0.0
07/31/2018,816.72998046875,0.0
07/31/2018,777.14599609375,0.0
08/01/2018,779.9500122070312,0.0
08/01/2018,769.3489990234375,0.0
08/02/2018,767.6749877929688,0.0
08/02/2018,734.7589721679688,0.0
08/03/2018,732.7990112304688,0.0
08/03/2018,724.7080078125,0.0
08/04/2018,723.27197265625,0.0
08/04/2018,695.7349853515625,0.0
08/05/2018,696.0650024414062,0.0
08/05/2018,709.218994140625,0.0
08/06/2018,711.0120239257812,0.0
08/06/2018,692.6300048828125,0.0
08/07/2018,692.6290283203125,0.0
08/07/2018,659.3839721679688,0.0
08/08/2018,660.0540161132812,0.0
08/08/2018,585.4459838867188,0.0
08/09/2018,590.5230102539062,0.0
08/09/2018,610.781005859375,0.0
08/10/2018,610.35302734375,0.0
08/10/2018,572.43798828125,0.0
08/11/2018,571.8930053710938,0.0
08/11/2018,566.7730102539062,0.0
08/12/2018,564.4439697265625,0.0
08/12/2018,570.958984375,0.0
08/13/2018,571.0230102539062,0.0
08/13/2018,535.9769897460938,0.0
08/14/2018,534.9819946289062,0.0
08/14/2018,509.30499267578125,0.0
08/15/2018,513.2459716796875,0.0
08/15/2018,513.6729736328125,0.0
08/16/2018,512.8660278320312,0.0
08/16/2018,517.344970703125,0.0
08/17/2018,516.5609741210938,0.0
08/17/2018,597.0120239257812,0.0
08/18/2018,597.6699829101562,0.0
08/18/2018,554.9210205078125,0.0
08/19/2018,554.9310302734375,0.0
08/19/2018,569.926025390625,0.0
08/20/2018,570.1129760742188,0.0
08/20/2018,515.6599731445312,0.0
08/21/2018,514.0640258789062,0.0
08/21/2018,536.5670166015625,0.0
08/22/2018,535.1519775390625,0.0
08/22/2018,519.9520263671875,0.0
08/23/2018,519.1209716796875,0.0
08/23/2018,530.7689819335938,0.0
08/24/2018,531.5540161132812,0.0
08/24/2018,535.405029296875,0.0
08/25/2018,534.989013671875,0.0
08/25/2018,537.239013671875,0.0
08/26/2018,536.489013671875,0.0
08/26/2018,522.8839721679688,0.0
08/27/2018,523.0170288085938,0.0
08/27/2018,546.3569946289062,0.0
08/28/2018,545.0759887695312,0.0
08/28/2018,565.3060302734375,0.0
08/29/2018,564.406005859375,0.0
08/29/2018,554.3670043945312,0.0
08/30/2018,554.0709838867188,0.0
08/30/2018,540.0250244140625,0.0
08/31/2018,538.6220092773438,0.0
08/31/2018,543.0780029296875,0.0
09/01/2018,543.9619750976562,0.0
09/01/2018,615.31201171875,0.0
09/02/2018,616.0260009765625,0.0
09/02/2018,645.8800048828125,0.0
09/03/2018,648.3280029296875,0.0
09/03/2018,626.3629760742188,0.0
09/04/2018,627.323974609375,0.0
09/04/2018,625.0670166015625,0.0
09/05/2018,626.197998046875,0.0
09/05/2018,530.5130004882812,0.0
09/06/2018,529.9520263671875,0.0
09/06/2018,519.1619873046875,0.0
09/07/2018,518.7670288085938,0.0
09/07/2018,501.5690002441406,0.0
09/08/2018,501.8219909667969,0.0
09/08/2018,475.2850036621094,0.0
09/09/2018,474.6289978027344,0.0
09/09/2018,481.18499755859375,0.0
09/10/2018,484.218994140625,0.0
09/10/2018,465.5870056152344,0.0
09/11/2018,468.3489990234375,0.0
09/11/2018,440.8349914550781,0.0
09/12/2018,440.50799560546875,0.0
09/12/2018,432.8479919433594,0.0
09/13/2018,433.5379943847656,0.0
09/13/2018,464.43701171875,0.0
09/14/2018,467.12799072265625,0.0
09/14/2018,449.50299072265625,0.0
09/15/2018,447.5790100097656,0.0
09/15/2018,450.6839904785156,0.0
09/16/2018,448.5090026855469,0.0
09/16/2018,449.1600036621094,0.0
09/17/2018,450.37799072265625,0.0
09/17/2018,420.4519958496094,0.0
09/18/2018,418.55499267578125,0.0
09/18/2018,435.6789855957031,0.0
09/19/2018,433.1919860839844,0.0
09/19/2018,429.22698974609375,0.0
09/20/2018,429.80499267578125,0.0
09/20/2018,455.7430114746094,0.0
09/21/2018,457.5159912109375,0.0
09/21/2018,499.03900146484375,0.0
09/22/2018,500.3500061035156,0.0
09/22/2018,487.8299865722656,0.0
09/23/2018,487.7099914550781,0.0
09/23/2018,488.6470031738281,0.0
09/24/2018,487.9150085449219,0.0
09/24/2018,463.0899963378906,0.0
09/25/2018,462.1099853515625,0.0
09/25/2018,445.22601318359375,0.0
09/26/2018,444.802001953125,0.0
09/26/2018,515.9340209960938,0.0
09/27/2018,514.7670288085938,0.0
09/27/2018,564.4099731445312,0.0
09/28/2018,568.4320068359375,0.0
09/28/2018,539.8629760742188,0.0
09/29/2018,538.9940185546875,0.0
09/29/2018,536.9119873046875,0.0
09/30/2018,536.5640258789062,0.0
09/30/2018,529.9249877929688,0.0
10/01/2018,531.6380004882812,0.0
10/01/2018,530.9140014648438,0.0
10/02/2018,531.1530151367188,0.0
10/02/2018,533.2650146484375,0.0
10/03/2018,531.635986328125,0.0
10/03/2018,514.5250244140625,0.0
10/04/2018,516.7869873046875,0.0
10/04/2018,513.030029296875,0.0
10/05/2018,513.8980102539062,0.0
10/05/2018,520.6329956054688,0.0
10/06/2018,519.9180297851562,0.0
10/06/2018,508.6239929199219,0.0
10/07/2018,509.6260070800781,0.0
10/07/2018,517.468017578125,0.0
10/08/2018,518.7100219726562,0.0
10/08/2018,528.9749755859375,0.0
10/09/2018,526.905029296875,0.0
10/09/2018,517.7899780273438,0.0
10/10/2018,516.656005859375,0.0
10/10/2018,512.9240112304688,0.0
10/11/2018,511.7699890136719,0.0
10/11/2018,433.0369873046875,0.0
10/12/2018,430.35198974609375,0.0
10/12/2018,443.22900390625,0.0
10/13/2018,443.1809997558594,0.0
10/13/2018,448.4100036621094,0.0
10/14/2018,448.18798828125,0.0
10/14/2018,439.2340087890625,0.0
10/15/2018,438.6499938964844,0.0
10/15/2018,459.3810119628906,0.0
10/16/2018,459.322998046875,0.0
10/16/2018,458.0119934082031,0.0
10/17/2018,458.84600830078125,0.0
10/17/2018,448.7929992675781,0.0
10/18/2018,449.2200012207031,0.0
10/18/2018,438.42498779296875,0.0
10/19/2018,438.31298828125,0.0
10/19/2018,440.84600830078125,0.0
10/20/2018,440.8689880371094,0.0
10/20/2018,447.44500732421875,0.0
10/21/2018,447.5419921875,0.0
10/21/2018,447.85101318359375,0.0
10/22/2018,447.18701171875,0.0
10/22/2018,447.21099853515625,0.0
10/23/2018,447.1709899902344,0.0
10/23/2018,442.6549987792969,0.0
10/24/2018,441.2669982910156,0.0
10/24/2018,442.4460144042969,0.0
10/25/2018,442.17498779296875,0.0
10/25/2018,440.22900390625,0.0
10/26/2018,439.1239929199219,0.0
10/26/2018,438.739990234375,0.0
10/27/2018,438.60198974609375,0.0
10/27/2018,437.5270080566406,0.0
10/28/2018,438.8919982910156,0.0
10/28/2018,441.0840148925781,0.0
10/29/2018,440.2070007324219,0.0
10/29/2018,417.5710144042969,0.0
10/30/2018,417.69000244140625,0.0
10/30/2018,421.9339904785156,0.0
10/31/2018,422.22601318359375,0.0
10/31/2018,422.8590087890625,0.0
11/01/2018,423.0690002441406,0.0
11/01/2018,424.0899963378906,0.0
11/02/2018,424.239990234375,0.0
11/02/2018,462.010009765625,0.0
11/03/2018,461.77301025390625,0.0
11/03/2018,477.9939880371094,0.0
11/04/2018,478.5350036621094,0.0
11/04/2018,560.1829833984375,0.0
11/05/2018,557.7160034179688,0.0
11/05/2018,558.4660034179688,0.0
11/06/2018,558.5460205078125,0.0
11/06/2018,628.5070190429688,0.0
11/07/2018,630.176025390625,0.0
11/07/2018,617.2550048828125,0.0
11/08/2018,616.5269775390625,0.0
11/08/2018,574.4340209960938,0.0
11/09/2018,574.0059814453125,0.0
11/09/2018,544.4190063476562,0.0
11/10/2018,542.8820190429688,0.0
11/10/2018,556.4990234375,0.0
11/11/2018,555.7760009765625,0.0
11/11/2018,533.3410034179688,0.0
11/12/2018,533.5679931640625,0.0
11/12/2018,516.3070068359375,0.0
11/13/2018,514.583984375,0.0
11/13/2018,512.4099731445312,0.0
11/14/2018,511.6300048828125,0.0
11/14/2018,439.3080139160156,0.0
11/15/2018,439.9639892578125,0.0
11/15/2018,421.32000732421875,0.0
11/16/2018,421.1990051269531,0.0
11/16/2018,388.82000732421875,0.0
11/17/2018,389.4960021972656,0.0
11/17/2018,387.7489929199219,0.0
11/18/2018,387.635009765625,0.0
11/18/2018,386.25201416015625,0.0
11/19/2018,383.6289978027344,0.0
11/19/2018,336.9549865722656,0.0
11/20/2018,336.3139953613281,0.0
11/20/2018,223.70199584960938,0.0
11/21/2018,226.38299560546875,0.0
11/21/2018,235.9510040283203,0.0
11/22/2018,236.20799255371094,0.0
11/22/2018,211.46800231933594,0.0
11/23/2018,210.41799926757812,0.0
11/23/2018,207.42599487304688,0.0
11/24/2018,207.66299438476562,0.0
11/24/2018,180.68899536132812,0.0
11/25/2018,181.1269989013672,0.0
11/25/2018,184.58399963378906,0.0
11/26/2018,184.82899475097656,0.0
11/26/2018,182.04299926757812,0.0
11/27/2018,182.0019989013672,0.0
11/27/2018,179.06300354003906,0.0
11/28/2018,179.13600158691406,0.0
11/28/2018,190.07200622558594,0.0
11/29/2018,190.1019744873047,0.0
11/29/2018,180.98342895507812,0.0
11/30/2018,181.09329223632812,0.0
11/30/2018,173.06689453125,0.0
12/01/2018,172.51766967773438,0.0
12/01/2018,172.12330627441406,0.0
12/02/2018,171.93618774414062,0.0
12/02/2018,172.1134033203125,0.0
12/03/2018,172.31532287597656,0.0
12/03/2018,159.81825256347656,0.0
12/04/2018,159.6411895751953,0.0
12/04/2018,149.65896606445312,0.0
12/05/2018,149.8535919189453,0.0
12/05/2018,130.54104614257812,0.0
12/06/2018,130.5186767578125,0.0
12/06/2018,107.59273529052734,0.0
12/07/2018,107.48939514160156,0.0
12/07/2018,106.85249328613281,0.0
12/08/2018,106.23509979248047,0.0
12/08/2018,104.04759979248047,0.0
12/09/2018,103.7276840209961,0.0
12/09/2018,109.61795043945312,0.0
12/10/2018,109.599853515625,0.0
12/10/2018,107.3141860961914,0.0
12/11/2018,107.05274200439453,0.0
12/11/2018,102.07295227050781,0.0
12/12/2018,101.71315002441406,0.0
12/12/2018,102.5921630859375,0.0
12/13/2018,102.43241882324219,0.0
12/13/2018,90.30227661132812,0.0
12/14/2018,90.24313354492188,0.0
12/14/2018,80.3707504272461,0.0
12/15/2018,80.33245086669922,0.0
12/15/2018,77.36577606201172,0.0
12/16/2018,77.37089538574219,0.0
12/16/2018,81.63900756835938,0.0
12/17/2018,81.53206634521484,0.0
12/17/2018,90.3450698852539,0.0
12/18/2018,90.30988311767578,0.0
12/18/2018,105.20076751708984,0.0
12/19/2018,105.43772888183594,0.0
12/19/2018,128.44801330566406,0.0
12/20/2018,126.2838363647461,0.0
12/20/2018,194.23097229003906,0.0
12/21/2018,190.48019409179688,0.0
12/21/2018,194.2956085205078,0.0
12/22/2018,196.3031768798828,0.0
12/22/2018,196.6685791015625,0.0
12/23/2018,197.89273071289062,0.0
12/23/2018,197.66281127929688,0.0
12/24/2018,200.0340576171875,0.0
12/24/2018,182.25967407226562,0.0
12/25/2018,183.0314178466797,0.0
12/25/2018,170.9093475341797,0.0
12/26/2018,172.05953979492188,0.0
12/26/2018,175.5102996826172,0.0
12/27/2018,175.4122772216797,0.0
12/27/2018,150.12757873535156,0.0
12/28/2018,150.5561981201172,0.0
12/28/2018,173.9989776611328,0.0
12/29/2018,174.46963500976562,0.0
12/29/2018,165.0596466064453,0.0
12/30/2018,165.1508026123047,0.0
12/30/2018,163.62213134765625,0.0
12/31/2018,163.52188110351562,0.0
12/31/2018,151.0457000732422,0.0
01/01/2019,150.89578247070312,0.0
01/01/2019,164.85459899902344,0.0
01/02/2019,165.62203979492188,0.0
01/02/2019,171.82737731933594,0.0
01/03/2019,173.2724609375,0.0
01/03/2019,162.0499267578125,0.0
01/04/2019,161.71157836914062,0.0
01/04/2019,161.3956298828125,0.0
01/05/2019,161.1407928466797,0.0
01/05/2019,160.40121459960938,0.0
01/06/2019,160.18698120117188,0.0
01/06/2019,166.8411865234375,0.0
01/07/2019,166.8470001220703,0.0
01/07/2019,161.2439727783203,0.0
01/08/2019,161.40292358398438,0.0
01/08/2019,161.91262817382812,0.0
01/09/2019,162.11941528320312,0.0
01/09/2019,160.08474731445312,0.0
01/10/2019,160.28477478027344,0.0
01/10/2019,134.966796875,0.0
01/11/2019,133.90774536132812,0.0
01/11/2019,131.6685791015625,0.0
01/12/2019,131.49559020996094,0.0
01/12/2019,134.38116455078125,0.0
01/13/2019,134.49673461914062,0.0
01/13/2019,126.34981536865234,0.0
01/14/2019,126.48271942138672,0.0
01/14/2019,133.97984313964844,0.0
01/15/2019,133.9701690673828,0.0
01/15/2019,128.48001098632812,0.0
01/16/2019,128.6878662109375,0.0
01/16/2019,129.16934204101562,0.0
01/17/2019,129.2044677734375,0.0
01/17/2019,131.05453491210938,0.0
01/18/2019,131.0939178466797,0.0
01/18/2019,128.45748901367188,0.0
01/19/2019,128.5467987060547,0.0
01/19/2019,130.2041015625,0.0
01/20/2019,130.1376190185547,0.0
01/20/2019,123.88646697998047,0.0
01/21/2019,123.92018127441406,0.0
01/21/2019,122.82960510253906,0.0
01/22/2019,122.71257781982422,0.0
01/22/2019,128.4401092529297,0.0
01/23/2019,128.440185546875,0.0
01/23/2019,132.32009887695312,0.0
01/24/2019,132.21119689941406,0.0
01/24/2019,129.3973388671875,0.0
01/25/2019,129.52093505859375,0.0
01/25/2019,128.37045288085938,0.0
01/26/2019,128.4443817138672,0.0
01/26/2019,127.1396713256836,0.0
01/27/2019,127.15506744384766,0.0
01/27/2019,122.90110778808594,0.0
01/28/2019,123.03539276123047,0.0
01/28/2019,112.49606323242188,0.0
01/29/2019,112.25018310546875,0.0
01/29/2019,111.0904541015625,0.0
01/30/2019,110.95767211914062,0.0
01/30/2019,118.38124084472656,0.0
01/31/2019,118.15505981445312,0.0
01/31/2019,114.81018829345703,0.0
02/01/2019,114.79912567138672,0.0
02/01/2019,116.55672454833984,0.0
02/02/2019,116.55433654785156,0.0
02/02/2019,121.79053497314453,0.0
02/03/2019,121.79032135009766,0.0
02/03/2019,118.8281478881836,0.0
02/04/2019,119.3039779663086,0.0
02/04/2019,119.1247787475586,0.0
02/05/2019,119.0271987915039,0.0
02/05/2019,117.71129608154297,0.0
02/06/2019,117.98096466064453,0.0
02/06/2019,115.3336410522461,0.0
02/07/2019,115.17918395996094,0.0
02/07/2019,115.15020751953125,0.0
02/08/2019,115.78274536132812,0.0
02/08/2019,130.86221313476562,0.0
02/09/2019,129.9276885986328,0.0
02/09/2019,128.6419219970703,0.0
02/10/2019,128.6325225830078,0.0
02/10/2019,127.58672332763672,0.0
02/11/2019,127.69316864013672,0.0
02/11/2019,122.51187896728516,0.0
02/12/2019,122.5234146118164,0.0
02/12/2019,123.44557189941406,0.0
02/13/2019,123.37847137451172,0.0
02/13/2019,123.15240478515625,0.0
02/14/2019,123.11617279052734,0.0
02/14/2019,121.64990997314453,0.0
02/15/2019,122.18020629882812,0.0
02/15/2019,121.9615249633789,0.0
02/16/2019,122.009765625,0.0
02/16/2019,122.36091613769531,0.0
02/17/2019,122.2320556640625,0.0
02/17/2019,124.68604278564453,0.0
02/18/2019,124.96675872802734,0.0
02/18/2019,144.40594482421875,0.0
02/19/2019,144.31414794921875,0.0
02/19/2019,143.30477905273438,0.0
02/20/2019,142.97210693359375,0.0
02/20/2019,148.05462646484375,0.0
02/21/2019,147.91896057128906,0.0
02/21/2019,142.92816162109375,0.0
02/22/2019,142.8227081298828,0.0
02/22/2019,145.1149444580078,0.0
02/23/2019,144.8820037841797,0.0
02/23/2019,153.25616455078125,0.0
02/24/2019,154.19577026367188,0.0
02/24/2019,130.26763916015625,0.0
02/25/2019,130.02334594726562,0.0
02/25/2019,135.8684539794922,0.0
02/26/2019,135.84185791015625,0.0
02/26/2019,134.26275634765625,0.0
02/27/2019,134.32937622070312,0.0
02/27/2019,132.7872772216797,0.0
02/28/2019,132.8959503173828,0.0
02/28/2019,132.1869659423828,0.0
03/01/2019,132.07542419433594,0.0
03/01/2019,132.9617919921875,0.0
03/02/2019,132.92372131347656,0.0
03/02/2019,132.5384979248047,0.0
03/03/2019,132.57398986816406,0.0
03/03/2019,131.55630493164062,0.0
03/04/2019,131.4186553955078,0.0
03/04/2019,125.12248229980469,0.0
03/05/2019,124.96269989013672,0.0
03/05/2019,132.50877380371094,0.0
03/06/2019,133.4106903076172,0.0
03/06/2019,133.26795959472656,0.0
03/07/2019,133.29351806640625,0.0
03/07/2019,132.1560821533203,0.0
03/08/2019,132.2106475830078,0.0
03/08/2019,129.4702606201172,0.0
03/09/2019,129.42332458496094,0.0
03/09/2019,133.81556701660156,0.0
03/10/2019,134.0359344482422,0.0
03/10/2019,132.8378143310547,0.0
03/11/2019,132.86087036132812,0.0
03/11/2019,130.20494079589844,0.0
03/12/2019,130.34616088867188,0.0
03/12/2019,128.9482421875,0.0
03/13/2019,129.19155883789062,0.0
03/13/2019,128.93374633789062,0.0
03/14/2019,128.8231964111328,0.0
03/14/2019,133.8981170654297,0.0
03/15/2019,133.793701171875,0.0
03/15/2019,143.99362182617188,0.0
03/16/2019,143.979736328125,0.0
03/16/2019,157.5797882080078,0.0
03/17/2019,157.43992614746094,0.0
03/17/2019,156.07899475097656,0.0
03/18/2019,156.25888061523438,0.0
03/18/2019,162.49417114257812,0.0
03/19/2019,162.59609985351562,0.0
03/19/2019,162.4277801513672,0.0
03/20/2019,162.33338928222656,0.0
03/20/2019,160.53292846679688,0.0
03/21/2019,160.79156494140625,0.0
03/21/2019,154.76693725585938,0.0
03/22/2019,154.70596313476562,0.0
03/22/2019,158.3407745361328,0.0
03/23/2019,158.12655639648438,0.0
03/23/2019,167.4108123779297,0.0
03/24/2019,167.09141540527344,0.0
03/24/2019,165.9362335205078,0.0
03/25/2019,166.10646057128906,0.0
03/25/2019,161.61814880371094,0.0
03/26/2019,161.38687133789062,0.0
03/26/2019,161.43804931640625,0.0
03/27/2019,160.51272583007812,0.0
03/27/2019,173.18057250976562,0.0
03/28/2019,173.09568786621094,0.0
03/28/2019,169.45404052734375,0.0
03/29/2019,169.34713745117188,0.0
03/29/2019,170.44998168945312,0.0
03/30/2019,170.30148315429688,0.0
03/30/2019,168.58819580078125,0.0
03/31/2019,168.6396484375,0.0
03/31/2019,168.9375457763672,0.0
04/01/2019,168.89907836914062,0.0
04/01/2019,167.6269989013672,0.0
04/02/2019,167.62818908691406,0.0
04/02/2019,236.13259887695312,0.0
04/03/2019,236.3955841064453,0.0
04/03/2019,298.3525390625,0.0
04/04/2019,298.4674987792969,0.0
04/04/2019,286.5676574707031,0.0
04/05/2019,286.63525390625,0.0
04/05/2019,292.6411437988281,0.0
04/06/2019,292.805419921875,0.0
04/06/2019,306.0740966796875,0.0
04/07/2019,305.79901123046875,0.0
04/07/2019,319.5965270996094,0.0
04/08/2019,319.7650146484375,0.0
04/08/2019,310.1578369140625,0.0
04/09/2019,309.952880859375,0.0
04/09/2019,296.04364013671875,0.0
04/10/2019,295.96942138671875,0.0
04/10/2019,305.21990966796875,0.0
04/11/2019,305.124755859375,0.0
04/11/2019,272.7096252441406,0.0
04/12/2019,272.6382751464844,0.0
04/12/2019,282.8531494140625,0.0
04/13/2019,282.676513671875,0.0
04/13/2019,279.469482421875,0.0
04/14/2019,279.41033935546875,0.0
04/14/2019,288.64715576171875,0.0
04/15/2019,288.69805908203125,0.0
04/15/2019,314.1181640625,0.0
04/16/2019,314.1169128417969,0.0
04/16/2019,318.3062744140625,0.0
04/17/2019,318.3139953613281,0.0
04/17/2019,310.7999572753906,0.0
04/18/2019,310.8728332519531,0.0
04/18/2019,306.9560241699219,0.0
04/19/2019,306.9275817871094,0.0
04/19/2019,306.8080749511719,0.0
04/20/2019,306.860107421875,0.0
04/20/2019,300.7532043457031,0.0
04/21/2019,300.8096923828125,0.0
04/21/2019,290.4802551269531,0.0
04/22/2019,290.33642578125,0.0
04/22/2019,292.81182861328125,0.0
04/23/2019,292.7887878417969,0.0
04/23/2019,291.17388916015625,0.0
04/24/2019,290.9646911621094,0.0
04/24/2019,278.9366149902344,0.0
04/25/2019,279.20989990234375,0.0
04/25/2019,266.8520202636719,0.0
04/26/2019,267.1888122558594,0.0
04/26/2019,263.8792724609375,0.0
04/27/2019,264.086669921875,0.0
04/27/2019,263.94091796875,0.0
04/28/2019,264.1180419921875,0.0
04/28/2019,255.47012329101562,0.0
04/29/2019,255.55010986328125,0.0
04/29/2019,236.61248779296875,0.0
04/30/2019,237.56884765625,0.0
04/30/2019,267.7581481933594,0.0
05/01/2019,267.992919921875,0.0
05/01/2019,271.8164978027344,0.0
05/02/2019,271.9676208496094,0.0
05/02/2019,270.1825866699219,0.0
05/03/2019,270.1526184082031,0.0
05/03/2019,293.01348876953125,0.0
05/04/2019,292.8758544921875,0.0
05/04/2019,291.49114990234375,0.0
05/05/2019,291.3450622558594,0.0
05/05/2019,293.94744873046875,0.0
05/06/2019,293.96209716796875,0.0
05/06/2019,287.66448974609375,0.0
05/07/2019,287.677978515625,0.0
05/07/2019,286.7349853515625,0.0
05/08/2019,286.5509033203125,0.0
05/08/2019,286.29876708984375,0.0
05/09/2019,286.4697570800781,0.0
05/09/2019,284.1862487792969,0.0
05/10/2019,284.2007751464844,0.0
05/10/2019,287.7300109863281,0.0
05/11/2019,287.7896728515625,0.0
05/11/2019,356.3663024902344,0.0
05/12/2019,356.2685241699219,0.0
05/12/2019,354.0299377441406,0.0
05/13/2019,354.0299377441406,0.0
05/13/2019,384.4771423339844,0.0
05/14/2019,385.36651611328125,0.0
05/14/2019,388.95849609375,0.0
05/15/2019,389.1172180175781,0.0
05/15/2019,402.92724609375,0.0
05/16/2019,402.4404602050781,0.0
05/16/2019,398.7036437988281,0.0
05/17/2019,398.68011474609375,0.0
05/17/2019,364.8514404296875,0.0
05/18/2019,364.4520263671875,0.0
05/18/2019,357.6174621582031,0.0
05/19/2019,357.3105163574219,0.0
05/19/2019,421.4932861328125,0.0
05/20/2019,421.3832702636719,0.0
05/20/2019,412.8111267089844,0.0
05/21/2019,412.524169921875,0.0
05/21/2019,417.5504455566406,0.0
05/22/2019,417.3105773925781,0.0
05/22/2019,392.5086364746094,0.0
05/23/2019,391.52349853515625,0.0
05/23/2019,405.84063720703125,0.0
05/24/2019,405.9178771972656,0.0
05/24/2019,409.05120849609375,0.0
05/25/2019,409.21148681640625,0.0
05/25/2019,406.7406005859375,0.0
05/26/2019,406.5513000488281,0.0
05/26/2019,432.8406982421875,0.0
05/27/2019,432.9705505371094,0.0
05/27/2019,443.79632568359375,0.0
05/28/2019,443.0087890625,0.0
05/28/2019,434.9962158203125,0.0
05/29/2019,435.0120849609375,0.0
05/29/2019,454.1231384277344,0.0
05/30/2019,454.4505310058594,0.0
05/30/2019,424.623291015625,0.0
05/31/2019,424.623291015625,0.0
05/31/2019,445.0699462890625,0.0
06/01/2019,445.0295715332031,0.0
06/01/2019,434.46014404296875,0.0
06/02/2019,434.72021484375,0.0
06/02/2019,443.77154541015625,0.0
06/03/2019,443.72607421875,0.0
06/03/2019,408.6597900390625,0.0
06/04/2019,408.2131042480469,0.0
06/04/2019,382.66015625,0.0
06/05/2019,382.6524658203125,0.0
06/05/2019,398.3830871582031,0.0
06/06/2019,398.0715026855469,0.0
06/06/2019,396.9295349121094,0.0
06/07/2019,397.0394287109375,0.0
06/07/2019,401.43377685546875,0.0
06/08/2019,401.5602111816406,0.0
06/08/2019,394.2401123046875,0.0
06/09/2019,394.1517028808594,0.0
06/09/2019,381.1663513183594,0.0
06/10/2019,381.0634460449219,0.0
06/10/2019,394.5821533203125,0.0
06/11/2019,394.7748107910156,0.0
06/11/2019,387.9107360839844,0.0
06/12/2019,388.1059265136719,0.0
06/12/2019,396.3805236816406,0.0
06/13/2019,396.3233337402344,0.0
06/13/2019,411.94171142578125,0.0
06/14/2019,411.8916320800781,0.0
06/14/2019,421.2868957519531,0.0
06/15/2019,421.6842041015625,0.0
06/15/2019,422.8269348144531,0.0
06/16/2019,422.82598876953125,0.0
06/16/2019,428.3208923339844,0.0
06/17/2019,428.2647705078125,0.0
06/17/2019,432.5172119140625,0.0
06/18/2019,432.023681640625,0.0
06/18/2019,413.9409484863281,0.0
06/19/2019,413.9334716796875,0.0
06/19/2019,416.91082763671875,0.0
06/20/2019,416.8121643066406,0.0
06/20/2019,413.5577392578125,0.0
06/21/2019,413.6042785644531,0.0
06/21/2019,439.4546203613281,0.0
06/22/2019,439.69427490234375,0.0
06/22/2019,480.1722412109375,0.0
06/23/2019,479.43927001953125,0.0
06/23/2019,475.0171813964844,0.0
06/24/2019,475.33697509765625,0.0
06/24/2019,476.2541198730469,0.0
06/25/2019,476.7152099609375,0.0
06/25/2019,479.8144226074219,0.0
06/26/2019,479.7911682128906,0.0
06/26/2019,485.5693054199219,0.0
06/27/2019,485.8734130859375,0.0
06/27/2019,413.27044677734375,0.0
06/28/2019,413.6177062988281,0.0
06/28/2019,436.79681396484375,0.0
06/29/2019,437.1239929199219,0.0
06/29/2019,442.7227478027344,0.0
06/30/2019,441.958984375,0.0
06/30/2019,399.4703674316406,0.0
07/01/2019,399.83349609375,0.0
07/01/2019,416.6455383300781,0.0
07/02/2019,416.5179748535156,0.0
07/02/2019,407.8871765136719,0.0
07/03/2019,407.9101867675781,0.0
07/03/2019,422.6094055175781,0.0
07/04/2019,422.81268310546875,0.0
07/04/2019,401.6905822753906,0.0
07/05/2019,401.6357727050781,0.0
07/05/2019,400.514404296875,0.0
07/06/2019,400.23358154296875,0.0
07/06/2019,405.4663391113281,0.0
07/07/2019,405.58441162109375,0.0
07/07/2019,411.8096923828125,0.0
07/08/2019,412.1225280761719,0.0
07/08/2019,418.6341857910156,0.0
07/09/2019,418.7865295410156,0.0
07/09/2019,416.07843017578125,0.0
07/10/2019,416.0917663574219,0.0
07/10/2019,390.24273681640625,0.0
07/11/2019,390.2940368652344,0.0
07/11/2019,345.8841552734375,0.0
07/12/2019,346.551513671875,0.0
07/12/2019,354.459716796875,0.0
07/13/2019,354.56787109375,0.0
07/13/2019,344.9531555175781,0.0
07/14/2019,344.9698486328125,0.0
07/14/2019,282.84356689453125,0.0
07/15/2019,283.3017883300781,0.0
07/15/2019,314.74249267578125,0.0
07/16/2019,314.8609313964844,0.0
07/16/2019,281.707763671875,0.0
07/17/2019,281.2003173828125,0.0
07/17/2019,291.5433044433594,0.0
07/18/2019,291.38128662109375,0.0
07/18/2019,315.0873718261719,0.0
07/19/2019,314.7805480957031,0.0
07/19/2019,308.02764892578125,0.0
07/20/2019,308.3831481933594,0.0
07/20/2019,324.2044372558594,0.0
07/21/2019,324.3898010253906,0.0
07/21/2019,320.86468505859375,0.0
07/22/2019,320.9971618652344,0.0
07/22/2019,310.5919189453125,0.0
07/23/2019,310.7181091308594,0.0
07/23/2019,298.584228515625,0.0
07/24/2019,298.1366882324219,0.0
07/24/2019,302.8515930175781,0.0
07/25/2019,302.9039001464844,0.0
07/25/2019,302.949462890625,0.0
07/26/2019,302.7908935546875,0.0
07/26/2019,316.0414733886719,0.0
07/27/2019,316.42779541015625,0.0
07/27/2019,306.6438293457031,0.0
07/28/2019,306.4976501464844,0.0
07/28/2019,310.4573974609375,0.0
07/29/2019,310.20257568359375,0.0
07/29/2019,307.9170227050781,0.0
07/30/2019,307.91485595703125,0.0
07/30/2019,315.9266052246094,0.0
07/31/2019,315.8302917480469,0.0
07/31/2019,326.5702819824219,0.0
08/01/2019,326.5872802734375,0.0
08/01/2019,328.7590637207031,0.0
08/02/2019,328.72357177734375,0.0
08/02/2019,326.8239440917969,0.0
08/03/2019,326.6521911621094,0.0
08/03/2019,332.7454528808594,0.0
08/04/2019,333.06048583984375,0.0
08/04/2019,333.6734619140625,0.0
08/05/2019,333.69158935546875,0.0
08/05/2019,346.759033203125,0.0
08/06/2019,346.8072204589844,0.0
08/06/2019,333.5768737792969,0.0
08/07/2019,333.79150390625,0.0
08/07/2019,339.6052551269531,0.0
08/08/2019,339.6397705078125,0.0
08/08/2019,333.7297058105469,0.0
08/09/2019,333.68157958984375,0.0
08/09/2019,316.6208190917969,0.0
08/10/2019,316.6864929199219,0.0
08/10/2019,315.9898986816406,0.0
08/11/2019,315.8900451660156,0.0
08/11/2019,336.1965026855469,0.0
08/12/2019,336.1593017578125,0.0
08/12/2019,330.228515625,0.0
08/13/2019,330.2460632324219,0.0
08/13/2019,343.6807556152344,0.0
08/14/2019,343.523193359375,0.0
08/14/2019,311.4959411621094,0.0
08/15/2019,312.16937255859375,0.0
08/15/2019,314.5760803222656,0.0
08/16/2019,314.8009338378906,0.0
08/16/2019,310.4493408203125,0.0
08/17/2019,310.5753173828125,0.0
08/17/2019,307.2769775390625,0.0
08/18/2019,307.2922058105469,0.0
08/18/2019,316.5096130371094,0.0
08/19/2019,316.7306213378906,0.0
08/19/2019,325.60638427734375,0.0
08/20/2019,325.4493713378906,0.0
08/20/2019,316.2458190917969,0.0
08/21/2019,316.2823486328125,0.0
08/21/2019,302.9868469238281,0.0
08/22/2019,303.08331298828125,0.0
08/22/2019,311.3270263671875,0.0
08/23/2019,311.3226318359375,0.0
08/23/2019,316.826416015625,0.0
08/24/2019,316.1391296386719,0.0
08/24/2019,307.6453857421875,0.0
08/25/2019,307.5867919921875,0.0
08/25/2019,305.6019592285156,0.0
08/26/2019,305.3158874511719,0.0
08/26/2019,311.12164306640625,0.0
08/27/2019,311.16070556640625,0.0
08/27/2019,308.04046630859375,0.0
08/28/2019,308.0231628417969,0.0
08/28/2019,292.192138671875,0.0
08/29/2019,292.247314453125,0.0
08/29/2019,280.7397155761719,0.0
08/30/2019,280.7578430175781,0.0
08/30/2019,279.8702697753906,0.0
08/31/2019,279.65252685546875,0.0
08/31/2019,279.93951416015625,0.0
09/01/2019,279.9925537109375,0.0
09/01/2019,282.3291015625,0.0
09/02/2019,282.33447265625,0.0
09/02/2019,294.0758972167969,0.0
09/03/2019,294.02191162109375,0.0
09/03/2019,300.85986328125,0.0
09/04/2019,300.9982604980469,0.0
09/04/2019,295.3045654296875,0.0
09/05/2019,295.3174133300781,0.0
09/05/2019,292.8959655761719,0.0
09/06/2019,292.9197082519531,0.0
09/06/2019,287.451904296875,0.0
09/07/2019,287.739013671875,0.0
09/07/2019,301.1543884277344,0.0
09/08/2019,301.30731201171875,0.0
09/08/2019,307.00982666015625,0.0
09/09/2019,307.8078308105469,0.0
09/09/2019,305.4250793457031,0.0
09/10/2019,305.1528015136719,0.0
09/10/2019,304.1336669921875,0.0
09/11/2019,304.2366638183594,0.0
09/11/2019,299.8147888183594,0.0
09/12/2019,299.6238098144531,0.0
09/12/2019,300.4209899902344,0.0
09/13/2019,300.4583435058594,0.0
09/13/2019,298.25701904296875,0.0
09/14/2019,298.424560546875,0.0
09/14/2019,304.6925964355469,0.0
09/15/2019,304.60302734375,0.0
09/15/2019,304.2327880859375,0.0
09/16/2019,304.2558898925781,0.0
09/16/2019,307.5263366699219,0.0
09/17/2019,307.52606201171875,0.0
09/17/2019,319.5008239746094,0.0
09/18/2019,319.39166259765625,0.0
09/18/2019,324.7208557128906,0.0
09/19/2019,324.63232421875,0.0
09/19/2019,323.70281982421875,0.0
09/20/2019,323.8241882324219,0.0
09/20/2019,315.3677673339844,0.0
09/21/2019,315.7370300292969,0.0
09/21/2019,312.47735595703125,0.0
09/22/2019,312.2294921875,0.0
09/22/2019,308.3019104003906,0.0
09/23/2019,308.21795654296875,0.0
09/23/2019,293.06536865234375,0.0
09/24/2019,293.12017822265625,0.0
09/24/2019,222.35073852539062,0.0
09/25/2019,222.25372314453125,0.0
09/25/2019,229.4131622314453,0.0
09/26/2019,229.2652130126953,0.0
09/26/2019,216.20069885253906,0.0
09/27/2019,216.02035522460938,0.0
09/27/2019,222.55860900878906,0.0
09/28/2019,222.6157989501953,0.0
09/28/2019,228.83450317382812,0.0
09/29/2019,228.8675537109375,0.0
09/29/2019,220.43026733398438,0.0
09/30/2019,220.45079040527344,0.0
09/30/2019,228.12289428710938,0.0
10/01/2019,228.26199340820312,0.0
10/01/2019,224.76190185546875,0.0
10/02/2019,224.78897094726562,0.0
10/02/2019,225.89361572265625,0.0
10/03/2019,225.7642059326172,0.0
10/03/2019,222.57908630371094,0.0
10/04/2019,222.66444396972656,0.0
10/04/2019,223.2508087158203,0.0
10/05/2019,223.1256866455078,0.0
10/05/2019,223.16534423828125,0.0
10/06/2019,223.21519470214844,0.0
10/06/2019,223.41192626953125,0.0
10/07/2019,223.2591552734375,0.0
10/07/2019,234.23617553710938,0.0
10/08/2019,234.22279357910156,0.0
10/08/2019,232.3572235107422,0.0
10/09/2019,232.55056762695312,0.0
10/09/2019,239.4439239501953,0.0
10/10/2019,239.42245483398438,0.0
10/10/2019,230.106201171875,0.0
10/11/2019,230.1809539794922,0.0
10/11/2019,222.59400939941406,0.0
10/12/2019,222.72828674316406,0.0
10/12/2019,225.10198974609375,0.0
10/13/2019,225.03948974609375,0.0
10/13/2019,224.1232452392578,0.0
10/14/2019,223.9550018310547,0.0
10/14/2019,228.5892333984375,0.0
10/15/2019,228.53726196289062,0.0
10/15/2019,222.82778930664062,0.0
10/16/2019,222.861328125,0.0
10/16/2019,218.20310974121094,0.0
10/17/2019,218.20716857910156,0.0
10/17/2019,221.4342041015625,0.0
10/18/2019,221.2800750732422,0.0
10/18/2019,212.64891052246094,0.0
10/19/2019,212.620849609375,0.0
10/19/2019,213.98086547851562,0.0
10/20/2019,214.1373748779297,0.0
10/20/2019,224.9257354736328,0.0
10/21/2019,224.9267120361328,0.0
10/21/2019,233.2569580078125,0.0
10/22/2019,233.36007690429688,0.0
10/22/2019,228.04495239257812,0.0
10/23/2019,228.00621032714844,0.0
10/23/2019,210.37648010253906,0.0
10/24/2019,210.29957580566406,0.0
10/24/2019,214.04788208007812,0.0
10/25/2019,214.205810546875,0.0
10/25/2019,259.1669006347656,0.0
10/26/2019,259.5283203125,0.0
10/26/2019,252.50701904296875,0.0
10/27/2019,252.55828857421875,0.0
10/27/2019,261.2515869140625,0.0
10/28/2019,261.1497802734375,0.0
10/28/2019,265.4108581542969,0.0
10/29/2019,265.38433837890625,0.0
10/29/2019,288.9575500488281,0.0
10/30/2019,289.1908874511719,0.0
10/30/2019,290.628173828125,0.0
10/31/2019,290.4007568359375,0.0
10/31/2019,284.4766540527344,0.0
11/01/2019,284.489501953125,0.0
11/01/2019,279.1373596191406,0.0
11/02/2019,279.21527099609375,0.0
11/02/2019,290.7164611816406,0.0
11/03/2019,290.7336120605469,0.0
11/03/2019,292.7105712890625,0.0
11/04/2019,292.8009033203125,0.0
11/04/2019,291.84661865234375,0.0
11/05/2019,291.7762451171875,0.0
11/05/2019,293.7068786621094,0.0
11/06/2019,293.4643859863281,0.0
11/06/2019,306.22869873046875,0.0
11/07/2019,306.2934875488281,0.0
11/07/2019,293.50408935546875,0.0
11/08/2019,293.8262939453125,0.0
11/08/2019,277.9786071777344,0.0
11/09/2019,277.8990478515625,0.0
11/09/2019,282.7441711425781,0.0
11/10/2019,282.73065185546875,0.0
11/10/2019,293.4754943847656,0.0
11/11/2019,293.5677185058594,0.0
11/11/2019,287.1585998535156,0.0
11/12/2019,287.1761474609375,0.0
11/12/2019,289.241455078125,0.0
11/13/2019,289.0430603027344,0.0
11/13/2019,286.49346923828125,0.0
11/14/2019,286.23992919921875,0.0
11/14/2019,279.559814453125,0.0
11/15/2019,280.07098388671875,0.0
11/15/2019,264.710205078125,0.0
11/16/2019,264.9568786621094,0.0
11/16/2019,267.6974182128906,0.0
11/17/2019,267.7059631347656,0.0
11/17/2019,268.7431945800781,0.0
11/18/2019,268.4671936035156,0.0
11/18/2019,250.18408203125,0.0
11/19/2019,250.16517639160156,0.0
11/19/2019,244.4062042236328,0.0
11/20/2019,244.33517456054688,0.0
11/20/2019,244.24063110351562,0.0
11/21/2019,244.2014617919922,0.0
11/21/2019,226.598876953125,0.0
11/22/2019,226.70143127441406,0.0
11/22/2019,208.92727661132812,0.0
11/23/2019,209.09523010253906,0.0
11/23/2019,217.33836364746094,0.0
11/24/2019,217.2898406982422,0.0
11/24/2019,205.1488037109375,0.0
11/25/2019,205.2372589111328,0.0
11/25/2019,209.23512268066406,0.0
11/26/2019,208.78448486328125,0.0
11/26/2019,212.93397521972656,0.0
11/27/2019,212.3584747314453,0.0
11/27/2019,220.4140625,0.0
11/28/2019,220.12306213378906,0.0
11/28/2019,218.73794555664062,0.0
11/29/2019,218.8876495361328,0.0
11/29/2019,224.80838012695312,0.0
11/30/2019,224.97708129882812,0.0
11/30/2019,218.90786743164062,0.0
12/01/2019,218.98875427246094,0.0
12/01/2019,216.16964721679688,0.0
12/02/2019,216.37745666503906,0.0
12/02/2019,215.657470703125,0.0
12/03/2019,215.5044708251953,0.0
12/03/2019,212.85882568359375,0.0
12/04/2019,212.67677307128906,0.0
12/04/2019,209.29478454589844,0.0
12/05/2019,209.2150421142578,0.0
12/05/2019,213.28927612304688,0.0
12/06/2019,213.37596130371094,0.0
12/06/2019,213.21670532226562,0.0
12/07/2019,213.7819061279297,0.0
12/07/2019,212.64987182617188,0.0
12/08/2019,212.926513671875,0.0
12/08/2019,214.35638427734375,0.0
12/09/2019,214.0550537109375,0.0
12/09/2019,209.8517608642578,0.0
12/10/2019,209.83030700683594,0.0
12/10/2019,208.299560546875,0.0
12/11/2019,208.09628295898438,0.0
12/11/2019,207.18096923828125,0.0
12/12/2019,207.4246826171875,0.0
12/12/2019,207.7120361328125,0.0
12/13/2019,207.72134399414062,0.0
12/13/2019,211.0898895263672,0.0
12/14/2019,211.2374267578125,0.0
12/14/2019,207.495361328125,0.0
12/15/2019,207.46263122558594,0.0
12/15/2019,207.3648223876953,0.0
12/16/2019,207.54495239257812,0.0
12/16/2019,197.1459197998047,0.0
12/17/2019,197.11727905273438,0.0
12/17/2019,177.40789794921875,0.0
12/18/2019,177.26162719726562,0.0
12/18/2019,189.734130859375,0.0
12/19/2019,189.39971923828125,0.0
12/19/2019,187.63258361816406,0.0
12/20/2019,187.68165588378906,0.0
12/20/2019,188.17124938964844,0.0
12/21/2019,188.22244262695312,0.0
12/21/2019,187.74087524414062,0.0
12/22/2019,187.44451904296875,0.0
12/22/2019,196.66177368164062,0.0
12/23/2019,196.28671264648438,0.0
12/23/2019,190.51976013183594,0.0
12/24/2019,190.74468994140625,0.0
12/24/2019,189.49752807617188,0.0
12/25/2019,189.72215270996094,0.0
12/25/2019,187.1773223876953,0.0
12/26/2019,187.27371215820312,0.0
12/26/2019,188.56138610839844,0.0
12/27/2019,188.31954956054688,0.0
12/27/2019,203.3274688720703,0.0
12/28/2019,203.28868103027344,0.0
12/28/2019,206.41098022460938,0.0
12/29/2019,206.24795532226562,0.0
12/29/2019,212.9558563232422,0.0
12/30/2019,212.8830108642578,0.0
12/30/2019,209.40476989746094,0.0
12/31/2019,209.30198669433594,0.0
12/31/2019,204.6231689453125,0.0
01/01/2020,204.67129516601562,0.0
01/01/2020,204.3975372314453,0.0
01/02/2020,204.3545379638672,0.0
01/02/2020,195.6985626220703,0.0
01/03/2020,196.0076904296875,0.0
01/03/2020,222.41297912597656,0.0
01/04/2020,222.53656005859375,0.0
01/04/2020,226.01869201660156,0.0
01/05/2020,225.7798309326172,0.0
01/05/2020,224.09652709960938,0.0
01/06/2020,224.34791564941406,0.0
01/06/2020,244.5572052001953,0.0
01/07/2020,244.7130126953125,0.0
01/07/2020,243.2584991455078,0.0
01/08/2020,243.07920837402344,0.0
01/08/2020,241.0552215576172,0.0
01/09/2020,240.99803161621094,0.0
01/09/2020,239.2226104736328,0.0
01/10/2020,239.55162048339844,0.0
01/10/2020,270.72528076171875,0.0
01/11/2020,270.19720458984375,0.0
01/11/2020,260.67999267578125,0.0
01/12/2020,261.10028076171875,0.0
01/12/2020,268.237060546875,0.0
01/13/2020,268.4125061035156,0.0
01/13/2020,267.5228271484375,0.0
01/14/2020,267.6441650390625,0.0
01/14/2020,350.2635192871094,0.0
01/15/2020,348.7173156738281,0.0
01/15/2020,339.39532470703125,0.0
01/16/2020,339.6820983886719,0.0
01/16/2020,325.9784851074219,0.0
01/17/2020,326.3751220703125,0.0
01/17/2020,366.97698974609375,0.0
01/18/2020,367.4088439941406,0.0
01/18/2020,339.11627197265625,0.0
01/19/2020,338.4001770019531,0.0
01/19/2020,338.30511474609375,0.0
01/20/2020,338.119384765625,0.0
01/20/2020,343.8071594238281,0.0
01/21/2020,343.5102844238281,0.0
01/21/2020,343.4217834472656,0.0
01/22/2020,343.3699951171875,0.0
01/22/2020,347.2313232421875,0.0
01/23/2020,347.4979248046875,0.0
01/23/2020,324.8680114746094,0.0
01/24/2020,325.1677551269531,0.0
01/24/2020,319.5209045410156,0.0
01/25/2020,319.3762512207031,0.0
01/25/2020,311.35833740234375,0.0
01/26/2020,310.99591064453125,0.0
01/26/2020,346.99786376953125,0.0
01/27/2020,346.8900451660156,0.0
01/27/2020,362.6493225097656,0.0
01/28/2020,362.65313720703125,0.0
01/28/2020,378.859130859375,0.0
01/29/2020,379.10308837890625,0.0
01/29/2020,381.5235290527344,0.0
01/30/2020,380.861572265625,0.0
01/30/2020,392.9721374511719,0.0
01/31/2020,392.8301696777344,0.0
01/31/2020,375.3895568847656,0.0
02/01/2020,375.06658935546875,0.0
02/01/2020,381.01336669921875,0.0
02/02/2020,380.25347900390625,0.0
02/02/2020,378.27301025390625,0.0
02/03/2020,377.9372253417969,0.0
02/03/2020,383.8786926269531,0.0
02/04/2020,383.7582092285156,0.0
02/04/2020,380.5999755859375,0.0
02/05/2020,380.71893310546875,0.0
02/05/2020,442.0081481933594,0.0
02/06/2020,442.3412780761719,0.0
02/06/2020,442.7859191894531,0.0
02/07/2020,442.5661926269531,0.0
02/07/2020,439.75341796875,0.0
02/08/2020,439.7012939453125,0.0
02/08/2020,443.5063171386719,0.0
02/09/2020,443.06829833984375,0.0
02/09/2020,449.8135986328125,0.0
02/10/2020,449.9117126464844,0.0
02/10/2020,452.88751220703125,0.0
02/11/2020,452.9929504394531,0.0
02/11/2020,461.2581787109375,0.0
02/12/2020,461.1723327636719,0.0
02/12/2020,475.48052978515625,0.0
02/13/2020,475.0639343261719,0.0
02/13/2020,474.3179931640625,0.0
02/14/2020,474.4730529785156,0.0
02/14/2020,491.16064453125,0.0
02/15/2020,491.1003112792969,0.0
02/15/2020,437.6649475097656,0.0
02/16/2020,438.87750244140625,0.0
02/16/2020,415.9406433105469,0.0
02/17/2020,415.05010986328125,0.0
02/17/2020,409.3445739746094,0.0
02/18/2020,409.6348876953125,0.0
02/18/2020,418.8741760253906,0.0
02/19/2020,419.09710693359375,0.0
02/19/2020,382.21942138671875,0.0
02/20/2020,381.30047607421875,0.0
02/20/2020,372.4815979003906,0.0
02/21/2020,372.2878723144531,0.0
02/21/2020,379.3971862792969,0.0
02/22/2020,379.8045654296875,0.0
02/22/2020,373.8331298828125,0.0
02/23/2020,373.7572937011719,0.0
02/23/2020,401.6355285644531,0.0
02/24/2020,401.3996276855469,0.0
02/24/2020,377.5785827636719,0.0
02/25/2020,377.1636657714844,0.0
02/25/2020,353.9774475097656,0.0
02/26/2020,353.9785461425781,0.0
02/26/2020,316.6441345214844,0.0
02/27/2020,318.0464782714844,0.0
02/27/2020,323.2856750488281,0.0
02/28/2020,323.1212158203125,0.0
02/28/2020,313.6275329589844,0.0
02/29/2020,313.9254150390625,0.0
02/29/2020,308.32623291015625,0.0
03/01/2020,308.260498046875,0.0
03/01/2020,313.303466796875,0.0
03/02/2020,313.32330322265625,0.0
03/02/2020,336.79327392578125,0.0
03/03/2020,336.9118957519531,0.0
03/03/2020,329.2382507324219,0.0
03/04/2020,329.5291748046875,0.0
03/04/2020,319.2500915527344,0.0
03/05/2020,319.3156433105469,0.0
03/05/2020,337.24481201171875,0.0
03/06/2020,337.394775390625,0.0
03/06/2020,348.89349365234375,0.0
03/07/2020,349.1767883300781,0.0
03/07/2020,330.8061218261719,0.0
03/08/2020,331.0129699707031,0.0
03/08/2020,276.1997985839844,0.0
03/09/2020,275.9615478515625,0.0
03/09/2020,273.2071228027344,0.0
03/10/2020,273.5170593261719,0.0
03/10/2020,271.7152404785156,0.0
03/11/2020,271.84442138671875,0.0
03/11/2020,266.85546875,0.0
03/12/2020,266.75347900390625,0.0
03/12/2020,152.22499084472656,0.0
03/13/2020,152.17665100097656,0.0
03/13/2020,176.49472045898438,0.0
03/14/2020,177.12457275390625,0.0
03/14/2020,167.584716796875,0.0
03/15/2020,167.5603790283203,0.0
03/15/2020,178.311279296875,0.0
03/16/2020,178.19683837890625,0.0
03/16/2020,170.7366485595703,0.0
03/17/2020,171.05067443847656,0.0
03/17/2020,180.32638549804688,0.0
03/18/2020,179.77847290039062,0.0
03/18/2020,179.0923309326172,0.0
03/19/2020,178.9247589111328,0.0
03/19/2020,221.2685546875,0.0
03/20/2020,221.47735595703125,0.0
03/20/2020,214.42494201660156,0.0
03/21/2020,214.3974609375,0.0
03/21/2020,219.3675079345703,0.0
03/22/2020,219.5990447998047,0.0
03/22/2020,203.6722869873047,0.0
03/23/2020,203.528076171875,0.0
03/23/2020,219.33047485351562,0.0
03/24/2020,219.82435607910156,0.0
03/24/2020,227.24609375,0.0
03/25/2020,227.4053955078125,0.0
03/25/2020,220.4403533935547,0.0
03/26/2020,220.5288848876953,0.0
03/26/2020,226.8231201171875,0.0
03/27/2020,226.9561309814453,0.0
03/27/2020,217.58334350585938,0.0
03/28/2020,217.33529663085938,0.0
03/28/2020,214.22467041015625,0.0
03/29/2020,214.134765625,0.0
03/29/2020,206.4635009765625,0.0
03/30/2020,206.3626708984375,0.0
03/30/2020,221.53810119628906,0.0
03/31/2020,221.21221923828125,0.0
03/31/2020,219.62759399414062,0.0
04/01/2020,219.26390075683594,0.0
04/01/2020,224.0209503173828,0.0
04/02/2020,223.8942413330078,0.0
04/02/2020,232.6527862548828,0.0
04/03/2020,232.51351928710938,0.0
04/03/2020,235.81333923339844,0.0
04/04/2020,235.86216735839844,0.0
04/04/2020,238.8193359375,0.0
04/05/2020,238.75189208984375,0.0
04/05/2020,231.99798583984375,0.0
04/06/2020,231.9339599609375,0.0
04/06/2020,255.9195098876953,0.0
04/07/2020,256.2571105957031,0.0
04/07/2020,252.0573272705078,0.0
04/08/2020,252.0526885986328,0.0
04/08/2020,266.2397155761719,0.0
04/09/2020,266.4084167480469,0.0
04/09/2020,257.4815979003906,0.0
04/10/2020,257.4035949707031,0.0
04/10/2020,233.0908203125,0.0
04/11/2020,233.03370666503906,0.0
04/11/2020,232.05343627929688,0.0
04/12/2020,232.29347229003906,0.0
04/12/2020,235.79196166992188,0.0
04/13/2020,235.97242736816406,0.0
04/13/2020,223.85189819335938,0.0
04/14/2020,224.0659942626953,0.0
04/14/2020,221.9703369140625,0.0
04/15/2020,222.09730529785156,0.0
04/15/2020,215.50686645507812,0.0
04/16/2020,215.5862274169922,0.0
04/16/2020,235.5927734375,0.0
04/18/2020,233.6702423095703,0.0
04/18/2020,243.07899475097656,0.0
04/19/2020,243.04722595214844,0.0
04/19/2020,233.5887908935547,0.0
04/20/2020,233.43609619140625,0.0
04/20/2020,221.5682830810547,0.0
04/21/2020,221.3257598876953,0.0
04/21/2020,221.7474365234375,0.0
04/22/2020,221.63265991210938,0.0
04/22/2020,233.2998504638672,0.0
04/23/2020,233.46981811523438,0.0
04/23/2020,236.595947265625,0.0
04/24/2020,236.91378784179688,0.0
04/24/2020,239.76869201660156,0.0
04/25/2020,239.7606964111328,0.0
04/25/2020,239.71786499023438,0.0
04/26/2020,239.64280700683594,0.0
04/26/2020,246.2655792236328,0.0
04/27/2020,246.35357666015625,0.0
04/27/2020,243.2716522216797,0.0
04/28/2020,243.2686309814453,0.0
04/28/2020,243.70098876953125,0.0
04/29/2020,243.785400390625,0.0
04/29/2020,257.492431640625,0.0
04/30/2020,257.4105529785156,0.0
04/30/2020,249.84295654296875,0.0
05/01/2020,249.93618774414062,0.0
05/01/2020,257.2282409667969,0.0
05/02/2020,257.2315673828125,0.0
05/02/2020,261.9789733886719,0.0
05/03/2020,261.97113037109375,0.0
05/03/2020,252.5444793701172,0.0
05/04/2020,252.42855834960938,0.0
05/04/2020,245.4697723388672,0.0
05/05/2020,245.409423828125,0.0
05/05/2020,244.59231567382812,0.0
05/06/2020,244.3135223388672,0.0
05/06/2020,245.8161163330078,0.0
05/07/2020,245.89353942871094,0.0
05/07/2020,252.66128540039062,0.0
05/08/2020,252.5208740234375,0.0
05/08/2020,261.4407958984375,0.0
05/09/2020,261.0458984375,0.0
05/09/2020,266.1372985839844,0.0
05/10/2020,266.38055419921875,0.0
05/10/2020,232.79788208007812,0.0
05/11/2020,232.990478515625,0.0
05/11/2020,234.95458984375,0.0
05/12/2020,235.34234619140625,0.0
05/12/2020,233.1196746826172,0.0
05/13/2020,233.07550048828125,0.0
05/13/2020,239.16012573242188,0.0
05/14/2020,238.7760772705078,0.0
05/14/2020,241.85679626464844,0.0
05/15/2020,241.79104614257812,0.0
05/15/2020,235.5139617919922,0.0
05/16/2020,235.54470825195312,0.0
05/16/2020,236.64601135253906,0.0
05/17/2020,236.52272033691406,0.0
05/17/2020,241.1920623779297,0.0
05/18/2020,241.31393432617188,0.0
05/18/2020,247.82530212402344,0.0
05/19/2020,247.94476318359375,0.0
05/19/2020,245.93243408203125,0.0
05/20/2020,245.76922607421875,0.0
05/20/2020,239.5227508544922,0.0
05/21/2020,239.48257446289062,0.0
05/21/2020,228.39590454101562,0.0
05/22/2020,228.35772705078125,0.0
05/22/2020,234.50318908691406,0.0
05/23/2020,234.5587921142578,0.0
05/23/2020,234.97735595703125,0.0
05/24/2020,234.98988342285156,0.0
05/24/2020,224.8321990966797,0.0
05/25/2020,224.4893341064453,0.0
05/25/2020,230.56382751464844,0.0
05/26/2020,230.5618438720703,0.0
05/26/2020,227.2208709716797,0.0
05/27/2020,227.27850341796875,0.0
05/27/2020,233.5209503173828,0.0
05/28/2020,233.57923889160156,0.0
05/28/2020,239.40753173828125,0.0
05/29/2020,239.46180725097656,0.0
05/29/2020,238.14834594726562,0.0
05/30/2020,238.174560546875,0.0
05/30/2020,251.29953002929688,0.0
05/31/2020,251.27980041503906,0.0
05/31/2020,239.8770294189453,0.0
06/01/2020,239.84722900390625,0.0
06/01/2020,255.35218811035156,0.0
06/02/2020,255.15139770507812,0.0
06/02/2020,249.05322265625,0.0
06/03/2020,249.06175231933594,0.0
06/03/2020,252.06361389160156,0.0
06/04/2020,252.13841247558594,0.0
06/04/2020,256.684814453125,0.0
06/05/2020,256.6915588378906,0.0
06/05/2020,256.7554016113281,0.0
06/06/2020,256.7499084472656,0.0
06/06/2020,253.27015686035156,0.0
06/07/2020,253.31019592285156,0.0
06/07/2020,254.33514404296875,0.0
06/08/2020,254.23818969726562,0.0
06/08/2020,255.11830139160156,0.0
06/09/2020,255.12493896484375,0.0
06/09/2020,255.30441284179688,0.0
06/10/2020,255.2957305908203,0.0
06/10/2020,257.2525939941406,0.0
06/11/2020,257.2331848144531,0.0
06/11/2020,236.43728637695312,0.0
06/12/2020,236.43235778808594,0.0
06/12/2020,242.23878479003906,0.0
06/13/2020,242.28271484375,0.0
06/13/2020,241.16116333007812,0.0
06/14/2020,241.11573791503906,0.0
06/14/2020,238.761962890625,0.0
06/15/2020,238.761962890625,0.0
06/15/2020,236.2717742919922,0.0
06/16/2020,236.2512664794922,0.0
06/16/2020,237.5287628173828,0.0
06/17/2020,237.54591369628906,0.0
06/17/2020,240.45362854003906,0.0
06/18/2020,240.45362854003906,0.0
06/18/2020,236.96237182617188,0.0
06/19/2020,236.94744873046875,0.0
06/19/2020,232.33120727539062,0.0
06/20/2020,232.51414489746094,0.0
06/20/2020,231.904541015625,0.0
06/21/2020,231.6234130859375,0.0
06/21/2020,231.2866973876953,0.0
06/22/2020,231.23023986816406,0.0
06/22/2020,239.78968811035156,0.0
06/23/2020,239.87808227539062,0.0
06/23/2020,240.80845642089844,0.0
06/24/2020,241.05221557617188,0.0
06/24/2020,233.15579223632812,0.0
06/25/2020,233.09848022460938,0.0
06/25/2020,232.4136199951172,0.0
06/26/2020,233.01144409179688,0.0
06/26/2020,230.10769653320312,0.0
06/27/2020,229.8044891357422,0.0
06/27/2020,218.40892028808594,0.0
06/28/2020,219.01123046875,0.0
06/28/2020,222.71221923828125,0.0
06/29/2020,222.71795654296875,0.0
06/29/2020,225.197021484375,0.0
06/30/2020,224.92193603515625,0.0
06/30/2020,221.99168395996094,0.0
07/01/2020,222.5667266845703,0.0
07/01/2020,223.68643188476562,0.0
07/02/2020,223.77761840820312,0.0
07/02/2020,222.30377197265625,0.0
07/03/2020,222.28347778320312,0.0
07/03/2020,221.56253051757812,0.0
07/04/2020,221.3977813720703,0.0
07/04/2020,225.3276824951172,0.0
07/05/2020,224.64535522460938,0.0
07/05/2020,221.84327697753906,0.0
07/06/2020,221.84327697753906,0.0
07/06/2020,241.63209533691406,0.0
07/07/2020,240.205810546875,0.0
07/07/2020,237.146728515625,0.0
07/08/2020,237.19039916992188,0.0
07/08/2020,243.23020935058594,0.0
07/09/2020,243.0772705078125,0.0
07/09/2020,238.85585021972656,0.0
07/10/2020,238.73231506347656,0.0
07/10/2020,237.9202423095703,0.0
07/11/2020,237.96047973632812,0.0
07/11/2020,236.66221618652344,0.0
07/12/2020,236.69943237304688,0.0
07/12/2020,236.76905822753906,0.0
07/13/2020,236.76905822753906,0.0
07/13/2020,232.42864990234375,0.0
07/14/2020,232.29405212402344,0.0
07/14/2020,230.0078887939453,0.0
07/15/2020,229.97679138183594,0.0
07/15/2020,227.27151489257812,0.0
07/16/2020,227.29220581054688,0.0
07/16/2020,224.01583862304688,0.0
07/17/2020,224.0329132080078,0.0
07/17/2020,222.80775451660156,0.0
07/18/2020,222.78749084472656,0.0
07/18/2020,224.25289916992188,0.0
07/19/2020,224.19664001464844,0.0
07/19/2020,227.096435546875,0.0
07/20/2020,227.1183624267578,0.0
07/20/2020,222.7543182373047,0.0
07/21/2020,222.7078399658203,0.0
07/21/2020,229.5620574951172,0.0
07/22/2020,229.574462890625,0.0
07/22/2020,238.69503784179688,0.0
07/23/2020,238.7882080078125,0.0
07/23/2020,237.55404663085938,0.0
07/24/2020,237.76095581054688,0.0
07/24/2020,235.51646423339844,0.0
07/25/2020,235.44192504882812,0.0
07/25/2020,249.51010131835938,0.0
07/26/2020,249.82766723632812,0.0
07/26/2020,246.82443237304688,0.0
07/27/2020,246.81956481933594,0.0
07/27/2020,267.4276123046875,0.0
07/28/2020,268.3876037597656,0.0
07/28/2020,288.5520935058594,0.0
07/29/2020,288.80303955078125,0.0
07/29/2020,288.3741455078125,0.0
07/30/2020,288.46954345703125,0.0
07/30/2020,292.1941833496094,0.0
07/31/2020,291.98553466796875,0.0
07/31/2020,300.5045166015625,0.0
08/01/2020,300.5045166015625,0.0
08/01/2020,317.9964599609375,0.0
08/02/2020,318.4190673828125,0.0
08/02/2020,283.781982421875,0.0
08/03/2020,283.9114074707031,0.0
08/03/2020,296.5352478027344,0.0
08/04/2020,296.5312194824219,0.0
08/04/2020,288.3858642578125,0.0
08/05/2020,288.3840637207031,0.0
08/05/2020,294.48663330078125,0.0
08/06/2020,294.40631103515625,0.0
08/06/2020,308.76031494140625,0.0
08/07/2020,308.6291198730469,0.0
08/07/2020,303.4585876464844,0.0
08/08/2020,303.44049072265625,0.0
08/08/2020,304.4788818359375,0.0
08/09/2020,305.2589416503906,0.0
08/09/2020,300.4008483886719,0.0
08/10/2020,300.3800964355469,0.0
08/10/2020,302.5855407714844,0.0
08/11/2020,302.6356506347656,0.0
08/11/2020,282.9462585449219,0.0
08/12/2020,283.05975341796875,0.0
08/12/2020,287.6067810058594,0.0
08/13/2020,287.654296875,0.0
08/13/2020,299.5163879394531,0.0
08/14/2020,299.46923828125,0.0
08/14/2020,293.3980407714844,0.0
08/15/2020,293.2605285644531,0.0
08/15/2020,303.00421142578125,0.0
08/16/2020,303.01373291015625,0.0
08/16/2020,307.86529541015625,0.0
08/17/2020,307.86529541015625,0.0
08/17/2020,317.29876708984375,0.0
08/18/2020,317.34942626953125,0.0
08/18/2020,304.17498779296875,0.0
08/19/2020,304.28741455078125,0.0
08/19/2020,292.6985778808594,0.0
08/20/2020,292.6971130371094,0.0
08/20/2020,294.7916259765625,0.0
08/21/2020,294.7323303222656,0.0
08/21/2020,284.2982482910156,0.0
08/22/2020,284.24969482421875,0.0
08/22/2020,287.3624267578125,0.0
08/23/2020,286.9106750488281,0.0
08/23/2020,284.9570617675781,0.0
08/24/2020,285.0693359375,0.0
08/24/2020,291.3259582519531,0.0
08/25/2020,291.3663635253906,0.0
08/25/2020,276.7991943359375,0.0
08/26/2020,276.6216125488281,0.0
08/26/2020,275.5710144042969,0.0
08/27/2020,275.4228515625,0.0
08/27/2020,264.5843200683594,0.0
08/28/2020,264.6756286621094,0.0
08/28/2020,268.9147033691406,0.0
08/29/2020,269.11297607421875,0.0
08/29/2020,268.95428466796875,0.0
08/30/2020,268.8428649902344,0.0
08/30/2020,279.0695495605469,0.0
08/31/2020,279.2804260253906,0.0
08/31/2020,274.5431823730469,0.0
09/01/2020,274.4808654785156,0.0
09/01/2020,292.71978759765625,0.0
09/02/2020,292.4286193847656,0.0
09/02/2020,264.1186218261719,0.0
09/03/2020,264.09149169921875,0.0
09/03/2020,216.06240844726562,0.0
09/04/2020,215.61700439453125,0.0
09/04/2020,231.87460327148438,0.0
09/05/2020,231.64317321777344,0.0
09/05/2020,225.30081176757812,0.0
09/06/2020,225.30081176757812,0.0
09/06/2020,228.45327758789062,0.0
09/07/2020,228.3511962890625,0.0
09/07/2020,228.60894775390625,0.0
09/08/2020,228.67037963867188,0.0
09/08/2020,222.5369873046875,0.0
09/09/2020,222.55824279785156,0.0
09/09/2020,224.6769561767578,0.0
09/10/2020,224.68634033203125,0.0
09/10/2020,227.71348571777344,0.0
09/11/2020,227.71348571777344,0.0
09/11/2020,225.5377197265625,0.0
09/12/2020,225.56092834472656,0.0
09/12/2020,230.29383850097656,0.0
09/13/2020,230.29383850097656,0.0
09/13/2020,221.8260040283203,0.0
09/14/2020,221.83326721191406,0.0
09/14/2020,226.2642364501953,0.0
09/15/2020,226.40097045898438,0.0
09/15/2020,235.62937927246094,0.0
09/16/2020,235.74246215820312,0.0
09/16/2020,231.77151489257812,0.0
09/17/2020,231.58596801757812,0.0
09/17/2020,233.16746520996094,0.0
09/18/2020,233.16746520996094,0.0
09/18/2020,234.20863342285156,0.0
09/19/2020,234.0928192138672,0.0
09/19/2020,233.62826538085938,0.0
09/20/2020,233.64366149902344,0.0
09/20/2020,226.41571044921875,0.0
09/21/2020,226.6498260498047,0.0
09/21/2020,213.51565551757812,0.0
09/22/2020,213.49847412109375,0.0
09/22/2020,220.0342254638672,0.0
09/23/2020,220.16921997070312,0.0
09/23/2020,208.16513061523438,0.0
09/24/2020,208.17861938476562,0.0
09/24/2020,216.69386291503906,0.0
09/25/2020,216.7010955810547,0.0
09/25/2020,216.6597137451172,0.0
09/26/2020,216.81814575195312,0.0
09/26/2020,221.87783813476562,0.0
09/27/2020,221.87139892578125,0.0
09/27/2020,229.073974609375,0.0
09/28/2020,229.073974609375,0.0
09/28/2020,226.35101318359375,0.0
09/29/2020,226.16664123535156,0.0
09/29/2020,229.23594665527344,0.0
09/30/2020,229.20973205566406,0.0
09/30/2020,228.10092163085938,0.0
10/01/2020,228.21005249023438,0.0
10/01/2020,228.15786743164062,0.0
10/02/2020,228.0777587890625,0.0
10/02/2020,220.188232421875,0.0
10/03/2020,220.21983337402344,0.0
10/03/2020,219.7421875,0.0
10/04/2020,219.72853088378906,0.0
10/04/2020,221.80654907226562,0.0
10/05/2020,221.77166748046875,0.0
10/05/2020,222.38584899902344,0.0
10/06/2020,222.33262634277344,0.0
10/06/2020,220.44375610351562,0.0
10/07/2020,220.44375610351562,0.0
10/07/2020,223.55584716796875,0.0
10/08/2020,223.49600219726562,0.0
10/08/2020,233.94467163085938,0.0
10/10/2020,237.29986572265625,0.0
10/10/2020,237.32351684570312,0.0
10/11/2020,237.50730895996094,0.0
10/11/2020,239.6698455810547,0.0
10/14/2020,253.6314697265625,0.0
10/14/2020,259.13348388671875,0.0
10/15/2020,259.1790466308594,0.0
10/15/2020,261.3847351074219,0.0
10/16/2020,262.1650695800781,0.0
10/16/2020,250.32540893554688,0.0
10/17/2020,250.7940216064453,0.0
10/17/2020,246.31993103027344,0.0
10/18/2020,246.10243225097656,0.0
10/18/2020,249.81216430664062,0.0
10/19/2020,249.8350830078125,0.0
10/19/2020,250.7097930908203,0.0
10/20/2020,250.73289489746094,0.0
10/20/2020,242.84555053710938,0.0
10/21/2020,242.81402587890625,0.0
10/21/2020,258.51458740234375,0.0
10/22/2020,258.22906494140625,0.0
10/22/2020,266.4726257324219,0.0
10/23/2020,266.6266784667969,0.0
10/23/2020,270.3146667480469,0.0
10/24/2020,270.3147888183594,0.0
10/24/2020,275.12200927734375,0.0
10/25/2020,275.12200927734375,0.0
10/25/2020,271.0794372558594,0.0
10/26/2020,271.0794677734375,0.0
10/26/2020,259.7825927734375,0.0
10/27/2020,259.78253173828125,0.0
10/27/2020,264.5394287109375,0.0
10/28/2020,264.5395812988281,0.0
10/28/2020,268.4897155761719,0.0
10/29/2020,268.4902038574219,0.0
10/29/2020,267.0560607910156,0.0
10/30/2020,267.0567932128906,0.0
10/30/2020,261.828125,0.0
10/31/2020,261.828125,0.0
10/31/2020,261.75823974609375,0.0
11/01/2020,261.75823974609375,0.0
11/01/2020,267.5558166503906,0.0
11/02/2020,267.5544128417969,0.0
11/02/2020,257.19970703125,0.0
11/03/2020,257.1990051269531,0.0
11/03/2020,244.14683532714844,0.0
11/04/2020,244.14649963378906,0.0
11/04/2020,241.13009643554688,0.0
11/05/2020,241.1420440673828,0.0
11/05/2020,249.5473175048828,0.0
11/06/2020,249.54649353027344,0.0
11/06/2020,257.7201843261719,0.0
11/07/2020,257.7203674316406,0.0
11/07/2020,253.5904083251953,0.0
11/08/2020,253.5904083251953,0.0
11/08/2020,270.6977844238281,0.0
11/09/2020,270.6978759765625,0.0
11/09/2020,263.9813232421875,0.0
11/10/2020,263.98675537109375,0.0
11/10/2020,257.351806640625,0.0
11/11/2020,257.35150146484375,0.0
11/11/2020,257.1214904785156,0.0
11/12/2020,257.1195068359375,0.0
11/12/2020,259.821533203125,0.0
11/13/2020,259.8208923339844,0.0
11/13/2020,259.1717834472656,0.0
11/14/2020,259.1717834472656,0.0
11/14/2020,255.76904296875,0.0
11/15/2020,255.76904296875,0.0
11/15/2020,241.36802673339844,0.0
11/16/2020,241.36802673339844,0.0
11/16/2020,250.13929748535156,0.0
11/17/2020,252.35394287109375,0.0
11/17/2020,255.2885284423828,0.0
11/18/2020,255.28707885742188,0.0
11/18/2020,247.1260528564453,0.0
11/19/2020,247.12481689453125,0.0
11/19/2020,246.27008056640625,0.0
11/20/2020,246.2684326171875,0.0
11/20/2020,258.8548889160156,0.0
11/21/2020,258.8548889160156,0.0
11/21/2020,301.9248046875,0.0
11/22/2020,301.9248046875,0.0
11/22/2020,286.993408203125,0.0
11/23/2020,286.9934997558594,0.0
11/23/2020,323.02581787109375,0.0
11/24/2020,323.01336669921875,0.0
11/24/2020,345.6051330566406,0.0
11/25/2020,345.6124572753906,0.0
11/25/2020,312.7775573730469,0.0
11/26/2020,312.63946533203125,0.0
11/26/2020,270.5107421875,0.0
11/27/2020,270.5850524902344,0.0
11/27/2020,264.955322265625,0.0
11/28/2020,264.9892578125,0.0
11/28/2020,275.5712890625,0.0
11/29/2020,275.5788879394531,0.0
11/29/2020,283.9314880371094,0.0
11/30/2020,283.9219970703125,0.0
11/30/2020,316.4201965332031,0.0
12/01/2020,316.4772033691406,0.0
12/01/2020,288.1358337402344,0.0
12/02/2020,288.16644287109375,0.0
12/02/2020,294.2510681152344,0.0
12/03/2020,294.2743225097656,0.0
12/03/2020,292.29534912109375,0.0
12/04/2020,292.29412841796875,0.0
12/04/2020,280.70806884765625,0.0
12/05/2020,280.6681213378906,0.0
12/05/2020,289.30859375,0.0
12/06/2020,289.3179626464844,0.0
12/06/2020,286.3561096191406,0.0
12/07/2020,286.33953857421875,0.0
12/07/2020,283.89471435546875,0.0
12/08/2020,283.9101257324219,0.0
12/08/2020,267.5484619140625,0.0
12/09/2020,267.5394287109375,0.0
12/09/2020,268.7099609375,0.0
12/10/2020,268.6971740722656,0.0
12/10/2020,265.9806823730469,0.0
12/11/2020,265.9986267089844,0.0
12/11/2020,259.3310241699219,0.0
12/12/2020,259.3074951171875,0.0
12/12/2020,267.7145690917969,0.0
12/13/2020,267.7286682128906,0.0
12/13/2020,275.3485107421875,0.0
12/14/2020,275.3780212402344,0.0
12/14/2020,276.5531005859375,0.0
12/15/2020,276.56610107421875,0.0
12/15/2020,288.3943786621094,0.0
12/16/2020,288.43255615234375,0.0
12/16/2020,311.4190368652344,0.0
12/17/2020,311.4464416503906,0.0
12/17/2020,310.30157470703125,0.0
12/18/2020,310.3442687988281,0.0
12/18/2020,312.7794494628906,0.0
12/19/2020,312.778564453125,0.0
12/19/2020,318.2479248046875,0.0
12/20/2020,318.23382568359375,0.0
12/20/2020,348.1605529785156,0.0
12/21/2020,348.31982421875,0.0
12/21/2020,314.4889221191406,0.0
12/22/2020,314.3949279785156,0.0
12/22/2020,323.8865051269531,0.0
12/23/2020,323.7718811035156,0.0
12/23/2020,274.1484069824219,0.0
12/24/2020,274.2387390136719,0.0
12/24/2020,296.282958984375,0.0
12/25/2020,296.2924499511719,0.0
12/25/2020,318.3423156738281,0.0
12/26/2020,318.3840026855469,0.0
12/26/2020,322.82989501953125,0.0
12/27/2020,322.85772705078125,0.0
12/27/2020,338.1799621582031,0.0
12/28/2020,338.3069763183594,0.0
12/28/2020,362.092041015625,0.0
12/29/2020,362.0867004394531,0.0
12/29/2020,353.09063720703125,0.0
12/30/2020,353.1101989746094,0.0
12/30/2020,358.8080139160156,0.0
12/31/2020,358.76849365234375,0.0
12/31/2020,343.0526428222656,0.0
01/01/2021,342.9797668457031,0.0
01/01/2021,341.98565673828125,0.0
01/02/2021,342.02667236328125,0.0
01/02/2021,354.5999450683594,0.0
01/03/2021,354.6509094238281,0.0
01/03/2021,421.78985595703125,0.0
01/04/2021,422.0662536621094,0.0
01/04/2021,407.9369201660156,0.0
01/05/2021,407.9645080566406,0.0
01/05/2021,419.76812744140625,0.0
01/06/2021,419.81134033203125,0.0
01/06/2021,454.484130859375,0.0
01/07/2021,454.4713134765625,0.0
01/07/2021,449.5687255859375,0.0
01/08/2021,449.59490966796875,0.0
01/08/2021,441.0582275390625,0.0
01/09/2021,440.986083984375,0.0
01/09/2021,573.911376953125,0.0
01/10/2021,574.3733520507812,0.0
01/10/2021,603.5962524414062,0.0
01/11/2021,603.72705078125,0.0
01/11/2021,479.58734130859375,0.0
01/12/2021,479.279296875,0.0
01/12/2021,450.2796630859375,0.0
01/13/2021,450.38739013671875,0.0
01/13/2021,495.7847595214844,0.0
01/14/2021,495.8061828613281,0.0
01/14/2021,526.3295288085938,0.0
01/15/2021,526.4756469726562,0.0
01/15/2021,492.58984375,0.0
01/16/2021,492.50225830078125,0.0
01/16/2021,490.98162841796875,0.0
01/17/2021,490.9681701660156,0.0
01/17/2021,478.7698059082031,0.0
01/18/2021,478.81085205078125,0.0
01/18/2021,510.4153137207031,0.0
01/19/2021,510.4017333984375,0.0
01/19/2021,511.072265625,0.0
01/20/2021,510.8137512207031,0.0
01/20/2021,499.3244934082031,0.0
01/21/2021,499.2824401855469,0.0
01/21/2021,419.58514404296875,0.0
01/22/2021,419.467041015625,0.0
01/22/2021,441.5264892578125,0.0
01/23/2021,441.27423095703125,0.0
01/23/2021,431.5047302246094,0.0
01/24/2021,431.46331787109375,0.0
01/24/2021,440.10333251953125,0.0
01/25/2021,440.0459289550781,0.0
01/25/2021,433.802490234375,0.0
01/26/2021,433.7289733886719,0.0
01/26/2021,428.0443420410156,0.0
01/27/2021,428.0255126953125,0.0
01/27/2021,378.0301513671875,0.0
01/28/2021,378.0505065917969,0.0
01/28/2021,391.7983093261719,0.0
01/29/2021,414.4378662109375,0.0
01/29/2021,407.5032958984375,0.0
01/30/2021,407.4646301269531,0.0
01/30/2021,414.9421081542969,0.0
01/31/2021,415.04669189453125,0.0
01/31/2021,399.7699279785156,0.0
02/01/2021,399.76007080078125,0.0
02/01/2021,414.02044677734375,0.0
02/02/2021,414.03265380859375,0.0
02/02/2021,430.15142822265625,0.0
02/03/2021,430.15045166015625,0.0
02/03/2021,444.8460693359375,0.0
02/04/2021,444.89776611328125,0.0
02/04/2021,420.81964111328125,0.0
02/05/2021,420.7950744628906,0.0
02/05/2021,446.4588928222656,0.0
02/06/2021,446.5007019042969,0.0
02/06/2021,457.6355895996094,0.0
02/07/2021,457.59393310546875,0.0
02/07/2021,445.169677734375,0.0
02/08/2021,445.0782775878906,0.0
02/08/2021,483.7041320800781,0.0
02/09/2021,483.6850891113281,0.0
02/09/2021,513.53271484375,0.0
02/10/2021,513.4469604492188,0.0
02/10/2021,494.9677734375,0.0
02/11/2021,494.86700439453125,0.0
02/11/2021,529.7373657226562,0.0
02/12/2021,529.597412109375,0.0
02/12/2021,577.6043090820312,0.0
02/13/2021,577.552978515625,0.0
02/13/2021,663.6793823242188,0.0
02/14/2021,663.9490356445312,0.0
02/14/2021,724.0156860351562,0.0
02/15/2021,723.8924560546875,0.0
02/15/2021,712.4305419921875,0.0
02/16/2021,712.1409912109375,0.0
02/16/2021,707.29150390625,0.0
02/17/2021,707.302734375,0.0
02/17/2021,716.6982421875,0.0
02/18/2021,716.6647338867188,0.0
02/18/2021,705.9884643554688,0.0
02/19/2021,706.0059204101562,0.0
02/19/2021,720.8218994140625,0.0
02/20/2021,720.7059326171875,0.0
02/20/2021,682.1824340820312,0.0
02/21/2021,681.8699951171875,0.0
02/21/2021,707.5924072265625,0.0
02/22/2021,707.5281372070312,0.0
02/22/2021,630.349853515625,0.0
02/23/2021,630.2363891601562,0.0
02/23/2021,513.1873779296875,0.0
02/24/2021,513.5601196289062,0.0
02/24/2021,527.0413818359375,0.0
02/25/2021,527.0341186523438,0.0
02/25/2021,496.91265869140625,0.0
02/26/2021,497.3074645996094,0.0
02/26/2021,484.5122375488281,0.0
02/27/2021,484.5824890136719,0.0
02/27/2021,483.7453308105469,0.0
02/28/2021,483.7192077636719,0.0
02/28/2021,459.91448974609375,0.0
03/01/2021,459.95587158203125,0.0
03/01/2021,500.9513854980469,0.0
03/02/2021,500.84326171875,0.0
03/02/2021,517.01416015625,0.0
03/03/2021,517.0370483398438,0.0
03/03/2021,523.5786743164062,0.0
03/04/2021,523.490234375,0.0
03/04/2021,506.8732604980469,0.0
03/05/2021,506.8157653808594,0.0
03/05/2021,498.98980712890625,0.0
03/06/2021,498.91357421875,0.0
03/06/2021,501.21270751953125,0.0
03/07/2021,501.22882080078125,0.0
03/07/2021,516.1735229492188,0.0
03/08/2021,516.1818237304688,0.0
03/08/2021,528.9968872070312,0.0
03/09/2021,529.0134887695312,0.0
03/09/2021,545.0260009765625,0.0
03/10/2021,545.0299682617188,0.0
03/10/2021,546.839599609375,0.0
03/11/2021,546.69677734375,0.0
03/11/2021,549.783203125,0.0
03/12/2021,549.8158569335938,0.0
03/12/2021,539.2164916992188,0.0
03/13/2021,539.2444458007812,0.0
03/13/2021,596.2348022460938,0.0
03/14/2021,596.0801391601562,0.0
03/14/2021,557.757080078125,0.0
03/15/2021,557.575439453125,0.0
03/15/2021,523.9347534179688,0.0
03/16/2021,523.894775390625,0.0
03/16/2021,528.1640014648438,0.0
03/17/2021,528.1920166015625,0.0
03/17/2021,540.8455200195312,0.0
03/18/2021,540.874267578125,0.0
03/18/2021,529.7573852539062,0.0
03/19/2021,529.7051391601562,0.0
03/19/2021,535.1412353515625,0.0
03/20/2021,535.0819702148438,0.0
03/20/2021,539.1375732421875,0.0
03/21/2021,539.1220092773438,0.0
03/21/2021,526.5610961914062,0.0
03/22/2021,526.60302734375,0.0
03/22/2021,513.3392333984375,0.0
03/23/2021,513.4077758789062,0.0
03/23/2021,516.253173828125,0.0
03/24/2021,516.1734008789062,0.0
03/24/2021,480.1233215332031,0.0
03/25/2021,480.02423095703125,0.0
03/25/2021,478.2922058105469,0.0
03/26/2021,478.210693359375,0.0
03/26/2021,509.0152893066406,0.0
03/27/2021,509.0176696777344,0.0
03/27/2021,503.6587829589844,0.0
03/28/2021,503.6591796875,0.0
03/28/2021,501.00360107421875,0.0
03/29/2021,500.9342956542969,0.0
03/29/2021,520.6358032226562,0.0
03/30/2021,520.620361328125,0.0
03/30/2021,527.6982421875,0.0
03/31/2021,527.7657470703125,0.0
03/31/2021,543.2378540039062,0.0
04/01/2021,543.2572021484375,0.0
04/01/2021,561.6582641601562,0.0
04/02/2021,561.5902099609375,0.0
04/02/2021,585.7074584960938,0.0
04/03/2021,585.6561279296875,0.0
04/03/2021,536.6788330078125,0.0
04/04/2021,536.5737915039062,0.0
04/04/2021,566.5130615234375,0.0
04/05/2021,566.6402587890625,0.0
04/05/2021,648.5609741210938,0.0
04/06/2021,649.078857421875,0.0
04/06/2021,667.7485961914062,0.0
04/07/2021,667.3567504882812,0.0
04/07/2021,618.5975341796875,0.0
04/08/2021,619.0540161132812,0.0
04/08/2021,647.5640869140625,0.0
04/09/2021,647.5924682617188,0.0
04/09/2021,635.7067260742188,0.0
04/10/2021,635.4577026367188,0.0
04/10/2021,673.9575805664062,0.0
04/11/2021,676.87841796875,0.0
04/11/2021,696.6084594726562,0.0
04/12/2021,694.9053344726562,0.0
04/12/2021,674.7862548828125,0.0
04/13/2021,674.6181030273438,0.0
04/13/2021,746.8653564453125,0.0
04/14/2021,746.9727783203125,0.0
04/14/2021,818.7034301757812,0.0
04/15/2021,816.70166015625,0.0
04/15/2021,868.155517578125,0.0
04/16/2021,866.6513061523438,0.0
04/16/2021,1110.654296875,0.0
04/17/2021,1107.8419189453125,0.0
04/17/2021,1006.32421875,0.0
04/18/2021,1003.9636840820312,0.0
04/18/2021,965.6826171875,0.0
04/19/2021,971.877685546875,0.0
04/19/2021,894.1287231445312,0.0
04/20/2021,891.2747192382812,0.0
04/20/2021,940.9869384765625,0.0
04/21/2021,942.3489379882812,0.0
04/21/2021,913.90576171875,0.0
04/22/2021,910.7542114257812,0.0
04/22/2021,854.0779418945312,0.0
04/23/2021,854.8743286132812,0.0
04/23/2021,838.8472290039062,0.0
04/24/2021,840.376708984375,0.0
04/24/2021,769.1758422851562,0.0
04/25/2021,770.97998046875,0.0
04/25/2021,757.708740234375,0.0
04/26/2021,759.281005859375,0.0
04/26/2021,849.4700927734375,0.0
04/27/2021,849.8477783203125,0.0
04/27/2021,887.862548828125,0.0
04/28/2021,889.720703125,0.0
04/28/2021,909.8458251953125,0.0
04/29/2021,910.4840698242188,0.0
04/29/2021,880.6653442382812,0.0
04/30/2021,880.7796020507812,0.0
04/30/2021,993.4256591796875,0.0
05/01/2021,995.3594360351562,0.0
05/01/2021,1005.080078125,0.0
05/02/2021,1004.1727294921875,0.0
05/02/2021,974.6554565429688,0.0
05/03/2021,974.3008422851562,0.0
05/03/2021,1017.2999877929688,0.0
05/04/2021,1016.9843139648438,0.0
05/04/2021,955.1824340820312,0.0
05/05/2021,951.869384765625,0.0
05/05/2021,1454.93505859375,0.0
05/06/2021,1454.4903564453125,0.0
05/06/2021,1505.7657470703125,0.0
05/07/2021,1509.1109619140625,0.0
05/07/2021,1343.2474365234375,0.0
05/08/2021,1342.436767578125,0.0
05/08/2021,1402.3680419921875,0.0
05/09/2021,1398.5516357421875,0.0
05/09/2021,1428.52880859375,0.0
05/10/2021,1427.7679443359375,0.0
05/10/2021,1321.401123046875,0.0
05/11/2021,1321.5760498046875,0.0
05/11/2021,1542.425048828125,0.0
05/12/2021,1549.2320556640625,0.0
05/12/2021,1209.806884765625,0.0
05/13/2021,1237.9580078125,0.0
05/13/2021,1251.692138671875,0.0
05/14/2021,1255.058349609375,0.0
05/14/2021,1298.664794921875,0.0
05/15/2021,1298.5604248046875,0.0
05/15/2021,1170.348388671875,0.0
05/16/2021,1171.168212890625,0.0
05/16/2021,1168.72900390625,0.0
05/17/2021,1166.7611083984375,0.0
05/17/2021,1068.6568603515625,0.0
05/18/2021,1068.7489013671875,0.0
05/18/2021,1091.5501708984375,0.0
05/19/2021,1093.3572998046875,0.0
05/19/2021,706.7958374023438,0.0
05/20/2021,698.481689453125,0.0
05/20/2021,821.6005249023438,0.0
05/21/2021,819.837158203125,0.0
05/21/2021,687.9571533203125,0.0
05/22/2021,689.6707763671875,0.0
05/22/2021,631.7822265625,0.0
05/23/2021,631.4146118164062,0.0
05/23/2021,556.1397705078125,0.0
05/24/2021,554.3440551757812,0.0
05/24/2021,748.4216918945312,0.0
05/25/2021,752.50341796875,0.0
05/25/2021,719.9478149414062,0.0
05/26/2021,720.5208129882812,0.0
05/26/2021,765.048828125,0.0
05/27/2021,764.8363647460938,0.0
05/27/2021,745.955078125,0.0
05/28/2021,749.4917602539062,0.0
05/28/2021,689.9478759765625,0.0
05/29/2021,689.5534057617188,0.0
05/29/2021,651.5799560546875,0.0
05/30/2021,651.9098510742188,0.0
05/30/2021,663.5120239257812,0.0
05/31/2021,662.7338256835938,0.0
05/31/2021,703.882568359375,0.0
06/01/2021,703.40185546875,0.0
06/01/2021,691.4038696289062,0.0
06/02/2021,691.1810302734375,0.0
06/02/2021,697.9129638671875,0.0
06/03/2021,698.24365234375,0.0
06/03/2021,718.4481811523438,0.0
06/04/2021,719.24560546875,0.0
06/04/2021,671.13916015625,0.0
06/05/2021,671.6312255859375,0.0
06/05/2021,649.4383544921875,0.0
06/06/2021,649.7618408203125,0.0
06/06/2021,657.4957275390625,0.0
06/07/2021,656.8709716796875,0.0
06/07/2021,596.077880859375,0.0
06/08/2021,596.8394165039062,0.0
06/08/2021,597.09228515625,0.0
06/09/2021,596.0902099609375,0.0
06/09/2021,633.1434936523438,0.0
06/10/2021,633.9471435546875,0.0
06/10/2021,602.8461303710938,0.0
06/11/2021,602.6116333007812,0.0
06/11/2021,578.2715454101562,0.0
06/12/2021,578.7503051757812,0.0
06/12/2021,580.5331420898438,0.0
06/13/2021,580.4896240234375,0.0
06/13/2021,614.3549194335938,0.0
06/14/2021,613.8494262695312,0.0
06/14/2021,625.3695068359375,0.0
06/15/2021,637.4489135742188,0.0
06/15/2021,639.20458984375,0.0
06/16/2021,628.0631713867188,0.0
06/16/2021,593.046630859375,0.0
06/17/2021,593.2911376953125,0.0
06/17/2021,599.35791015625,0.0
06/18/2021,599.7035522460938,0.0
06/18/2021,563.2868041992188,0.0
06/19/2021,563.9763793945312,0.0
06/19/2021,554.896728515625,0.0
06/21/2021,558.7803955078125,0.0
06/21/2021,548.3387451171875,0.0
