BTC-USD,Bitcoin USD,
Date,Price,Dividend,Annualized Dividend
09/17/2014,465.864013671875,0.0,0.0
09/18/2014,456.8599853515625,0.0,0.0
09/19/2014,424.1029968261719,0.0,0.0
09/20/2014,394.6730041503906,0.0,0.0
09/21/2014,408.0849914550781,0.0,0.0
09/22/2014,399.1000061035156,0.0,0.0
09/23/2014,402.0920104980469,0.0,0.0
09/24/2014,435.7510070800781,0.0,0.0
09/25/2014,423.156005859375,0.0,0.0
09/26/2014,411.4289855957031,0.0,0.0
09/27/2014,403.5559997558594,0.0,0.0
09/28/2014,399.47100830078125,0.0,0.0
09/29/2014,376.9280090332031,0.0,0.0
09/30/2014,376.0880126953125,0.0,0.0
10/01/2014,387.427001953125,0.0,0.0
10/02/2014,383.9880065917969,0.0,0.0
10/03/2014,375.1809997558594,0.0,0.0
10/04/2014,359.8919982910156,0.0,0.0
10/05/2014,328.9159851074219,0.0,0.0
10/06/2014,320.3890075683594,0.0,0.0
10/07/2014,330.5840148925781,0.0,0.0
10/08/2014,336.1159973144531,0.0,0.0
10/09/2014,352.74798583984375,0.0,0.0
10/10/2014,364.68701171875,0.0,0.0
10/11/2014,361.36199951171875,0.0,0.0
10/12/2014,362.6059875488281,0.0,0.0
10/13/2014,377.9209899902344,0.0,0.0
10/14/2014,391.6919860839844,0.0,0.0
10/15/2014,400.9549865722656,0.0,0.0
10/16/2014,394.51800537109375,0.0,0.0
10/17/2014,382.7560119628906,0.0,0.0
10/18/2014,383.97601318359375,0.0,0.0
10/19/2014,391.2539978027344,0.0,0.0
10/20/2014,389.2309875488281,0.0,0.0
10/21/2014,382.4209899902344,0.0,0.0
10/22/2014,386.1180114746094,0.0,0.0
10/23/2014,382.9620056152344,0.0,0.0
10/24/2014,358.59100341796875,0.0,0.0
10/25/2014,358.6109924316406,0.0,0.0
10/26/2014,347.48699951171875,0.0,0.0
10/27/2014,354.7770080566406,0.0,0.0
10/28/2014,353.2149963378906,0.0,0.0
10/29/2014,357.0889892578125,0.0,0.0
10/30/2014,335.7090148925781,0.0,0.0
10/31/2014,345.0090026855469,0.0,0.0
11/01/2014,338.6499938964844,0.0,0.0
11/02/2014,326.07501220703125,0.0,0.0
11/03/2014,325.5690002441406,0.0,0.0
11/04/2014,327.1610107421875,0.0,0.0
11/05/2014,330.6830139160156,0.0,0.0
11/06/2014,339.4580078125,0.0,0.0
11/07/2014,349.8179931640625,0.0,0.0
11/08/2014,342.15399169921875,0.0,0.0
11/09/2014,345.3760070800781,0.0,0.0
11/10/2014,362.2650146484375,0.0,0.0
11/11/2014,365.85699462890625,0.0,0.0
11/12/2014,367.9849853515625,0.0,0.0
11/13/2014,427.27301025390625,0.0,0.0
11/14/2014,418.4169921875,0.0,0.0
11/15/2014,399.6499938964844,0.0,0.0
11/16/2014,374.7300109863281,0.0,0.0
11/17/2014,388.3489990234375,0.0,0.0
11/18/2014,387.7850036621094,0.0,0.0
11/19/2014,373.89599609375,0.0,0.0
11/20/2014,380.3070068359375,0.0,0.0
11/21/2014,357.8789978027344,0.0,0.0
11/22/2014,351.60400390625,0.0,0.0
11/23/2014,353.17498779296875,0.0,0.0
11/24/2014,366.947998046875,0.0,0.0
11/25/2014,376.885986328125,0.0,0.0
11/26/2014,376.0190124511719,0.0,0.0
11/27/2014,370.50201416015625,0.0,0.0
11/28/2014,369.3739929199219,0.0,0.0
11/29/2014,376.1520080566406,0.0,0.0
11/30/2014,375.510009765625,0.0,0.0
12/01/2014,378.2489929199219,0.0,0.0
12/02/2014,379.25,0.0,0.0
12/03/2014,381.72198486328125,0.0,0.0
12/04/2014,375.7179870605469,0.0,0.0
12/05/2014,369.4419860839844,0.0,0.0
12/06/2014,376.7569885253906,0.0,0.0
12/07/2014,374.83599853515625,0.0,0.0
12/08/2014,374.9649963378906,0.0,0.0
12/09/2014,361.8949890136719,0.0,0.0
12/10/2014,352.2049865722656,0.0,0.0
12/11/2014,344.3399963378906,0.0,0.0
12/12/2014,350.8330078125,0.0,0.0
12/13/2014,352.3810119628906,0.0,0.0
12/14/2014,346.72698974609375,0.0,0.0
12/15/2014,351.3609924316406,0.0,0.0
12/16/2014,345.6730041503906,0.0,0.0
12/17/2014,326.8550109863281,0.0,0.0
12/18/2014,319.7850036621094,0.0,0.0
12/19/2014,311.1789855957031,0.0,0.0
12/20/2014,317.6189880371094,0.0,0.0
12/21/2014,329.5429992675781,0.0,0.0
12/22/2014,321.0679931640625,0.0,0.0
12/23/2014,332.0169982910156,0.0,0.0
12/24/2014,334.385009765625,0.0,0.0
12/25/2014,322.2860107421875,0.0,0.0
12/26/2014,319.1520080566406,0.0,0.0
12/27/2014,327.5830078125,0.0,0.0
12/28/2014,316.1600036621094,0.0,0.0
12/29/2014,317.70098876953125,0.0,0.0
12/30/2014,312.718994140625,0.0,0.0
12/31/2014,310.91400146484375,0.0,0.0
01/01/2015,320.43499755859375,0.0,0.0
01/02/2015,314.0790100097656,0.0,0.0
01/03/2015,314.84600830078125,0.0,0.0
01/04/2015,281.14599609375,0.0,0.0
01/05/2015,265.0840148925781,0.0,0.0
01/06/2015,274.6109924316406,0.0,0.0
01/07/2015,286.0769958496094,0.0,0.0
01/08/2015,294.135009765625,0.0,0.0
01/09/2015,282.38299560546875,0.0,0.0
01/10/2015,287.3030090332031,0.0,0.0
01/11/2015,274.6080017089844,0.0,0.0
01/12/2015,266.14599609375,0.0,0.0
01/13/2015,267.3940124511719,0.0,0.0
01/14/2015,223.8939971923828,0.0,0.0
01/15/2015,176.89700317382812,0.0,0.0
01/16/2015,209.07000732421875,0.0,0.0
01/17/2015,207.83399963378906,0.0,0.0
01/18/2015,200.0500030517578,0.0,0.0
01/19/2015,211.4709930419922,0.0,0.0
01/20/2015,212.90699768066406,0.0,0.0
01/21/2015,211.3780059814453,0.0,0.0
01/22/2015,227.32200622558594,0.0,0.0
01/23/2015,233.51699829101562,0.0,0.0
01/24/2015,232.6999969482422,0.0,0.0
01/25/2015,247.3520050048828,0.0,0.0
01/26/2015,254.07899475097656,0.0,0.0
01/27/2015,273.1669921875,0.0,0.0
01/28/2015,263.35101318359375,0.0,0.0
01/29/2015,233.34800720214844,0.0,0.0
01/30/2015,232.77200317382812,0.0,0.0
01/31/2015,226.4409942626953,0.0,0.0
02/01/2015,216.86700439453125,0.0,0.0
02/02/2015,226.49099731445312,0.0,0.0
02/03/2015,237.45399475097656,0.0,0.0
02/04/2015,227.51100158691406,0.0,0.0
02/05/2015,227.6649932861328,0.0,0.0
02/06/2015,216.92300415039062,0.0,0.0
02/07/2015,222.63299560546875,0.0,0.0
02/08/2015,227.6929931640625,0.0,0.0
02/09/2015,223.38900756835938,0.0,0.0
02/10/2015,220.28199768066406,0.0,0.0
02/11/2015,219.73199462890625,0.0,0.0
02/12/2015,219.20799255371094,0.0,0.0
02/13/2015,221.968994140625,0.0,0.0
02/14/2015,235.5279998779297,0.0,0.0
02/15/2015,257.5069885253906,0.0,0.0
02/16/2015,234.8249969482422,0.0,0.0
02/17/2015,233.4219970703125,0.0,0.0
02/18/2015,243.77999877929688,0.0,0.0
02/19/2015,236.41000366210938,0.0,0.0
02/20/2015,240.25100708007812,0.0,0.0
02/21/2015,243.7519989013672,0.0,0.0
02/22/2015,244.54400634765625,0.0,0.0
02/23/2015,235.9949951171875,0.0,0.0
02/24/2015,238.9980010986328,0.0,0.0
02/25/2015,238.88999938964844,0.0,0.0
02/26/2015,237.33700561523438,0.0,0.0
02/27/2015,236.43600463867188,0.0,0.0
02/28/2015,253.52000427246094,0.0,0.0
03/01/2015,254.2830047607422,0.0,0.0
03/02/2015,260.35699462890625,0.0,0.0
03/03/2015,275.0459899902344,0.0,0.0
03/04/2015,281.989990234375,0.0,0.0
03/05/2015,272.739013671875,0.0,0.0
03/06/2015,275.6000061035156,0.0,0.0
03/07/2015,272.29400634765625,0.0,0.0
03/08/2015,276.4330139160156,0.0,0.0
03/09/2015,274.81201171875,0.0,0.0
03/10/2015,289.86199951171875,0.0,0.0
03/11/2015,291.5249938964844,0.0,0.0
03/12/2015,296.12701416015625,0.0,0.0
03/13/2015,294.1180114746094,0.0,0.0
03/14/2015,284.4419860839844,0.0,0.0
03/15/2015,281.42498779296875,0.0,0.0
03/16/2015,285.68499755859375,0.0,0.0
03/17/2015,290.5950012207031,0.0,0.0
03/18/2015,285.0669860839844,0.0,0.0
03/19/2015,255.8800048828125,0.0,0.0
03/20/2015,260.95599365234375,0.0,0.0
03/21/2015,261.6440124511719,0.0,0.0
03/22/2015,259.9169921875,0.0,0.0
03/23/2015,267.8949890136719,0.0,0.0
03/24/2015,266.5769958496094,0.0,0.0
03/25/2015,247.4720001220703,0.0,0.0
03/26/2015,246.2760009765625,0.0,0.0
03/27/2015,248.5659942626953,0.0,0.0
03/28/2015,246.97500610351562,0.0,0.0
03/29/2015,252.74000549316406,0.0,0.0
03/30/2015,242.87899780273438,0.0,0.0
03/31/2015,247.45399475097656,0.0,0.0
04/01/2015,244.22300720214844,0.0,0.0
04/02/2015,247.08900451660156,0.0,0.0
04/03/2015,253.07400512695312,0.0,0.0
04/04/2015,254.29100036621094,0.0,0.0
04/05/2015,253.76100158691406,0.0,0.0
04/06/2015,260.72100830078125,0.0,0.0
04/07/2015,255.2740020751953,0.0,0.0
04/08/2015,253.06399536132812,0.0,0.0
04/09/2015,244.75100708007812,0.0,0.0
04/10/2015,243.69400024414062,0.0,0.0
04/11/2015,236.01600646972656,0.0,0.0
04/12/2015,236.53500366210938,0.0,0.0
04/13/2015,235.9499969482422,0.0,0.0
04/14/2015,224.75900268554688,0.0,0.0
04/15/2015,219.072998046875,0.0,0.0
04/16/2015,223.91700744628906,0.0,0.0
04/17/2015,228.5749969482422,0.0,0.0
04/18/2015,222.85299682617188,0.0,0.0
04/19/2015,223.45599365234375,0.0,0.0
04/20/2015,222.61199951171875,0.0,0.0
04/21/2015,224.6199951171875,0.0,0.0
04/22/2015,235.6020050048828,0.0,0.0
04/23/2015,234.05299377441406,0.0,0.0
04/24/2015,235.97000122070312,0.0,0.0
04/25/2015,231.23500061035156,0.0,0.0
04/26/2015,226.41000366210938,0.0,0.0
04/27/2015,219.4290008544922,0.0,0.0
04/28/2015,228.968994140625,0.0,0.0
04/29/2015,225.59100341796875,0.0,0.0
04/30/2015,225.6929931640625,0.0,0.0
05/01/2015,235.93899536132812,0.0,0.0
05/02/2015,232.34100341796875,0.0,0.0
05/03/2015,234.8800048828125,0.0,0.0
05/04/2015,240.3560028076172,0.0,0.0
05/05/2015,238.8520050048828,0.0,0.0
05/06/2015,236.24899291992188,0.0,0.0
05/07/2015,229.66200256347656,0.0,0.0
05/08/2015,237.20399475097656,0.0,0.0
05/09/2015,243.7689971923828,0.0,0.0
05/10/2015,241.72900390625,0.0,0.0
05/11/2015,240.2989959716797,0.0,0.0
05/12/2015,242.14500427246094,0.0,0.0
05/13/2015,241.3979949951172,0.0,0.0
05/14/2015,236.21400451660156,0.0,0.0
05/15/2015,236.9550018310547,0.0,0.0
05/16/2015,237.6439971923828,0.0,0.0
05/17/2015,236.00999450683594,0.0,0.0
05/18/2015,236.88699340820312,0.0,0.0
05/19/2015,233.03700256347656,0.0,0.0
05/20/2015,231.88999938964844,0.0,0.0
05/21/2015,234.01600646972656,0.0,0.0
05/22/2015,235.3209991455078,0.0,0.0
05/23/2015,240.28599548339844,0.0,0.0
05/24/2015,238.9759979248047,0.0,0.0
05/25/2015,240.927001953125,0.0,0.0
05/26/2015,237.10400390625,0.0,0.0
05/27/2015,237.06500244140625,0.0,0.0
05/28/2015,237.2570037841797,0.0,0.0
05/29/2015,237.3769989013672,0.0,0.0
05/30/2015,237.0919952392578,0.0,0.0
05/31/2015,233.13499450683594,0.0,0.0
06/01/2015,230.23300170898438,0.0,0.0
06/02/2015,222.8939971923828,0.0,0.0
06/03/2015,225.73599243164062,0.0,0.0
06/04/2015,225.77200317382812,0.0,0.0
06/05/2015,224.1540069580078,0.0,0.0
06/06/2015,225.0050048828125,0.0,0.0
06/07/2015,225.5959930419922,0.0,0.0
06/08/2015,222.87899780273438,0.0,0.0
06/09/2015,228.53799438476562,0.0,0.0
06/10/2015,228.9949951171875,0.0,0.0
06/11/2015,228.85499572753906,0.0,0.0
06/12/2015,229.7050018310547,0.0,0.0
06/13/2015,229.9199981689453,0.0,0.0
06/14/2015,232.44200134277344,0.0,0.0
06/15/2015,233.4219970703125,0.0,0.0
06/16/2015,236.76499938964844,0.0,0.0
06/17/2015,250.822998046875,0.0,0.0
06/18/2015,249.42799377441406,0.0,0.0
06/19/2015,249.04299926757812,0.0,0.0
06/20/2015,244.52999877929688,0.0,0.0
06/21/2015,245.10000610351562,0.0,0.0
06/22/2015,243.968994140625,0.0,0.0
06/23/2015,246.927001953125,0.0,0.0
06/24/2015,244.28199768066406,0.0,0.0
06/25/2015,240.36500549316406,0.0,0.0
06/26/2015,242.60400390625,0.0,0.0
06/27/2015,243.5489959716797,0.0,0.0
06/28/2015,250.9550018310547,0.0,0.0
06/29/2015,248.7209930419922,0.0,0.0
06/30/2015,257.0360107421875,0.0,0.0
07/01/2015,263.3450012207031,0.0,0.0
07/02/2015,258.552001953125,0.0,0.0
07/03/2015,255.45899963378906,0.0,0.0
07/04/2015,256.4909973144531,0.0,0.0
07/05/2015,260.80499267578125,0.0,0.0
07/06/2015,271.1080017089844,0.0,0.0
07/07/2015,269.9630126953125,0.0,0.0
07/08/2015,265.98199462890625,0.0,0.0
07/09/2015,270.8269958496094,0.0,0.0
07/10/2015,269.156005859375,0.0,0.0
07/11/2015,284.8800048828125,0.0,0.0
07/12/2015,293.1400146484375,0.0,0.0
07/13/2015,310.8269958496094,0.0,0.0
07/14/2015,292.03399658203125,0.0,0.0
07/15/2015,288.0450134277344,0.0,0.0
07/16/2015,286.0419921875,0.0,0.0
07/17/2015,278.09100341796875,0.0,0.0
07/18/2015,279.33099365234375,0.0,0.0
07/19/2015,274.7669982910156,0.0,0.0
07/20/2015,273.4989929199219,0.0,0.0
07/21/2015,278.8819885253906,0.0,0.0
07/22/2015,275.6570129394531,0.0,0.0
07/23/2015,277.34100341796875,0.0,0.0
07/24/2015,276.0050048828125,0.0,0.0
07/25/2015,288.16400146484375,0.0,0.0
07/26/2015,288.6400146484375,0.0,0.0
07/27/2015,292.6390075683594,0.0,0.0
07/28/2015,293.63299560546875,0.0,0.0
07/29/2015,294.4840087890625,0.0,0.0
07/30/2015,289.1029968261719,0.0,0.0
07/31/2015,287.6960144042969,0.0,0.0
08/01/2015,284.6860046386719,0.0,0.0
08/02/2015,280.4490051269531,0.0,0.0
08/03/2015,282.8059997558594,0.0,0.0
08/04/2015,281.2250061035156,0.0,0.0
08/05/2015,284.84698486328125,0.0,0.0
08/06/2015,281.906005859375,0.0,0.0
08/07/2015,278.7409973144531,0.0,0.0
08/08/2015,279.74200439453125,0.0,0.0
08/09/2015,261.1159973144531,0.0,0.0
08/10/2015,265.4779968261719,0.0,0.0
08/11/2015,264.3420104980469,0.0,0.0
08/12/2015,270.5979919433594,0.0,0.0
08/13/2015,266.1830139160156,0.0,0.0
08/14/2015,264.1319885253906,0.0,0.0
08/15/2015,265.52899169921875,0.0,0.0
08/16/2015,261.8659973144531,0.0,0.0
08/17/2015,258.489990234375,0.0,0.0
08/18/2015,257.9259948730469,0.0,0.0
08/19/2015,225.67100524902344,0.0,0.0
08/20/2015,226.8990020751953,0.0,0.0
08/21/2015,235.35499572753906,0.0,0.0
08/22/2015,232.66200256347656,0.0,0.0
08/23/2015,230.37600708007812,0.0,0.0
08/24/2015,228.11199951171875,0.0,0.0
08/25/2015,210.0679931640625,0.0,0.0
08/26/2015,222.0760040283203,0.0,0.0
08/27/2015,226.0500030517578,0.0,0.0
08/28/2015,224.7010040283203,0.0,0.0
08/29/2015,231.5489959716797,0.0,0.0
08/30/2015,229.89500427246094,0.0,0.0
08/31/2015,229.11399841308594,0.0,0.0
09/01/2015,230.25599670410156,0.0,0.0
09/02/2015,228.02699279785156,0.0,0.0
09/03/2015,229.32400512695312,0.0,0.0
09/04/2015,227.21499633789062,0.0,0.0
09/05/2015,230.19900512695312,0.0,0.0
09/06/2015,234.8699951171875,0.0,0.0
09/07/2015,239.9340057373047,0.0,0.0
09/08/2015,239.8459930419922,0.0,0.0
09/09/2015,243.4149932861328,0.0,0.0
09/10/2015,238.33599853515625,0.0,0.0
09/11/2015,238.32899475097656,0.0,0.0
09/12/2015,239.85499572753906,0.0,0.0
09/13/2015,235.24200439453125,0.0,0.0
09/14/2015,230.60899353027344,0.0,0.0
09/15/2015,230.49200439453125,0.0,0.0
09/16/2015,230.25,0.0,0.0
09/17/2015,229.0760040283203,0.0,0.0
09/18/2015,233.52099609375,0.0,0.0
09/19/2015,232.85800170898438,0.0,0.0
09/20/2015,231.3990020751953,0.0,0.0
09/21/2015,231.2169952392578,0.0,0.0
09/22/2015,226.968994140625,0.0,0.0
09/23/2015,230.93600463867188,0.0,0.0
09/24/2015,230.35800170898438,0.0,0.0
09/25/2015,234.36199951171875,0.0,0.0
09/26/2015,235.0760040283203,0.0,0.0
09/27/2015,234.13900756835938,0.0,0.0
09/28/2015,232.83599853515625,0.0,0.0
09/29/2015,239.01600646972656,0.0,0.0
09/30/2015,236.63999938964844,0.0,0.0
10/01/2015,236.00399780273438,0.0,0.0
10/02/2015,237.26400756835938,0.0,0.0
10/03/2015,237.20199584960938,0.0,0.0
10/04/2015,238.531005859375,0.0,0.0
10/05/2015,238.14700317382812,0.0,0.0
10/06/2015,240.36399841308594,0.0,0.0
10/07/2015,246.1699981689453,0.0,0.0
10/08/2015,243.0749969482422,0.0,0.0
10/09/2015,242.4980010986328,0.0,0.0
10/10/2015,243.74000549316406,0.0,0.0
10/11/2015,244.74200439453125,0.0,0.0
10/12/2015,246.875,0.0,0.0
10/13/2015,245.1999969482422,0.0,0.0
10/14/2015,249.4929962158203,0.0,0.0
10/15/2015,252.10699462890625,0.0,0.0
10/16/2015,254.29600524902344,0.0,0.0
10/17/2015,262.74700927734375,0.0,0.0
10/18/2015,270.9070129394531,0.0,0.0
10/19/2015,261.8609924316406,0.0,0.0
10/20/2015,263.5719909667969,0.0,0.0
10/21/2015,269.3059997558594,0.0,0.0
10/22/2015,266.4960021972656,0.0,0.0
10/23/2015,273.64898681640625,0.0,0.0
10/24/2015,276.5039978027344,0.0,0.0
10/25/2015,281.44500732421875,0.0,0.0
10/26/2015,283.62799072265625,0.0,0.0
10/27/2015,285.1809997558594,0.0,0.0
10/28/2015,293.7030029296875,0.0,0.0
10/29/2015,304.3240051269531,0.0,0.0
10/30/2015,313.9429931640625,0.0,0.0
10/31/2015,328.5119934082031,0.0,0.0
11/01/2015,315.0050048828125,0.0,0.0
11/02/2015,325.9419860839844,0.0,0.0
11/03/2015,361.87298583984375,0.0,0.0
11/04/2015,403.66400146484375,0.0,0.0
11/05/2015,408.0769958496094,0.0,0.0
11/06/2015,388.0469970703125,0.0,0.0
11/07/2015,374.2690124511719,0.0,0.0
11/08/2015,384.27801513671875,0.0,0.0
11/09/2015,374.3240051269531,0.0,0.0
11/10/2015,379.9840087890625,0.0,0.0
11/11/2015,339.82000732421875,0.0,0.0
11/12/2015,314.0790100097656,0.0,0.0
11/13/2015,338.49798583984375,0.0,0.0
11/14/2015,336.6239929199219,0.0,0.0
11/15/2015,333.0509948730469,0.0,0.0
11/16/2015,319.7349853515625,0.0,0.0
11/17/2015,330.36199951171875,0.0,0.0
11/18/2015,334.5929870605469,0.0,0.0
11/19/2015,334.6789855957031,0.0,0.0
11/20/2015,326.4110107421875,0.0,0.0
11/21/2015,322.0920104980469,0.0,0.0
11/22/2015,326.9750061035156,0.0,0.0
11/23/2015,324.3500061035156,0.0,0.0
11/24/2015,323.0140075683594,0.0,0.0
11/25/2015,320.0450134277344,0.0,0.0
11/26/2015,328.3030090332031,0.0,0.0
11/27/2015,351.8609924316406,0.0,0.0
11/28/2015,357.1409912109375,0.0,0.0
11/29/2015,357.47198486328125,0.0,0.0
11/30/2015,371.43701171875,0.0,0.0
12/01/2015,377.41400146484375,0.0,0.0
12/02/2015,361.8450012207031,0.0,0.0
12/03/2015,359.33099365234375,0.0,0.0
12/04/2015,361.2619934082031,0.0,0.0
12/05/2015,363.72100830078125,0.0,0.0
12/06/2015,389.55499267578125,0.0,0.0
12/07/2015,389.9779968261719,0.0,0.0
12/08/2015,395.7539978027344,0.0,0.0
12/09/2015,414.4410095214844,0.0,0.0
12/10/2015,417.9880065917969,0.0,0.0
12/11/2015,415.281005859375,0.0,0.0
12/12/2015,452.3349914550781,0.0,0.0
12/13/2015,431.6600036621094,0.0,0.0
12/14/2015,433.2720031738281,0.0,0.0
12/15/2015,443.87799072265625,0.0,0.0
12/16/2015,465.2080078125,0.0,0.0
12/17/2015,454.7770080566406,0.0,0.0
12/18/2015,455.84698486328125,0.0,0.0
12/19/2015,463.552001953125,0.0,0.0
12/20/2015,462.2340087890625,0.0,0.0
12/21/2015,442.8380126953125,0.0,0.0
12/22/2015,437.4360046386719,0.0,0.0
12/23/2015,436.7200012207031,0.0,0.0
12/24/2015,443.09100341796875,0.0,0.0
12/25/2015,454.8550109863281,0.0,0.0
12/26/2015,455.7560119628906,0.0,0.0
12/27/2015,416.5140075683594,0.0,0.0
12/28/2015,423.3429870605469,0.0,0.0
12/29/2015,422.0979919433594,0.0,0.0
12/30/2015,433.29998779296875,0.0,0.0
12/31/2015,425.875,0.0,0.0
01/01/2016,430.72100830078125,0.0,0.0
01/02/2016,434.62200927734375,0.0,0.0
01/03/2016,433.5780029296875,0.0,0.0
01/04/2016,430.0610046386719,0.0,0.0
01/05/2016,433.0690002441406,0.0,0.0
01/06/2016,431.8559875488281,0.0,0.0
01/07/2016,430.010986328125,0.0,0.0
01/08/2016,457.5379943847656,0.0,0.0
01/09/2016,453.38299560546875,0.0,0.0
01/10/2016,448.2380065917969,0.0,0.0
01/11/2016,448.697998046875,0.0,0.0
01/12/2016,448.1820068359375,0.0,0.0
01/13/2016,434.6650085449219,0.0,0.0
01/14/2016,432.2879943847656,0.0,0.0
01/15/2016,430.2550048828125,0.0,0.0
01/16/2016,365.072998046875,0.0,0.0
01/17/2016,387.1520080566406,0.0,0.0
01/18/2016,381.7330017089844,0.0,0.0
01/19/2016,387.0260009765625,0.0,0.0
01/20/2016,379.739990234375,0.0,0.0
01/21/2016,419.6319885253906,0.0,0.0
01/22/2016,409.7510070800781,0.0,0.0
01/23/2016,382.4339904785156,0.0,0.0
01/24/2016,388.10198974609375,0.0,0.0
01/25/2016,402.3169860839844,0.0,0.0
01/26/2016,392.00201416015625,0.0,0.0
01/27/2016,392.4440002441406,0.0,0.0
01/28/2016,395.14599609375,0.0,0.0
01/29/2016,380.1080017089844,0.0,0.0
01/30/2016,378.864990234375,0.0,0.0
01/31/2016,378.2929992675781,0.0,0.0
02/01/2016,369.3500061035156,0.0,0.0
02/02/2016,372.9200134277344,0.0,0.0
02/03/2016,374.64599609375,0.0,0.0
02/04/2016,370.17401123046875,0.0,0.0
02/05/2016,388.89801025390625,0.0,0.0
02/06/2016,386.5889892578125,0.0,0.0
02/07/2016,376.5140075683594,0.0,0.0
02/08/2016,376.7569885253906,0.0,0.0
02/09/2016,373.4230041503906,0.0,0.0
02/10/2016,376.14599609375,0.0,0.0
02/11/2016,382.114013671875,0.0,0.0
02/12/2016,379.6860046386719,0.0,0.0
02/13/2016,384.6409912109375,0.0,0.0
02/14/2016,392.9320068359375,0.0,0.0
02/15/2016,407.5679931640625,0.0,0.0
02/16/2016,401.4320068359375,0.0,0.0
02/17/2016,407.656005859375,0.0,0.0
02/18/2016,416.5719909667969,0.0,0.0
02/19/2016,422.7300109863281,0.0,0.0
02/20/2016,421.60101318359375,0.0,0.0
02/21/2016,437.77301025390625,0.0,0.0
02/22/2016,438.989013671875,0.0,0.0
02/23/2016,438.2550048828125,0.0,0.0
02/24/2016,420.95599365234375,0.0,0.0
02/25/2016,425.0369873046875,0.0,0.0
02/26/2016,424.6289978027344,0.0,0.0
02/27/2016,432.8389892578125,0.0,0.0
02/28/2016,432.5710144042969,0.0,0.0
02/29/2016,433.43798828125,0.0,0.0
03/01/2016,437.9169921875,0.0,0.0
03/02/2016,435.1310119628906,0.0,0.0
03/03/2016,423.9119873046875,0.0,0.0
03/04/2016,421.83599853515625,0.0,0.0
03/05/2016,410.781005859375,0.0,0.0
03/06/2016,400.5249938964844,0.0,0.0
03/07/2016,407.7569885253906,0.0,0.0
03/08/2016,414.4649963378906,0.0,0.0
03/09/2016,413.8940124511719,0.0,0.0
03/10/2016,414.7439880371094,0.0,0.0
03/11/2016,417.2380065917969,0.0,0.0
03/12/2016,421.6050109863281,0.0,0.0
03/13/2016,411.64801025390625,0.0,0.0
03/14/2016,414.20098876953125,0.0,0.0
03/15/2016,416.38800048828125,0.0,0.0
03/16/2016,416.88800048828125,0.0,0.0
03/17/2016,417.8890075683594,0.0,0.0
03/18/2016,420.5469970703125,0.0,0.0
03/19/2016,409.2650146484375,0.0,0.0
03/20/2016,410.4010009765625,0.0,0.0
03/21/2016,413.4179992675781,0.0,0.0
03/22/2016,413.1319885253906,0.0,0.0
03/23/2016,418.1610107421875,0.0,0.0
03/24/2016,418.42401123046875,0.0,0.0
03/25/2016,416.50799560546875,0.0,0.0
03/26/2016,417.364990234375,0.0,0.0
03/27/2016,418.1400146484375,0.0,0.0
03/28/2016,426.5480041503906,0.0,0.0
03/29/2016,424.3039855957031,0.0,0.0
03/30/2016,416.8340148925781,0.0,0.0
03/31/2016,415.2569885253906,0.0,0.0
04/01/2016,416.760009765625,0.0,0.0
04/02/2016,418.4219970703125,0.0,0.0
04/03/2016,421.1730041503906,0.0,0.0
04/04/2016,421.29901123046875,0.0,0.0
04/05/2016,421.0169982910156,0.0,0.0
04/06/2016,424.28399658203125,0.0,0.0
04/07/2016,423.6199951171875,0.0,0.0
04/08/2016,422.9070129394531,0.0,0.0
04/09/2016,420.8110046386719,0.0,0.0
04/10/2016,419.5920104980469,0.0,0.0
04/11/2016,421.87200927734375,0.0,0.0
04/12/2016,422.8429870605469,0.0,0.0
04/13/2016,425.6319885253906,0.0,0.0
04/14/2016,423.93499755859375,0.0,0.0
04/15/2016,424.427001953125,0.0,0.0
04/16/2016,429.57501220703125,0.0,0.0
04/17/2016,430.635986328125,0.0,0.0
04/18/2016,427.6109924316406,0.0,0.0
04/19/2016,428.7030029296875,0.0,0.0
04/20/2016,435.3240051269531,0.0,0.0
04/21/2016,441.4159851074219,0.0,0.0
04/22/2016,449.68798828125,0.0,0.0
04/23/2016,445.8609924316406,0.0,0.0
04/24/2016,450.55999755859375,0.0,0.0
04/25/2016,459.1210021972656,0.0,0.0
04/26/2016,461.64801025390625,0.0,0.0
04/27/2016,466.2619934082031,0.0,0.0
04/28/2016,445.0379943847656,0.0,0.0
04/29/2016,449.4079895019531,0.0,0.0
04/30/2016,455.1780090332031,0.0,0.0
05/01/2016,448.4840087890625,0.0,0.0
05/02/2016,451.9330139160156,0.0,0.0
05/03/2016,444.72698974609375,0.0,0.0
05/04/2016,450.1830139160156,0.0,0.0
05/05/2016,446.71099853515625,0.0,0.0
05/06/2016,447.9419860839844,0.0,0.0
05/07/2016,459.6390075683594,0.0,0.0
05/08/2016,458.4289855957031,0.0,0.0
05/09/2016,458.20599365234375,0.0,0.0
05/10/2016,460.51800537109375,0.0,0.0
05/11/2016,450.864013671875,0.0,0.0
05/12/2016,452.4469909667969,0.0,0.0
05/13/2016,454.8500061035156,0.0,0.0
05/14/2016,455.822998046875,0.0,0.0
05/15/2016,455.7590026855469,0.0,0.0
05/16/2016,457.58599853515625,0.0,0.0
05/17/2016,454.0090026855469,0.0,0.0
05/18/2016,453.6910095214844,0.0,0.0
05/19/2016,454.52398681640625,0.0,0.0
05/20/2016,437.7929992675781,0.0,0.0
05/21/2016,442.96600341796875,0.0,0.0
05/22/2016,443.2179870605469,0.0,0.0
05/23/2016,439.3479919433594,0.0,0.0
05/24/2016,444.2909851074219,0.0,0.0
05/25/2016,446.06201171875,0.0,0.0
05/26/2016,449.6719970703125,0.0,0.0
05/27/2016,453.52099609375,0.0,0.0
05/28/2016,473.02899169921875,0.0,0.0
05/29/2016,527.4769897460938,0.0,0.0
05/30/2016,528.4710083007812,0.0,0.0
05/31/2016,534.1909790039062,0.0,0.0
06/01/2016,531.1069946289062,0.0,0.0
06/02/2016,536.5150146484375,0.0,0.0
06/03/2016,537.6820068359375,0.0,0.0
06/04/2016,569.7050170898438,0.0,0.0
06/05/2016,573.3079833984375,0.0,0.0
06/06/2016,574.6019897460938,0.0,0.0
06/07/2016,585.4450073242188,0.0,0.0
06/08/2016,577.1669921875,0.0,0.0
06/09/2016,582.2030029296875,0.0,0.0
06/10/2016,575.8369750976562,0.0,0.0
06/11/2016,578.6740112304688,0.0,0.0
06/12/2016,609.6840209960938,0.0,0.0
06/13/2016,671.6539916992188,0.0,0.0
06/14/2016,704.5040283203125,0.0,0.0
06/15/2016,685.6849975585938,0.0,0.0
06/16/2016,696.5230102539062,0.0,0.0
06/17/2016,768.4869995117188,0.0,0.0
06/18/2016,748.7559814453125,0.0,0.0
06/19/2016,756.68798828125,0.0,0.0
06/20/2016,763.927001953125,0.0,0.0
06/21/2016,735.8829956054688,0.0,0.0
06/22/2016,665.9149780273438,0.0,0.0
06/23/2016,597.4429931640625,0.0,0.0
06/24/2016,625.5750122070312,0.0,0.0
06/25/2016,665.281005859375,0.0,0.0
06/26/2016,665.9310302734375,0.0,0.0
06/27/2016,629.3489990234375,0.0,0.0
06/28/2016,658.1019897460938,0.0,0.0
06/29/2016,644.1220092773438,0.0,0.0
06/30/2016,640.5910034179688,0.0,0.0
07/01/2016,672.5150146484375,0.0,0.0
07/02/2016,676.7340087890625,0.0,0.0
07/03/2016,704.968017578125,0.0,0.0
07/04/2016,658.8040161132812,0.0,0.0
07/05/2016,683.208984375,0.0,0.0
07/06/2016,670.4180297851562,0.0,0.0
07/07/2016,678.0900268554688,0.0,0.0
07/08/2016,640.68798828125,0.0,0.0
07/09/2016,666.3839721679688,0.0,0.0
07/10/2016,650.5989990234375,0.0,0.0
07/11/2016,648.4840087890625,0.0,0.0
07/12/2016,648.2830200195312,0.0,0.0
07/13/2016,664.7969970703125,0.0,0.0
07/14/2016,652.9229736328125,0.0,0.0
07/15/2016,659.1710205078125,0.0,0.0
07/16/2016,663.781005859375,0.0,0.0
07/17/2016,661.9929809570312,0.0,0.0
07/18/2016,679.8090209960938,0.0,0.0
07/19/2016,672.7379760742188,0.0,0.0
07/20/2016,672.8060302734375,0.0,0.0
07/21/2016,665.22802734375,0.0,0.0
07/22/2016,664.9219970703125,0.0,0.0
07/23/2016,650.7260131835938,0.0,0.0
07/24/2016,655.4099731445312,0.0,0.0
07/25/2016,661.2630004882812,0.0,0.0
07/26/2016,654.2260131835938,0.0,0.0
07/27/2016,651.6270141601562,0.0,0.0
07/28/2016,654.4920043945312,0.0,0.0
07/29/2016,655.1110229492188,0.0,0.0
07/30/2016,657.0120239257812,0.0,0.0
07/31/2016,655.0999755859375,0.0,0.0
08/01/2016,624.6019897460938,0.0,0.0
08/02/2016,606.39697265625,0.0,0.0
08/03/2016,548.656005859375,0.0,0.0
08/04/2016,566.3289794921875,0.0,0.0
08/05/2016,578.281005859375,0.0,0.0
08/06/2016,575.030029296875,0.0,0.0
08/07/2016,587.77099609375,0.0,0.0
08/08/2016,592.7360229492188,0.0,0.0
08/09/2016,591.0380249023438,0.0,0.0
08/10/2016,587.6480102539062,0.0,0.0
08/11/2016,592.1240234375,0.0,0.0
08/12/2016,588.7979736328125,0.0,0.0
08/13/2016,587.3569946289062,0.0,0.0
08/14/2016,585.5889892578125,0.0,0.0
08/15/2016,570.4940185546875,0.0,0.0
08/16/2016,567.2429809570312,0.0,0.0
08/17/2016,577.760986328125,0.0,0.0
08/18/2016,573.7069702148438,0.0,0.0
08/19/2016,574.3389892578125,0.0,0.0
08/20/2016,576.083984375,0.0,0.0
08/21/2016,581.9390258789062,0.0,0.0
08/22/2016,581.3109741210938,0.0,0.0
08/23/2016,586.77099609375,0.0,0.0
08/24/2016,583.4119873046875,0.0,0.0
08/25/2016,580.1799926757812,0.0,0.0
08/26/2016,577.7529907226562,0.0,0.0
08/27/2016,579.4520263671875,0.0,0.0
08/28/2016,569.8300170898438,0.0,0.0
08/29/2016,574.0709838867188,0.0,0.0
08/30/2016,574.114013671875,0.0,0.0
08/31/2016,577.5910034179688,0.0,0.0
09/01/2016,575.5460205078125,0.0,0.0
09/02/2016,572.4099731445312,0.0,0.0
09/03/2016,575.5549926757812,0.0,0.0
09/04/2016,598.5900268554688,0.0,0.0
09/05/2016,608.989990234375,0.0,0.0
09/06/2016,606.5059814453125,0.0,0.0
09/07/2016,610.572998046875,0.0,0.0
09/08/2016,614.635009765625,0.0,0.0
09/09/2016,626.3519897460938,0.0,0.0
09/10/2016,622.927001953125,0.0,0.0
09/11/2016,623.4240112304688,0.0,0.0
09/12/2016,607.0050048828125,0.0,0.0
09/13/2016,608.0250244140625,0.0,0.0
09/14/2016,608.8410034179688,0.0,0.0
09/15/2016,610.5880126953125,0.0,0.0
09/16/2016,607.2459716796875,0.0,0.0
09/17/2016,607.218017578125,0.0,0.0
09/18/2016,606.2830200195312,0.0,0.0
09/19/2016,609.8709716796875,0.0,0.0
09/20/2016,609.2540283203125,0.0,0.0
09/21/2016,603.5880126953125,0.0,0.0
09/22/2016,597.2789916992188,0.0,0.0
09/23/2016,596.198974609375,0.0,0.0
09/24/2016,602.9609985351562,0.0,0.0
09/25/2016,602.7490234375,0.0,0.0
09/26/2016,600.8070068359375,0.0,0.0
09/27/2016,608.02197265625,0.0,0.0
09/28/2016,606.2429809570312,0.0,0.0
09/29/2016,605.0189819335938,0.0,0.0
09/30/2016,605.7150268554688,0.0,0.0
10/01/2016,609.9290161132812,0.0,0.0
10/02/2016,613.947998046875,0.0,0.0
10/03/2016,610.968017578125,0.0,0.0
10/04/2016,612.052001953125,0.0,0.0
10/05/2016,610.218017578125,0.0,0.0
10/06/2016,612.469970703125,0.0,0.0
10/07/2016,612.6079711914062,0.0,0.0
10/08/2016,617.3410034179688,0.0,0.0
10/09/2016,619.1719970703125,0.0,0.0
10/10/2016,616.822021484375,0.0,0.0
10/11/2016,619.2379760742188,0.0,0.0
10/12/2016,640.8709716796875,0.0,0.0
10/13/2016,636.030029296875,0.0,0.0
10/14/2016,637.0079956054688,0.0,0.0
10/15/2016,640.3109741210938,0.0,0.0
10/16/2016,639.0830078125,0.0,0.0
10/17/2016,641.8179931640625,0.0,0.0
10/18/2016,639.4110107421875,0.0,0.0
10/19/2016,638.1339721679688,0.0,0.0
10/20/2016,630.6630249023438,0.0,0.0
10/21/2016,630.8250122070312,0.0,0.0
10/22/2016,633.135986328125,0.0,0.0
10/23/2016,657.6209716796875,0.0,0.0
10/24/2016,657.1610107421875,0.0,0.0
10/25/2016,654.0020141601562,0.0,0.0
10/26/2016,657.677978515625,0.0,0.0
10/27/2016,678.2139892578125,0.0,0.0
10/28/2016,688.0,0.0,0.0
10/29/2016,690.2890014648438,0.0,0.0
10/30/2016,714.1179809570312,0.0,0.0
10/31/2016,702.6400146484375,0.0,0.0
11/01/2016,701.3369750976562,0.0,0.0
11/02/2016,730.0659790039062,0.0,0.0
11/03/2016,742.3460083007812,0.0,0.0
11/04/2016,689.1240234375,0.0,0.0
11/05/2016,703.5250244140625,0.0,0.0
11/06/2016,703.81201171875,0.0,0.0
11/07/2016,710.7360229492188,0.0,0.0
11/08/2016,703.0889892578125,0.0,0.0
11/09/2016,709.8250122070312,0.0,0.0
11/10/2016,722.843994140625,0.0,0.0
11/11/2016,715.5549926757812,0.0,0.0
11/12/2016,716.7520141601562,0.0,0.0
11/13/2016,705.1959838867188,0.0,0.0
11/14/2016,701.9970092773438,0.0,0.0
11/15/2016,705.7940063476562,0.0,0.0
11/16/2016,711.1669921875,0.0,0.0
11/17/2016,744.8759765625,0.0,0.0
11/18/2016,740.7050170898438,0.0,0.0
11/19/2016,751.8330078125,0.0,0.0
11/20/2016,751.8790283203125,0.0,0.0
11/21/2016,731.2650146484375,0.0,0.0
11/22/2016,739.6430053710938,0.0,0.0
11/23/2016,751.7410278320312,0.0,0.0
11/24/2016,744.6199951171875,0.0,0.0
11/25/2016,740.4420166015625,0.0,0.0
11/26/2016,741.510986328125,0.0,0.0
11/27/2016,735.43701171875,0.0,0.0
11/28/2016,732.4840087890625,0.0,0.0
11/29/2016,736.3289794921875,0.0,0.0
11/30/2016,736.2839965820312,0.0,0.0
12/01/2016,746.0460205078125,0.0,0.0
12/02/2016,757.5449829101562,0.0,0.0
12/03/2016,778.2479858398438,0.0,0.0
12/04/2016,771.6380004882812,0.0,0.0
12/05/2016,773.3939819335938,0.0,0.0
12/06/2016,758.719970703125,0.0,0.0
12/07/2016,764.2109985351562,0.0,0.0
12/08/2016,768.0759887695312,0.0,0.0
12/09/2016,769.9439697265625,0.0,0.0
12/10/2016,773.0230102539062,0.0,0.0
12/11/2016,774.7520141601562,0.0,0.0
12/12/2016,770.0399780273438,0.0,0.0
12/13/2016,780.64697265625,0.0,0.0
12/14/2016,780.0050048828125,0.0,0.0
12/15/2016,780.0700073242188,0.0,0.0
12/16/2016,778.9630126953125,0.0,0.0
12/17/2016,785.166015625,0.0,0.0
12/18/2016,791.0079956054688,0.0,0.0
12/19/2016,790.6920166015625,0.0,0.0
12/20/2016,792.2470092773438,0.0,0.0
12/21/2016,800.6439819335938,0.0,0.0
12/22/2016,834.1799926757812,0.0,0.0
12/23/2016,864.8880004882812,0.0,0.0
12/24/2016,922.1799926757812,0.0,0.0
12/25/2016,899.6519775390625,0.0,0.0
12/26/2016,896.905029296875,0.0,0.0
12/27/2016,908.35400390625,0.0,0.0
12/28/2016,934.8309936523438,0.0,0.0
12/29/2016,975.125,0.0,0.0
12/30/2016,972.5349731445312,0.0,0.0
12/31/2016,960.6270141601562,0.0,0.0
01/01/2017,963.6580200195312,0.0,0.0
01/02/2017,998.6170043945312,0.0,0.0
01/03/2017,1021.5999755859375,0.0,0.0
01/04/2017,1044.4000244140625,0.0,0.0
01/05/2017,1156.72998046875,0.0,0.0
01/06/2017,1014.239990234375,0.0,0.0
01/07/2017,903.4869995117188,0.0,0.0
01/08/2017,908.1749877929688,0.0,0.0
01/09/2017,913.2440185546875,0.0,0.0
01/10/2017,902.4400024414062,0.0,0.0
01/11/2017,908.114990234375,0.0,0.0
01/12/2017,775.177978515625,0.0,0.0
01/13/2017,803.7369995117188,0.0,0.0
01/14/2017,825.1420288085938,0.0,0.0
01/15/2017,818.1420288085938,0.0,0.0
01/16/2017,821.7830200195312,0.0,0.0
01/17/2017,830.9459838867188,0.0,0.0
01/18/2017,909.3729858398438,0.0,0.0
01/19/2017,888.3350219726562,0.0,0.0
01/20/2017,898.1719970703125,0.0,0.0
01/21/2017,895.5490112304688,0.0,0.0
01/22/2017,922.2050170898438,0.0,0.0
01/23/2017,925.4990234375,0.0,0.0
01/24/2017,910.677001953125,0.0,0.0
01/25/2017,891.9240112304688,0.0,0.0
01/26/2017,902.39501953125,0.0,0.0
01/27/2017,918.3590087890625,0.0,0.0
01/28/2017,919.8109741210938,0.0,0.0
01/29/2017,922.0670166015625,0.0,0.0
01/30/2017,920.1510009765625,0.0,0.0
01/31/2017,920.958984375,0.0,0.0
02/01/2017,970.9409790039062,0.0,0.0
02/02/2017,990.0009765625,0.0,0.0
02/03/2017,1011.4600219726562,0.0,0.0
02/04/2017,1031.3299560546875,0.0,0.0
02/05/2017,1043.52001953125,0.0,0.0
02/06/2017,1028.4000244140625,0.0,0.0
02/07/2017,1040.1400146484375,0.0,0.0
02/08/2017,1062.3199462890625,0.0,0.0
02/09/2017,1064.699951171875,0.0,0.0
02/10/2017,995.6320190429688,0.0,0.0
02/11/2017,988.8980102539062,0.0,0.0
02/12/2017,1003.52001953125,0.0,0.0
02/13/2017,998.885009765625,0.0,0.0
02/14/2017,991.7349853515625,0.0,0.0
02/15/2017,1006.2100219726562,0.0,0.0
02/16/2017,1007.6500244140625,0.0,0.0
02/17/2017,1026.1199951171875,0.0,0.0
02/18/2017,1049.2099609375,0.0,0.0
02/19/2017,1054.760009765625,0.0,0.0
02/20/2017,1048.68994140625,0.0,0.0
02/21/2017,1079.280029296875,0.0,0.0
02/22/2017,1114.800048828125,0.0,0.0
02/23/2017,1117.27001953125,0.0,0.0
02/24/2017,1172.7099609375,0.0,0.0
02/25/2017,1170.4100341796875,0.0,0.0
02/26/2017,1144.27001953125,0.0,0.0
02/27/2017,1163.780029296875,0.0,0.0
02/28/2017,1180.719970703125,0.0,0.0
03/01/2017,1180.0400390625,0.0,0.0
03/02/2017,1224.6800537109375,0.0,0.0
03/03/2017,1250.7099609375,0.0,0.0
03/04/2017,1277.4300537109375,0.0,0.0
03/05/2017,1254.2900390625,0.0,0.0
03/06/2017,1267.469970703125,0.0,0.0
03/07/2017,1273.2099609375,0.0,0.0
03/08/2017,1223.22998046875,0.0,0.0
03/09/2017,1150.3499755859375,0.0,0.0
03/10/2017,1189.3599853515625,0.0,0.0
03/11/2017,1116.3199462890625,0.0,0.0
03/12/2017,1176.6199951171875,0.0,0.0
03/13/2017,1221.780029296875,0.0,0.0
03/14/2017,1232.1600341796875,0.0,0.0
03/15/2017,1240.1600341796875,0.0,0.0
03/16/2017,1251.3299560546875,0.0,0.0
03/17/2017,1180.1600341796875,0.0,0.0
03/18/2017,1099.68994140625,0.0,0.0
03/19/2017,976.72998046875,0.0,0.0
03/20/2017,1037.239990234375,0.0,0.0
03/21/2017,1055.3599853515625,0.0,0.0
03/22/2017,1120.6500244140625,0.0,0.0
03/23/2017,1050.050048828125,0.0,0.0
03/24/2017,1038.449951171875,0.0,0.0
03/25/2017,936.5399780273438,0.0,0.0
03/26/2017,974.0150146484375,0.0,0.0
03/27/2017,972.0549926757812,0.0,0.0
03/28/2017,1044.5799560546875,0.0,0.0
03/29/2017,1046.0799560546875,0.0,0.0
03/30/2017,1042.2099609375,0.0,0.0
03/31/2017,1026.6400146484375,0.0,0.0
04/01/2017,1071.7099609375,0.0,0.0
04/02/2017,1080.6099853515625,0.0,0.0
04/03/2017,1102.949951171875,0.0,0.0
04/04/2017,1145.52001953125,0.0,0.0
04/05/2017,1134.1400146484375,0.0,0.0
04/06/2017,1125.81005859375,0.0,0.0
04/07/2017,1178.93994140625,0.0,0.0
04/08/2017,1172.6500244140625,0.0,0.0
04/09/2017,1176.5699462890625,0.0,0.0
04/10/2017,1187.300048828125,0.0,0.0
04/11/2017,1187.4599609375,0.0,0.0
04/12/2017,1204.81005859375,0.0,0.0
04/13/2017,1201.02001953125,0.0,0.0
04/14/2017,1170.3299560546875,0.0,0.0
04/15/2017,1167.300048828125,0.0,0.0
04/16/2017,1172.6099853515625,0.0,0.0
04/17/2017,1183.25,0.0,0.0
04/18/2017,1193.77001953125,0.0,0.0
04/19/2017,1212.1300048828125,0.0,0.0
04/20/2017,1211.0799560546875,0.0,0.0
04/21/2017,1229.4200439453125,0.0,0.0
04/22/2017,1222.7099609375,0.0,0.0
04/23/2017,1231.9200439453125,0.0,0.0
04/24/2017,1209.6300048828125,0.0,0.0
04/25/2017,1250.449951171875,0.0,0.0
04/26/2017,1265.989990234375,0.0,0.0
04/27/2017,1281.8800048828125,0.0,0.0
04/28/2017,1317.739990234375,0.0,0.0
04/29/2017,1317.8399658203125,0.0,0.0
04/30/2017,1321.8699951171875,0.0,0.0
05/01/2017,1348.300048828125,0.0,0.0
05/02/2017,1421.030029296875,0.0,0.0
05/03/2017,1453.780029296875,0.0,0.0
05/04/2017,1490.719970703125,0.0,0.0
05/05/2017,1540.8699951171875,0.0,0.0
05/06/2017,1556.81005859375,0.0,0.0
05/07/2017,1579.469970703125,0.0,0.0
05/08/2017,1596.9200439453125,0.0,0.0
05/09/2017,1723.8900146484375,0.0,0.0
05/10/2017,1756.52001953125,0.0,0.0
05/11/2017,1780.3699951171875,0.0,0.0
05/12/2017,1845.760009765625,0.0,0.0
05/13/2017,1723.1199951171875,0.0,0.0
05/14/2017,1800.8599853515625,0.0,0.0
05/15/2017,1808.43994140625,0.0,0.0
05/16/2017,1741.699951171875,0.0,0.0
05/17/2017,1726.72998046875,0.0,0.0
05/18/2017,1818.699951171875,0.0,0.0
05/19/2017,1897.3699951171875,0.0,0.0
05/20/2017,1984.239990234375,0.0,0.0
05/21/2017,2067.030029296875,0.0,0.0
05/22/2017,2043.18994140625,0.0,0.0
05/23/2017,2191.56005859375,0.0,0.0
05/24/2017,2321.3701171875,0.0,0.0
05/25/2017,2446.239990234375,0.0,0.0
05/26/2017,2320.889892578125,0.0,0.0
05/27/2017,2196.27001953125,0.0,0.0
05/28/2017,2054.080078125,0.0,0.0
05/29/2017,2159.429931640625,0.0,0.0
05/30/2017,2255.360107421875,0.0,0.0
05/31/2017,2187.18994140625,0.0,0.0
06/01/2017,2288.330078125,0.0,0.0
06/02/2017,2404.030029296875,0.0,0.0
06/03/2017,2493.719970703125,0.0,0.0
06/04/2017,2547.7900390625,0.0,0.0
06/05/2017,2512.39990234375,0.0,0.0
06/06/2017,2690.840087890625,0.0,0.0
06/07/2017,2869.3798828125,0.0,0.0
06/08/2017,2720.489990234375,0.0,0.0
06/09/2017,2807.43994140625,0.0,0.0
06/10/2017,2828.139892578125,0.0,0.0
06/11/2017,2942.409912109375,0.0,0.0
06/12/2017,2953.219970703125,0.0,0.0
06/13/2017,2680.909912109375,0.0,0.0
06/14/2017,2716.8798828125,0.0,0.0
06/15/2017,2499.580078125,0.0,0.0
06/16/2017,2469.570068359375,0.0,0.0
06/17/2017,2514.010009765625,0.0,0.0
06/18/2017,2655.35009765625,0.0,0.0
06/19/2017,2549.030029296875,0.0,0.0
06/20/2017,2591.260009765625,0.0,0.0
06/21/2017,2709.429931640625,0.0,0.0
06/22/2017,2691.030029296875,0.0,0.0
06/23/2017,2707.340087890625,0.0,0.0
06/24/2017,2738.52001953125,0.0,0.0
06/25/2017,2607.25,0.0,0.0
06/26/2017,2590.570068359375,0.0,0.0
06/27/2017,2478.449951171875,0.0,0.0
06/28/2017,2553.030029296875,0.0,0.0
06/29/2017,2567.56005859375,0.0,0.0
06/30/2017,2539.239990234375,0.0,0.0
07/01/2017,2492.60009765625,0.0,0.0
07/02/2017,2436.39990234375,0.0,0.0
07/03/2017,2498.56005859375,0.0,0.0
07/04/2017,2561.0,0.0,0.0
07/05/2017,2602.8701171875,0.0,0.0
07/06/2017,2608.10009765625,0.0,0.0
07/07/2017,2608.590087890625,0.0,0.0
07/08/2017,2520.27001953125,0.0,0.0
07/09/2017,2572.610107421875,0.0,0.0
07/10/2017,2525.25,0.0,0.0
07/11/2017,2385.889892578125,0.0,0.0
07/12/2017,2332.77001953125,0.0,0.0
07/13/2017,2402.699951171875,0.0,0.0
07/14/2017,2360.590087890625,0.0,0.0
07/15/2017,2230.1201171875,0.0,0.0
07/16/2017,1991.97998046875,0.0,0.0
07/17/2017,1932.6199951171875,0.0,0.0
07/18/2017,2233.52001953125,0.0,0.0
07/19/2017,2323.080078125,0.0,0.0
07/20/2017,2269.889892578125,0.0,0.0
07/21/2017,2838.409912109375,0.0,0.0
07/22/2017,2668.6298828125,0.0,0.0
07/23/2017,2808.10009765625,0.0,0.0
07/24/2017,2732.699951171875,0.0,0.0
07/25/2017,2757.5,0.0,0.0
07/26/2017,2577.77001953125,0.0,0.0
07/27/2017,2538.7099609375,0.0,0.0
07/28/2017,2679.72998046875,0.0,0.0
07/29/2017,2807.02001953125,0.0,0.0
07/30/2017,2724.389892578125,0.0,0.0
07/31/2017,2763.239990234375,0.0,0.0
08/01/2017,2871.300048828125,0.0,0.0
08/02/2017,2727.1298828125,0.0,0.0
08/03/2017,2709.56005859375,0.0,0.0
08/04/2017,2806.929931640625,0.0,0.0
08/05/2017,2897.6298828125,0.0,0.0
08/06/2017,3257.610107421875,0.0,0.0
08/07/2017,3212.780029296875,0.0,0.0
08/08/2017,3370.219970703125,0.0,0.0
08/09/2017,3420.39990234375,0.0,0.0
08/10/2017,3341.840087890625,0.0,0.0
08/11/2017,3373.820068359375,0.0,0.0
08/12/2017,3650.6298828125,0.0,0.0
08/13/2017,3880.0400390625,0.0,0.0
08/14/2017,4066.10009765625,0.0,0.0
08/15/2017,4326.990234375,0.0,0.0
08/16/2017,4200.33984375,0.0,0.0
08/17/2017,4384.43994140625,0.0,0.0
08/18/2017,4324.33984375,0.0,0.0
08/19/2017,4137.75,0.0,0.0
08/20/2017,4189.31005859375,0.0,0.0
08/21/2017,4090.47998046875,0.0,0.0
08/22/2017,3998.35009765625,0.0,0.0
08/23/2017,4089.010009765625,0.0,0.0
08/24/2017,4137.60009765625,0.0,0.0
08/25/2017,4332.81982421875,0.0,0.0
08/26/2017,4372.06005859375,0.0,0.0
08/27/2017,4345.10009765625,0.0,0.0
08/28/2017,4384.4501953125,0.0,0.0
08/29/2017,4389.2099609375,0.0,0.0
08/30/2017,4570.35986328125,0.0,0.0
08/31/2017,4555.58984375,0.0,0.0
09/01/2017,4701.759765625,0.0,0.0
09/02/2017,4901.419921875,0.0,0.0
09/03/2017,4585.27001953125,0.0,0.0
09/04/2017,4591.6298828125,0.0,0.0
09/05/2017,4228.2900390625,0.0,0.0
09/06/2017,4376.58984375,0.0,0.0
09/07/2017,4589.14013671875,0.0,0.0
09/08/2017,4605.16015625,0.0,0.0
09/09/2017,4229.81005859375,0.0,0.0
09/10/2017,4229.33984375,0.0,0.0
09/11/2017,4122.47021484375,0.0,0.0
09/12/2017,4168.8798828125,0.0,0.0
09/13/2017,4131.97998046875,0.0,0.0
09/14/2017,3875.3701171875,0.0,0.0
09/15/2017,3166.300048828125,0.0,0.0
09/16/2017,3637.75,0.0,0.0
09/17/2017,3606.280029296875,0.0,0.0
09/18/2017,3591.090087890625,0.0,0.0
09/19/2017,4073.7900390625,0.0,0.0
09/20/2017,3916.360107421875,0.0,0.0
09/21/2017,3901.469970703125,0.0,0.0
09/22/2017,3628.02001953125,0.0,0.0
09/23/2017,3629.919921875,0.0,0.0
09/24/2017,3796.14990234375,0.0,0.0
09/25/2017,3681.580078125,0.0,0.0
09/26/2017,3928.409912109375,0.0,0.0
09/27/2017,3892.93994140625,0.0,0.0
09/28/2017,4197.1298828125,0.0,0.0
09/29/2017,4171.6201171875,0.0,0.0
09/30/2017,4166.10986328125,0.0,0.0
10/01/2017,4341.0498046875,0.0,0.0
10/02/2017,4395.81005859375,0.0,0.0
10/03/2017,4408.4599609375,0.0,0.0
10/04/2017,4319.3701171875,0.0,0.0
10/05/2017,4229.8798828125,0.0,0.0
10/06/2017,4324.4599609375,0.0,0.0
10/07/2017,4369.35009765625,0.0,0.0
10/08/2017,4429.669921875,0.0,0.0
10/09/2017,4614.52001953125,0.0,0.0
10/10/2017,4776.2099609375,0.0,0.0
10/11/2017,4789.25,0.0,0.0
10/12/2017,4829.580078125,0.0,0.0
10/13/2017,5464.16015625,0.0,0.0
10/14/2017,5643.52978515625,0.0,0.0
10/15/2017,5835.9599609375,0.0,0.0
10/16/2017,5687.56982421875,0.0,0.0
10/17/2017,5741.580078125,0.0,0.0
10/18/2017,5603.81982421875,0.0,0.0
10/19/2017,5583.740234375,0.0,0.0
10/20/2017,5708.10986328125,0.0,0.0
10/21/2017,5996.7900390625,0.0,0.0
10/22/2017,6036.66015625,0.0,0.0
10/23/2017,6006.0,0.0,0.0
10/24/2017,5935.52001953125,0.0,0.0
10/25/2017,5524.60009765625,0.0,0.0
10/26/2017,5747.9501953125,0.0,0.0
10/27/2017,5899.740234375,0.0,0.0
10/28/2017,5787.81982421875,0.0,0.0
10/29/2017,5754.43994140625,0.0,0.0
10/30/2017,6114.85009765625,0.0,0.0
10/31/2017,6132.02001953125,0.0,0.0
11/01/2017,6440.97021484375,0.0,0.0
11/02/2017,6777.77001953125,0.0,0.0
11/03/2017,7087.52978515625,0.0,0.0
11/04/2017,7164.47998046875,0.0,0.0
11/05/2017,7404.52001953125,0.0,0.0
11/06/2017,7403.22021484375,0.0,0.0
11/07/2017,7023.10009765625,0.0,0.0
11/08/2017,7141.3798828125,0.0,0.0
11/09/2017,7446.830078125,0.0,0.0
11/10/2017,7173.72998046875,0.0,0.0
11/11/2017,6618.60986328125,0.0,0.0
11/12/2017,6295.4501953125,0.0,0.0
11/13/2017,5938.25,0.0,0.0
11/14/2017,6561.47998046875,0.0,0.0
11/15/2017,6634.759765625,0.0,0.0
11/16/2017,7323.240234375,0.0,0.0
11/17/2017,7853.56982421875,0.0,0.0
11/18/2017,7697.2099609375,0.0,0.0
11/19/2017,7766.02978515625,0.0,0.0
11/20/2017,8039.06982421875,0.0,0.0
11/21/2017,8205.740234375,0.0,0.0
11/22/2017,8077.9501953125,0.0,0.0
11/23/2017,8232.3798828125,0.0,0.0
11/24/2017,8074.02001953125,0.0,0.0
11/25/2017,8241.7099609375,0.0,0.0
11/26/2017,8789.0400390625,0.0,0.0
11/27/2017,9352.7197265625,0.0,0.0
11/28/2017,9823.4296875,0.0,0.0
11/29/2017,10077.400390625,0.0,0.0
11/30/2017,9906.7900390625,0.0,0.0
12/01/2017,10198.599609375,0.0,0.0
12/02/2017,10978.2998046875,0.0,0.0
12/03/2017,11082.7001953125,0.0,0.0
12/04/2017,11315.400390625,0.0,0.0
12/05/2017,11685.7001953125,0.0,0.0
12/06/2017,11923.400390625,0.0,0.0
12/07/2017,14266.099609375,0.0,0.0
12/08/2017,17802.900390625,0.0,0.0
12/09/2017,16523.30078125,0.0,0.0
12/10/2017,15168.400390625,0.0,0.0
12/11/2017,15427.400390625,0.0,0.0
12/12/2017,16919.80078125,0.0,0.0
12/13/2017,17500.0,0.0,0.0
12/14/2017,16384.599609375,0.0,0.0
12/15/2017,16601.30078125,0.0,0.0
12/16/2017,17760.30078125,0.0,0.0
12/17/2017,19475.80078125,0.0,0.0
12/18/2017,19106.400390625,0.0,0.0
12/19/2017,19118.30078125,0.0,0.0
12/20/2017,17760.30078125,0.0,0.0
12/21/2017,16642.400390625,0.0,0.0
12/22/2017,15898.0,0.0,0.0
12/23/2017,13948.7001953125,0.0,0.0
12/24/2017,14608.2001953125,0.0,0.0
12/25/2017,13995.900390625,0.0,0.0
12/26/2017,14036.599609375,0.0,0.0
12/27/2017,16163.5,0.0,0.0
12/28/2017,15864.099609375,0.0,0.0
12/29/2017,14695.7998046875,0.0,0.0
12/30/2017,14681.900390625,0.0,0.0
12/31/2017,12897.7001953125,0.0,0.0
01/01/2018,14112.2001953125,0.0,0.0
01/02/2018,13625.0,0.0,0.0
01/03/2018,14978.2001953125,0.0,0.0
01/04/2018,15270.7001953125,0.0,0.0
01/05/2018,15477.2001953125,0.0,0.0
01/06/2018,17462.099609375,0.0,0.0
01/07/2018,17527.30078125,0.0,0.0
01/08/2018,16476.19921875,0.0,0.0
01/09/2018,15123.7001953125,0.0,0.0
01/10/2018,14588.5,0.0,0.0
01/11/2018,14968.2001953125,0.0,0.0
01/12/2018,13453.900390625,0.0,0.0
01/13/2018,13952.400390625,0.0,0.0
01/14/2018,14370.7998046875,0.0,0.0
01/15/2018,13767.2998046875,0.0,0.0
01/16/2018,13836.099609375,0.0,0.0
01/17/2018,11431.099609375,0.0,0.0
01/18/2018,11198.7998046875,0.0,0.0
01/19/2018,11429.7998046875,0.0,0.0
01/20/2018,11656.2001953125,0.0,0.0
01/21/2018,12889.2001953125,0.0,0.0
01/22/2018,11633.099609375,0.0,0.0
01/23/2018,10944.5,0.0,0.0
01/24/2018,10903.400390625,0.0,0.0
01/25/2018,11421.7001953125,0.0,0.0
01/26/2018,11256.0,0.0,0.0
01/27/2018,11174.900390625,0.0,0.0
01/28/2018,11475.2998046875,0.0,0.0
01/29/2018,11755.5,0.0,0.0
01/30/2018,11306.7998046875,0.0,0.0
01/31/2018,10108.2001953125,0.0,0.0
02/01/2018,10237.2998046875,0.0,0.0
02/02/2018,9142.2802734375,0.0,0.0
02/03/2018,8852.1201171875,0.0,0.0
02/04/2018,9175.7001953125,0.0,0.0
02/05/2018,8270.5400390625,0.0,0.0
02/06/2018,7051.75,0.0,0.0
02/07/2018,7755.490234375,0.0,0.0
02/08/2018,7637.85986328125,0.0,0.0
02/09/2018,8271.83984375,0.0,0.0
02/10/2018,8720.080078125,0.0,0.0
02/11/2018,8616.1298828125,0.0,0.0
02/12/2018,8141.43017578125,0.0,0.0
02/13/2018,8926.7197265625,0.0,0.0
02/14/2018,8599.919921875,0.0,0.0
02/15/2018,9488.3203125,0.0,0.0
02/16/2018,10135.7001953125,0.0,0.0
02/17/2018,10207.5,0.0,0.0
02/18/2018,11123.400390625,0.0,0.0
02/19/2018,10552.599609375,0.0,0.0
02/20/2018,11231.7998046875,0.0,0.0
02/21/2018,11372.2001953125,0.0,0.0
02/22/2018,10660.400390625,0.0,0.0
02/23/2018,9937.0703125,0.0,0.0
02/24/2018,10287.7001953125,0.0,0.0
02/25/2018,9796.419921875,0.0,0.0
02/26/2018,9669.4296875,0.0,0.0
02/27/2018,10393.900390625,0.0,0.0
02/28/2018,10687.2001953125,0.0,0.0
03/01/2018,10385.0,0.0,0.0
03/02/2018,10977.400390625,0.0,0.0
03/03/2018,11101.900390625,0.0,0.0
03/04/2018,11497.400390625,0.0,0.0
03/05/2018,11532.400390625,0.0,0.0
03/06/2018,11500.099609375,0.0,0.0
03/07/2018,10803.900390625,0.0,0.0
03/08/2018,9951.4404296875,0.0,0.0
03/09/2018,9414.6904296875,0.0,0.0
03/10/2018,9350.58984375,0.0,0.0
03/11/2018,8852.7802734375,0.0,0.0
03/12/2018,9602.9296875,0.0,0.0
03/13/2018,9173.0400390625,0.0,0.0
03/14/2018,9214.650390625,0.0,0.0
03/15/2018,8290.759765625,0.0,0.0
03/16/2018,8322.91015625,0.0,0.0
03/17/2018,8321.91015625,0.0,0.0
03/18/2018,7890.52001953125,0.0,0.0
03/19/2018,8344.1201171875,0.0,0.0
03/20/2018,8619.669921875,0.0,0.0
03/21/2018,8937.48046875,0.0,0.0
03/22/2018,8939.4404296875,0.0,0.0
03/23/2018,8736.25,0.0,0.0
03/24/2018,8901.9501953125,0.0,0.0
03/25/2018,8612.8095703125,0.0,0.0
03/26/2018,8498.4697265625,0.0,0.0
03/27/2018,8200.0,0.0,0.0
03/28/2018,7836.830078125,0.0,0.0
03/29/2018,7979.06982421875,0.0,0.0
03/30/2018,7171.4501953125,0.0,0.0
03/31/2018,6892.47998046875,0.0,0.0
04/01/2018,7003.06005859375,0.0,0.0
04/02/2018,6844.85986328125,0.0,0.0
04/03/2018,7102.259765625,0.0,0.0
04/04/2018,7456.41015625,0.0,0.0
04/05/2018,6848.64990234375,0.0,0.0
04/06/2018,6815.9599609375,0.0,0.0
04/07/2018,6630.509765625,0.0,0.0
04/08/2018,6919.97998046875,0.0,0.0
04/09/2018,7044.31982421875,0.0,0.0
04/10/2018,6795.43994140625,0.0,0.0
04/11/2018,6843.47021484375,0.0,0.0
04/12/2018,6955.3798828125,0.0,0.0
04/13/2018,7901.08984375,0.0,0.0
04/14/2018,7874.669921875,0.0,0.0
04/15/2018,7999.330078125,0.0,0.0
04/16/2018,8337.5703125,0.0,0.0
04/17/2018,8071.66015625,0.0,0.0
04/18/2018,7944.43017578125,0.0,0.0
04/19/2018,8159.27001953125,0.0,0.0
04/20/2018,8286.8798828125,0.0,0.0
04/21/2018,8848.7900390625,0.0,0.0
04/22/2018,8925.0595703125,0.0,0.0
04/23/2018,8794.3896484375,0.0,0.0
04/24/2018,8934.33984375,0.0,0.0
04/25/2018,9701.0302734375,0.0,0.0
04/26/2018,8867.3203125,0.0,0.0
04/27/2018,9290.6298828125,0.0,0.0
04/28/2018,8939.26953125,0.0,0.0
04/29/2018,9346.41015625,0.0,0.0
04/30/2018,9426.1103515625,0.0,0.0
05/01/2018,9251.4697265625,0.0,0.0
05/02/2018,9104.599609375,0.0,0.0
05/03/2018,9233.9697265625,0.0,0.0
05/04/2018,9695.5,0.0,0.0
05/05/2018,9700.2802734375,0.0,0.0
05/06/2018,9845.3095703125,0.0,0.0
05/07/2018,9645.669921875,0.0,0.0
05/08/2018,9380.8701171875,0.0,0.0
05/09/2018,9223.73046875,0.0,0.0
05/10/2018,9325.9599609375,0.0,0.0
05/11/2018,9052.9599609375,0.0,0.0
05/12/2018,8441.4404296875,0.0,0.0
05/13/2018,8515.490234375,0.0,0.0
05/14/2018,8713.099609375,0.0,0.0
05/15/2018,8705.1904296875,0.0,0.0
05/16/2018,8504.41015625,0.0,0.0
05/17/2018,8370.0498046875,0.0,0.0
05/18/2018,8091.830078125,0.0,0.0
05/19/2018,8255.73046875,0.0,0.0
05/20/2018,8246.990234375,0.0,0.0
05/21/2018,8522.330078125,0.0,0.0
05/22/2018,8419.8701171875,0.0,0.0
05/23/2018,8037.080078125,0.0,0.0
05/24/2018,7561.1201171875,0.0,0.0
05/25/2018,7592.2998046875,0.0,0.0
05/26/2018,7486.47998046875,0.0,0.0
05/27/2018,7362.080078125,0.0,0.0
05/28/2018,7371.31005859375,0.0,0.0
05/29/2018,7129.4599609375,0.0,0.0
05/30/2018,7469.72998046875,0.0,0.0
05/31/2018,7406.14990234375,0.0,0.0
06/01/2018,7500.7001953125,0.0,0.0
06/02/2018,7536.72021484375,0.0,0.0
06/03/2018,7632.08984375,0.0,0.0
06/04/2018,7722.52978515625,0.0,0.0
06/05/2018,7500.89990234375,0.0,0.0
06/06/2018,7625.97021484375,0.0,0.0
06/07/2018,7650.81982421875,0.0,0.0
06/08/2018,7685.14013671875,0.0,0.0
06/09/2018,7632.52001953125,0.0,0.0
06/10/2018,7499.5498046875,0.0,0.0
06/11/2018,6799.2900390625,0.0,0.0
06/12/2018,6905.81982421875,0.0,0.0
06/13/2018,6596.8798828125,0.0,0.0
06/14/2018,6342.75,0.0,0.0
06/15/2018,6674.080078125,0.0,0.0
06/16/2018,6455.4501953125,0.0,0.0
06/17/2018,6545.52978515625,0.0,0.0
06/18/2018,6510.06982421875,0.0,0.0
06/19/2018,6742.39013671875,0.0,0.0
06/20/2018,6770.759765625,0.0,0.0
06/21/2018,6780.08984375,0.0,0.0
06/22/2018,6737.8798828125,0.0,0.0
06/23/2018,6090.10009765625,0.0,0.0
06/24/2018,6164.27978515625,0.0,0.0
06/25/2018,6171.97021484375,0.0,0.0
06/26/2018,6253.5498046875,0.0,0.0
06/27/2018,6084.39990234375,0.0,0.0
06/28/2018,6153.16015625,0.0,0.0
06/29/2018,5898.1298828125,0.0,0.0
06/30/2018,6214.22021484375,0.0,0.0
07/01/2018,6411.68017578125,0.0,0.0
07/02/2018,6380.3798828125,0.0,0.0
07/03/2018,6596.66015625,0.0,0.0
07/04/2018,6550.8701171875,0.0,0.0
07/05/2018,6599.7099609375,0.0,0.0
07/06/2018,6638.68994140625,0.0,0.0
07/07/2018,6668.7099609375,0.0,0.0
07/08/2018,6857.7998046875,0.0,0.0
07/09/2018,6775.080078125,0.0,0.0
07/10/2018,6739.2099609375,0.0,0.0
07/11/2018,6330.77001953125,0.0,0.0
07/12/2018,6396.77978515625,0.0,0.0
07/13/2018,6235.02978515625,0.0,0.0
07/14/2018,6247.5,0.0,0.0
07/15/2018,6272.7001953125,0.0,0.0
07/16/2018,6357.009765625,0.0,0.0
07/17/2018,6739.64990234375,0.0,0.0
07/18/2018,7315.31982421875,0.0,0.0
07/19/2018,7378.2001953125,0.0,0.0
07/20/2018,7467.39990234375,0.0,0.0
07/21/2018,7352.72021484375,0.0,0.0
07/22/2018,7417.7998046875,0.0,0.0
07/23/2018,7414.7099609375,0.0,0.0
07/24/2018,7716.509765625,0.0,0.0
07/25/2018,8379.66015625,0.0,0.0
07/26/2018,8176.85009765625,0.0,0.0
07/27/2018,7950.39990234375,0.0,0.0
07/28/2018,8169.06005859375,0.0,0.0
07/29/2018,8205.8203125,0.0,0.0
07/30/2018,8221.580078125,0.0,0.0
07/31/2018,8181.2001953125,0.0,0.0
08/01/2018,7769.0400390625,0.0,0.0
08/02/2018,7634.18994140625,0.0,0.0
08/03/2018,7562.14013671875,0.0,0.0
08/04/2018,7438.669921875,0.0,0.0
08/05/2018,7031.080078125,0.0,0.0
08/06/2018,7062.93994140625,0.0,0.0
08/07/2018,6958.31982421875,0.0,0.0
08/08/2018,6746.85009765625,0.0,0.0
08/09/2018,6305.56005859375,0.0,0.0
08/10/2018,6571.419921875,0.0,0.0
08/11/2018,6185.7900390625,0.0,0.0
08/12/2018,6283.64990234375,0.0,0.0
08/13/2018,6341.35986328125,0.0,0.0
08/14/2018,6287.66015625,0.0,0.0
08/15/2018,6221.419921875,0.0,0.0
08/16/2018,6294.22998046875,0.0,0.0
08/17/2018,6340.91015625,0.0,0.0
08/18/2018,6583.43017578125,0.0,0.0
08/19/2018,6422.56982421875,0.0,0.0
08/20/2018,6500.509765625,0.0,0.0
08/21/2018,6301.06982421875,0.0,0.0
08/22/2018,6486.25,0.0,0.0
08/23/2018,6371.33984375,0.0,0.0
08/24/2018,6551.52001953125,0.0,0.0
08/25/2018,6719.9501953125,0.0,0.0
08/26/2018,6754.64013671875,0.0,0.0
08/27/2018,6710.7998046875,0.0,0.0
08/28/2018,6891.080078125,0.0,0.0
08/29/2018,7091.7099609375,0.0,0.0
08/30/2018,7043.759765625,0.0,0.0
08/31/2018,6973.97021484375,0.0,0.0
09/01/2018,7044.81005859375,0.0,0.0
09/02/2018,7189.580078125,0.0,0.0
09/03/2018,7279.02978515625,0.0,0.0
09/04/2018,7263.0,0.0,0.0
09/05/2018,7361.4599609375,0.0,0.0
09/06/2018,6755.14013671875,0.0,0.0
09/07/2018,6528.919921875,0.0,0.0
09/08/2018,6460.169921875,0.0,0.0
09/09/2018,6223.3798828125,0.0,0.0
09/10/2018,6301.56982421875,0.0,0.0
09/11/2018,6331.8798828125,0.0,0.0
09/12/2018,6317.009765625,0.0,0.0
09/13/2018,6354.240234375,0.0,0.0
09/14/2018,6515.41015625,0.0,0.0
09/15/2018,6509.39990234375,0.0,0.0
09/16/2018,6536.68017578125,0.0,0.0
09/17/2018,6514.06005859375,0.0,0.0
09/18/2018,6280.91015625,0.0,0.0
09/19/2018,6371.85009765625,0.0,0.0
09/20/2018,6398.85009765625,0.0,0.0
09/21/2018,6513.8701171875,0.0,0.0
09/22/2018,6735.0498046875,0.0,0.0
09/23/2018,6715.31982421875,0.0,0.0
09/24/2018,6704.77001953125,0.0,0.0
09/25/2018,6603.64013671875,0.0,0.0
09/26/2018,6452.7900390625,0.0,0.0
09/27/2018,6495.2900390625,0.0,0.0
09/28/2018,6678.75,0.0,0.0
09/29/2018,6643.10009765625,0.0,0.0
09/30/2018,6604.7099609375,0.0,0.0
10/01/2018,6619.85009765625,0.0,0.0
10/02/2018,6593.240234375,0.0,0.0
10/03/2018,6553.85986328125,0.0,0.0
10/04/2018,6497.91015625,0.0,0.0
10/05/2018,6574.14990234375,0.0,0.0
10/06/2018,6622.4501953125,0.0,0.0
10/07/2018,6590.68017578125,0.0,0.0
10/08/2018,6600.18994140625,0.0,0.0
10/09/2018,6653.080078125,0.0,0.0
10/10/2018,6640.2900390625,0.0,0.0
10/11/2018,6586.740234375,0.0,0.0
10/12/2018,6239.25,0.0,0.0
10/13/2018,6278.080078125,0.0,0.0
10/14/2018,6288.490234375,0.0,0.0
10/15/2018,6292.64013671875,0.0,0.0
10/16/2018,6601.41015625,0.0,0.0
10/17/2018,6590.52001953125,0.0,0.0
10/18/2018,6542.330078125,0.0,0.0
10/19/2018,6478.06982421875,0.0,0.0
10/20/2018,6460.919921875,0.0,0.0
10/21/2018,6490.08984375,0.0,0.0
10/22/2018,6486.0498046875,0.0,0.0
10/23/2018,6472.35986328125,0.0,0.0
10/24/2018,6478.89013671875,0.0,0.0
10/25/2018,6484.64990234375,0.0,0.0
10/26/2018,6468.43994140625,0.0,0.0
10/27/2018,6480.83984375,0.0,0.0
10/28/2018,6482.66015625,0.0,0.0
10/29/2018,6492.35009765625,0.0,0.0
10/30/2018,6337.0400390625,0.0,0.0
10/31/2018,6336.990234375,0.0,0.0
11/01/2018,6318.14013671875,0.0,0.0
11/02/2018,6378.919921875,0.0,0.0
11/03/2018,6387.240234375,0.0,0.0
11/04/2018,6365.47021484375,0.0,0.0
11/05/2018,6363.6201171875,0.0,0.0
11/06/2018,6433.3798828125,0.0,0.0
11/07/2018,6468.5,0.0,0.0
11/08/2018,6522.27001953125,0.0,0.0
11/09/2018,6442.60009765625,0.0,0.0
11/10/2018,6386.1298828125,0.0,0.0
11/11/2018,6413.6298828125,0.0,0.0
11/12/2018,6411.759765625,0.0,0.0
11/13/2018,6373.18994140625,0.0,0.0
11/14/2018,6351.240234375,0.0,0.0
11/15/2018,5736.14990234375,0.0,0.0
11/16/2018,5645.31982421875,0.0,0.0
11/17/2018,5578.580078125,0.0,0.0
11/18/2018,5559.740234375,0.0,0.0
11/19/2018,5620.77978515625,0.0,0.0
11/20/2018,4863.93017578125,0.0,0.0
11/21/2018,4465.5400390625,0.0,0.0
11/22/2018,4611.56982421875,0.0,0.0
11/23/2018,4360.7001953125,0.0,0.0
11/24/2018,4347.68994140625,0.0,0.0
11/25/2018,3880.780029296875,0.0,0.0
11/26/2018,4015.070068359375,0.0,0.0
11/27/2018,3765.949951171875,0.0,0.0
11/28/2018,3822.469970703125,0.0,0.0
11/29/2018,4269.00439453125,0.0,0.0
11/30/2018,4289.0888671875,0.0,0.0
12/01/2018,4024.46435546875,0.0,0.0
12/02/2018,4200.7333984375,0.0,0.0
12/03/2018,4147.32373046875,0.0,0.0
12/04/2018,3886.294921875,0.0,0.0
12/05/2018,3958.894775390625,0.0,0.0
12/06/2018,3754.074462890625,0.0,0.0
12/07/2018,3512.59033203125,0.0,0.0
12/08/2018,3421.910400390625,0.0,0.0
12/09/2018,3473.2275390625,0.0,0.0
12/10/2018,3612.04638671875,0.0,0.0
12/11/2018,3497.5546875,0.0,0.0
12/12/2018,3421.458251953125,0.0,0.0
12/13/2018,3487.87939453125,0.0,0.0
12/14/2018,3311.751953125,0.0,0.0
12/15/2018,3243.99755859375,0.0,0.0
12/16/2018,3236.274658203125,0.0,0.0
12/17/2018,3253.123046875,0.0,0.0
12/18/2018,3544.761474609375,0.0,0.0
12/19/2018,3706.824951171875,0.0,0.0
12/20/2018,3742.195068359375,0.0,0.0
12/21/2018,4133.70361328125,0.0,0.0
12/22/2018,3898.083740234375,0.0,0.0
12/23/2018,4020.99462890625,0.0,0.0
12/24/2018,4000.331787109375,0.0,0.0
12/25/2018,4081.030517578125,0.0,0.0
12/26/2018,3819.666748046875,0.0,0.0
12/27/2018,3854.6884765625,0.0,0.0
12/28/2018,3653.1318359375,0.0,0.0
12/29/2018,3932.49169921875,0.0,0.0
12/30/2018,3822.384765625,0.0,0.0
12/31/2018,3866.839111328125,0.0,0.0
01/01/2019,3746.71337890625,0.0,0.0
01/02/2019,3849.21630859375,0.0,0.0
01/03/2019,3931.048583984375,0.0,0.0
01/04/2019,3832.0400390625,0.0,0.0
01/05/2019,3851.973876953125,0.0,0.0
01/06/2019,3836.51904296875,0.0,0.0
01/07/2019,4078.5849609375,0.0,0.0
01/08/2019,4028.47216796875,0.0,0.0
01/09/2019,4031.552001953125,0.0,0.0
01/10/2019,4034.411376953125,0.0,0.0
01/11/2019,3674.015380859375,0.0,0.0
01/12/2019,3686.97314453125,0.0,0.0
01/13/2019,3658.8681640625,0.0,0.0
01/14/2019,3557.31103515625,0.0,0.0
01/15/2019,3704.21630859375,0.0,0.0
01/16/2019,3631.509765625,0.0,0.0
01/17/2019,3651.87109375,0.0,0.0
01/18/2019,3677.990478515625,0.0,0.0
01/19/2019,3652.3779296875,0.0,0.0
01/20/2019,3725.446044921875,0.0,0.0
01/21/2019,3600.372802734375,0.0,0.0
01/22/2019,3575.081298828125,0.0,0.0
01/23/2019,3605.55712890625,0.0,0.0
01/24/2019,3584.500244140625,0.0,0.0
01/25/2019,3607.390380859375,0.0,0.0
01/26/2019,3599.71533203125,0.0,0.0
01/27/2019,3604.687255859375,0.0,0.0
01/28/2019,3584.283203125,0.0,0.0
01/29/2019,3468.8701171875,0.0,0.0
01/30/2019,3443.89697265625,0.0,0.0
01/31/2019,3485.4091796875,0.0,0.0
02/01/2019,3460.547119140625,0.0,0.0
02/02/2019,3484.6259765625,0.0,0.0
02/03/2019,3516.1396484375,0.0,0.0
02/04/2019,3467.211669921875,0.0,0.0
02/05/2019,3454.950927734375,0.0,0.0
02/06/2019,3469.091796875,0.0,0.0
02/07/2019,3414.929443359375,0.0,0.0
02/08/2019,3401.37646484375,0.0,0.0
02/09/2019,3671.5859375,0.0,0.0
02/10/2019,3673.201416015625,0.0,0.0
02/11/2019,3695.613037109375,0.0,0.0
02/12/2019,3642.751953125,0.0,0.0
02/13/2019,3653.60400390625,0.0,0.0
02/14/2019,3631.170166015625,0.0,0.0
02/15/2019,3617.368408203125,0.0,0.0
02/16/2019,3615.270263671875,0.0,0.0
02/17/2019,3633.359375,0.0,0.0
02/18/2019,3671.369873046875,0.0,0.0
02/19/2019,3911.66162109375,0.0,0.0
02/20/2019,3946.68505859375,0.0,0.0
02/21/2019,4000.2568359375,0.0,0.0
02/22/2019,3952.406494140625,0.0,0.0
02/23/2019,3998.916259765625,0.0,0.0
02/24/2019,4145.4580078125,0.0,0.0
02/25/2019,3807.00244140625,0.0,0.0
02/26/2019,3878.697265625,0.0,0.0
02/27/2019,3857.479736328125,0.0,0.0
02/28/2019,3848.261962890625,0.0,0.0
03/01/2019,3853.757080078125,0.0,0.0
03/02/2019,3855.318115234375,0.0,0.0
03/03/2019,3862.26611328125,0.0,0.0
03/04/2019,3845.091552734375,0.0,0.0
03/05/2019,3759.83251953125,0.0,0.0
03/06/2019,3897.0810546875,0.0,0.0
03/07/2019,3903.384765625,0.0,0.0
03/08/2019,3913.225830078125,0.0,0.0
03/09/2019,3894.552490234375,0.0,0.0
03/10/2019,3966.17431640625,0.0,0.0
03/11/2019,3953.740234375,0.0,0.0
03/12/2019,3903.75830078125,0.0,0.0
03/13/2019,3913.04736328125,0.0,0.0
03/14/2019,3905.576904296875,0.0,0.0
03/15/2019,3926.663330078125,0.0,0.0
03/16/2019,3963.900146484375,0.0,0.0
03/17/2019,4047.719482421875,0.0,0.0
03/18/2019,4029.968505859375,0.0,0.0
03/19/2019,4032.69189453125,0.0,0.0
03/20/2019,4070.7939453125,0.0,0.0
03/21/2019,4083.953857421875,0.0,0.0
03/22/2019,4028.5146484375,0.0,0.0
03/23/2019,4022.71337890625,0.0,0.0
03/24/2019,4035.16357421875,0.0,0.0
03/25/2019,4024.11279296875,0.0,0.0
03/26/2019,3969.228759765625,0.0,0.0
03/27/2019,3984.244873046875,0.0,0.0
03/28/2019,4087.58447265625,0.0,0.0
03/29/2019,4068.2998046875,0.0,0.0
03/30/2019,4092.13623046875,0.0,0.0
03/31/2019,4105.4560546875,0.0,0.0
04/01/2019,4105.3623046875,0.0,0.0
04/02/2019,4156.91943359375,0.0,0.0
04/03/2019,4879.9580078125,0.0,0.0
04/04/2019,4971.3076171875,0.0,0.0
04/05/2019,4922.80615234375,0.0,0.0
04/06/2019,5036.79296875,0.0,0.0
04/07/2019,5062.7939453125,0.0,0.0
04/08/2019,5199.83544921875,0.0,0.0
04/09/2019,5289.91796875,0.0,0.0
04/10/2019,5204.10546875,0.0,0.0
04/11/2019,5325.08154296875,0.0,0.0
04/12/2019,5061.20068359375,0.0,0.0
04/13/2019,5088.85009765625,0.0,0.0
04/14/2019,5095.7587890625,0.0,0.0
04/15/2019,5167.32177734375,0.0,0.0
04/16/2019,5066.57763671875,0.0,0.0
04/17/2019,5236.13525390625,0.0,0.0
04/18/2019,5251.48046875,0.0,0.0
04/19/2019,5298.154296875,0.0,0.0
04/20/2019,5304.16064453125,0.0,0.0
04/21/2019,5335.87890625,0.0,0.0
04/22/2019,5312.49462890625,0.0,0.0
04/23/2019,5399.36572265625,0.0,0.0
04/24/2019,5571.50830078125,0.0,0.0
04/25/2019,5466.5244140625,0.0,0.0
04/26/2019,5210.3046875,0.0,0.0
04/27/2019,5279.47119140625,0.0,0.0
04/28/2019,5271.74658203125,0.0,0.0
04/29/2019,5284.8583984375,0.0,0.0
04/30/2019,5247.72607421875,0.0,0.0
05/01/2019,5350.91455078125,0.0,0.0
05/02/2019,5402.4228515625,0.0,0.0
05/03/2019,5505.55224609375,0.0,0.0
05/04/2019,5769.20263671875,0.0,0.0
05/05/2019,5831.068359375,0.0,0.0
05/06/2019,5791.693359375,0.0,0.0
05/07/2019,5745.59912109375,0.0,0.0
05/08/2019,5849.4814453125,0.0,0.0
05/09/2019,5982.31640625,0.0,0.0
05/10/2019,6175.82275390625,0.0,0.0
05/11/2019,6379.6669921875,0.0,0.0
05/12/2019,7203.50732421875,0.0,0.0
05/13/2019,6971.17822265625,0.0,0.0
05/14/2019,7807.88427734375,0.0,0.0
05/15/2019,7989.37451171875,0.0,0.0
05/16/2019,8194.5009765625,0.0,0.0
05/17/2019,7886.92578125,0.0,0.0
05/18/2019,7341.66455078125,0.0,0.0
05/19/2019,7267.962890625,0.0,0.0
05/20/2019,8196.923828125,0.0,0.0
05/21/2019,7977.96923828125,0.0,0.0
05/22/2019,7956.2919921875,0.0,0.0
05/23/2019,7677.26904296875,0.0,0.0
05/24/2019,7881.6953125,0.0,0.0
05/25/2019,7991.88525390625,0.0,0.0
05/26/2019,8055.2060546875,0.0,0.0
05/27/2019,8674.072265625,0.0,0.0
05/28/2019,8802.7578125,0.0,0.0
05/29/2019,8718.591796875,0.0,0.0
05/30/2019,8661.7607421875,0.0,0.0
05/31/2019,8320.2861328125,0.0,0.0
06/01/2019,8573.83984375,0.0,0.0
06/02/2019,8565.4736328125,0.0,0.0
06/03/2019,8741.7470703125,0.0,0.0
06/04/2019,8210.9853515625,0.0,0.0
06/05/2019,7704.34326171875,0.0,0.0
06/06/2019,7819.63330078125,0.0,0.0
06/07/2019,7826.9013671875,0.0,0.0
06/08/2019,8036.77490234375,0.0,0.0
06/09/2019,7949.6748046875,0.0,0.0
06/10/2019,7692.28466796875,0.0,0.0
06/11/2019,8004.24365234375,0.0,0.0
06/12/2019,7925.43408203125,0.0,0.0
06/13/2019,8145.54541015625,0.0,0.0
06/14/2019,8230.8984375,0.0,0.0
06/15/2019,8689.74609375,0.0,0.0
06/16/2019,8841.4404296875,0.0,0.0
06/17/2019,8988.923828125,0.0,0.0
06/18/2019,9335.466796875,0.0,0.0
06/19/2019,9078.7275390625,0.0,0.0
06/20/2019,9273.060546875,0.0,0.0
06/21/2019,9525.07421875,0.0,0.0
06/22/2019,10175.923828125,0.0,0.0
06/23/2019,10696.69140625,0.0,0.0
06/24/2019,10853.744140625,0.0,0.0
06/25/2019,11007.2021484375,0.0,0.0
06/26/2019,11778.5810546875,0.0,0.0
06/27/2019,13017.125,0.0,0.0
06/28/2019,11162.16796875,0.0,0.0
06/29/2019,12400.763671875,0.0,0.0
06/30/2019,11931.9912109375,0.0,0.0
07/01/2019,10796.9306640625,0.0,0.0
07/02/2019,10588.68359375,0.0,0.0
07/03/2019,10818.15625,0.0,0.0
07/04/2019,11972.71875,0.0,0.0
07/05/2019,11203.1025390625,0.0,0.0
07/06/2019,10982.5439453125,0.0,0.0
07/07/2019,11217.6162109375,0.0,0.0
07/08/2019,11446.5966796875,0.0,0.0
07/09/2019,12284.326171875,0.0,0.0
07/10/2019,12571.537109375,0.0,0.0
07/11/2019,12139.7138671875,0.0,0.0
07/12/2019,11354.2998046875,0.0,0.0
07/13/2019,11813.126953125,0.0,0.0
07/14/2019,11381.0205078125,0.0,0.0
07/15/2019,10257.8388671875,0.0,0.0
07/16/2019,10896.6533203125,0.0,0.0
07/17/2019,9471.2138671875,0.0,0.0
07/18/2019,9698.5029296875,0.0,0.0
07/19/2019,10653.9560546875,0.0,0.0
07/20/2019,10525.8193359375,0.0,0.0
07/21/2019,10777.529296875,0.0,0.0
07/22/2019,10596.9482421875,0.0,0.0
07/23/2019,10346.748046875,0.0,0.0
07/24/2019,9887.73046875,0.0,0.0
07/25/2019,9809.0966796875,0.0,0.0
07/26/2019,9913.126953125,0.0,0.0
07/27/2019,9871.1650390625,0.0,0.0
07/28/2019,9491.626953125,0.0,0.0
07/29/2019,9548.1787109375,0.0,0.0
07/30/2019,9522.3291015625,0.0,0.0
07/31/2019,9604.05078125,0.0,0.0
08/01/2019,10077.4423828125,0.0,0.0
08/02/2019,10402.04296875,0.0,0.0
08/03/2019,10519.2783203125,0.0,0.0
08/04/2019,10821.6328125,0.0,0.0
08/05/2019,10960.7353515625,0.0,0.0
08/06/2019,11811.544921875,0.0,0.0
08/07/2019,11476.193359375,0.0,0.0
08/08/2019,11954.0400390625,0.0,0.0
08/09/2019,11953.4697265625,0.0,0.0
08/10/2019,11861.556640625,0.0,0.0
08/11/2019,11349.740234375,0.0,0.0
08/12/2019,11528.189453125,0.0,0.0
08/13/2019,11385.052734375,0.0,0.0
08/14/2019,10889.4873046875,0.0,0.0
08/15/2019,10038.421875,0.0,0.0
08/16/2019,10319.419921875,0.0,0.0
08/17/2019,10358.72265625,0.0,0.0
08/18/2019,10233.005859375,0.0,0.0
08/19/2019,10350.283203125,0.0,0.0
08/20/2019,10916.3466796875,0.0,0.0
08/21/2019,10764.572265625,0.0,0.0
08/22/2019,10142.521484375,0.0,0.0
08/23/2019,10136.3095703125,0.0,0.0
08/24/2019,10407.64453125,0.0,0.0
08/25/2019,10160.7373046875,0.0,0.0
08/26/2019,10126.2998046875,0.0,0.0
08/27/2019,10372.826171875,0.0,0.0
08/28/2019,10203.4267578125,0.0,0.0
08/29/2019,9756.7861328125,0.0,0.0
08/30/2019,9514.8447265625,0.0,0.0
08/31/2019,9597.5390625,0.0,0.0
09/01/2019,9630.5927734375,0.0,0.0
09/02/2019,9757.4736328125,0.0,0.0
09/03/2019,10345.7255859375,0.0,0.0
09/04/2019,10621.1806640625,0.0,0.0
09/05/2019,10588.18359375,0.0,0.0
09/06/2019,10578.1982421875,0.0,0.0
09/07/2019,10353.931640625,0.0,0.0
09/08/2019,10518.1142578125,0.0,0.0
09/09/2019,10443.228515625,0.0,0.0
09/10/2019,10336.408203125,0.0,0.0
09/11/2019,10123.03515625,0.0,0.0
09/12/2019,10176.8193359375,0.0,0.0
09/13/2019,10415.3623046875,0.0,0.0
09/14/2019,10345.4033203125,0.0,0.0
09/15/2019,10356.4658203125,0.0,0.0
09/16/2019,10347.22265625,0.0,0.0
09/17/2019,10281.513671875,0.0,0.0
09/18/2019,10247.7958984375,0.0,0.0
09/19/2019,10200.49609375,0.0,0.0
09/20/2019,10266.318359375,0.0,0.0
09/21/2019,10183.6484375,0.0,0.0
09/22/2019,10024.115234375,0.0,0.0
09/23/2019,10067.962890625,0.0,0.0
09/24/2019,9729.3212890625,0.0,0.0
09/25/2019,8603.4287109375,0.0,0.0
09/26/2019,8487.669921875,0.0,0.0
09/27/2019,8113.10107421875,0.0,0.0
09/28/2019,8251.2734375,0.0,0.0
09/29/2019,8246.037109375,0.0,0.0
09/30/2019,8104.2265625,0.0,0.0
10/01/2019,8299.720703125,0.0,0.0
10/02/2019,8344.212890625,0.0,0.0
10/03/2019,8390.7744140625,0.0,0.0
10/04/2019,8259.494140625,0.0,0.0
10/05/2019,8210.1494140625,0.0,0.0
10/06/2019,8149.876953125,0.0,0.0
10/07/2019,7989.12060546875,0.0,0.0
10/08/2019,8246.849609375,0.0,0.0
10/09/2019,8229.8408203125,0.0,0.0
10/10/2019,8585.2802734375,0.0,0.0
10/11/2019,8585.2626953125,0.0,0.0
10/12/2019,8315.6650390625,0.0,0.0
10/13/2019,8336.90234375,0.0,0.0
10/14/2019,8320.83203125,0.0,0.0
10/15/2019,8373.4580078125,0.0,0.0
10/16/2019,8204.6748046875,0.0,0.0
10/17/2019,8047.8125,0.0,0.0
10/18/2019,8100.93359375,0.0,0.0
10/19/2019,7973.8037109375,0.0,0.0
10/20/2019,7997.80712890625,0.0,0.0
10/21/2019,8225.115234375,0.0,0.0
10/22/2019,8243.40234375,0.0,0.0
10/23/2019,8076.228515625,0.0,0.0
10/24/2019,7509.72802734375,0.0,0.0
10/25/2019,7490.703125,0.0,0.0
10/26/2019,8667.5771484375,0.0,0.0
10/27/2019,9241.70703125,0.0,0.0
10/28/2019,9565.1015625,0.0,0.0
10/29/2019,9248.4404296875,0.0,0.0
10/30/2019,9422.462890625,0.0,0.0
10/31/2019,9202.4580078125,0.0,0.0
11/01/2019,9193.9921875,0.0,0.0
11/02/2019,9259.783203125,0.0,0.0
11/03/2019,9324.787109375,0.0,0.0
11/04/2019,9235.607421875,0.0,0.0
11/05/2019,9413.0048828125,0.0,0.0
11/06/2019,9340.8642578125,0.0,0.0
11/07/2019,9352.3935546875,0.0,0.0
11/08/2019,9265.3681640625,0.0,0.0
11/09/2019,8809.46875,0.0,0.0
11/10/2019,8812.4892578125,0.0,0.0
11/11/2019,9056.91796875,0.0,0.0
11/12/2019,8759.751953125,0.0,0.0
11/13/2019,8812.033203125,0.0,0.0
11/14/2019,8811.9365234375,0.0,0.0
11/15/2019,8705.7080078125,0.0,0.0
11/16/2019,8491.166015625,0.0,0.0
11/17/2019,8549.470703125,0.0,0.0
11/18/2019,8573.98046875,0.0,0.0
11/19/2019,8305.134765625,0.0,0.0
11/20/2019,8203.61328125,0.0,0.0
11/21/2019,8023.64453125,0.0,0.0
11/22/2019,7643.5693359375,0.0,0.0
11/23/2019,7296.16455078125,0.0,0.0
11/24/2019,7398.6337890625,0.0,0.0
11/25/2019,7039.97705078125,0.0,0.0
11/26/2019,7145.1591796875,0.0,0.0
11/27/2019,7220.880859375,0.0,0.0
11/28/2019,7536.8203125,0.0,0.0
11/29/2019,7466.72705078125,0.0,0.0
11/30/2019,7764.05712890625,0.0,0.0
12/01/2019,7571.6162109375,0.0,0.0
12/02/2019,7424.0361328125,0.0,0.0
12/03/2019,7323.9755859375,0.0,0.0
12/04/2019,7320.125,0.0,0.0
12/05/2019,7253.24169921875,0.0,0.0
12/06/2019,7450.5615234375,0.0,0.0
12/07/2019,7547.265625,0.0,0.0
12/08/2019,7551.3388671875,0.0,0.0
12/09/2019,7561.79541015625,0.0,0.0
12/10/2019,7397.13427734375,0.0,0.0
12/11/2019,7277.19775390625,0.0,0.0
12/12/2019,7216.73876953125,0.0,0.0
12/13/2019,7244.662109375,0.0,0.0
12/14/2019,7268.90283203125,0.0,0.0
12/15/2019,7124.23974609375,0.0,0.0
12/16/2019,7153.6630859375,0.0,0.0
12/17/2019,6931.3154296875,0.0,0.0
12/18/2019,6647.6982421875,0.0,0.0
12/19/2019,7277.5908203125,0.0,0.0
12/20/2019,7208.63671875,0.0,0.0
12/21/2019,7220.59375,0.0,0.0
12/22/2019,7191.1884765625,0.0,0.0
12/23/2019,7508.90234375,0.0,0.0
12/24/2019,7354.39306640625,0.0,0.0
12/25/2019,7325.755859375,0.0,0.0
12/26/2019,7274.79931640625,0.0,0.0
12/27/2019,7238.14111328125,0.0,0.0
12/28/2019,7289.03125,0.0,0.0
12/29/2019,7317.6474609375,0.0,0.0
12/30/2019,7420.27294921875,0.0,0.0
12/31/2019,7294.43896484375,0.0,0.0
01/01/2020,7194.89208984375,0.0,0.0
01/02/2020,7202.55126953125,0.0,0.0
01/03/2020,6984.4287109375,0.0,0.0
01/04/2020,7345.37548828125,0.0,0.0
01/05/2020,7410.45166015625,0.0,0.0
01/06/2020,7410.4521484375,0.0,0.0
01/07/2020,7768.68212890625,0.0,0.0
01/08/2020,8161.935546875,0.0,0.0
01/09/2020,8082.2958984375,0.0,0.0
01/10/2020,7878.3076171875,0.0,0.0
01/11/2020,8162.19091796875,0.0,0.0
01/12/2020,8033.26171875,0.0,0.0
01/13/2020,8189.77197265625,0.0,0.0
01/14/2020,8140.93310546875,0.0,0.0
01/15/2020,8825.34375,0.0,0.0
01/16/2020,8812.4814453125,0.0,0.0
01/17/2020,8725.2099609375,0.0,0.0
01/18/2020,8927.2119140625,0.0,0.0
01/19/2020,8941.4453125,0.0,0.0
01/20/2020,8704.6318359375,0.0,0.0
01/21/2020,8658.9912109375,0.0,0.0
01/22/2020,8744.2109375,0.0,0.0
01/23/2020,8680.650390625,0.0,0.0
01/24/2020,8405.5673828125,0.0,0.0
01/25/2020,8440.119140625,0.0,0.0
01/26/2020,8364.41015625,0.0,0.0
01/27/2020,8597.30859375,0.0,0.0
01/28/2020,8912.5244140625,0.0,0.0
01/29/2020,9357.470703125,0.0,0.0
01/30/2020,9316.0166015625,0.0,0.0
01/31/2020,9508.3134765625,0.0,0.0
02/01/2020,9346.357421875,0.0,0.0
02/02/2020,9389.8203125,0.0,0.0
02/03/2020,9344.68359375,0.0,0.0
02/04/2020,9292.841796875,0.0,0.0
02/05/2020,9183.416015625,0.0,0.0
02/06/2020,9617.8212890625,0.0,0.0
02/07/2020,9726.0029296875,0.0,0.0
02/08/2020,9793.0703125,0.0,0.0
02/09/2020,9863.89453125,0.0,0.0
02/10/2020,10115.5595703125,0.0,0.0
02/11/2020,9855.8916015625,0.0,0.0
02/12/2020,10202.3876953125,0.0,0.0
02/13/2020,10323.9609375,0.0,0.0
02/14/2020,10211.55078125,0.0,0.0
02/15/2020,10313.8564453125,0.0,0.0
02/16/2020,9889.1796875,0.0,0.0
02/17/2020,9936.560546875,0.0,0.0
02/18/2020,9691.23046875,0.0,0.0
02/19/2020,10143.798828125,0.0,0.0
02/20/2020,9629.3251953125,0.0,0.0
02/21/2020,9611.7822265625,0.0,0.0
02/22/2020,9687.70703125,0.0,0.0
02/23/2020,9663.318359375,0.0,0.0
02/24/2020,9921.5830078125,0.0,0.0
02/25/2020,9651.3125,0.0,0.0
02/26/2020,9338.2900390625,0.0,0.0
02/27/2020,8825.09375,0.0,0.0
02/28/2020,8788.728515625,0.0,0.0
02/29/2020,8671.212890625,0.0,0.0
03/01/2020,8599.7587890625,0.0,0.0
03/02/2020,8563.2646484375,0.0,0.0
03/03/2020,8865.3876953125,0.0,0.0
03/04/2020,8788.5419921875,0.0,0.0
03/05/2020,8760.28515625,0.0,0.0
03/06/2020,9078.30859375,0.0,0.0
03/07/2020,9121.6005859375,0.0,0.0
03/08/2020,8908.2060546875,0.0,0.0
03/09/2020,8111.146484375,0.0,0.0
03/10/2020,7922.14697265625,0.0,0.0
03/11/2020,7910.08984375,0.0,0.0
03/12/2020,7913.6162109375,0.0,0.0
03/13/2020,5017.8310546875,0.0,0.0
03/14/2020,5573.07763671875,0.0,0.0
03/15/2020,5201.06689453125,0.0,0.0
03/16/2020,5385.2294921875,0.0,0.0
03/17/2020,5002.578125,0.0,0.0
03/18/2020,5227.11376953125,0.0,0.0
03/19/2020,5245.41650390625,0.0,0.0
03/20/2020,6191.65380859375,0.0,0.0
03/21/2020,6206.521484375,0.0,0.0
03/22/2020,6185.55810546875,0.0,0.0
03/23/2020,5831.37451171875,0.0,0.0
03/24/2020,6436.642578125,0.0,0.0
03/25/2020,6738.716796875,0.0,0.0
03/26/2020,6675.1708984375,0.0,0.0
03/27/2020,6719.38916015625,0.0,0.0
03/28/2020,6467.25390625,0.0,0.0
03/29/2020,6245.62451171875,0.0,0.0
03/30/2020,5925.53857421875,0.0,0.0
03/31/2020,6430.6064453125,0.0,0.0
04/01/2020,6437.3193359375,0.0,0.0
04/02/2020,6606.7763671875,0.0,0.0
04/03/2020,6797.396484375,0.0,0.0
04/04/2020,6738.3828125,0.0,0.0
04/05/2020,6862.53759765625,0.0,0.0
04/06/2020,6788.0498046875,0.0,0.0
04/07/2020,7273.64404296875,0.0,0.0
04/08/2020,7179.283203125,0.0,0.0
04/09/2020,7337.96630859375,0.0,0.0
04/10/2020,7303.8154296875,0.0,0.0
04/11/2020,6867.4404296875,0.0,0.0
04/12/2020,6858.06787109375,0.0,0.0
04/13/2020,6965.61669921875,0.0,0.0
04/14/2020,6843.28173828125,0.0,0.0
04/15/2020,6845.5615234375,0.0,0.0
04/16/2020,6640.4541015625,0.0,0.0
04/18/2020,7092.29150390625,0.0,0.0
04/19/2020,7260.92236328125,0.0,0.0
04/20/2020,7186.87353515625,0.0,0.0
04/21/2020,6879.7841796875,0.0,0.0
04/22/2020,6879.4404296875,0.0,0.0
04/23/2020,7121.30615234375,0.0,0.0
04/24/2020,7434.181640625,0.0,0.0
04/25/2020,7550.48291015625,0.0,0.0
04/26/2020,7570.13916015625,0.0,0.0
04/27/2020,7679.4189453125,0.0,0.0
04/28/2020,7796.97021484375,0.0,0.0
04/29/2020,7806.71240234375,0.0,0.0
04/30/2020,8797.669921875,0.0,0.0
05/01/2020,8672.7822265625,0.0,0.0
05/02/2020,8869.0576171875,0.0,0.0
05/03/2020,8983.6142578125,0.0,0.0
05/04/2020,8895.7451171875,0.0,0.0
05/05/2020,8912.83203125,0.0,0.0
05/06/2020,9007.44140625,0.0,0.0
05/07/2020,9261.8955078125,0.0,0.0
05/08/2020,9936.162109375,0.0,0.0
05/09/2020,9840.90625,0.0,0.0
05/10/2020,9591.1689453125,0.0,0.0
05/11/2020,8755.53515625,0.0,0.0
05/12/2020,8610.3857421875,0.0,0.0
05/13/2020,8805.3876953125,0.0,0.0
05/14/2020,9271.3291015625,0.0,0.0
05/15/2020,9734.291015625,0.0,0.0
05/16/2020,9333.240234375,0.0,0.0
05/17/2020,9374.9296875,0.0,0.0
05/18/2020,9675.6953125,0.0,0.0
05/19/2020,9727.0634765625,0.0,0.0
05/20/2020,9725.3291015625,0.0,0.0
05/21/2020,9522.740234375,0.0,0.0
05/22/2020,9080.3349609375,0.0,0.0
05/23/2020,9185.0625,0.0,0.0
05/24/2020,9212.283203125,0.0,0.0
05/25/2020,8786.107421875,0.0,0.0
05/26/2020,8909.5859375,0.0,0.0
05/27/2020,8837.380859375,0.0,0.0
05/28/2020,9184.9453125,0.0,0.0
05/29/2020,9528.35546875,0.0,0.0
05/30/2020,9438.9140625,0.0,0.0
05/31/2020,9700.10546875,0.0,0.0
06/01/2020,9463.60546875,0.0,0.0
06/02/2020,10162.9736328125,0.0,0.0
06/03/2020,9533.7607421875,0.0,0.0
06/04/2020,9655.8544921875,0.0,0.0
06/05/2020,9800.2158203125,0.0,0.0
06/06/2020,9664.904296875,0.0,0.0
06/07/2020,9653.0029296875,0.0,0.0
06/08/2020,9760.0634765625,0.0,0.0
06/09/2020,9774.3603515625,0.0,0.0
06/10/2020,9794.119140625,0.0,0.0
06/11/2020,9870.078125,0.0,0.0
06/12/2020,9320.6904296875,0.0,0.0
06/13/2020,9480.7353515625,0.0,0.0
06/14/2020,9477.5537109375,0.0,0.0
06/15/2020,9386.03515625,0.0,0.0
06/16/2020,9454.2666015625,0.0,0.0
06/17/2020,9533.7841796875,0.0,0.0
06/18/2020,9481.5673828125,0.0,0.0
06/19/2020,9410.2939453125,0.0,0.0
06/20/2020,9290.9599609375,0.0,0.0
06/21/2020,9330.9267578125,0.0,0.0
06/22/2020,9300.9150390625,0.0,0.0
06/23/2020,9644.076171875,0.0,0.0
06/24/2020,9632.1494140625,0.0,0.0
06/25/2020,9314.126953125,0.0,0.0
06/26/2020,9260.9951171875,0.0,0.0
06/27/2020,9167.82421875,0.0,0.0
06/28/2020,9048.4609375,0.0,0.0
06/29/2020,9140.029296875,0.0,0.0
06/30/2020,9185.5810546875,0.0,0.0
07/01/2020,9145.9853515625,0.0,0.0
07/02/2020,9231.1396484375,0.0,0.0
07/03/2020,9124.8427734375,0.0,0.0
07/04/2020,9084.2333984375,0.0,0.0
07/05/2020,9126.0908203125,0.0,0.0
07/06/2020,9072.849609375,0.0,0.0
07/07/2020,9349.1611328125,0.0,0.0
07/08/2020,9253.0205078125,0.0,0.0
07/09/2020,9427.994140625,0.0,0.0
07/10/2020,9273.357421875,0.0,0.0
07/11/2020,9277.51171875,0.0,0.0
07/12/2020,9241.0546875,0.0,0.0
07/13/2020,9277.205078125,0.0,0.0
07/14/2020,9238.703125,0.0,0.0
07/15/2020,9241.8974609375,0.0,0.0
07/16/2020,9191.98046875,0.0,0.0
07/17/2020,9131.8125,0.0,0.0
07/18/2020,9151.18359375,0.0,0.0
07/19/2020,9158.005859375,0.0,0.0
07/20/2020,9187.220703125,0.0,0.0
07/21/2020,9162.5146484375,0.0,0.0
07/22/2020,9375.080078125,0.0,0.0
07/23/2020,9527.1416015625,0.0,0.0
07/24/2020,9585.5146484375,0.0,0.0
07/25/2020,9539.4853515625,0.0,0.0
07/26/2020,9680.234375,0.0,0.0
07/27/2020,9905.2177734375,0.0,0.0
07/28/2020,11017.4638671875,0.0,0.0
07/29/2020,10912.953125,0.0,0.0
07/30/2020,11099.8330078125,0.0,0.0
07/31/2020,11110.2109375,0.0,0.0
08/01/2020,11322.5703125,0.0,0.0
08/02/2020,11758.7646484375,0.0,0.0
08/03/2020,11043.7685546875,0.0,0.0
08/04/2020,11246.203125,0.0,0.0
08/05/2020,11203.8232421875,0.0,0.0
08/06/2020,11749.87109375,0.0,0.0
08/07/2020,11778.89453125,0.0,0.0
08/08/2020,11604.5537109375,0.0,0.0
08/09/2020,11737.3251953125,0.0,0.0
08/10/2020,11662.2568359375,0.0,0.0
08/11/2020,11881.6474609375,0.0,0.0
08/12/2020,11404.5966796875,0.0,0.0
08/13/2020,11588.4052734375,0.0,0.0
08/14/2020,11772.6591796875,0.0,0.0
08/15/2020,11768.697265625,0.0,0.0
08/16/2020,11866.685546875,0.0,0.0
08/17/2020,11895.658203125,0.0,0.0
08/18/2020,12251.8955078125,0.0,0.0
08/19/2020,11990.884765625,0.0,0.0
08/20/2020,11761.5,0.0,0.0
08/21/2020,11878.0263671875,0.0,0.0
08/22/2020,11585.4775390625,0.0,0.0
08/23/2020,11679.6962890625,0.0,0.0
08/24/2020,11663.689453125,0.0,0.0
08/25/2020,11773.5888671875,0.0,0.0
08/26/2020,11366.89453125,0.0,0.0
08/27/2020,11485.6083984375,0.0,0.0
08/28/2020,11325.2958984375,0.0,0.0
08/29/2020,11541.0546875,0.0,0.0
08/30/2020,11508.7138671875,0.0,0.0
08/31/2020,11713.306640625,0.0,0.0
09/01/2020,11679.31640625,0.0,0.0
09/02/2020,11964.8232421875,0.0,0.0
09/03/2020,11407.19140625,0.0,0.0
09/04/2020,10230.365234375,0.0,0.0
09/05/2020,10512.5302734375,0.0,0.0
09/06/2020,10167.216796875,0.0,0.0
09/07/2020,10280.998046875,0.0,0.0
09/08/2020,10369.306640625,0.0,0.0
09/09/2020,10134.1513671875,0.0,0.0
09/10/2020,10242.330078125,0.0,0.0
09/11/2020,10369.0283203125,0.0,0.0
09/12/2020,10409.861328125,0.0,0.0
09/13/2020,10452.3994140625,0.0,0.0
09/14/2020,10328.734375,0.0,0.0
09/15/2020,10677.7548828125,0.0,0.0
09/16/2020,10797.76171875,0.0,0.0
09/17/2020,10973.251953125,0.0,0.0
09/18/2020,10951.8203125,0.0,0.0
09/19/2020,10933.7529296875,0.0,0.0
09/20/2020,11095.8701171875,0.0,0.0
09/21/2020,10934.92578125,0.0,0.0
09/22/2020,10459.6240234375,0.0,0.0
09/23/2020,10539.45703125,0.0,0.0
09/24/2020,10227.4794921875,0.0,0.0
09/25/2020,10747.47265625,0.0,0.0
09/26/2020,10702.2373046875,0.0,0.0
09/27/2020,10752.939453125,0.0,0.0
09/28/2020,10771.6416015625,0.0,0.0
09/29/2020,10712.462890625,0.0,0.0
09/30/2020,10845.4111328125,0.0,0.0
10/01/2020,10785.0107421875,0.0,0.0
10/02/2020,10624.390625,0.0,0.0
10/03/2020,10583.806640625,0.0,0.0
10/04/2020,10567.919921875,0.0,0.0
10/05/2020,10688.0341796875,0.0,0.0
10/06/2020,10799.7783203125,0.0,0.0
10/07/2020,10619.8037109375,0.0,0.0
10/08/2020,10677.625,0.0,0.0
10/10/2020,11059.142578125,0.0,0.0
10/11/2020,11296.08203125,0.0,0.0
10/14/2020,11429.0478515625,0.0,0.0
10/15/2020,11426.6025390625,0.0,0.0
10/16/2020,11502.828125,0.0,0.0
10/17/2020,11322.123046875,0.0,0.0
10/18/2020,11355.982421875,0.0,0.0
10/19/2020,11495.0380859375,0.0,0.0
10/20/2020,11745.974609375,0.0,0.0
10/21/2020,11913.0771484375,0.0,0.0
10/22/2020,12801.6357421875,0.0,0.0
10/23/2020,12971.548828125,0.0,0.0
10/24/2020,12931.57421875,0.0,0.0
10/25/2020,13108.0634765625,0.0,0.0
10/26/2020,13031.201171875,0.0,0.0
10/27/2020,13075.2421875,0.0,0.0
10/28/2020,13654.21484375,0.0,0.0
10/29/2020,13271.298828125,0.0,0.0
10/30/2020,13437.8740234375,0.0,0.0
10/31/2020,13546.5322265625,0.0,0.0
11/01/2020,13780.9951171875,0.0,0.0
11/02/2020,13737.0322265625,0.0,0.0
11/03/2020,13550.451171875,0.0,0.0
11/04/2020,13950.48828125,0.0,0.0
11/05/2020,14133.7333984375,0.0,0.0
11/06/2020,15579.7294921875,0.0,0.0
11/07/2020,15565.880859375,0.0,0.0
11/08/2020,14833.75390625,0.0,0.0
11/09/2020,15479.595703125,0.0,0.0
11/10/2020,15332.3505859375,0.0,0.0
11/11/2020,15290.9091796875,0.0,0.0
11/12/2020,15701.298828125,0.0,0.0
11/13/2020,16276.4404296875,0.0,0.0
11/14/2020,16317.80859375,0.0,0.0
11/15/2020,16068.1396484375,0.0,0.0
11/16/2020,15955.5771484375,0.0,0.0
11/17/2020,16685.69140625,0.0,0.0
11/18/2020,17645.19140625,0.0,0.0
11/19/2020,17803.861328125,0.0,0.0
11/20/2020,17817.083984375,0.0,0.0
11/21/2020,18621.31640625,0.0,0.0
11/22/2020,18642.232421875,0.0,0.0
11/23/2020,18370.017578125,0.0,0.0
11/24/2020,18365.015625,0.0,0.0
11/25/2020,19104.41015625,0.0,0.0
11/26/2020,18729.83984375,0.0,0.0
11/27/2020,17153.9140625,0.0,0.0
11/28/2020,17112.93359375,0.0,0.0
11/29/2020,17719.634765625,0.0,0.0
11/30/2020,18178.322265625,0.0,0.0
12/01/2020,19633.76953125,0.0,0.0
12/02/2020,18801.744140625,0.0,0.0
12/03/2020,19205.92578125,0.0,0.0
12/04/2020,19446.966796875,0.0,0.0
12/05/2020,18698.384765625,0.0,0.0
12/06/2020,19154.1796875,0.0,0.0
12/07/2020,19343.12890625,0.0,0.0
12/08/2020,19191.529296875,0.0,0.0
12/09/2020,18320.884765625,0.0,0.0
12/10/2020,18553.298828125,0.0,0.0
12/11/2020,18263.9296875,0.0,0.0
12/12/2020,18051.3203125,0.0,0.0
12/13/2020,18806.765625,0.0,0.0
12/14/2020,19144.4921875,0.0,0.0
12/15/2020,19246.919921875,0.0,0.0
12/16/2020,19418.818359375,0.0,0.0
12/17/2020,21308.3515625,0.0,0.0
12/18/2020,22806.796875,0.0,0.0
12/19/2020,23132.865234375,0.0,0.0
12/20/2020,23861.765625,0.0,0.0
12/21/2020,23474.455078125,0.0,0.0
12/22/2020,22794.0390625,0.0,0.0
12/23/2020,23781.974609375,0.0,0.0
12/24/2020,23240.203125,0.0,0.0
12/25/2020,23733.5703125,0.0,0.0
12/26/2020,24677.015625,0.0,0.0
12/27/2020,26439.373046875,0.0,0.0
12/28/2020,26280.822265625,0.0,0.0
12/29/2020,27081.810546875,0.0,0.0
12/30/2020,27360.08984375,0.0,0.0
12/31/2020,28841.57421875,0.0,0.0
01/01/2021,28994.009765625,0.0,0.0
01/02/2021,29376.455078125,0.0,0.0
01/03/2021,32129.408203125,0.0,0.0
01/04/2021,32810.94921875,0.0,0.0
01/05/2021,31977.041015625,0.0,0.0
01/06/2021,34013.61328125,0.0,0.0
01/07/2021,36833.875,0.0,0.0
01/08/2021,39381.765625,0.0,0.0
01/09/2021,40788.640625,0.0,0.0
01/10/2021,40254.21875,0.0,0.0
01/11/2021,38346.53125,0.0,0.0
01/12/2021,35516.359375,0.0,0.0
01/13/2021,33915.12109375,0.0,0.0
01/14/2021,37325.109375,0.0,0.0
01/15/2021,39156.70703125,0.0,0.0
01/16/2021,36821.6484375,0.0,0.0
01/17/2021,36163.6484375,0.0,0.0
01/18/2021,35792.23828125,0.0,0.0
01/19/2021,36642.234375,0.0,0.0
01/20/2021,36050.11328125,0.0,0.0
01/21/2021,35549.3984375,0.0,0.0
01/22/2021,30817.625,0.0,0.0
01/23/2021,32985.7578125,0.0,0.0
01/24/2021,32064.376953125,0.0,0.0
01/25/2021,32285.798828125,0.0,0.0
01/26/2021,32358.61328125,0.0,0.0
01/27/2021,32564.029296875,0.0,0.0
01/28/2021,30441.041015625,0.0,0.0
01/29/2021,34318.671875,0.0,0.0
01/30/2021,34295.93359375,0.0,0.0
01/31/2021,34270.87890625,0.0,0.0
02/01/2021,33114.578125,0.0,0.0
02/02/2021,33533.19921875,0.0,0.0
02/03/2021,35510.8203125,0.0,0.0
02/04/2021,37475.10546875,0.0,0.0
02/05/2021,36931.546875,0.0,0.0
02/06/2021,38138.38671875,0.0,0.0
02/07/2021,39250.19140625,0.0,0.0
02/08/2021,38886.828125,0.0,0.0
02/09/2021,46184.9921875,0.0,0.0
02/10/2021,46469.76171875,0.0,0.0
02/11/2021,44898.7109375,0.0,0.0
02/12/2021,47877.03515625,0.0,0.0
02/13/2021,47491.203125,0.0,0.0
02/14/2021,47114.5078125,0.0,0.0
02/15/2021,48696.53515625,0.0,0.0
02/16/2021,47944.45703125,0.0,0.0
02/17/2021,49207.27734375,0.0,0.0
02/18/2021,52140.97265625,0.0,0.0
02/19/2021,51675.98046875,0.0,0.0
02/20/2021,55887.3359375,0.0,0.0
02/21/2021,56068.56640625,0.0,0.0
02/22/2021,57532.73828125,0.0,0.0
02/23/2021,54204.9296875,0.0,0.0
02/24/2021,48835.0859375,0.0,0.0
02/25/2021,49709.08203125,0.0,0.0
02/26/2021,47180.46484375,0.0,0.0
02/27/2021,46344.7734375,0.0,0.0
02/28/2021,46194.015625,0.0,0.0
03/01/2021,45159.50390625,0.0,0.0
03/02/2021,49612.10546875,0.0,0.0
03/03/2021,48415.81640625,0.0,0.0
03/04/2021,50522.3046875,0.0,0.0
03/05/2021,48527.03125,0.0,0.0
03/06/2021,48899.23046875,0.0,0.0
03/07/2021,48918.6796875,0.0,0.0
03/08/2021,51174.1171875,0.0,0.0
03/09/2021,52272.96875,0.0,0.0
03/10/2021,54824.01171875,0.0,0.0
03/11/2021,55963.1796875,0.0,0.0
03/12/2021,57821.21875,0.0,0.0
03/13/2021,57343.37109375,0.0,0.0
03/14/2021,61221.1328125,0.0,0.0
03/15/2021,59267.4296875,0.0,0.0
03/16/2021,55840.78515625,0.0,0.0
03/17/2021,56825.828125,0.0,0.0
03/18/2021,58893.078125,0.0,0.0
03/19/2021,57850.44140625,0.0,0.0
03/20/2021,58332.26171875,0.0,0.0
03/21/2021,58309.9140625,0.0,0.0
03/22/2021,57517.890625,0.0,0.0
03/23/2021,54511.66015625,0.0,0.0
03/24/2021,54710.48828125,0.0,0.0
03/25/2021,52726.74609375,0.0,0.0
03/26/2021,51683.01171875,0.0,0.0
03/27/2021,55137.56640625,0.0,0.0
03/28/2021,55974.94140625,0.0,0.0
03/29/2021,55947.8984375,0.0,0.0
03/30/2021,57750.1328125,0.0,0.0
03/31/2021,58930.27734375,0.0,0.0
04/01/2021,58926.5625,0.0,0.0
04/02/2021,59098.87890625,0.0,0.0
04/03/2021,59397.41015625,0.0,0.0
04/04/2021,57604.83984375,0.0,0.0
04/05/2021,58760.875,0.0,0.0
04/06/2021,59171.93359375,0.0,0.0
04/07/2021,58186.5078125,0.0,0.0
04/08/2021,56099.9140625,0.0,0.0
04/09/2021,58326.5625,0.0,0.0
04/10/2021,58253.77734375,0.0,0.0
04/11/2021,59846.23046875,0.0,0.0
04/12/2021,60175.9453125,0.0,0.0
04/13/2021,59890.01953125,0.0,0.0
04/14/2021,63523.75390625,0.0,0.0
04/15/2021,63075.1953125,0.0,0.0
04/16/2021,63258.50390625,0.0,0.0
04/17/2021,61529.921875,0.0,0.0
04/18/2021,60701.88671875,0.0,0.0
04/19/2021,56191.5859375,0.0,0.0
04/20/2021,55681.79296875,0.0,0.0
04/21/2021,56471.12890625,0.0,0.0
04/22/2021,53857.10546875,0.0,0.0
04/23/2021,51739.80859375,0.0,0.0
04/24/2021,51143.2265625,0.0,0.0
04/25/2021,50052.83203125,0.0,0.0
04/26/2021,49077.79296875,0.0,0.0
04/27/2021,54030.3046875,0.0,0.0
04/28/2021,55036.63671875,0.0,0.0
04/29/2021,54858.08984375,0.0,0.0
04/30/2021,53568.6640625,0.0,0.0
05/01/2021,57714.6640625,0.0,0.0
05/02/2021,57825.86328125,0.0,0.0
05/03/2021,56620.2734375,0.0,0.0
05/04/2021,57214.1796875,0.0,0.0
05/05/2021,53252.1640625,0.0,0.0
05/06/2021,57441.30859375,0.0,0.0
05/07/2021,56413.953125,0.0,0.0
05/08/2021,57352.765625,0.0,0.0
05/09/2021,58877.390625,0.0,0.0
05/10/2021,58250.87109375,0.0,0.0
05/11/2021,55847.2421875,0.0,0.0
05/12/2021,56714.53125,0.0,0.0
05/13/2021,49735.43359375,0.0,0.0
05/14/2021,49682.98046875,0.0,0.0
05/15/2021,49855.49609375,0.0,0.0
05/16/2021,46716.63671875,0.0,0.0
05/17/2021,46415.8984375,0.0,0.0
05/18/2021,43488.05859375,0.0,0.0
05/19/2021,42944.9765625,0.0,0.0
05/20/2021,36753.66796875,0.0,0.0
05/21/2021,40596.94921875,0.0,0.0
05/22/2021,37371.03125,0.0,0.0
05/23/2021,37531.44921875,0.0,0.0
05/24/2021,34700.36328125,0.0,0.0
05/25/2021,38795.78125,0.0,0.0
05/26/2021,38392.625,0.0,0.0
05/27/2021,39316.890625,0.0,0.0
05/28/2021,38507.08203125,0.0,0.0
05/29/2021,35684.15625,0.0,0.0
05/30/2021,34607.40625,0.0,0.0
05/31/2021,35658.59375,0.0,0.0
06/01/2021,37293.79296875,0.0,0.0
06/02/2021,36699.921875,0.0,0.0
06/03/2021,37599.41015625,0.0,0.0
06/04/2021,39242.484375,0.0,0.0
06/05/2021,36880.15625,0.0,0.0
06/06/2021,35538.609375,0.0,0.0
06/07/2021,35835.265625,0.0,0.0
06/08/2021,33589.51953125,0.0,0.0
06/09/2021,33416.9765625,0.0,0.0
06/10/2021,37389.515625,0.0,0.0
06/11/2021,36697.03125,0.0,0.0
06/12/2021,37340.14453125,0.0,0.0
06/13/2021,35555.7890625,0.0,0.0
06/14/2021,39016.96875,0.0,0.0
06/15/2021,40427.16796875,0.0,0.0
06/16/2021,40168.69140625,0.0,0.0
06/17/2021,38341.421875,0.0,0.0
06/18/2021,38099.4765625,0.0,0.0
06/19/2021,35854.52734375,0.0,0.0
06/20/2021,35563.140625,0.0,0.0
06/21/2021,35641.14453125,0.0,0.0
06/22/2021,31622.376953125,0.0,0.0
06/23/2021,32515.71484375,0.0,0.0
06/24/2021,33682.80078125,0.0,0.0
06/25/2021,34659.10546875,0.0,0.0
06/26/2021,31594.6640625,0.0,0.0
06/27/2021,32287.5234375,0.0,0.0
06/28/2021,34679.12109375,0.0,0.0
06/29/2021,34475.55859375,0.0,0.0
06/30/2021,35908.38671875,0.0,0.0
07/01/2021,35035.984375,0.0,0.0
07/02/2021,33549.6015625,0.0,0.0
07/03/2021,33854.421875,0.0,0.0
07/04/2021,34665.56640625,0.0,0.0
07/05/2021,35284.34375,0.0,0.0
07/06/2021,33723.5078125,0.0,0.0
07/07/2021,34225.6796875,0.0,0.0
07/08/2021,33889.60546875,0.0,0.0
07/09/2021,32861.671875,0.0,0.0
07/10/2021,33811.2421875,0.0,0.0
07/11/2021,33509.078125,0.0,0.0
07/12/2021,34254.015625,0.0,0.0
07/13/2021,33125.46875,0.0,0.0
07/14/2021,32723.845703125,0.0,0.0
07/15/2021,32827.875,0.0,0.0
07/16/2021,31841.55078125,0.0,0.0
07/17/2021,31397.30859375,0.0,0.0
07/18/2021,31533.884765625,0.0,0.0
07/19/2021,31800.01171875,0.0,0.0
07/20/2021,30838.28515625,0.0,0.0
07/21/2021,29796.28515625,0.0,0.0
07/22/2021,32138.873046875,0.0,0.0
07/23/2021,32305.958984375,0.0,0.0
07/24/2021,33593.73046875,0.0,0.0
07/25/2021,34290.29296875,0.0,0.0
07/26/2021,35384.03125,0.0,0.0
07/27/2021,37276.03515625,0.0,0.0
07/28/2021,39503.1875,0.0,0.0
07/29/2021,39995.453125,0.0,0.0
07/30/2021,40013.83203125,0.0,0.0
