ETC-USD,EthereumClassic USD,
Date,Price,Dividend,Annualized Dividend
07/24/2016,0.7523450255393982,0.0,0.0
07/25/2016,0.9319930076599121,0.0,0.0
07/26/2016,0.6047369837760925,0.0,0.0
07/27/2016,2.4583399295806885,0.0,0.0
07/28/2016,1.561769962310791,0.0,0.0
07/29/2016,1.7119300365447998,0.0,0.0
07/30/2016,1.6551300287246704,0.0,0.0
07/31/2016,1.5707000494003296,0.0,0.0
08/01/2016,1.7928600311279297,0.0,0.0
08/02/2016,2.3611700534820557,0.0,0.0
08/03/2016,2.7753899097442627,0.0,0.0
08/04/2016,2.589279890060425,0.0,0.0
08/05/2016,2.3470299243927,0.0,0.0
08/06/2016,2.5852699279785156,0.0,0.0
08/07/2016,2.7022299766540527,0.0,0.0
08/08/2016,2.156899929046631,0.0,0.0
08/09/2016,2.1743099689483643,0.0,0.0
08/10/2016,1.9441399574279785,0.0,0.0
08/11/2016,1.7174700498580933,0.0,0.0
08/12/2016,1.843850016593933,0.0,0.0
08/13/2016,1.8566700220108032,0.0,0.0
08/14/2016,1.8683600425720215,0.0,0.0
08/15/2016,1.9273300170898438,0.0,0.0
08/16/2016,1.8650100231170654,0.0,0.0
08/17/2016,1.8603500127792358,0.0,0.0
08/18/2016,1.7421300411224365,0.0,0.0
08/19/2016,1.6840499639511108,0.0,0.0
08/20/2016,1.7800400257110596,0.0,0.0
08/21/2016,1.7451200485229492,0.0,0.0
08/22/2016,1.7262500524520874,0.0,0.0
08/23/2016,1.674780011177063,0.0,0.0
08/24/2016,1.6064599752426147,0.0,0.0
08/25/2016,1.4418200254440308,0.0,0.0
08/26/2016,1.3708900213241577,0.0,0.0
08/27/2016,1.4397499561309814,0.0,0.0
08/28/2016,1.3468199968338013,0.0,0.0
08/29/2016,1.3188199996948242,0.0,0.0
08/30/2016,1.2604700326919556,0.0,0.0
08/31/2016,1.236449956893921,0.0,0.0
09/01/2016,1.188730001449585,0.0,0.0
09/02/2016,1.4590200185775757,0.0,0.0
09/03/2016,1.398419976234436,0.0,0.0
09/04/2016,1.3439799547195435,0.0,0.0
09/05/2016,1.463919997215271,0.0,0.0
09/06/2016,1.4568699598312378,0.0,0.0
09/07/2016,1.4660300016403198,0.0,0.0
09/08/2016,1.4786900281906128,0.0,0.0
09/09/2016,1.422719955444336,0.0,0.0
09/10/2016,1.3972699642181396,0.0,0.0
09/11/2016,1.4168699979782104,0.0,0.0
09/12/2016,1.3364100456237793,0.0,0.0
09/13/2016,1.3235000371932983,0.0,0.0
09/14/2016,1.286020040512085,0.0,0.0
09/15/2016,1.2915600538253784,0.0,0.0
09/16/2016,1.2789000272750854,0.0,0.0
09/17/2016,1.3231899738311768,0.0,0.0
09/18/2016,1.323259949684143,0.0,0.0
09/19/2016,1.3240100145339966,0.0,0.0
09/20/2016,1.2748899459838867,0.0,0.0
09/21/2016,1.2374900579452515,0.0,0.0
09/22/2016,1.2203500270843506,0.0,0.0
09/23/2016,1.2521699666976929,0.0,0.0
09/24/2016,1.2427300214767456,0.0,0.0
09/25/2016,1.2520699501037598,0.0,0.0
09/26/2016,1.2113399505615234,0.0,0.0
09/27/2016,1.1988999843597412,0.0,0.0
09/28/2016,1.2021100521087646,0.0,0.0
09/29/2016,1.2457900047302246,0.0,0.0
09/30/2016,1.268720030784607,0.0,0.0
10/01/2016,1.2569199800491333,0.0,0.0
10/02/2016,1.192430019378662,0.0,0.0
10/03/2016,1.1938300132751465,0.0,0.0
10/04/2016,1.1945099830627441,0.0,0.0
10/05/2016,1.161370038986206,0.0,0.0
10/06/2016,1.1885499954223633,0.0,0.0
10/07/2016,1.173799991607666,0.0,0.0
10/08/2016,1.1705299615859985,0.0,0.0
10/09/2016,1.183459997177124,0.0,0.0
10/10/2016,1.1693899631500244,0.0,0.0
10/11/2016,1.1518800258636475,0.0,0.0
10/12/2016,1.0976300239562988,0.0,0.0
10/13/2016,1.0356299877166748,0.0,0.0
10/14/2016,1.011489987373352,0.0,0.0
10/15/2016,0.9909890294075012,0.0,0.0
10/16/2016,0.9927430152893066,0.0,0.0
10/17/2016,1.2005499601364136,0.0,0.0
10/18/2016,1.0744600296020508,0.0,0.0
10/19/2016,1.0574100017547607,0.0,0.0
10/20/2016,1.054460048675537,0.0,0.0
10/21/2016,1.0422199964523315,0.0,0.0
10/22/2016,1.0302000045776367,0.0,0.0
10/23/2016,1.046030044555664,0.0,0.0
10/24/2016,1.0463800430297852,0.0,0.0
10/25/2016,1.0293699502944946,0.0,0.0
10/26/2016,1.018530011177063,0.0,0.0
10/27/2016,1.0315799713134766,0.0,0.0
10/28/2016,0.9955729842185974,0.0,0.0
10/29/2016,0.9408400058746338,0.0,0.0
10/30/2016,0.890188992023468,0.0,0.0
10/31/2016,0.9304500222206116,0.0,0.0
11/01/2016,0.9012789726257324,0.0,0.0
11/02/2016,0.8851500153541565,0.0,0.0
11/03/2016,0.88782799243927,0.0,0.0
11/04/2016,0.8940309882164001,0.0,0.0
11/05/2016,0.9710739850997925,0.0,0.0
11/06/2016,1.0408899784088135,0.0,0.0
11/07/2016,0.9867159724235535,0.0,0.0
11/08/2016,0.9306929707527161,0.0,0.0
11/09/2016,0.9410459995269775,0.0,0.0
11/10/2016,0.913578987121582,0.0,0.0
11/11/2016,0.9231579899787903,0.0,0.0
11/12/2016,0.9172539710998535,0.0,0.0
11/13/2016,0.9105380177497864,0.0,0.0
11/14/2016,0.9002569913864136,0.0,0.0
11/15/2016,0.8915150165557861,0.0,0.0
11/16/2016,0.9255369901657104,0.0,0.0
11/17/2016,0.909434974193573,0.0,0.0
11/18/2016,0.8926770091056824,0.0,0.0
11/19/2016,0.8694109916687012,0.0,0.0
11/20/2016,0.8610399961471558,0.0,0.0
11/21/2016,0.8586540222167969,0.0,0.0
11/22/2016,0.8503410220146179,0.0,0.0
11/23/2016,0.8379020094871521,0.0,0.0
11/24/2016,0.8157349824905396,0.0,0.0
11/25/2016,0.7719169855117798,0.0,0.0
11/26/2016,0.8401830196380615,0.0,0.0
11/27/2016,0.7817630171775818,0.0,0.0
11/28/2016,0.7773540019989014,0.0,0.0
11/29/2016,0.7595909833908081,0.0,0.0
11/30/2016,0.748117983341217,0.0,0.0
12/01/2016,0.7474750280380249,0.0,0.0
12/02/2016,0.7671989798545837,0.0,0.0
12/03/2016,0.8022400140762329,0.0,0.0
12/04/2016,0.7725269794464111,0.0,0.0
12/05/2016,0.7686660289764404,0.0,0.0
12/06/2016,0.8397939801216125,0.0,0.0
12/07/2016,0.7821900248527527,0.0,0.0
12/08/2016,0.8245689868927002,0.0,0.0
12/09/2016,0.8178560137748718,0.0,0.0
12/10/2016,0.8095070123672485,0.0,0.0
12/11/2016,0.8583999872207642,0.0,0.0
12/12/2016,0.9302700161933899,0.0,0.0
12/13/2016,0.9098939895629883,0.0,0.0
12/14/2016,0.9834120273590088,0.0,0.0
12/15/2016,0.9927170276641846,0.0,0.0
12/16/2016,1.0822099447250366,0.0,0.0
12/17/2016,1.0687299966812134,0.0,0.0
12/18/2016,1.008679986000061,0.0,0.0
12/19/2016,1.0620399713516235,0.0,0.0
12/20/2016,1.1962000131607056,0.0,0.0
12/21/2016,1.1369500160217285,0.0,0.0
12/22/2016,1.139299988746643,0.0,0.0
12/23/2016,1.1002800464630127,0.0,0.0
12/24/2016,1.0470900535583496,0.0,0.0
12/25/2016,1.1166399717330933,0.0,0.0
12/26/2016,1.071869969367981,0.0,0.0
12/27/2016,1.0434900522232056,0.0,0.0
12/28/2016,1.0522199869155884,0.0,0.0
12/29/2016,1.112220048904419,0.0,0.0
12/30/2016,1.4307399988174438,0.0,0.0
12/31/2016,1.549430012702942,0.0,0.0
01/01/2017,1.4123200178146362,0.0,0.0
01/02/2017,1.3969899415969849,0.0,0.0
01/03/2017,1.4377599954605103,0.0,0.0
01/04/2017,1.4916900396347046,0.0,0.0
01/05/2017,1.7660599946975708,0.0,0.0
01/06/2017,1.6275099515914917,0.0,0.0
01/07/2017,1.509369969367981,0.0,0.0
01/08/2017,1.4420100450515747,0.0,0.0
01/09/2017,1.45278000831604,0.0,0.0
01/10/2017,1.412019968032837,0.0,0.0
01/11/2017,1.432960033416748,0.0,0.0
01/12/2017,1.1739200353622437,0.0,0.0
01/13/2017,1.2123099565505981,0.0,0.0
01/14/2017,1.2070800065994263,0.0,0.0
01/15/2017,1.2041399478912354,0.0,0.0
01/16/2017,1.186079978942871,0.0,0.0
01/17/2017,1.1785199642181396,0.0,0.0
01/18/2017,1.210170030593872,0.0,0.0
01/19/2017,1.2035800218582153,0.0,0.0
01/20/2017,1.1709400415420532,0.0,0.0
01/21/2017,1.3432400226593018,0.0,0.0
01/22/2017,1.4136099815368652,0.0,0.0
01/23/2017,1.3878599405288696,0.0,0.0
01/24/2017,1.3918999433517456,0.0,0.0
01/25/2017,1.3603800535202026,0.0,0.0
01/26/2017,1.2906399965286255,0.0,0.0
01/27/2017,1.3323400020599365,0.0,0.0
01/28/2017,1.2807199954986572,0.0,0.0
01/29/2017,1.3047900199890137,0.0,0.0
01/30/2017,1.2989399433135986,0.0,0.0
01/31/2017,1.348639965057373,0.0,0.0
02/01/2017,1.3598300218582153,0.0,0.0
02/02/2017,1.3548200130462646,0.0,0.0
02/03/2017,1.3599300384521484,0.0,0.0
02/04/2017,1.3628599643707275,0.0,0.0
02/05/2017,1.3908100128173828,0.0,0.0
02/06/2017,1.3895699977874756,0.0,0.0
02/07/2017,1.4785200357437134,0.0,0.0
02/08/2017,1.477970004081726,0.0,0.0
02/09/2017,1.4554699659347534,0.0,0.0
02/10/2017,1.2747100591659546,0.0,0.0
02/11/2017,1.2572699785232544,0.0,0.0
02/12/2017,1.2353500127792358,0.0,0.0
02/13/2017,1.2269400358200073,0.0,0.0
02/14/2017,1.195580005645752,0.0,0.0
02/15/2017,1.2486200332641602,0.0,0.0
02/16/2017,1.2620600461959839,0.0,0.0
02/17/2017,1.2342900037765503,0.0,0.0
02/18/2017,1.2326300144195557,0.0,0.0
02/19/2017,1.2205699682235718,0.0,0.0
02/20/2017,1.223580002784729,0.0,0.0
02/21/2017,1.2220300436019897,0.0,0.0
02/22/2017,1.2433099746704102,0.0,0.0
02/23/2017,1.212649941444397,0.0,0.0
02/24/2017,1.2309600114822388,0.0,0.0
02/25/2017,1.2064399719238281,0.0,0.0
02/26/2017,1.2124300003051758,0.0,0.0
02/27/2017,1.2467999458312988,0.0,0.0
02/28/2017,1.2360199689865112,0.0,0.0
03/01/2017,1.2366399765014648,0.0,0.0
03/02/2017,1.3987200260162354,0.0,0.0
03/03/2017,1.3656599521636963,0.0,0.0
03/04/2017,1.4404900074005127,0.0,0.0
03/05/2017,1.4342600107192993,0.0,0.0
03/06/2017,1.3979099988937378,0.0,0.0
03/07/2017,1.4331300258636475,0.0,0.0
03/08/2017,1.3740099668502808,0.0,0.0
03/09/2017,1.2879300117492676,0.0,0.0
03/10/2017,1.3263299465179443,0.0,0.0
03/11/2017,1.298359990119934,0.0,0.0
03/12/2017,1.385010004043579,0.0,0.0
03/13/2017,1.4245799779891968,0.0,0.0
03/14/2017,1.651479959487915,0.0,0.0
03/15/2017,1.6566499471664429,0.0,0.0
03/16/2017,1.8100800514221191,0.0,0.0
03/17/2017,2.0895700454711914,0.0,0.0
03/18/2017,1.9052200317382812,0.0,0.0
03/19/2017,1.7083499431610107,0.0,0.0
03/20/2017,1.9347699880599976,0.0,0.0
03/21/2017,1.947409987449646,0.0,0.0
03/22/2017,2.4256300926208496,0.0,0.0
03/23/2017,2.3948700428009033,0.0,0.0
03/24/2017,2.2892301082611084,0.0,0.0
03/25/2017,2.421610116958618,0.0,0.0
03/26/2017,2.2840499877929688,0.0,0.0
03/27/2017,2.358839988708496,0.0,0.0
03/28/2017,2.1383700370788574,0.0,0.0
03/29/2017,2.267930030822754,0.0,0.0
03/30/2017,2.327169895172119,0.0,0.0
03/31/2017,2.801800012588501,0.0,0.0
04/01/2017,2.817689895629883,0.0,0.0
04/02/2017,2.7535500526428223,0.0,0.0
04/03/2017,2.6513099670410156,0.0,0.0
04/04/2017,2.6015000343322754,0.0,0.0
04/05/2017,2.6775200366973877,0.0,0.0
04/06/2017,2.7502400875091553,0.0,0.0
04/07/2017,2.669569969177246,0.0,0.0
04/08/2017,2.705519914627075,0.0,0.0
04/09/2017,2.7163500785827637,0.0,0.0
04/10/2017,2.643549919128418,0.0,0.0
04/11/2017,2.5980899333953857,0.0,0.0
04/12/2017,2.535979986190796,0.0,0.0
04/13/2017,2.6204800605773926,0.0,0.0
04/14/2017,2.625930070877075,0.0,0.0
04/15/2017,2.639659881591797,0.0,0.0
04/16/2017,2.678270101547241,0.0,0.0
04/17/2017,2.627039909362793,0.0,0.0
04/18/2017,2.6211800575256348,0.0,0.0
04/19/2017,2.885469913482666,0.0,0.0
04/20/2017,3.1537399291992188,0.0,0.0
04/21/2017,3.2785699367523193,0.0,0.0
04/22/2017,3.180269956588745,0.0,0.0
04/23/2017,3.229840040206909,0.0,0.0
04/24/2017,3.5712599754333496,0.0,0.0
04/25/2017,4.05318021774292,0.0,0.0
04/26/2017,3.972480058670044,0.0,0.0
04/27/2017,4.59542989730835,0.0,0.0
04/28/2017,4.949530124664307,0.0,0.0
04/29/2017,4.8752899169921875,0.0,0.0
04/30/2017,5.444530010223389,0.0,0.0
05/01/2017,6.490379810333252,0.0,0.0
05/02/2017,6.938360214233398,0.0,0.0
05/03/2017,6.544519901275635,0.0,0.0
05/04/2017,6.672989845275879,0.0,0.0
05/05/2017,7.679299831390381,0.0,0.0
05/06/2017,7.546619892120361,0.0,0.0
05/07/2017,7.289669990539551,0.0,0.0
05/08/2017,7.114140033721924,0.0,0.0
05/09/2017,6.664360046386719,0.0,0.0
05/10/2017,6.425389766693115,0.0,0.0
05/11/2017,6.62175989151001,0.0,0.0
05/12/2017,6.476419925689697,0.0,0.0
05/13/2017,6.327449798583984,0.0,0.0
05/14/2017,6.174330234527588,0.0,0.0
05/15/2017,6.825809955596924,0.0,0.0
05/16/2017,6.38670015335083,0.0,0.0
05/17/2017,6.237189769744873,0.0,0.0
05/18/2017,5.924980163574219,0.0,0.0
05/19/2017,6.7152299880981445,0.0,0.0
05/20/2017,7.987430095672607,0.0,0.0
05/21/2017,7.391590118408203,0.0,0.0
05/22/2017,8.996720314025879,0.0,0.0
05/23/2017,9.968759536743164,0.0,0.0
05/24/2017,12.021599769592285,0.0,0.0
05/25/2017,19.224700927734375,0.0,0.0
05/26/2017,16.520999908447266,0.0,0.0
05/27/2017,13.958399772644043,0.0,0.0
05/28/2017,16.555200576782227,0.0,0.0
05/29/2017,16.229900360107422,0.0,0.0
05/30/2017,17.13129997253418,0.0,0.0
05/31/2017,18.74139976501465,0.0,0.0
06/01/2017,17.621000289916992,0.0,0.0
06/02/2017,16.835100173950195,0.0,0.0
06/03/2017,17.39069938659668,0.0,0.0
06/04/2017,16.360200881958008,0.0,0.0
06/05/2017,17.42770004272461,0.0,0.0
06/06/2017,17.34779930114746,0.0,0.0
06/07/2017,17.496999740600586,0.0,0.0
06/08/2017,17.531700134277344,0.0,0.0
06/09/2017,17.539400100708008,0.0,0.0
06/10/2017,17.446300506591797,0.0,0.0
06/11/2017,19.50309944152832,0.0,0.0
06/12/2017,21.56679916381836,0.0,0.0
06/13/2017,20.257600784301758,0.0,0.0
06/14/2017,20.75950050354004,0.0,0.0
06/15/2017,18.85849952697754,0.0,0.0
06/16/2017,18.326900482177734,0.0,0.0
06/17/2017,18.379100799560547,0.0,0.0
06/18/2017,23.02989959716797,0.0,0.0
06/19/2017,22.05109977722168,0.0,0.0
06/20/2017,23.021699905395508,0.0,0.0
06/21/2017,21.692899703979492,0.0,0.0
06/22/2017,20.762800216674805,0.0,0.0
06/23/2017,20.79949951171875,0.0,0.0
06/24/2017,21.359100341796875,0.0,0.0
06/25/2017,20.13759994506836,0.0,0.0
06/26/2017,21.528499603271484,0.0,0.0
06/27/2017,19.682600021362305,0.0,0.0
06/28/2017,19.15760040283203,0.0,0.0
06/29/2017,19.623199462890625,0.0,0.0
06/30/2017,18.597299575805664,0.0,0.0
07/01/2017,18.75079917907715,0.0,0.0
07/02/2017,17.737300872802734,0.0,0.0
07/03/2017,17.914499282836914,0.0,0.0
07/04/2017,17.838199615478516,0.0,0.0
07/05/2017,18.047399520874023,0.0,0.0
07/06/2017,17.77120018005371,0.0,0.0
07/07/2017,17.956300735473633,0.0,0.0
07/08/2017,16.74139976501465,0.0,0.0
07/09/2017,16.97010040283203,0.0,0.0
07/10/2017,16.236499786376953,0.0,0.0
07/11/2017,15.218600273132324,0.0,0.0
07/12/2017,14.69219970703125,0.0,0.0
07/13/2017,20.047500610351562,0.0,0.0
07/14/2017,18.414400100708008,0.0,0.0
07/15/2017,17.603300094604492,0.0,0.0
07/16/2017,14.707599639892578,0.0,0.0
07/17/2017,14.399800300598145,0.0,0.0
07/18/2017,15.512399673461914,0.0,0.0
07/19/2017,16.432199478149414,0.0,0.0
07/20/2017,14.947699546813965,0.0,0.0
07/21/2017,16.11549949645996,0.0,0.0
07/22/2017,16.112499237060547,0.0,0.0
07/23/2017,16.518299102783203,0.0,0.0
07/24/2017,15.841099739074707,0.0,0.0
07/25/2017,15.888999938964844,0.0,0.0
07/26/2017,14.861700057983398,0.0,0.0
07/27/2017,14.805399894714355,0.0,0.0
07/28/2017,14.652099609375,0.0,0.0
07/29/2017,14.158100128173828,0.0,0.0
07/30/2017,14.333399772644043,0.0,0.0
07/31/2017,13.781599998474121,0.0,0.0
08/01/2017,14.019399642944336,0.0,0.0
08/02/2017,14.602100372314453,0.0,0.0
08/03/2017,14.762700080871582,0.0,0.0
08/04/2017,15.370499610900879,0.0,0.0
08/05/2017,15.026800155639648,0.0,0.0
08/06/2017,15.964099884033203,0.0,0.0
08/07/2017,15.329000473022461,0.0,0.0
08/08/2017,15.299200057983398,0.0,0.0
08/09/2017,15.87030029296875,0.0,0.0
08/10/2017,15.397500038146973,0.0,0.0
08/11/2017,15.161499977111816,0.0,0.0
08/12/2017,15.177800178527832,0.0,0.0
08/13/2017,14.78030014038086,0.0,0.0
08/14/2017,14.28689956665039,0.0,0.0
08/15/2017,14.07450008392334,0.0,0.0
08/16/2017,13.6875,0.0,0.0
08/17/2017,14.23270034790039,0.0,0.0
08/18/2017,13.888199806213379,0.0,0.0
08/19/2017,13.857500076293945,0.0,0.0
08/20/2017,13.681099891662598,0.0,0.0
08/21/2017,13.893799781799316,0.0,0.0
08/22/2017,14.572600364685059,0.0,0.0
08/23/2017,14.474599838256836,0.0,0.0
08/24/2017,15.35830020904541,0.0,0.0
08/25/2017,15.126299858093262,0.0,0.0
08/26/2017,15.282600402832031,0.0,0.0
08/27/2017,15.273200035095215,0.0,0.0
08/28/2017,16.092100143432617,0.0,0.0
08/29/2017,15.791799545288086,0.0,0.0
08/30/2017,15.79539966583252,0.0,0.0
08/31/2017,15.6766996383667,0.0,0.0
09/01/2017,16.403499603271484,0.0,0.0
09/02/2017,22.043800354003906,0.0,0.0
09/03/2017,20.181299209594727,0.0,0.0
09/04/2017,18.541799545288086,0.0,0.0
09/05/2017,15.82390022277832,0.0,0.0
09/06/2017,16.58650016784668,0.0,0.0
09/07/2017,19.008699417114258,0.0,0.0
09/08/2017,17.8572998046875,0.0,0.0
09/09/2017,15.142499923706055,0.0,0.0
09/10/2017,14.839300155639648,0.0,0.0
09/11/2017,13.622300148010254,0.0,0.0
09/12/2017,14.66670036315918,0.0,0.0
09/13/2017,14.450200080871582,0.0,0.0
09/14/2017,14.04580020904541,0.0,0.0
09/15/2017,9.092109680175781,0.0,0.0
09/16/2017,10.242400169372559,0.0,0.0
09/17/2017,9.919659614562988,0.0,0.0
09/18/2017,10.01259994506836,0.0,0.0
09/19/2017,11.833900451660156,0.0,0.0
09/20/2017,11.435700416564941,0.0,0.0
09/21/2017,11.20829963684082,0.0,0.0
09/22/2017,10.1003999710083,0.0,0.0
09/23/2017,10.212599754333496,0.0,0.0
09/24/2017,10.606100082397461,0.0,0.0
09/25/2017,10.40939998626709,0.0,0.0
09/26/2017,10.865599632263184,0.0,0.0
09/27/2017,11.231900215148926,0.0,0.0
09/28/2017,12.627799987792969,0.0,0.0
09/29/2017,12.767800331115723,0.0,0.0
09/30/2017,12.507399559020996,0.0,0.0
10/01/2017,12.982000350952148,0.0,0.0
10/02/2017,12.742600440979004,0.0,0.0
10/03/2017,12.470600128173828,0.0,0.0
10/04/2017,12.382699966430664,0.0,0.0
10/05/2017,11.966300010681152,0.0,0.0
10/06/2017,11.944899559020996,0.0,0.0
10/07/2017,12.31820011138916,0.0,0.0
10/08/2017,12.275199890136719,0.0,0.0
10/09/2017,12.120800018310547,0.0,0.0
10/10/2017,11.494400024414062,0.0,0.0
10/11/2017,11.547200202941895,0.0,0.0
10/12/2017,11.508399963378906,0.0,0.0
10/13/2017,12.002599716186523,0.0,0.0
10/14/2017,12.20110034942627,0.0,0.0
10/15/2017,12.240599632263184,0.0,0.0
10/16/2017,11.949000358581543,0.0,0.0
10/17/2017,11.902799606323242,0.0,0.0
10/18/2017,11.920100212097168,0.0,0.0
10/19/2017,11.519000053405762,0.0,0.0
10/20/2017,11.356100082397461,0.0,0.0
10/21/2017,11.206000328063965,0.0,0.0
10/22/2017,10.934000015258789,0.0,0.0
10/23/2017,10.817000389099121,0.0,0.0
10/24/2017,10.284099578857422,0.0,0.0
10/25/2017,10.583200454711914,0.0,0.0
10/26/2017,10.62440013885498,0.0,0.0
10/27/2017,10.489500045776367,0.0,0.0
10/28/2017,10.399200439453125,0.0,0.0
10/29/2017,10.591300010681152,0.0,0.0
10/30/2017,10.837699890136719,0.0,0.0
10/31/2017,10.866399765014648,0.0,0.0
11/01/2017,10.600899696350098,0.0,0.0
11/02/2017,10.270999908447266,0.0,0.0
11/03/2017,10.23799991607666,0.0,0.0
11/04/2017,12.628399848937988,0.0,0.0
11/05/2017,11.862199783325195,0.0,0.0
11/06/2017,13.298299789428711,0.0,0.0
11/07/2017,14.142800331115723,0.0,0.0
11/08/2017,14.089799880981445,0.0,0.0
11/09/2017,13.97719955444336,0.0,0.0
11/10/2017,14.188300132751465,0.0,0.0
11/11/2017,14.624500274658203,0.0,0.0
11/12/2017,19.46109962463379,0.0,0.0
11/13/2017,15.309399604797363,0.0,0.0
11/14/2017,16.080699920654297,0.0,0.0
11/15/2017,17.84119987487793,0.0,0.0
11/16/2017,17.502700805664062,0.0,0.0
11/17/2017,16.7726993560791,0.0,0.0
11/18/2017,17.21430015563965,0.0,0.0
11/19/2017,17.734899520874023,0.0,0.0
11/20/2017,17.935800552368164,0.0,0.0
11/21/2017,18.39859962463379,0.0,0.0
11/22/2017,17.74340057373047,0.0,0.0
11/23/2017,18.021099090576172,0.0,0.0
11/24/2017,18.264299392700195,0.0,0.0
11/25/2017,21.325199127197266,0.0,0.0
11/26/2017,21.728300094604492,0.0,0.0
11/27/2017,22.157699584960938,0.0,0.0
11/28/2017,25.74449920654297,0.0,0.0
11/29/2017,33.98500061035156,0.0,0.0
11/30/2017,26.005300521850586,0.0,0.0
12/01/2017,27.951200485229492,0.0,0.0
12/02/2017,31.181499481201172,0.0,0.0
12/03/2017,30.77079963684082,0.0,0.0
12/04/2017,30.44230079650879,0.0,0.0
12/05/2017,30.39900016784668,0.0,0.0
12/06/2017,30.493799209594727,0.0,0.0
12/07/2017,27.90410041809082,0.0,0.0
12/08/2017,26.889400482177734,0.0,0.0
12/09/2017,29.766199111938477,0.0,0.0
12/10/2017,29.21780014038086,0.0,0.0
12/11/2017,26.477699279785156,0.0,0.0
12/12/2017,27.7549991607666,0.0,0.0
12/13/2017,30.292200088500977,0.0,0.0
12/14/2017,29.635000228881836,0.0,0.0
12/15/2017,32.02320098876953,0.0,0.0
12/16/2017,32.02730178833008,0.0,0.0
12/17/2017,34.78409957885742,0.0,0.0
12/18/2017,34.852901458740234,0.0,0.0
12/19/2017,39.405601501464844,0.0,0.0
12/20/2017,40.372100830078125,0.0,0.0
12/21/2017,43.86009979248047,0.0,0.0
12/22/2017,42.42110061645508,0.0,0.0
12/23/2017,31.543699264526367,0.0,0.0
12/24/2017,33.00400161743164,0.0,0.0
12/25/2017,30.9064998626709,0.0,0.0
12/26/2017,32.459999084472656,0.0,0.0
12/27/2017,32.83000183105469,0.0,0.0
12/28/2017,32.15959930419922,0.0,0.0
12/29/2017,29.64579963684082,0.0,0.0
12/30/2017,30.038400650024414,0.0,0.0
12/31/2017,26.73740005493164,0.0,0.0
01/01/2018,28.048599243164062,0.0,0.0
01/02/2018,34.46189880371094,0.0,0.0
01/03/2018,34.911399841308594,0.0,0.0
01/04/2018,34.442901611328125,0.0,0.0
01/05/2018,36.172000885009766,0.0,0.0
01/06/2018,36.314701080322266,0.0,0.0
01/07/2018,38.440399169921875,0.0,0.0
01/08/2018,41.12160110473633,0.0,0.0
01/09/2018,34.09120178222656,0.0,0.0
01/10/2018,38.12810134887695,0.0,0.0
01/11/2018,36.90610122680664,0.0,0.0
01/12/2018,33.061798095703125,0.0,0.0
01/13/2018,36.18190002441406,0.0,0.0
01/14/2018,42.893798828125,0.0,0.0
01/15/2018,42.68009948730469,0.0,0.0
01/16/2018,40.486698150634766,0.0,0.0
01/17/2018,28.384599685668945,0.0,0.0
01/18/2018,29.24410057067871,0.0,0.0
01/19/2018,30.027599334716797,0.0,0.0
01/20/2018,32.09109878540039,0.0,0.0
01/21/2018,35.49399948120117,0.0,0.0
01/22/2018,30.59149932861328,0.0,0.0
01/23/2018,29.275999069213867,0.0,0.0
01/24/2018,28.472200393676758,0.0,0.0
01/25/2018,29.8887996673584,0.0,0.0
01/26/2018,29.102699279785156,0.0,0.0
01/27/2018,28.756000518798828,0.0,0.0
01/28/2018,29.6205997467041,0.0,0.0
01/29/2018,33.21269989013672,0.0,0.0
01/30/2018,31.769699096679688,0.0,0.0
01/31/2018,27.208999633789062,0.0,0.0
02/01/2018,28.773500442504883,0.0,0.0
02/02/2018,24.953699111938477,0.0,0.0
02/03/2018,23.152799606323242,0.0,0.0
02/04/2018,24.18899917602539,0.0,0.0
02/05/2018,20.761600494384766,0.0,0.0
02/06/2018,16.754499435424805,0.0,0.0
02/07/2018,19.183300018310547,0.0,0.0
02/08/2018,18.148500442504883,0.0,0.0
02/09/2018,21.887100219726562,0.0,0.0
02/10/2018,25.953399658203125,0.0,0.0
02/11/2018,24.531600952148438,0.0,0.0
02/12/2018,24.30929946899414,0.0,0.0
02/13/2018,29.88290023803711,0.0,0.0
02/14/2018,34.32400131225586,0.0,0.0
02/15/2018,34.827598571777344,0.0,0.0
02/16/2018,34.43119812011719,0.0,0.0
02/17/2018,34.96820068359375,0.0,0.0
02/18/2018,35.00749969482422,0.0,0.0
02/19/2018,34.69380187988281,0.0,0.0
02/20/2018,39.40800094604492,0.0,0.0
02/21/2018,38.072200775146484,0.0,0.0
02/22/2018,36.45759963989258,0.0,0.0
02/23/2018,32.499698638916016,0.0,0.0
02/24/2018,37.82509994506836,0.0,0.0
02/25/2018,38.573299407958984,0.0,0.0
02/26/2018,36.85179901123047,0.0,0.0
02/27/2018,36.23630142211914,0.0,0.0
02/28/2018,36.0015983581543,0.0,0.0
03/01/2018,33.636600494384766,0.0,0.0
03/02/2018,33.752899169921875,0.0,0.0
03/03/2018,30.794099807739258,0.0,0.0
03/04/2018,29.1564998626709,0.0,0.0
03/05/2018,29.646699905395508,0.0,0.0
03/06/2018,26.825000762939453,0.0,0.0
03/07/2018,25.062299728393555,0.0,0.0
03/08/2018,22.185400009155273,0.0,0.0
03/09/2018,22.70829963684082,0.0,0.0
03/10/2018,22.514299392700195,0.0,0.0
03/11/2018,20.875999450683594,0.0,0.0
03/12/2018,21.567699432373047,0.0,0.0
03/13/2018,20.458099365234375,0.0,0.0
03/14/2018,19.947999954223633,0.0,0.0
03/15/2018,17.1914005279541,0.0,0.0
03/16/2018,18.498899459838867,0.0,0.0
03/17/2018,17.75779914855957,0.0,0.0
03/18/2018,16.247699737548828,0.0,0.0
03/19/2018,16.91010093688965,0.0,0.0
03/20/2018,19.61280059814453,0.0,0.0
03/21/2018,20.288700103759766,0.0,0.0
03/22/2018,19.788299560546875,0.0,0.0
03/23/2018,19.687000274658203,0.0,0.0
03/24/2018,19.13129997253418,0.0,0.0
03/25/2018,18.370399475097656,0.0,0.0
03/26/2018,18.09429931640625,0.0,0.0
03/27/2018,16.48150062561035,0.0,0.0
03/28/2018,15.87090015411377,0.0,0.0
03/29/2018,16.110000610351562,0.0,0.0
03/30/2018,14.644599914550781,0.0,0.0
03/31/2018,14.403200149536133,0.0,0.0
04/01/2018,14.406999588012695,0.0,0.0
04/02/2018,13.618800163269043,0.0,0.0
04/03/2018,14.157899856567383,0.0,0.0
04/04/2018,15.117799758911133,0.0,0.0
04/05/2018,13.647899627685547,0.0,0.0
04/06/2018,13.687700271606445,0.0,0.0
04/07/2018,13.151599884033203,0.0,0.0
04/08/2018,13.47130012512207,0.0,0.0
04/09/2018,14.144100189208984,0.0,0.0
04/10/2018,13.65429973602295,0.0,0.0
04/11/2018,13.686699867248535,0.0,0.0
04/12/2018,14.562800407409668,0.0,0.0
04/13/2018,16.059600830078125,0.0,0.0
04/14/2018,15.568300247192383,0.0,0.0
04/15/2018,16.075000762939453,0.0,0.0
04/16/2018,16.72920036315918,0.0,0.0
04/17/2018,16.15690040588379,0.0,0.0
04/18/2018,16.078100204467773,0.0,0.0
04/19/2018,17.625099182128906,0.0,0.0
04/20/2018,18.418500900268555,0.0,0.0
04/21/2018,19.697799682617188,0.0,0.0
04/22/2018,18.662399291992188,0.0,0.0
04/23/2018,18.77050018310547,0.0,0.0
04/24/2018,20.482799530029297,0.0,0.0
04/25/2018,22.10610008239746,0.0,0.0
04/26/2018,18.597900390625,0.0,0.0
04/27/2018,21.005800247192383,0.0,0.0
04/28/2018,20.57080078125,0.0,0.0
04/29/2018,21.71660041809082,0.0,0.0
04/30/2018,21.842899322509766,0.0,0.0
05/01/2018,21.856800079345703,0.0,0.0
05/02/2018,21.556900024414062,0.0,0.0
05/03/2018,21.643800735473633,0.0,0.0
05/04/2018,22.71780014038086,0.0,0.0
05/05/2018,22.369199752807617,0.0,0.0
05/06/2018,22.739200592041016,0.0,0.0
05/07/2018,25.454599380493164,0.0,0.0
05/08/2018,23.649599075317383,0.0,0.0
05/09/2018,22.427000045776367,0.0,0.0
05/10/2018,21.514799118041992,0.0,0.0
05/11/2018,19.77669906616211,0.0,0.0
05/12/2018,17.785999298095703,0.0,0.0
05/13/2018,18.118999481201172,0.0,0.0
05/14/2018,18.797100067138672,0.0,0.0
05/15/2018,18.759300231933594,0.0,0.0
05/16/2018,18.195100784301758,0.0,0.0
05/17/2018,17.762100219726562,0.0,0.0
05/18/2018,16.930599212646484,0.0,0.0
05/19/2018,17.99850082397461,0.0,0.0
05/20/2018,17.700700759887695,0.0,0.0
05/21/2018,18.18779945373535,0.0,0.0
05/22/2018,17.67569923400879,0.0,0.0
05/23/2018,16.497699737548828,0.0,0.0
05/24/2018,14.909500122070312,0.0,0.0
05/25/2018,15.729299545288086,0.0,0.0
05/26/2018,15.201299667358398,0.0,0.0
05/27/2018,15.268099784851074,0.0,0.0
05/28/2018,15.196499824523926,0.0,0.0
05/29/2018,14.509499549865723,0.0,0.0
05/30/2018,15.30739974975586,0.0,0.0
05/31/2018,15.227399826049805,0.0,0.0
06/01/2018,15.338299751281738,0.0,0.0
06/02/2018,15.501099586486816,0.0,0.0
06/03/2018,15.80780029296875,0.0,0.0
06/04/2018,16.250900268554688,0.0,0.0
06/05/2018,15.230799674987793,0.0,0.0
06/06/2018,15.554100036621094,0.0,0.0
06/07/2018,15.280599594116211,0.0,0.0
06/08/2018,15.252900123596191,0.0,0.0
06/09/2018,15.431699752807617,0.0,0.0
06/10/2018,15.143400192260742,0.0,0.0
06/11/2018,12.626799583435059,0.0,0.0
06/12/2018,12.926199913024902,0.0,0.0
06/13/2018,14.874699592590332,0.0,0.0
06/14/2018,13.917699813842773,0.0,0.0
06/15/2018,14.083200454711914,0.0,0.0
06/16/2018,13.878899574279785,0.0,0.0
06/17/2018,14.46969985961914,0.0,0.0
06/18/2018,14.302000045776367,0.0,0.0
06/19/2018,15.112000465393066,0.0,0.0
06/20/2018,15.587699890136719,0.0,0.0
06/21/2018,17.16510009765625,0.0,0.0
06/22/2018,17.552000045776367,0.0,0.0
06/23/2018,14.656399726867676,0.0,0.0
06/24/2018,14.815299987792969,0.0,0.0
06/25/2018,14.879599571228027,0.0,0.0
06/26/2018,15.802000045776367,0.0,0.0
06/27/2018,14.839400291442871,0.0,0.0
06/28/2018,15.39840030670166,0.0,0.0
06/29/2018,14.593999862670898,0.0,0.0
06/30/2018,15.316900253295898,0.0,0.0
07/01/2018,16.118499755859375,0.0,0.0
07/02/2018,15.99429988861084,0.0,0.0
07/03/2018,16.5856990814209,0.0,0.0
07/04/2018,16.175100326538086,0.0,0.0
07/05/2018,16.83099937438965,0.0,0.0
07/06/2018,17.441499710083008,0.0,0.0
07/07/2018,18.395299911499023,0.0,0.0
07/08/2018,18.96470069885254,0.0,0.0
07/09/2018,18.340700149536133,0.0,0.0
07/10/2018,18.21489906311035,0.0,0.0
07/11/2018,16.1466007232666,0.0,0.0
07/12/2018,16.459800720214844,0.0,0.0
07/13/2018,16.368999481201172,0.0,0.0
07/14/2018,16.326000213623047,0.0,0.0
07/15/2018,16.463499069213867,0.0,0.0
07/16/2018,16.664899826049805,0.0,0.0
07/17/2018,17.42060089111328,0.0,0.0
07/18/2018,17.916900634765625,0.0,0.0
07/19/2018,17.350500106811523,0.0,0.0
07/20/2018,17.406600952148438,0.0,0.0
07/21/2018,16.154399871826172,0.0,0.0
07/22/2018,16.357900619506836,0.0,0.0
07/23/2018,16.13360023498535,0.0,0.0
07/24/2018,16.090499877929688,0.0,0.0
07/25/2018,16.556800842285156,0.0,0.0
07/26/2018,16.493099212646484,0.0,0.0
07/27/2018,16.684200286865234,0.0,0.0
07/28/2018,17.00309944152832,0.0,0.0
07/29/2018,16.95709991455078,0.0,0.0
07/30/2018,16.92799949645996,0.0,0.0
07/31/2018,17.112699508666992,0.0,0.0
08/01/2018,16.215900421142578,0.0,0.0
08/02/2018,15.493300437927246,0.0,0.0
08/03/2018,15.018500328063965,0.0,0.0
08/04/2018,16.541200637817383,0.0,0.0
08/05/2018,16.465700149536133,0.0,0.0
08/06/2018,17.583200454711914,0.0,0.0
08/07/2018,18.751800537109375,0.0,0.0
08/08/2018,17.33449935913086,0.0,0.0
08/09/2018,15.187899589538574,0.0,0.0
08/10/2018,15.079500198364258,0.0,0.0
08/11/2018,14.293899536132812,0.0,0.0
08/12/2018,13.254799842834473,0.0,0.0
08/13/2018,13.255200386047363,0.0,0.0
08/14/2018,12.038700103759766,0.0,0.0
08/15/2018,12.028499603271484,0.0,0.0
08/16/2018,13.217900276184082,0.0,0.0
08/17/2018,13.553500175476074,0.0,0.0
08/18/2018,14.419300079345703,0.0,0.0
08/19/2018,13.28689956665039,0.0,0.0
08/20/2018,13.347999572753906,0.0,0.0
08/21/2018,12.403599739074707,0.0,0.0
08/22/2018,12.850099563598633,0.0,0.0
08/23/2018,12.221199989318848,0.0,0.0
08/24/2018,12.51830005645752,0.0,0.0
08/25/2018,12.601499557495117,0.0,0.0
08/26/2018,12.566900253295898,0.0,0.0
08/27/2018,12.588000297546387,0.0,0.0
08/28/2018,12.77869987487793,0.0,0.0
08/29/2018,13.193699836730957,0.0,0.0
08/30/2018,13.047900199890137,0.0,0.0
08/31/2018,12.923700332641602,0.0,0.0
09/01/2018,12.90060043334961,0.0,0.0
09/02/2018,13.250300407409668,0.0,0.0
09/03/2018,13.371299743652344,0.0,0.0
09/04/2018,14.083200454711914,0.0,0.0
09/05/2018,13.993300437927246,0.0,0.0
09/06/2018,11.866399765014648,0.0,0.0
09/07/2018,11.965700149536133,0.0,0.0
09/08/2018,11.695699691772461,0.0,0.0
09/09/2018,11.008000373840332,0.0,0.0
09/10/2018,11.289999961853027,0.0,0.0
09/11/2018,11.38379955291748,0.0,0.0
09/12/2018,11.302499771118164,0.0,0.0
09/13/2018,10.744199752807617,0.0,0.0
09/14/2018,11.17650032043457,0.0,0.0
09/15/2018,10.95930004119873,0.0,0.0
09/16/2018,11.303899765014648,0.0,0.0
09/17/2018,11.214300155639648,0.0,0.0
09/18/2018,10.308199882507324,0.0,0.0
09/19/2018,10.606100082397461,0.0,0.0
09/20/2018,10.79640007019043,0.0,0.0
09/21/2018,11.18120002746582,0.0,0.0
09/22/2018,11.674599647521973,0.0,0.0
09/23/2018,11.43529987335205,0.0,0.0
09/24/2018,11.586700439453125,0.0,0.0
09/25/2018,11.062100410461426,0.0,0.0
09/26/2018,11.061599731445312,0.0,0.0
09/27/2018,11.00629997253418,0.0,0.0
09/28/2018,11.404500007629395,0.0,0.0
09/29/2018,11.247099876403809,0.0,0.0
09/30/2018,11.383999824523926,0.0,0.0
10/01/2018,11.306500434875488,0.0,0.0
10/02/2018,11.200400352478027,0.0,0.0
10/03/2018,11.148900032043457,0.0,0.0
10/04/2018,11.126199722290039,0.0,0.0
10/05/2018,11.050200462341309,0.0,0.0
10/06/2018,11.054900169372559,0.0,0.0
10/07/2018,10.939299583435059,0.0,0.0
10/08/2018,10.916099548339844,0.0,0.0
10/09/2018,10.976699829101562,0.0,0.0
10/10/2018,10.874500274658203,0.0,0.0
10/11/2018,10.822999954223633,0.0,0.0
10/12/2018,9.142180442810059,0.0,0.0
10/13/2018,9.463089942932129,0.0,0.0
10/14/2018,9.474989891052246,0.0,0.0
10/15/2018,9.407739639282227,0.0,0.0
10/16/2018,9.804980278015137,0.0,0.0
10/17/2018,9.738809585571289,0.0,0.0
10/18/2018,9.815340042114258,0.0,0.0
10/19/2018,9.59434986114502,0.0,0.0
10/20/2018,9.61089038848877,0.0,0.0
10/21/2018,9.668760299682617,0.0,0.0
10/22/2018,9.61935043334961,0.0,0.0
10/23/2018,10.008299827575684,0.0,0.0
10/24/2018,9.785690307617188,0.0,0.0
10/25/2018,9.72367000579834,0.0,0.0
10/26/2018,9.642990112304688,0.0,0.0
10/27/2018,9.627960205078125,0.0,0.0
10/28/2018,9.631239891052246,0.0,0.0
10/29/2018,9.589469909667969,0.0,0.0
10/30/2018,9.077509880065918,0.0,0.0
10/31/2018,9.02688980102539,0.0,0.0
11/01/2018,8.996560096740723,0.0,0.0
11/02/2018,9.055529594421387,0.0,0.0
11/03/2018,9.14365005493164,0.0,0.0
11/04/2018,9.12007999420166,0.0,0.0
11/05/2018,9.334589958190918,0.0,0.0
11/06/2018,9.412500381469727,0.0,0.0
11/07/2018,9.879520416259766,0.0,0.0
11/08/2018,9.623970031738281,0.0,0.0
11/09/2018,9.448749542236328,0.0,0.0
11/10/2018,9.449170112609863,0.0,0.0
11/11/2018,9.45110034942627,0.0,0.0
11/12/2018,9.283390045166016,0.0,0.0
11/13/2018,9.179269790649414,0.0,0.0
11/14/2018,9.072219848632812,0.0,0.0
11/15/2018,7.929530143737793,0.0,0.0
11/16/2018,7.756929874420166,0.0,0.0
11/17/2018,7.471169948577881,0.0,0.0
11/18/2018,7.40831995010376,0.0,0.0
11/19/2018,7.449769973754883,0.0,0.0
11/20/2018,6.2058000564575195,0.0,0.0
11/21/2018,5.524179935455322,0.0,0.0
11/22/2018,5.761290073394775,0.0,0.0
11/23/2018,5.315619945526123,0.0,0.0
11/24/2018,5.217949867248535,0.0,0.0
11/25/2018,4.772280216217041,0.0,0.0
11/26/2018,4.775710105895996,0.0,0.0
11/27/2018,4.304460048675537,0.0,0.0
11/28/2018,4.533400058746338,0.0,0.0
11/29/2018,5.00740385055542,0.0,0.0
11/30/2018,4.913969993591309,0.0,0.0
12/01/2018,4.610381126403809,0.0,0.0
12/02/2018,4.843669891357422,0.0,0.0
12/03/2018,5.171237945556641,0.0,0.0
12/04/2018,4.506569862365723,0.0,0.0
12/05/2018,4.433094024658203,0.0,0.0
12/06/2018,4.0351128578186035,0.0,0.0
12/07/2018,3.5242059230804443,0.0,0.0
12/08/2018,3.8318839073181152,0.0,0.0
12/09/2018,3.8489999771118164,0.0,0.0
12/10/2018,3.9825339317321777,0.0,0.0
12/11/2018,3.9022810459136963,0.0,0.0
12/12/2018,3.7289910316467285,0.0,0.0
12/13/2018,3.9093708992004395,0.0,0.0
12/14/2018,3.862946033477783,0.0,0.0
12/15/2018,3.732470989227295,0.0,0.0
12/16/2018,3.6308040618896484,0.0,0.0
12/17/2018,3.6302850246429443,0.0,0.0
12/18/2018,4.001588821411133,0.0,0.0
12/19/2018,4.233006954193115,0.0,0.0
12/20/2018,4.4226298332214355,0.0,0.0
12/21/2018,4.786013126373291,0.0,0.0
12/22/2018,4.541004180908203,0.0,0.0
12/23/2018,4.705074787139893,0.0,0.0
12/24/2018,4.942611217498779,0.0,0.0
12/25/2018,5.14896297454834,0.0,0.0
12/26/2018,4.739344120025635,0.0,0.0
12/27/2018,5.523684024810791,0.0,0.0
12/28/2018,4.814877986907959,0.0,0.0
12/29/2018,5.317892074584961,0.0,0.0
12/30/2018,5.202067852020264,0.0,0.0
12/31/2018,5.321897029876709,0.0,0.0
01/01/2019,5.049647808074951,0.0,0.0
01/02/2019,5.3194990158081055,0.0,0.0
01/03/2019,5.433833122253418,0.0,0.0
01/04/2019,5.088991165161133,0.0,0.0
01/05/2019,5.24922513961792,0.0,0.0
01/06/2019,5.127677917480469,0.0,0.0
01/07/2019,5.503090858459473,0.0,0.0
01/08/2019,4.919729232788086,0.0,0.0
01/09/2019,4.991425037384033,0.0,0.0
01/10/2019,4.982232093811035,0.0,0.0
01/11/2019,4.428894996643066,0.0,0.0
01/12/2019,4.48047399520874,0.0,0.0
01/13/2019,4.557948112487793,0.0,0.0
01/14/2019,4.2524871826171875,0.0,0.0
01/15/2019,4.3505120277404785,0.0,0.0
01/16/2019,4.211446762084961,0.0,0.0
01/17/2019,4.319052219390869,0.0,0.0
01/18/2019,4.512472152709961,0.0,0.0
01/19/2019,4.39551305770874,0.0,0.0
01/20/2019,4.3875041007995605,0.0,0.0
01/21/2019,4.288724899291992,0.0,0.0
01/22/2019,4.278794765472412,0.0,0.0
01/23/2019,4.322202205657959,0.0,0.0
01/24/2019,4.314175128936768,0.0,0.0
01/25/2019,4.321243762969971,0.0,0.0
01/26/2019,4.353376865386963,0.0,0.0
01/27/2019,4.313498020172119,0.0,0.0
01/28/2019,4.249941825866699,0.0,0.0
01/29/2019,3.9548730850219727,0.0,0.0
01/30/2019,3.9111969470977783,0.0,0.0
01/31/2019,4.021810054779053,0.0,0.0
02/01/2019,3.9628469944000244,0.0,0.0
02/02/2019,3.9428069591522217,0.0,0.0
02/03/2019,4.006282806396484,0.0,0.0
02/04/2019,3.9204111099243164,0.0,0.0
02/05/2019,3.878009080886841,0.0,0.0
02/06/2019,3.86729097366333,0.0,0.0
02/07/2019,3.7532999515533447,0.0,0.0
02/08/2019,3.8700549602508545,0.0,0.0
02/09/2019,4.160839080810547,0.0,0.0
02/10/2019,4.094662189483643,0.0,0.0
02/11/2019,4.17490291595459,0.0,0.0
02/12/2019,4.086805820465088,0.0,0.0
02/13/2019,4.0895609855651855,0.0,0.0
02/14/2019,4.122910976409912,0.0,0.0
02/15/2019,4.12925386428833,0.0,0.0
02/16/2019,4.132001876831055,0.0,0.0
02/17/2019,4.089620113372803,0.0,0.0
02/18/2019,4.17421293258667,0.0,0.0
02/19/2019,4.421824932098389,0.0,0.0
02/20/2019,4.587402820587158,0.0,0.0
02/21/2019,4.710933208465576,0.0,0.0
02/22/2019,4.526422023773193,0.0,0.0
02/23/2019,4.709733009338379,0.0,0.0
02/24/2019,4.842487812042236,0.0,0.0
02/25/2019,4.165194034576416,0.0,0.0
02/26/2019,4.292667865753174,0.0,0.0
02/27/2019,4.3238959312438965,0.0,0.0
02/28/2019,4.333526134490967,0.0,0.0
03/01/2019,4.277850151062012,0.0,0.0
03/02/2019,4.280147075653076,0.0,0.0
03/03/2019,4.274299144744873,0.0,0.0
03/04/2019,4.284120082855225,0.0,0.0
03/05/2019,4.161523818969727,0.0,0.0
03/06/2019,4.317346096038818,0.0,0.0
03/07/2019,4.315814018249512,0.0,0.0
03/08/2019,4.394286155700684,0.0,0.0
03/09/2019,4.237174987792969,0.0,0.0
03/10/2019,4.307723045349121,0.0,0.0
03/11/2019,4.36342191696167,0.0,0.0
03/12/2019,4.261743068695068,0.0,0.0
03/13/2019,4.302334785461426,0.0,0.0
03/14/2019,4.270232200622559,0.0,0.0
03/15/2019,4.341113090515137,0.0,0.0
03/16/2019,4.43284797668457,0.0,0.0
03/17/2019,4.52324104309082,0.0,0.0
03/18/2019,4.46563196182251,0.0,0.0
03/19/2019,4.441044807434082,0.0,0.0
03/20/2019,4.6598029136657715,0.0,0.0
03/21/2019,4.688496112823486,0.0,0.0
03/22/2019,4.801480770111084,0.0,0.0
03/23/2019,4.884500980377197,0.0,0.0
03/24/2019,4.891643047332764,0.0,0.0
03/25/2019,4.8404059410095215,0.0,0.0
03/26/2019,4.728877067565918,0.0,0.0
03/27/2019,4.712903022766113,0.0,0.0
03/28/2019,4.8556342124938965,0.0,0.0
03/29/2019,4.766374111175537,0.0,0.0
03/30/2019,4.86168909072876,0.0,0.0
03/31/2019,4.786159038543701,0.0,0.0
04/01/2019,4.823575973510742,0.0,0.0
04/02/2019,4.825342178344727,0.0,0.0
04/03/2019,5.456313133239746,0.0,0.0
04/04/2019,5.438633918762207,0.0,0.0
04/05/2019,5.356675148010254,0.0,0.0
04/06/2019,5.822023868560791,0.0,0.0
04/07/2019,5.998128890991211,0.0,0.0
04/08/2019,7.676794052124023,0.0,0.0
04/09/2019,7.197494983673096,0.0,0.0
04/10/2019,6.987185955047607,0.0,0.0
04/11/2019,7.043663024902344,0.0,0.0
04/12/2019,6.288097858428955,0.0,0.0
04/13/2019,6.370845794677734,0.0,0.0
04/14/2019,6.342391014099121,0.0,0.0
04/15/2019,6.441833019256592,0.0,0.0
04/16/2019,6.1943559646606445,0.0,0.0
04/17/2019,6.30617094039917,0.0,0.0
04/18/2019,6.225275993347168,0.0,0.0
04/19/2019,6.340706825256348,0.0,0.0
04/20/2019,6.291816234588623,0.0,0.0
04/21/2019,6.243256092071533,0.0,0.0
04/22/2019,5.9260640144348145,0.0,0.0
04/23/2019,5.937839031219482,0.0,0.0
04/24/2019,5.954877853393555,0.0,0.0
04/25/2019,5.599311828613281,0.0,0.0
04/26/2019,5.40282678604126,0.0,0.0
04/27/2019,5.436509132385254,0.0,0.0
04/28/2019,5.5069260597229,0.0,0.0
04/29/2019,5.5856032371521,0.0,0.0
04/30/2019,5.570105075836182,0.0,0.0
05/01/2019,5.902003765106201,0.0,0.0
05/02/2019,5.84035587310791,0.0,0.0
05/03/2019,5.7894768714904785,0.0,0.0
05/04/2019,6.071822166442871,0.0,0.0
05/05/2019,5.8301591873168945,0.0,0.0
05/06/2019,5.737284183502197,0.0,0.0
05/07/2019,5.692019939422607,0.0,0.0
05/08/2019,5.665602207183838,0.0,0.0
05/09/2019,5.733500957489014,0.0,0.0
05/10/2019,5.5659499168396,0.0,0.0
05/11/2019,5.637771129608154,0.0,0.0
05/12/2019,6.077696800231934,0.0,0.0
05/13/2019,5.827274799346924,0.0,0.0
05/14/2019,6.0944600105285645,0.0,0.0
05/15/2019,6.570597171783447,0.0,0.0
05/16/2019,7.57194709777832,0.0,0.0
05/17/2019,7.652769088745117,0.0,0.0
05/18/2019,7.221652030944824,0.0,0.0
05/19/2019,7.172891139984131,0.0,0.0
05/20/2019,7.860354900360107,0.0,0.0
05/21/2019,7.41489315032959,0.0,0.0
05/22/2019,7.460571765899658,0.0,0.0
05/23/2019,6.9486260414123535,0.0,0.0
05/24/2019,7.090949058532715,0.0,0.0
05/25/2019,7.283192157745361,0.0,0.0
05/26/2019,7.302721977233887,0.0,0.0
05/27/2019,7.659702777862549,0.0,0.0
05/28/2019,8.159734725952148,0.0,0.0
05/29/2019,8.220690727233887,0.0,0.0
05/30/2019,8.169967651367188,0.0,0.0
05/31/2019,8.144024848937988,0.0,0.0
06/01/2019,8.65155029296875,0.0,0.0
06/02/2019,8.579875946044922,0.0,0.0
06/03/2019,9.518381118774414,0.0,0.0
06/04/2019,9.398344993591309,0.0,0.0
06/05/2019,8.242176055908203,0.0,0.0
06/06/2019,8.165029525756836,0.0,0.0
06/07/2019,7.9696431159973145,0.0,0.0
06/08/2019,8.221437454223633,0.0,0.0
06/09/2019,8.459623336791992,0.0,0.0
06/10/2019,8.136030197143555,0.0,0.0
06/11/2019,8.284958839416504,0.0,0.0
06/12/2019,8.26289176940918,0.0,0.0
06/13/2019,8.577767372131348,0.0,0.0
06/14/2019,8.517905235290527,0.0,0.0
06/15/2019,8.562081336975098,0.0,0.0
06/16/2019,8.602380752563477,0.0,0.0
06/17/2019,8.718682289123535,0.0,0.0
06/18/2019,8.735345840454102,0.0,0.0
06/19/2019,8.430418014526367,0.0,0.0
06/20/2019,8.524764060974121,0.0,0.0
06/21/2019,8.500906944274902,0.0,0.0
06/22/2019,8.73355770111084,0.0,0.0
06/23/2019,9.141357421875,0.0,0.0
06/24/2019,9.278301239013672,0.0,0.0
06/25/2019,9.268514633178711,0.0,0.0
06/26/2019,9.248549461364746,0.0,0.0
06/27/2019,9.0237455368042,0.0,0.0
06/28/2019,7.667273998260498,0.0,0.0
06/29/2019,8.028463363647461,0.0,0.0
06/30/2019,8.270605087280273,0.0,0.0
07/01/2019,7.712996006011963,0.0,0.0
07/02/2019,7.761086940765381,0.0,0.0
07/03/2019,7.705592155456543,0.0,0.0
07/04/2019,7.843016147613525,0.0,0.0
07/05/2019,7.751512050628662,0.0,0.0
07/06/2019,7.844407081604004,0.0,0.0
07/07/2019,7.813817024230957,0.0,0.0
07/08/2019,7.968698024749756,0.0,0.0
07/09/2019,8.022040367126465,0.0,0.0
07/10/2019,7.900219917297363,0.0,0.0
07/11/2019,7.295989990234375,0.0,0.0
07/12/2019,6.638656139373779,0.0,0.0
07/13/2019,6.808532238006592,0.0,0.0
07/14/2019,6.637156963348389,0.0,0.0
07/15/2019,5.676370143890381,0.0,0.0
07/16/2019,5.789793014526367,0.0,0.0
07/17/2019,5.335398197174072,0.0,0.0
07/18/2019,5.70327615737915,0.0,0.0
07/19/2019,6.056132793426514,0.0,0.0
07/20/2019,5.86930513381958,0.0,0.0
07/21/2019,6.171535968780518,0.0,0.0
07/22/2019,6.2619709968566895,0.0,0.0
07/23/2019,6.36342191696167,0.0,0.0
07/24/2019,6.038090229034424,0.0,0.0
07/25/2019,6.110212802886963,0.0,0.0
07/26/2019,6.020888805389404,0.0,0.0
07/27/2019,6.223933219909668,0.0,0.0
07/28/2019,5.937500953674316,0.0,0.0
07/29/2019,5.895846843719482,0.0,0.0
07/30/2019,5.93917179107666,0.0,0.0
07/31/2019,5.9427409172058105,0.0,0.0
08/01/2019,6.05718994140625,0.0,0.0
08/02/2019,5.98079776763916,0.0,0.0
08/03/2019,5.884479999542236,0.0,0.0
08/04/2019,5.898367881774902,0.0,0.0
08/05/2019,6.117915153503418,0.0,0.0
08/06/2019,6.200592994689941,0.0,0.0
08/07/2019,5.860486030578613,0.0,0.0
08/08/2019,5.912825107574463,0.0,0.0
08/09/2019,5.989837169647217,0.0,0.0
08/10/2019,5.808859825134277,0.0,0.0
08/11/2019,5.659986972808838,0.0,0.0
08/12/2019,5.816254138946533,0.0,0.0
08/13/2019,5.792891025543213,0.0,0.0
08/14/2019,5.899148941040039,0.0,0.0
08/15/2019,5.593114852905273,0.0,0.0
08/16/2019,5.656407833099365,0.0,0.0
08/17/2019,5.537189960479736,0.0,0.0
08/18/2019,5.465601921081543,0.0,0.0
08/19/2019,5.581333160400391,0.0,0.0
08/20/2019,5.5619940757751465,0.0,0.0
08/21/2019,6.023952007293701,0.0,0.0
08/22/2019,6.133485794067383,0.0,0.0
08/23/2019,7.244566917419434,0.0,0.0
08/24/2019,7.155581951141357,0.0,0.0
08/25/2019,6.872109889984131,0.0,0.0
08/26/2019,7.13920783996582,0.0,0.0
08/27/2019,7.348631858825684,0.0,0.0
08/28/2019,7.201310157775879,0.0,0.0
08/29/2019,6.479639053344727,0.0,0.0
08/30/2019,5.952010154724121,0.0,0.0
08/31/2019,6.309548854827881,0.0,0.0
09/01/2019,6.2917890548706055,0.0,0.0
09/02/2019,6.269036769866943,0.0,0.0
09/03/2019,6.6834259033203125,0.0,0.0
09/04/2019,6.82260799407959,0.0,0.0
09/05/2019,6.778133869171143,0.0,0.0
09/06/2019,7.05147123336792,0.0,0.0
09/07/2019,6.701848983764648,0.0,0.0
09/08/2019,6.675763130187988,0.0,0.0
09/09/2019,6.674920082092285,0.0,0.0
09/10/2019,6.607417106628418,0.0,0.0
09/11/2019,6.531825065612793,0.0,0.0
09/12/2019,6.343876838684082,0.0,0.0
09/13/2019,6.213105201721191,0.0,0.0
09/14/2019,6.163205146789551,0.0,0.0
09/15/2019,6.253376007080078,0.0,0.0
09/16/2019,6.265095233917236,0.0,0.0
09/17/2019,6.22369909286499,0.0,0.0
09/18/2019,6.310427188873291,0.0,0.0
09/19/2019,6.397558212280273,0.0,0.0
09/20/2019,6.228504180908203,0.0,0.0
09/21/2019,6.172561168670654,0.0,0.0
09/22/2019,6.137721061706543,0.0,0.0
09/23/2019,6.0211920738220215,0.0,0.0
09/24/2019,5.8400092124938965,0.0,0.0
09/25/2019,4.647686004638672,0.0,0.0
09/26/2019,4.836833953857422,0.0,0.0
09/27/2019,4.708364009857178,0.0,0.0
09/28/2019,4.700535774230957,0.0,0.0
09/29/2019,4.684806823730469,0.0,0.0
09/30/2019,4.578411102294922,0.0,0.0
10/01/2019,4.712368965148926,0.0,0.0
10/02/2019,4.6366071701049805,0.0,0.0
10/03/2019,4.696646213531494,0.0,0.0
10/04/2019,4.6218719482421875,0.0,0.0
10/05/2019,4.612727165222168,0.0,0.0
10/06/2019,4.616460800170898,0.0,0.0
10/07/2019,4.542411804199219,0.0,0.0
10/08/2019,4.693198204040527,0.0,0.0
10/09/2019,4.646615982055664,0.0,0.0
10/10/2019,5.073470115661621,0.0,0.0
10/11/2019,4.843041896820068,0.0,0.0
10/12/2019,4.68081521987915,0.0,0.0
10/13/2019,4.725906848907471,0.0,0.0
10/14/2019,4.758946895599365,0.0,0.0
10/15/2019,4.803092002868652,0.0,0.0
10/16/2019,4.563255786895752,0.0,0.0
10/17/2019,4.453728199005127,0.0,0.0
10/18/2019,4.513979911804199,0.0,0.0
10/19/2019,4.435855865478516,0.0,0.0
10/20/2019,4.447124004364014,0.0,0.0
10/21/2019,4.514948844909668,0.0,0.0
10/22/2019,4.602662086486816,0.0,0.0
10/23/2019,4.4762067794799805,0.0,0.0
10/24/2019,4.259274005889893,0.0,0.0
10/25/2019,4.3028388023376465,0.0,0.0
10/26/2019,4.75230598449707,0.0,0.0
10/27/2019,4.580449104309082,0.0,0.0
10/28/2019,4.799045085906982,0.0,0.0
10/29/2019,4.76166296005249,0.0,0.0
10/30/2019,4.93393087387085,0.0,0.0
10/31/2019,4.818798065185547,0.0,0.0
11/01/2019,4.840686798095703,0.0,0.0
11/02/2019,4.884403228759766,0.0,0.0
11/03/2019,4.944110870361328,0.0,0.0
11/04/2019,4.901316165924072,0.0,0.0
11/05/2019,4.974649906158447,0.0,0.0
11/06/2019,5.03709077835083,0.0,0.0
11/07/2019,5.082849979400635,0.0,0.0
11/08/2019,5.259462833404541,0.0,0.0
11/09/2019,4.991952896118164,0.0,0.0
11/10/2019,4.959735870361328,0.0,0.0
11/11/2019,5.054555892944336,0.0,0.0
11/12/2019,4.90306282043457,0.0,0.0
11/13/2019,4.903934001922607,0.0,0.0
11/14/2019,4.8635101318359375,0.0,0.0
11/15/2019,4.785645961761475,0.0,0.0
11/16/2019,4.566232204437256,0.0,0.0
11/17/2019,4.667102813720703,0.0,0.0
11/18/2019,4.649845123291016,0.0,0.0
11/19/2019,4.438201904296875,0.0,0.0
11/20/2019,4.424924850463867,0.0,0.0
11/21/2019,4.369401931762695,0.0,0.0
11/22/2019,4.182988166809082,0.0,0.0
11/23/2019,3.894670009613037,0.0,0.0
11/24/2019,4.048871994018555,0.0,0.0
11/25/2019,3.764925003051758,0.0,0.0
11/26/2019,3.795456886291504,0.0,0.0
11/27/2019,3.8893930912017822,0.0,0.0
11/28/2019,3.9619550704956055,0.0,0.0
11/29/2019,3.956789970397949,0.0,0.0
11/30/2019,4.09659481048584,0.0,0.0
12/01/2019,3.953062057495117,0.0,0.0
12/02/2019,3.9417130947113037,0.0,0.0
12/03/2019,3.8645739555358887,0.0,0.0
12/04/2019,3.8454740047454834,0.0,0.0
12/05/2019,3.780858039855957,0.0,0.0
12/06/2019,3.8157498836517334,0.0,0.0
12/07/2019,3.895803928375244,0.0,0.0
12/08/2019,3.890043020248413,0.0,0.0
12/09/2019,3.9221789836883545,0.0,0.0
12/10/2019,3.817380905151367,0.0,0.0
12/11/2019,3.801569938659668,0.0,0.0
12/12/2019,3.7770071029663086,0.0,0.0
12/13/2019,3.840723991394043,0.0,0.0
12/14/2019,3.8600800037384033,0.0,0.0
12/15/2019,3.8215959072113037,0.0,0.0
12/16/2019,3.820590019226074,0.0,0.0
12/17/2019,3.6988139152526855,0.0,0.0
12/18/2019,3.4754559993743896,0.0,0.0
12/19/2019,3.7783429622650146,0.0,0.0
12/20/2019,3.7666289806365967,0.0,0.0
12/21/2019,4.063949108123779,0.0,0.0
12/22/2019,4.102546215057373,0.0,0.0
12/23/2019,4.2035298347473145,0.0,0.0
12/24/2019,4.011098861694336,0.0,0.0
12/25/2019,3.9673309326171875,0.0,0.0
12/26/2019,4.078370094299316,0.0,0.0
12/27/2019,4.505427837371826,0.0,0.0
12/28/2019,4.524613857269287,0.0,0.0
12/29/2019,4.418972015380859,0.0,0.0
12/30/2019,4.660097122192383,0.0,0.0
12/31/2019,4.640586853027344,0.0,0.0
01/01/2020,4.497427940368652,0.0,0.0
01/02/2020,4.502638816833496,0.0,0.0
01/03/2020,4.249905109405518,0.0,0.0
01/04/2020,4.5717291831970215,0.0,0.0
01/05/2020,4.773919105529785,0.0,0.0
01/06/2020,4.908659934997559,0.0,0.0
01/07/2020,5.045119762420654,0.0,0.0
01/08/2020,4.835409164428711,0.0,0.0
01/09/2020,4.971717834472656,0.0,0.0
01/10/2020,5.215691089630127,0.0,0.0
01/11/2020,5.330778121948242,0.0,0.0
01/12/2020,5.57883882522583,0.0,0.0
01/13/2020,5.564164161682129,0.0,0.0
01/14/2020,5.496717929840088,0.0,0.0
01/15/2020,6.803932189941406,0.0,0.0
01/16/2020,7.9769182205200195,0.0,0.0
01/17/2020,8.365839958190918,0.0,0.0
01/18/2020,9.583788871765137,0.0,0.0
01/19/2020,8.32339859008789,0.0,0.0
01/20/2020,8.508676528930664,0.0,0.0
01/21/2020,8.672778129577637,0.0,0.0
01/22/2020,8.947835922241211,0.0,0.0
01/23/2020,9.337173461914062,0.0,0.0
01/24/2020,8.4722261428833,0.0,0.0
01/25/2020,8.620256423950195,0.0,0.0
01/26/2020,8.430689811706543,0.0,0.0
01/27/2020,9.140092849731445,0.0,0.0
01/28/2020,10.424812316894531,0.0,0.0
01/29/2020,11.48779296875,0.0,0.0
01/30/2020,12.293618202209473,0.0,0.0
01/31/2020,12.268274307250977,0.0,0.0
02/01/2020,11.321859359741211,0.0,0.0
02/02/2020,11.523209571838379,0.0,0.0
02/03/2020,11.382747650146484,0.0,0.0
02/04/2020,11.787079811096191,0.0,0.0
02/05/2020,11.425259590148926,0.0,0.0
02/06/2020,12.343172073364258,0.0,0.0
02/07/2020,12.120240211486816,0.0,0.0
02/08/2020,11.704146385192871,0.0,0.0
02/09/2020,11.672273635864258,0.0,0.0
02/10/2020,11.715559959411621,0.0,0.0
02/11/2020,11.843911170959473,0.0,0.0
02/12/2020,11.939920425415039,0.0,0.0
02/13/2020,12.240053176879883,0.0,0.0
02/14/2020,12.043075561523438,0.0,0.0
02/15/2020,11.976300239562988,0.0,0.0
02/16/2020,10.396425247192383,0.0,0.0
02/17/2020,9.60222053527832,0.0,0.0
02/18/2020,9.612985610961914,0.0,0.0
02/19/2020,9.824627876281738,0.0,0.0
02/20/2020,8.870274543762207,0.0,0.0
02/21/2020,8.893782615661621,0.0,0.0
02/22/2020,9.44677734375,0.0,0.0
02/23/2020,9.520007133483887,0.0,0.0
02/24/2020,9.73486042022705,0.0,0.0
02/25/2020,9.341053009033203,0.0,0.0
02/26/2020,9.246321678161621,0.0,0.0
02/27/2020,7.681656837463379,0.0,0.0
02/28/2020,7.683617115020752,0.0,0.0
02/29/2020,7.433642864227295,0.0,0.0
03/01/2020,7.402571201324463,0.0,0.0
03/02/2020,7.757080078125,0.0,0.0
03/03/2020,8.396212577819824,0.0,0.0
03/04/2020,8.482597351074219,0.0,0.0
03/05/2020,7.95350980758667,0.0,0.0
03/06/2020,8.195696830749512,0.0,0.0
03/07/2020,8.195663452148438,0.0,0.0
03/08/2020,7.820751190185547,0.0,0.0
03/09/2020,6.47963285446167,0.0,0.0
03/10/2020,6.935927867889404,0.0,0.0
03/11/2020,6.81273078918457,0.0,0.0
03/12/2020,6.576816082000732,0.0,0.0
03/13/2020,3.9382970333099365,0.0,0.0
03/14/2020,4.844974994659424,0.0,0.0
03/15/2020,4.62388277053833,0.0,0.0
03/16/2020,5.05665397644043,0.0,0.0
03/17/2020,4.4545769691467285,0.0,0.0
03/18/2020,4.510231018066406,0.0,0.0
03/19/2020,4.4734110832214355,0.0,0.0
03/20/2020,5.063659191131592,0.0,0.0
03/21/2020,4.9110188484191895,0.0,0.0
03/22/2020,5.012508869171143,0.0,0.0
03/23/2020,4.618292808532715,0.0,0.0
03/24/2020,4.9399800300598145,0.0,0.0
03/25/2020,5.064794063568115,0.0,0.0
03/26/2020,5.02345609664917,0.0,0.0
03/27/2020,5.080045223236084,0.0,0.0
03/28/2020,5.017704963684082,0.0,0.0
03/29/2020,4.809484004974365,0.0,0.0
03/30/2020,4.838053226470947,0.0,0.0
03/31/2020,4.978932857513428,0.0,0.0
04/01/2020,4.950595855712891,0.0,0.0
04/02/2020,5.029956817626953,0.0,0.0
04/03/2020,5.106651782989502,0.0,0.0
04/04/2020,5.122239112854004,0.0,0.0
04/05/2020,5.169661998748779,0.0,0.0
04/06/2020,5.0436930656433105,0.0,0.0
04/07/2020,5.571127891540527,0.0,0.0
04/08/2020,5.4672040939331055,0.0,0.0
04/09/2020,5.810238838195801,0.0,0.0
04/10/2020,5.903232097625732,0.0,0.0
04/11/2020,5.24978494644165,0.0,0.0
04/12/2020,5.262020111083984,0.0,0.0
04/13/2020,5.358255863189697,0.0,0.0
04/14/2020,5.181756973266602,0.0,0.0
04/15/2020,5.211101055145264,0.0,0.0
04/16/2020,5.104832172393799,0.0,0.0
04/18/2020,5.413893222808838,0.0,0.0
04/19/2020,5.6502180099487305,0.0,0.0
04/20/2020,5.522910118103027,0.0,0.0
04/21/2020,5.262507915496826,0.0,0.0
04/22/2020,5.226961135864258,0.0,0.0
04/23/2020,5.382030010223389,0.0,0.0
04/24/2020,5.572274208068848,0.0,0.0
04/25/2020,5.626564025878906,0.0,0.0
04/26/2020,5.774587154388428,0.0,0.0
04/27/2020,6.216571807861328,0.0,0.0
04/28/2020,6.083844184875488,0.0,0.0
04/29/2020,6.192698955535889,0.0,0.0
04/30/2020,6.780473232269287,0.0,0.0
05/01/2020,6.471552848815918,0.0,0.0
05/02/2020,6.678746223449707,0.0,0.0
05/03/2020,7.479534149169922,0.0,0.0
05/04/2020,7.226930141448975,0.0,0.0
05/05/2020,7.249679088592529,0.0,0.0
05/06/2020,7.195827007293701,0.0,0.0
05/07/2020,6.983986854553223,0.0,0.0
05/08/2020,7.098291873931885,0.0,0.0
05/09/2020,7.165994167327881,0.0,0.0
05/10/2020,7.094771862030029,0.0,0.0
05/11/2020,6.204121112823486,0.0,0.0
05/12/2020,6.047016143798828,0.0,0.0
05/13/2020,6.082825183868408,0.0,0.0
05/14/2020,6.196454048156738,0.0,0.0
05/15/2020,6.248988151550293,0.0,0.0
05/16/2020,6.513761043548584,0.0,0.0
05/17/2020,6.685628890991211,0.0,0.0
05/18/2020,6.668336868286133,0.0,0.0
05/19/2020,6.711166858673096,0.0,0.0
05/20/2020,6.641486167907715,0.0,0.0
05/21/2020,6.444684982299805,0.0,0.0
05/22/2020,6.1396708488464355,0.0,0.0
05/23/2020,6.467939853668213,0.0,0.0
05/24/2020,6.588528156280518,0.0,0.0
05/25/2020,6.6061692237854,0.0,0.0
05/26/2020,6.807851791381836,0.0,0.0
05/27/2020,6.702545166015625,0.0,0.0
05/28/2020,6.781824111938477,0.0,0.0
05/29/2020,6.8503289222717285,0.0,0.0
05/30/2020,7.236456871032715,0.0,0.0
05/31/2020,7.4849090576171875,0.0,0.0
06/01/2020,6.927632808685303,0.0,0.0
06/02/2020,7.1956682205200195,0.0,0.0
06/03/2020,6.962575912475586,0.0,0.0
06/04/2020,6.939964771270752,0.0,0.0
06/05/2020,6.930973052978516,0.0,0.0
06/06/2020,6.86839485168457,0.0,0.0
06/07/2020,6.85080623626709,0.0,0.0
06/08/2020,6.8453240394592285,0.0,0.0
06/09/2020,6.896598815917969,0.0,0.0
06/10/2020,6.805026054382324,0.0,0.0
06/11/2020,6.80743408203125,0.0,0.0
06/12/2020,6.282583236694336,0.0,0.0
06/13/2020,6.41830587387085,0.0,0.0
06/14/2020,6.497056007385254,0.0,0.0
06/15/2020,6.351884841918945,0.0,0.0
06/16/2020,6.252989768981934,0.0,0.0
06/17/2020,6.250947952270508,0.0,0.0
06/18/2020,6.278316974639893,0.0,0.0
06/19/2020,6.223872184753418,0.0,0.0
06/20/2020,6.3100361824035645,0.0,0.0
06/21/2020,6.250079154968262,0.0,0.0
06/22/2020,6.220862865447998,0.0,0.0
06/23/2020,6.3593058586120605,0.0,0.0
06/24/2020,6.390049934387207,0.0,0.0
06/25/2020,6.222476005554199,0.0,0.0
06/26/2020,6.155693054199219,0.0,0.0
06/27/2020,6.038817882537842,0.0,0.0
06/28/2020,5.6125168800354,0.0,0.0
06/29/2020,5.758150100708008,0.0,0.0
06/30/2020,5.826785087585449,0.0,0.0
07/01/2020,5.732371807098389,0.0,0.0
07/02/2020,5.7193379402160645,0.0,0.0
07/03/2020,5.713575839996338,0.0,0.0
07/04/2020,5.651195049285889,0.0,0.0
07/05/2020,5.695542812347412,0.0,0.0
07/06/2020,5.654655933380127,0.0,0.0
07/07/2020,6.096133232116699,0.0,0.0
07/08/2020,6.21169376373291,0.0,0.0
07/09/2020,6.628810882568359,0.0,0.0
07/10/2020,6.66689920425415,0.0,0.0
07/11/2020,6.3781280517578125,0.0,0.0
07/12/2020,6.5102410316467285,0.0,0.0
07/13/2020,6.450017929077148,0.0,0.0
07/14/2020,6.301323890686035,0.0,0.0
07/15/2020,6.317540168762207,0.0,0.0
07/16/2020,6.216070175170898,0.0,0.0
07/17/2020,6.025265216827393,0.0,0.0
07/18/2020,6.028618812561035,0.0,0.0
07/19/2020,6.043064117431641,0.0,0.0
07/20/2020,6.082333087921143,0.0,0.0
07/21/2020,6.03721809387207,0.0,0.0
07/22/2020,6.173149108886719,0.0,0.0
07/23/2020,6.347397804260254,0.0,0.0
07/24/2020,6.427880764007568,0.0,0.0
07/25/2020,6.253749847412109,0.0,0.0
07/26/2020,6.681352138519287,0.0,0.0
07/27/2020,6.62037992477417,0.0,0.0
07/28/2020,7.115630149841309,0.0,0.0
07/29/2020,7.227611064910889,0.0,0.0
07/30/2020,7.277273178100586,0.0,0.0
07/31/2020,7.347664833068848,0.0,0.0
08/01/2020,7.4084367752075195,0.0,0.0
08/02/2020,7.820669174194336,0.0,0.0
08/03/2020,7.181976795196533,0.0,0.0
08/04/2020,7.167829990386963,0.0,0.0
08/05/2020,7.1344990730285645,0.0,0.0
08/06/2020,7.232079982757568,0.0,0.0
08/07/2020,7.104855060577393,0.0,0.0
08/08/2020,6.880970001220703,0.0,0.0
08/09/2020,6.926279067993164,0.0,0.0
08/10/2020,6.896111965179443,0.0,0.0
08/11/2020,7.067874908447266,0.0,0.0
08/12/2020,6.768680095672607,0.0,0.0
08/13/2020,6.82803201675415,0.0,0.0
08/14/2020,7.01154088973999,0.0,0.0
08/15/2020,6.879857063293457,0.0,0.0
08/16/2020,7.196796894073486,0.0,0.0
08/17/2020,7.244569778442383,0.0,0.0
08/18/2020,7.373182773590088,0.0,0.0
08/19/2020,7.289114952087402,0.0,0.0
08/20/2020,6.816355228424072,0.0,0.0
08/21/2020,6.982088088989258,0.0,0.0
08/22/2020,6.651133060455322,0.0,0.0
08/23/2020,6.77740478515625,0.0,0.0
08/24/2020,6.776461124420166,0.0,0.0
08/25/2020,6.865653038024902,0.0,0.0
08/26/2020,6.495528221130371,0.0,0.0
08/27/2020,6.476039886474609,0.0,0.0
08/28/2020,6.360655784606934,0.0,0.0
08/29/2020,6.503541946411133,0.0,0.0
08/30/2020,6.52440881729126,0.0,0.0
08/31/2020,6.695949077606201,0.0,0.0
09/01/2020,6.607481002807617,0.0,0.0
09/02/2020,6.761415958404541,0.0,0.0
09/03/2020,6.31385612487793,0.0,0.0
09/04/2020,5.65103006362915,0.0,0.0
09/05/2020,5.381421089172363,0.0,0.0
09/06/2020,5.047934055328369,0.0,0.0
09/07/2020,5.193164825439453,0.0,0.0
09/08/2020,5.115703105926514,0.0,0.0
09/09/2020,5.10458517074585,0.0,0.0
09/10/2020,5.075807094573975,0.0,0.0
09/11/2020,5.208734035491943,0.0,0.0
09/12/2020,5.2355499267578125,0.0,0.0
09/13/2020,5.258012771606445,0.0,0.0
09/14/2020,5.07485294342041,0.0,0.0
09/15/2020,5.18392276763916,0.0,0.0
09/16/2020,5.211071968078613,0.0,0.0
09/17/2020,5.16281795501709,0.0,0.0
09/18/2020,5.234346866607666,0.0,0.0
09/19/2020,5.223519802093506,0.0,0.0
09/20/2020,5.2528300285339355,0.0,0.0
09/21/2020,5.122035980224609,0.0,0.0
09/22/2020,4.875454902648926,0.0,0.0
09/23/2020,4.9700469970703125,0.0,0.0
09/24/2020,4.879854202270508,0.0,0.0
09/25/2020,5.024407863616943,0.0,0.0
09/26/2020,5.018375873565674,0.0,0.0
09/27/2020,5.391026020050049,0.0,0.0
09/28/2020,5.464519023895264,0.0,0.0
09/29/2020,5.427097797393799,0.0,0.0
09/30/2020,5.417792797088623,0.0,0.0
10/01/2020,5.410379886627197,0.0,0.0
10/02/2020,5.340800762176514,0.0,0.0
10/03/2020,5.1968607902526855,0.0,0.0
10/04/2020,5.1468610763549805,0.0,0.0
10/05/2020,5.170965194702148,0.0,0.0
10/06/2020,5.119338035583496,0.0,0.0
10/07/2020,5.249242782592773,0.0,0.0
10/08/2020,5.188776016235352,0.0,0.0
10/10/2020,5.272912979125977,0.0,0.0
10/11/2020,5.29498815536499,0.0,0.0
10/14/2020,5.365933895111084,0.0,0.0
10/15/2020,5.379185199737549,0.0,0.0
10/16/2020,5.338406085968018,0.0,0.0
10/17/2020,5.180681228637695,0.0,0.0
10/18/2020,5.187972068786621,0.0,0.0
10/19/2020,5.231931209564209,0.0,0.0
10/20/2020,5.22429084777832,0.0,0.0
10/21/2020,5.093592166900635,0.0,0.0
10/22/2020,5.367114067077637,0.0,0.0
10/23/2020,5.62208890914917,0.0,0.0
10/24/2020,5.482522010803223,0.0,0.0
10/25/2020,5.525562763214111,0.0,0.0
10/26/2020,5.548081874847412,0.0,0.0
10/27/2020,5.450547218322754,0.0,0.0
10/28/2020,5.454065799713135,0.0,0.0
10/29/2020,5.279698848724365,0.0,0.0
10/30/2020,5.397648811340332,0.0,0.0
10/31/2020,5.257023811340332,0.0,0.0
11/01/2020,5.267003059387207,0.0,0.0
11/02/2020,5.21497917175293,0.0,0.0
11/03/2020,4.956997871398926,0.0,0.0
11/04/2020,4.853765964508057,0.0,0.0
11/05/2020,4.864776134490967,0.0,0.0
11/06/2020,5.0926008224487305,0.0,0.0
11/07/2020,5.355967044830322,0.0,0.0
11/08/2020,5.07266092300415,0.0,0.0
11/09/2020,5.17813777923584,0.0,0.0
11/10/2020,5.0335211753845215,0.0,0.0
11/11/2020,5.122779846191406,0.0,0.0
11/12/2020,5.089673042297363,0.0,0.0
11/13/2020,5.0320258140563965,0.0,0.0
11/14/2020,5.131898880004883,0.0,0.0
11/15/2020,5.0395097732543945,0.0,0.0
11/16/2020,5.027723789215088,0.0,0.0
11/17/2020,5.580334186553955,0.0,0.0
11/18/2020,5.766289234161377,0.0,0.0
11/19/2020,6.061827182769775,0.0,0.0
11/20/2020,5.920783042907715,0.0,0.0
11/21/2020,6.051115036010742,0.0,0.0
11/22/2020,6.566001892089844,0.0,0.0
11/23/2020,6.020377159118652,0.0,0.0
11/24/2020,6.531252861022949,0.0,0.0
11/25/2020,7.259712219238281,0.0,0.0
11/26/2020,7.000277042388916,0.0,0.0
11/27/2020,6.127225875854492,0.0,0.0
11/28/2020,6.203550815582275,0.0,0.0
11/29/2020,6.326498985290527,0.0,0.0
11/30/2020,6.392255783081055,0.0,0.0
12/01/2020,6.717308044433594,0.0,0.0
12/02/2020,6.174129962921143,0.0,0.0
12/03/2020,6.235208034515381,0.0,0.0
12/04/2020,6.580557823181152,0.0,0.0
12/05/2020,6.001930236816406,0.0,0.0
12/06/2020,6.193867206573486,0.0,0.0
12/07/2020,6.161902904510498,0.0,0.0
12/08/2020,6.151343822479248,0.0,0.0
12/09/2020,5.771827220916748,0.0,0.0
12/10/2020,6.069403171539307,0.0,0.0
12/11/2020,5.901034832000732,0.0,0.0
12/12/2020,5.801293849945068,0.0,0.0
12/13/2020,5.967164993286133,0.0,0.0
12/14/2020,6.114169120788574,0.0,0.0
12/15/2020,6.029634952545166,0.0,0.0
12/16/2020,6.054811000823975,0.0,0.0
12/17/2020,6.438451766967773,0.0,0.0
12/18/2020,6.478823184967041,0.0,0.0
12/19/2020,6.402507781982422,0.0,0.0
12/20/2020,6.423816204071045,0.0,0.0
12/21/2020,6.476047039031982,0.0,0.0
12/22/2020,6.129839897155762,0.0,0.0
12/23/2020,6.123270034790039,0.0,0.0
12/24/2020,5.082019805908203,0.0,0.0
12/25/2020,5.582586765289307,0.0,0.0
12/26/2020,5.751029014587402,0.0,0.0
12/27/2020,5.826140880584717,0.0,0.0
12/28/2020,5.80810022354126,0.0,0.0
12/29/2020,5.922091960906982,0.0,0.0
12/30/2020,5.729238986968994,0.0,0.0
12/31/2020,5.686644077301025,0.0,0.0
01/01/2021,5.677616119384766,0.0,0.0
01/02/2021,5.704998970031738,0.0,0.0
01/03/2021,5.783431053161621,0.0,0.0
01/04/2021,6.5653791427612305,0.0,0.0
01/05/2021,7.015213966369629,0.0,0.0
01/06/2021,7.250732898712158,0.0,0.0
01/07/2021,7.590242862701416,0.0,0.0
01/08/2021,7.215333938598633,0.0,0.0
01/09/2021,6.947371006011963,0.0,0.0
01/10/2021,7.775191783905029,0.0,0.0
01/11/2021,8.891840934753418,0.0,0.0
01/12/2021,7.245323181152344,0.0,0.0
01/13/2021,7.008845806121826,0.0,0.0
01/14/2021,7.590382099151611,0.0,0.0
01/15/2021,7.750854015350342,0.0,0.0
01/16/2021,7.59003210067749,0.0,0.0
01/17/2021,7.801493167877197,0.0,0.0
01/18/2021,7.652942180633545,0.0,0.0
01/19/2021,7.6991448402404785,0.0,0.0
01/20/2021,7.843463897705078,0.0,0.0
01/21/2021,7.916761875152588,0.0,0.0
01/22/2021,7.108459949493408,0.0,0.0
01/23/2021,7.433990001678467,0.0,0.0
01/24/2021,7.439136028289795,0.0,0.0
01/25/2021,7.632760047912598,0.0,0.0
01/26/2021,7.511675834655762,0.0,0.0
01/27/2021,7.434906959533691,0.0,0.0
01/28/2021,6.904144763946533,0.0,0.0
01/29/2021,7.8223419189453125,0.0,0.0
01/30/2021,7.626936912536621,0.0,0.0
01/31/2021,7.564291000366211,0.0,0.0
02/01/2021,7.412967205047607,0.0,0.0
02/02/2021,7.513898849487305,0.0,0.0
02/03/2021,7.802616119384766,0.0,0.0
02/04/2021,7.927353858947754,0.0,0.0
02/05/2021,7.648510932922363,0.0,0.0
02/06/2021,8.518717765808105,0.0,0.0
02/07/2021,8.759550094604492,0.0,0.0
02/08/2021,8.292086601257324,0.0,0.0
02/09/2021,8.696091651916504,0.0,0.0
02/10/2021,9.567980766296387,0.0,0.0
02/11/2021,10.39233112335205,0.0,0.0
02/12/2021,11.666695594787598,0.0,0.0
02/13/2021,12.022011756896973,0.0,0.0
02/14/2021,16.605287551879883,0.0,0.0
02/15/2021,16.143177032470703,0.0,0.0
02/16/2021,14.635143280029297,0.0,0.0
02/17/2021,14.359668731689453,0.0,0.0
02/18/2021,15.24859619140625,0.0,0.0
02/19/2021,14.971031188964844,0.0,0.0
02/20/2021,15.376646995544434,0.0,0.0
02/21/2021,15.094328880310059,0.0,0.0
02/22/2021,15.660724639892578,0.0,0.0
02/23/2021,13.942429542541504,0.0,0.0
02/24/2021,11.32295036315918,0.0,0.0
02/25/2021,11.881363868713379,0.0,0.0
02/26/2021,11.00261116027832,0.0,0.0
02/27/2021,10.726232528686523,0.0,0.0
02/28/2021,11.110650062561035,0.0,0.0
03/01/2021,10.317604064941406,0.0,0.0
03/02/2021,10.993454933166504,0.0,0.0
03/03/2021,10.905037879943848,0.0,0.0
03/04/2021,11.284956932067871,0.0,0.0
03/05/2021,11.017228126525879,0.0,0.0
03/06/2021,10.94642162322998,0.0,0.0
03/07/2021,11.146900177001953,0.0,0.0
03/08/2021,11.526946067810059,0.0,0.0
03/09/2021,11.68907642364502,0.0,0.0
03/10/2021,12.400020599365234,0.0,0.0
03/11/2021,11.984031677246094,0.0,0.0
03/12/2021,12.239516258239746,0.0,0.0
03/13/2021,11.940263748168945,0.0,0.0
03/14/2021,13.822985649108887,0.0,0.0
03/15/2021,12.779202461242676,0.0,0.0
03/16/2021,12.167572975158691,0.0,0.0
03/17/2021,12.421069145202637,0.0,0.0
03/18/2021,12.486888885498047,0.0,0.0
03/19/2021,12.214136123657227,0.0,0.0
03/20/2021,12.288663864135742,0.0,0.0
03/21/2021,12.329683303833008,0.0,0.0
03/22/2021,11.999987602233887,0.0,0.0
03/23/2021,11.748014450073242,0.0,0.0
03/24/2021,12.324543952941895,0.0,0.0
03/25/2021,11.40374755859375,0.0,0.0
03/26/2021,11.14051342010498,0.0,0.0
03/27/2021,11.768966674804688,0.0,0.0
03/28/2021,11.788681030273438,0.0,0.0
03/29/2021,11.879183769226074,0.0,0.0
03/30/2021,12.578174591064453,0.0,0.0
03/31/2021,13.01912784576416,0.0,0.0
04/01/2021,14.083183288574219,0.0,0.0
04/02/2021,14.411134719848633,0.0,0.0
04/03/2021,15.287083625793457,0.0,0.0
04/04/2021,13.66849136352539,0.0,0.0
04/05/2021,14.618993759155273,0.0,0.0
04/06/2021,16.124738693237305,0.0,0.0
04/07/2021,17.84984016418457,0.0,0.0
04/08/2021,19.233610153198242,0.0,0.0
04/09/2021,19.51237678527832,0.0,0.0
04/10/2021,18.77657127380371,0.0,0.0
04/11/2021,20.424089431762695,0.0,0.0
04/12/2021,20.412702560424805,0.0,0.0
04/13/2021,19.523561477661133,0.0,0.0
04/14/2021,21.21129608154297,0.0,0.0
04/15/2021,21.950300216674805,0.0,0.0
04/16/2021,28.6341552734375,0.0,0.0
04/17/2021,38.40670394897461,0.0,0.0
04/18/2021,38.21883010864258,0.0,0.0
04/19/2021,37.092708587646484,0.0,0.0
04/20/2021,33.42592239379883,0.0,0.0
04/21/2021,33.68901443481445,0.0,0.0
04/22/2021,32.017269134521484,0.0,0.0
04/23/2021,33.65853500366211,0.0,0.0
04/24/2021,32.63620376586914,0.0,0.0
04/25/2021,29.62135124206543,0.0,0.0
04/26/2021,29.223222732543945,0.0,0.0
04/27/2021,32.80167007446289,0.0,0.0
04/28/2021,33.75114059448242,0.0,0.0
04/29/2021,35.056461334228516,0.0,0.0
04/30/2021,34.458412170410156,0.0,0.0
05/01/2021,36.33468246459961,0.0,0.0
05/02/2021,44.67224884033203,0.0,0.0
05/03/2021,44.90488815307617,0.0,0.0
05/04/2021,52.124210357666016,0.0,0.0
05/05/2021,69.23909759521484,0.0,0.0
05/06/2021,94.1517562866211,0.0,0.0
05/07/2021,133.68357849121094,0.0,0.0
05/08/2021,119.61688995361328,0.0,0.0
05/09/2021,127.33495330810547,0.0,0.0
05/10/2021,118.0003662109375,0.0,0.0
05/11/2021,105.2049560546875,0.0,0.0
05/12/2021,111.29967498779297,0.0,0.0
05/13/2021,84.90691375732422,0.0,0.0
05/14/2021,88.0287857055664,0.0,0.0
05/15/2021,103.54785919189453,0.0,0.0
05/16/2021,95.18329620361328,0.0,0.0
05/17/2021,93.7274169921875,0.0,0.0
05/18/2021,89.56057739257812,0.0,0.0
05/19/2021,88.80509948730469,0.0,0.0
05/20/2021,59.62712478637695,0.0,0.0
05/21/2021,73.87822723388672,0.0,0.0
05/22/2021,64.31636047363281,0.0,0.0
05/23/2021,58.67550277709961,0.0,0.0
05/24/2021,51.67326354980469,0.0,0.0
05/25/2021,73.5333251953125,0.0,0.0
05/26/2021,78.38884735107422,0.0,0.0
05/27/2021,79.9144515991211,0.0,0.0
05/28/2021,74.55268096923828,0.0,0.0
05/29/2021,68.31446838378906,0.0,0.0
05/30/2021,64.31934356689453,0.0,0.0
05/31/2021,66.21199035644531,0.0,0.0
06/01/2021,70.08660888671875,0.0,0.0
06/02/2021,67.77294158935547,0.0,0.0
06/03/2021,68.44098663330078,0.0,0.0
06/04/2021,69.87163543701172,0.0,0.0
06/05/2021,64.85958862304688,0.0,0.0
06/06/2021,63.14491271972656,0.0,0.0
06/07/2021,64.0958251953125,0.0,0.0
06/08/2021,58.02037811279297,0.0,0.0
06/09/2021,56.787540435791016,0.0,0.0
06/10/2021,62.2972526550293,0.0,0.0
06/11/2021,57.96915817260742,0.0,0.0
06/12/2021,56.91997146606445,0.0,0.0
06/13/2021,55.24462127685547,0.0,0.0
06/14/2021,59.04187774658203,0.0,0.0
06/15/2021,59.03602981567383,0.0,0.0
06/16/2021,58.244178771972656,0.0,0.0
06/17/2021,55.32509231567383,0.0,0.0
06/18/2021,55.55996322631836,0.0,0.0
06/19/2021,52.56412124633789,0.0,0.0
06/20/2021,51.04888916015625,0.0,0.0
06/21/2021,51.03139114379883,0.0,0.0
06/22/2021,39.46621322631836,0.0,0.0
06/23/2021,36.57468795776367,0.0,0.0
06/24/2021,40.79387664794922,0.0,0.0
06/25/2021,43.132144927978516,0.0,0.0
06/26/2021,39.51355743408203,0.0,0.0
06/27/2021,40.54334259033203,0.0,0.0
06/28/2021,42.34905242919922,0.0,0.0
06/29/2021,43.356319427490234,0.0,0.0
06/30/2021,56.6357536315918,0.0,0.0
07/01/2021,57.52577590942383,0.0,0.0
07/02/2021,53.12297058105469,0.0,0.0
07/03/2021,53.73335266113281,0.0,0.0
07/04/2021,56.8243522644043,0.0,0.0
07/05/2021,56.27875900268555,0.0,0.0
07/06/2021,53.71257781982422,0.0,0.0
07/07/2021,54.71067428588867,0.0,0.0
07/08/2021,52.874839782714844,0.0,0.0
07/09/2021,49.54208755493164,0.0,0.0
07/10/2021,50.17723846435547,0.0,0.0
07/11/2021,49.14792251586914,0.0,0.0
07/12/2021,49.69844436645508,0.0,0.0
07/13/2021,47.769832611083984,0.0,0.0
07/14/2021,45.5713996887207,0.0,0.0
07/15/2021,45.65495300292969,0.0,0.0
07/16/2021,43.19829177856445,0.0,0.0
07/17/2021,41.186893463134766,0.0,0.0
07/18/2021,41.48849868774414,0.0,0.0
07/19/2021,41.937408447265625,0.0,0.0
07/20/2021,41.604034423828125,0.0,0.0
07/21/2021,39.378536224365234,0.0,0.0
07/22/2021,42.927490234375,0.0,0.0
07/23/2021,43.42055130004883,0.0,0.0
07/24/2021,45.780921936035156,0.0,0.0
07/25/2021,49.47959899902344,0.0,0.0
07/26/2021,48.45132827758789,0.0,0.0
07/27/2021,48.45687484741211,0.0,0.0
07/28/2021,49.53424835205078,0.0,0.0
07/29/2021,49.2515754699707,0.0,0.0
07/30/2021,49.343910217285156,0.0,0.0
