ETH-USD,Ethereum USD,
Date,Price,Dividend,Annualized Dividend
08/07/2015,2.83161997795105,0.0,0.0
08/08/2015,2.793760061264038,0.0,0.0
08/09/2015,0.7061359882354736,0.0,0.0
08/10/2015,0.7139890193939209,0.0,0.0
08/11/2015,0.7080870270729065,0.0,0.0
08/12/2015,1.058750033378601,0.0,0.0
08/13/2015,1.2222399711608887,0.0,0.0
08/14/2015,1.810920000076294,0.0,0.0
08/15/2015,1.8028899431228638,0.0,0.0
08/16/2015,1.6843500137329102,0.0,0.0
08/17/2015,1.5811899900436401,0.0,0.0
08/18/2015,1.2152999639511108,0.0,0.0
08/19/2015,1.1669299602508545,0.0,0.0
08/20/2015,1.2511800527572632,0.0,0.0
08/21/2015,1.4775199890136719,0.0,0.0
08/22/2015,1.3962899446487427,0.0,0.0
08/23/2015,1.375,0.0,0.0
08/24/2015,1.3455899953842163,0.0,0.0
08/25/2015,1.2286100387573242,0.0,0.0
08/26/2015,1.132789969444275,0.0,0.0
08/27/2015,1.1698100566864014,0.0,0.0
08/28/2015,1.1476600170135498,0.0,0.0
08/29/2015,1.1935299634933472,0.0,0.0
08/30/2015,1.1829899549484253,0.0,0.0
08/31/2015,1.3213800191879272,0.0,0.0
09/01/2015,1.3534799814224243,0.0,0.0
09/02/2015,1.3515700101852417,0.0,0.0
09/03/2015,1.2951899766921997,0.0,0.0
09/04/2015,1.264930009841919,0.0,0.0
09/05/2015,1.28056001663208,0.0,0.0
09/06/2015,1.3380099534988403,0.0,0.0
09/07/2015,1.2958999872207642,0.0,0.0
09/08/2015,1.246649980545044,0.0,0.0
09/09/2015,1.2393499612808228,0.0,0.0
09/10/2015,1.207610011100769,0.0,0.0
09/11/2015,1.16497004032135,0.0,0.0
09/12/2015,0.9872279763221741,0.0,0.0
09/13/2015,1.0417799949645996,0.0,0.0
09/14/2015,0.9405660033226013,0.0,0.0
09/15/2015,0.8751890063285828,0.0,0.0
09/16/2015,0.9419770240783691,0.0,0.0
09/17/2015,0.9068650007247925,0.0,0.0
09/18/2015,0.8745740056037903,0.0,0.0
09/19/2015,0.849602997303009,0.0,0.0
09/20/2015,0.8811910152435303,0.0,0.0
09/21/2015,0.9414960145950317,0.0,0.0
09/22/2015,0.9193369746208191,0.0,0.0
09/23/2015,0.9035599827766418,0.0,0.0
09/24/2015,0.8967959880828857,0.0,0.0
09/25/2015,0.8200309872627258,0.0,0.0
09/26/2015,0.7376300096511841,0.0,0.0
09/27/2015,0.7912769913673401,0.0,0.0
09/28/2015,0.7237150073051453,0.0,0.0
09/29/2015,0.5794140100479126,0.0,0.0
09/30/2015,0.661191999912262,0.0,0.0
10/01/2015,0.7343069911003113,0.0,0.0
10/02/2015,0.6837319731712341,0.0,0.0
10/03/2015,0.6787829995155334,0.0,0.0
10/04/2015,0.6863430142402649,0.0,0.0
10/05/2015,0.6667839884757996,0.0,0.0
10/06/2015,0.6222180128097534,0.0,0.0
10/07/2015,0.6505150198936462,0.0,0.0
10/08/2015,0.6095010042190552,0.0,0.0
10/09/2015,0.6550840139389038,0.0,0.0
10/10/2015,0.6411870121955872,0.0,0.0
10/11/2015,0.6274610161781311,0.0,0.0
10/12/2015,0.6345149874687195,0.0,0.0
10/13/2015,0.6279429793357849,0.0,0.0
10/14/2015,0.6122400164604187,0.0,0.0
10/15/2015,0.523277997970581,0.0,0.0
10/16/2015,0.5625929832458496,0.0,0.0
10/17/2015,0.5341169834136963,0.0,0.0
10/18/2015,0.5479130148887634,0.0,0.0
10/19/2015,0.5176209807395935,0.0,0.0
10/20/2015,0.48962900042533875,0.0,0.0
10/21/2015,0.4315890073776245,0.0,0.0
10/22/2015,0.4449880123138428,0.0,0.0
10/23/2015,0.5663700103759766,0.0,0.0
10/24/2015,0.5396810173988342,0.0,0.0
10/25/2015,0.5632069706916809,0.0,0.0
10/26/2015,0.6197429895401001,0.0,0.0
10/27/2015,0.7088900208473206,0.0,0.0
10/28/2015,0.8709380030632019,0.0,0.0
10/29/2015,1.0052499771118164,0.0,0.0
10/30/2015,1.2092000246047974,0.0,0.0
10/31/2015,1.0465799570083618,0.0,0.0
11/01/2015,0.9208469986915588,0.0,0.0
11/02/2015,1.0579700469970703,0.0,0.0
11/03/2015,0.9945679903030396,0.0,0.0
11/04/2015,1.0106500387191772,0.0,0.0
11/05/2015,0.9006990194320679,0.0,0.0
11/06/2015,0.9047719836235046,0.0,0.0
11/07/2015,0.9237319827079773,0.0,0.0
11/08/2015,0.9156609773635864,0.0,0.0
11/09/2015,1.0325299501419067,0.0,0.0
11/10/2015,1.0012600421905518,0.0,0.0
11/11/2015,0.9412959814071655,0.0,0.0
11/12/2015,0.7964550256729126,0.0,0.0
11/13/2015,0.907721996307373,0.0,0.0
11/14/2015,0.9054690003395081,0.0,0.0
11/15/2015,0.8912169933319092,0.0,0.0
11/16/2015,0.9061660170555115,0.0,0.0
11/17/2015,0.92494797706604,0.0,0.0
11/18/2015,0.9932140111923218,0.0,0.0
11/19/2015,0.9887130260467529,0.0,0.0
11/20/2015,0.9557350277900696,0.0,0.0
11/21/2015,0.9287580251693726,0.0,0.0
11/22/2015,0.979764997959137,0.0,0.0
11/23/2015,0.9674929976463318,0.0,0.0
11/24/2015,0.9464420080184937,0.0,0.0
11/25/2015,0.8938270211219788,0.0,0.0
11/26/2015,0.863273024559021,0.0,0.0
11/27/2015,0.882099986076355,0.0,0.0
11/28/2015,0.8681020140647888,0.0,0.0
11/29/2015,0.914143979549408,0.0,0.0
11/30/2015,0.879951000213623,0.0,0.0
12/01/2015,0.8783159852027893,0.0,0.0
12/02/2015,0.8731709718704224,0.0,0.0
12/03/2015,0.8185459971427917,0.0,0.0
12/04/2015,0.8120819926261902,0.0,0.0
12/05/2015,0.8411949872970581,0.0,0.0
12/06/2015,0.8664169907569885,0.0,0.0
12/07/2015,0.836322009563446,0.0,0.0
12/08/2015,0.8060240149497986,0.0,0.0
12/09/2015,0.8244540095329285,0.0,0.0
12/10/2015,0.7955899834632874,0.0,0.0
12/11/2015,0.8399950265884399,0.0,0.0
12/12/2015,0.9311959743499756,0.0,0.0
12/13/2015,0.9715380072593689,0.0,0.0
12/14/2015,0.9566199779510498,0.0,0.0
12/15/2015,0.9905890226364136,0.0,0.0
12/16/2015,1.017109990119934,0.0,0.0
12/17/2015,0.9930430054664612,0.0,0.0
12/18/2015,0.9383270144462585,0.0,0.0
12/19/2015,0.9215239882469177,0.0,0.0
12/20/2015,0.908240020275116,0.0,0.0
12/21/2015,0.9060649871826172,0.0,0.0
12/22/2015,0.8949729800224304,0.0,0.0
12/23/2015,0.8617820143699646,0.0,0.0
12/24/2015,0.8594329953193665,0.0,0.0
12/25/2015,0.8619930148124695,0.0,0.0
12/26/2015,0.8707659840583801,0.0,0.0
12/27/2015,0.8531659841537476,0.0,0.0
12/28/2015,0.8563560247421265,0.0,0.0
12/29/2015,0.8438349962234497,0.0,0.0
12/30/2015,0.8742579817771912,0.0,0.0
12/31/2015,0.9120979905128479,0.0,0.0
01/01/2016,0.9337120056152344,0.0,0.0
01/02/2016,0.9474009871482849,0.0,0.0
01/03/2016,0.9384300112724304,0.0,0.0
01/04/2016,0.9720450043678284,0.0,0.0
01/05/2016,0.9531469941139221,0.0,0.0
01/06/2016,0.9500280022621155,0.0,0.0
01/07/2016,0.9558010101318359,0.0,0.0
01/08/2016,0.9427520036697388,0.0,0.0
01/09/2016,0.9855009913444519,0.0,0.0
01/10/2016,0.9855570197105408,0.0,0.0
01/11/2016,0.9992160201072693,0.0,0.0
01/12/2016,1.066100001335144,0.0,0.0
01/13/2016,1.1354700326919556,0.0,0.0
01/14/2016,1.1220999956130981,0.0,0.0
01/15/2016,1.184440016746521,0.0,0.0
01/16/2016,1.220460057258606,0.0,0.0
01/17/2016,1.2214699983596802,0.0,0.0
01/18/2016,1.3323099613189697,0.0,0.0
01/19/2016,1.4226100444793701,0.0,0.0
01/20/2016,1.3631800413131714,0.0,0.0
01/21/2016,1.5326999425888062,0.0,0.0
01/22/2016,1.547029972076416,0.0,0.0
01/23/2016,1.5041199922561646,0.0,0.0
01/24/2016,1.9005399942398071,0.0,0.0
01/25/2016,2.1476399898529053,0.0,0.0
01/26/2016,2.5327401161193848,0.0,0.0
01/27/2016,2.2474400997161865,0.0,0.0
01/28/2016,2.406450033187866,0.0,0.0
01/29/2016,2.5429799556732178,0.0,0.0
01/30/2016,2.5077199935913086,0.0,0.0
01/31/2016,2.443150043487549,0.0,0.0
02/01/2016,2.319689989089966,0.0,0.0
02/02/2016,2.2151899337768555,0.0,0.0
02/03/2016,2.4319300651550293,0.0,0.0
02/04/2016,2.5290300846099854,0.0,0.0
02/05/2016,2.570349931716919,0.0,0.0
02/06/2016,2.5338199138641357,0.0,0.0
02/07/2016,2.536410093307495,0.0,0.0
02/08/2016,2.9730000495910645,0.0,0.0
02/09/2016,3.174989938735962,0.0,0.0
02/10/2016,4.000549793243408,0.0,0.0
02/11/2016,4.496819972991943,0.0,0.0
02/12/2016,5.946149826049805,0.0,0.0
02/13/2016,5.685050010681152,0.0,0.0
02/14/2016,5.404329776763916,0.0,0.0
02/15/2016,5.330530166625977,0.0,0.0
02/16/2016,5.328320026397705,0.0,0.0
02/17/2016,4.289169788360596,0.0,0.0
02/18/2016,3.7746999263763428,0.0,0.0
02/19/2016,4.384789943695068,0.0,0.0
02/20/2016,4.682199954986572,0.0,0.0
02/21/2016,4.3605499267578125,0.0,0.0
02/22/2016,4.664949893951416,0.0,0.0
02/23/2016,5.684929847717285,0.0,0.0
02/24/2016,5.604050159454346,0.0,0.0
02/25/2016,6.186709880828857,0.0,0.0
02/26/2016,6.037829875946045,0.0,0.0
02/27/2016,5.963079929351807,0.0,0.0
02/28/2016,6.405509948730469,0.0,0.0
02/29/2016,6.4556498527526855,0.0,0.0
03/01/2016,6.319310188293457,0.0,0.0
03/02/2016,7.633029937744141,0.0,0.0
03/03/2016,8.442290306091309,0.0,0.0
03/04/2016,9.240559577941895,0.0,0.0
03/05/2016,10.37030029296875,0.0,0.0
03/06/2016,11.204000473022461,0.0,0.0
03/07/2016,11.428799629211426,0.0,0.0
03/08/2016,9.58213996887207,0.0,0.0
03/09/2016,9.792420387268066,0.0,0.0
03/10/2016,11.881500244140625,0.0,0.0
03/11/2016,11.221599578857422,0.0,0.0
03/12/2016,11.13070011138916,0.0,0.0
03/13/2016,13.510199546813965,0.0,0.0
03/14/2016,14.512200355529785,0.0,0.0
03/15/2016,13.001700401306152,0.0,0.0
03/16/2016,13.021599769592285,0.0,0.0
03/17/2016,12.558699607849121,0.0,0.0
03/18/2016,11.109100341796875,0.0,0.0
03/19/2016,11.203700065612793,0.0,0.0
03/20/2016,10.516300201416016,0.0,0.0
03/21/2016,10.30370044708252,0.0,0.0
03/22/2016,11.879199981689453,0.0,0.0
03/23/2016,11.327899932861328,0.0,0.0
03/24/2016,12.44219970703125,0.0,0.0
03/25/2016,11.260299682617188,0.0,0.0
03/26/2016,10.767900466918945,0.0,0.0
03/27/2016,10.986100196838379,0.0,0.0
03/28/2016,10.431400299072266,0.0,0.0
03/29/2016,11.752699851989746,0.0,0.0
03/30/2016,11.605299949645996,0.0,0.0
03/31/2016,11.9197998046875,0.0,0.0
04/01/2016,11.40060043334961,0.0,0.0
04/02/2016,11.630599975585938,0.0,0.0
04/03/2016,11.628299713134766,0.0,0.0
04/04/2016,11.615799903869629,0.0,0.0
04/05/2016,11.212499618530273,0.0,0.0
04/06/2016,10.449799537658691,0.0,0.0
04/07/2016,10.695199966430664,0.0,0.0
04/08/2016,10.077400207519531,0.0,0.0
04/09/2016,9.694230079650879,0.0,0.0
04/10/2016,9.149849891662598,0.0,0.0
04/11/2016,8.942779541015625,0.0,0.0
04/12/2016,8.639470100402832,0.0,0.0
04/13/2016,7.441359996795654,0.0,0.0
04/14/2016,8.075169563293457,0.0,0.0
04/15/2016,8.386059761047363,0.0,0.0
04/16/2016,8.235879898071289,0.0,0.0
04/17/2016,8.623189926147461,0.0,0.0
04/18/2016,9.332730293273926,0.0,0.0
04/19/2016,9.075329780578613,0.0,0.0
04/20/2016,8.688190460205078,0.0,0.0
04/21/2016,8.453459739685059,0.0,0.0
04/22/2016,8.149920463562012,0.0,0.0
04/23/2016,7.791830062866211,0.0,0.0
04/24/2016,8.29343032836914,0.0,0.0
04/25/2016,8.007769584655762,0.0,0.0
04/26/2016,7.526549816131592,0.0,0.0
04/27/2016,7.388390064239502,0.0,0.0
04/28/2016,7.740690231323242,0.0,0.0
04/29/2016,7.207029819488525,0.0,0.0
04/30/2016,7.453909873962402,0.0,0.0
05/01/2016,8.775079727172852,0.0,0.0
05/02/2016,8.894240379333496,0.0,0.0
05/03/2016,10.16510009765625,0.0,0.0
05/04/2016,9.382869720458984,0.0,0.0
05/05/2016,9.396730422973633,0.0,0.0
05/06/2016,9.809610366821289,0.0,0.0
05/07/2016,9.31564998626709,0.0,0.0
05/08/2016,9.372900009155273,0.0,0.0
05/09/2016,9.494039535522461,0.0,0.0
05/10/2016,9.282649993896484,0.0,0.0
05/11/2016,9.431429862976074,0.0,0.0
05/12/2016,9.995109558105469,0.0,0.0
05/13/2016,10.062299728393555,0.0,0.0
05/14/2016,10.50510025024414,0.0,0.0
05/15/2016,10.23859977722168,0.0,0.0
05/16/2016,9.968700408935547,0.0,0.0
05/17/2016,11.19320011138916,0.0,0.0
05/18/2016,12.179300308227539,0.0,0.0
05/19/2016,13.542799949645996,0.0,0.0
05/20/2016,14.85319995880127,0.0,0.0
05/21/2016,13.68970012664795,0.0,0.0
05/22/2016,14.040499687194824,0.0,0.0
05/23/2016,14.279800415039062,0.0,0.0
05/24/2016,13.305399894714355,0.0,0.0
05/25/2016,12.79319953918457,0.0,0.0
05/26/2016,12.51609992980957,0.0,0.0
05/27/2016,12.389399528503418,0.0,0.0
05/28/2016,11.333200454711914,0.0,0.0
05/29/2016,12.112199783325195,0.0,0.0
05/30/2016,12.325300216674805,0.0,0.0
05/31/2016,12.743499755859375,0.0,0.0
06/01/2016,14.109800338745117,0.0,0.0
06/02/2016,13.991700172424316,0.0,0.0
06/03/2016,13.742899894714355,0.0,0.0
06/04/2016,13.864299774169922,0.0,0.0
06/05/2016,13.762499809265137,0.0,0.0
06/06/2016,14.000699996948242,0.0,0.0
06/07/2016,13.945300102233887,0.0,0.0
06/08/2016,14.50790023803711,0.0,0.0
06/09/2016,14.4306001663208,0.0,0.0
06/10/2016,14.375900268554688,0.0,0.0
06/11/2016,13.909099578857422,0.0,0.0
06/12/2016,14.186400413513184,0.0,0.0
06/13/2016,15.772299766540527,0.0,0.0
06/14/2016,17.61280059814453,0.0,0.0
06/15/2016,18.90530014038086,0.0,0.0
06/16/2016,18.36280059814453,0.0,0.0
06/17/2016,20.65089988708496,0.0,0.0
06/18/2016,15.378600120544434,0.0,0.0
06/19/2016,11.1673002243042,0.0,0.0
06/20/2016,12.236900329589844,0.0,0.0
06/21/2016,11.81980037689209,0.0,0.0
06/22/2016,13.199700355529785,0.0,0.0
06/23/2016,13.21560001373291,0.0,0.0
06/24/2016,13.682100296020508,0.0,0.0
06/25/2016,14.302800178527832,0.0,0.0
06/26/2016,14.261099815368652,0.0,0.0
06/27/2016,13.808199882507324,0.0,0.0
06/28/2016,13.927599906921387,0.0,0.0
06/29/2016,12.174200057983398,0.0,0.0
06/30/2016,12.602899551391602,0.0,0.0
07/01/2016,12.43809986114502,0.0,0.0
07/02/2016,12.215999603271484,0.0,0.0
07/03/2016,12.120800018310547,0.0,0.0
07/04/2016,11.696100234985352,0.0,0.0
07/05/2016,11.45740032196045,0.0,0.0
07/06/2016,10.575799942016602,0.0,0.0
07/07/2016,10.535900115966797,0.0,0.0
07/08/2016,10.115300178527832,0.0,0.0
07/09/2016,11.417699813842773,0.0,0.0
07/10/2016,10.960399627685547,0.0,0.0
07/11/2016,10.941100120544434,0.0,0.0
07/12/2016,10.446999549865723,0.0,0.0
07/13/2016,10.506600379943848,0.0,0.0
07/14/2016,10.59689998626709,0.0,0.0
07/15/2016,11.499099731445312,0.0,0.0
07/16/2016,11.919400215148926,0.0,0.0
07/17/2016,11.623499870300293,0.0,0.0
07/18/2016,11.17300033569336,0.0,0.0
07/19/2016,11.046600341796875,0.0,0.0
07/20/2016,11.590200424194336,0.0,0.0
07/21/2016,12.460100173950195,0.0,0.0
07/22/2016,12.657500267028809,0.0,0.0
07/23/2016,14.665499687194824,0.0,0.0
07/24/2016,14.29580020904541,0.0,0.0
07/25/2016,12.743399620056152,0.0,0.0
07/26/2016,13.816100120544434,0.0,0.0
07/27/2016,12.05049991607666,0.0,0.0
07/28/2016,12.979100227355957,0.0,0.0
07/29/2016,12.836400032043457,0.0,0.0
07/30/2016,12.79740047454834,0.0,0.0
07/31/2016,12.43970012664795,0.0,0.0
08/01/2016,11.894800186157227,0.0,0.0
08/02/2016,10.94849967956543,0.0,0.0
08/03/2016,8.876799583435059,0.0,0.0
08/04/2016,10.310999870300293,0.0,0.0
08/05/2016,11.019000053405762,0.0,0.0
08/06/2016,10.91670036315918,0.0,0.0
08/07/2016,10.859199523925781,0.0,0.0
08/08/2016,10.91349983215332,0.0,0.0
08/09/2016,11.2746000289917,0.0,0.0
08/10/2016,12.2298002243042,0.0,0.0
08/11/2016,12.138199806213379,0.0,0.0
08/12/2016,11.688899993896484,0.0,0.0
08/13/2016,11.770400047302246,0.0,0.0
08/14/2016,11.58329963684082,0.0,0.0
08/15/2016,11.201700210571289,0.0,0.0
08/16/2016,11.228699684143066,0.0,0.0
08/17/2016,11.133199691772461,0.0,0.0
08/18/2016,10.7475004196167,0.0,0.0
08/19/2016,10.746299743652344,0.0,0.0
08/20/2016,10.750100135803223,0.0,0.0
08/21/2016,11.253299713134766,0.0,0.0
08/22/2016,11.185099601745605,0.0,0.0
08/23/2016,11.13700008392334,0.0,0.0
08/24/2016,11.024299621582031,0.0,0.0
08/25/2016,11.031299591064453,0.0,0.0
08/26/2016,11.352399826049805,0.0,0.0
08/27/2016,11.293999671936035,0.0,0.0
08/28/2016,11.147000312805176,0.0,0.0
08/29/2016,10.91510009765625,0.0,0.0
08/30/2016,10.99209976196289,0.0,0.0
08/31/2016,11.23859977722168,0.0,0.0
09/01/2016,11.670499801635742,0.0,0.0
09/02/2016,11.964200019836426,0.0,0.0
09/03/2016,12.112899780273438,0.0,0.0
09/04/2016,11.75409984588623,0.0,0.0
09/05/2016,11.680500030517578,0.0,0.0
09/06/2016,11.7253999710083,0.0,0.0
09/07/2016,11.694499969482422,0.0,0.0
09/08/2016,11.54580020904541,0.0,0.0
09/09/2016,11.412500381469727,0.0,0.0
09/10/2016,11.662300109863281,0.0,0.0
09/11/2016,12.207900047302246,0.0,0.0
09/12/2016,11.642999649047852,0.0,0.0
09/13/2016,11.888699531555176,0.0,0.0
09/14/2016,11.904600143432617,0.0,0.0
09/15/2016,11.943099975585938,0.0,0.0
09/16/2016,11.959600448608398,0.0,0.0
09/17/2016,12.558199882507324,0.0,0.0
09/18/2016,12.686400413513184,0.0,0.0
09/19/2016,12.435999870300293,0.0,0.0
09/20/2016,13.213899612426758,0.0,0.0
09/21/2016,14.434100151062012,0.0,0.0
09/22/2016,13.664999961853027,0.0,0.0
09/23/2016,13.208000183105469,0.0,0.0
09/24/2016,13.32229995727539,0.0,0.0
09/25/2016,12.852499961853027,0.0,0.0
09/26/2016,13.169599533081055,0.0,0.0
09/27/2016,12.863900184631348,0.0,0.0
09/28/2016,13.107399940490723,0.0,0.0
09/29/2016,13.276800155639648,0.0,0.0
09/30/2016,13.076000213623047,0.0,0.0
10/01/2016,13.203200340270996,0.0,0.0
10/02/2016,13.18019962310791,0.0,0.0
10/03/2016,13.20300006866455,0.0,0.0
10/04/2016,13.450499534606934,0.0,0.0
10/05/2016,13.28339958190918,0.0,0.0
10/06/2016,13.026300430297852,0.0,0.0
10/07/2016,12.85159969329834,0.0,0.0
10/08/2016,12.673999786376953,0.0,0.0
10/09/2016,12.21560001373291,0.0,0.0
10/10/2016,12.060700416564941,0.0,0.0
10/11/2016,11.762399673461914,0.0,0.0
10/12/2016,11.784600257873535,0.0,0.0
10/13/2016,11.909199714660645,0.0,0.0
10/14/2016,11.989100456237793,0.0,0.0
10/15/2016,11.936100006103516,0.0,0.0
10/16/2016,11.98169994354248,0.0,0.0
10/17/2016,11.955599784851074,0.0,0.0
10/18/2016,11.99590015411377,0.0,0.0
10/19/2016,12.592599868774414,0.0,0.0
10/20/2016,12.046299934387207,0.0,0.0
10/21/2016,12.12969970703125,0.0,0.0
10/22/2016,12.180399894714355,0.0,0.0
10/23/2016,12.130399703979492,0.0,0.0
10/24/2016,12.037199974060059,0.0,0.0
10/25/2016,11.967599868774414,0.0,0.0
10/26/2016,11.384099960327148,0.0,0.0
10/27/2016,11.531200408935547,0.0,0.0
10/28/2016,11.474900245666504,0.0,0.0
10/29/2016,11.100299835205078,0.0,0.0
10/30/2016,10.428199768066406,0.0,0.0
10/31/2016,11.229599952697754,0.0,0.0
11/01/2016,10.957799911499023,0.0,0.0
11/02/2016,10.773500442504883,0.0,0.0
11/03/2016,10.797699928283691,0.0,0.0
11/04/2016,10.817500114440918,0.0,0.0
11/05/2016,11.094799995422363,0.0,0.0
11/06/2016,10.991700172424316,0.0,0.0
11/07/2016,10.90369987487793,0.0,0.0
11/08/2016,10.850600242614746,0.0,0.0
11/09/2016,10.819899559020996,0.0,0.0
11/10/2016,10.674699783325195,0.0,0.0
11/11/2016,10.513999938964844,0.0,0.0
11/12/2016,10.292400360107422,0.0,0.0
11/13/2016,9.887649536132812,0.0,0.0
11/14/2016,10.098199844360352,0.0,0.0
11/15/2016,9.971940040588379,0.0,0.0
11/16/2016,10.217000007629395,0.0,0.0
11/17/2016,10.059599876403809,0.0,0.0
11/18/2016,9.988349914550781,0.0,0.0
11/19/2016,9.482819557189941,0.0,0.0
11/20/2016,9.661210060119629,0.0,0.0
11/21/2016,9.580160140991211,0.0,0.0
11/22/2016,9.625760078430176,0.0,0.0
11/23/2016,9.919770240783691,0.0,0.0
11/24/2016,9.846030235290527,0.0,0.0
11/25/2016,9.228529930114746,0.0,0.0
11/26/2016,9.416430473327637,0.0,0.0
11/27/2016,9.312020301818848,0.0,0.0
11/28/2016,8.99843978881836,0.0,0.0
11/29/2016,8.728699684143066,0.0,0.0
11/30/2016,8.15548038482666,0.0,0.0
12/01/2016,8.601619720458984,0.0,0.0
12/02/2016,8.455570220947266,0.0,0.0
12/03/2016,7.766329765319824,0.0,0.0
12/04/2016,7.903429985046387,0.0,0.0
12/05/2016,7.410590171813965,0.0,0.0
12/06/2016,6.804599761962891,0.0,0.0
12/07/2016,7.894830226898193,0.0,0.0
12/08/2016,8.383500099182129,0.0,0.0
12/09/2016,8.168140411376953,0.0,0.0
12/10/2016,8.438369750976562,0.0,0.0
12/11/2016,8.126409530639648,0.0,0.0
12/12/2016,8.192359924316406,0.0,0.0
12/13/2016,8.520400047302246,0.0,0.0
12/14/2016,8.451499938964844,0.0,0.0
12/15/2016,8.235329627990723,0.0,0.0
12/16/2016,7.859039783477783,0.0,0.0
12/17/2016,7.855690002441406,0.0,0.0
12/18/2016,7.860519886016846,0.0,0.0
12/19/2016,7.869430065155029,0.0,0.0
12/20/2016,7.6336798667907715,0.0,0.0
12/21/2016,7.663660049438477,0.0,0.0
12/22/2016,7.899040222167969,0.0,0.0
12/23/2016,7.5769500732421875,0.0,0.0
12/24/2016,7.1524200439453125,0.0,0.0
12/25/2016,7.26485013961792,0.0,0.0
12/26/2016,7.1321001052856445,0.0,0.0
12/27/2016,7.276370048522949,0.0,0.0
12/28/2016,7.148950099945068,0.0,0.0
12/29/2016,7.539130210876465,0.0,0.0
12/30/2016,8.28987979888916,0.0,0.0
12/31/2016,8.15114974975586,0.0,0.0
01/01/2017,7.982309818267822,0.0,0.0
01/02/2017,8.170869827270508,0.0,0.0
01/03/2017,8.374580383300781,0.0,0.0
01/04/2017,9.70928955078125,0.0,0.0
01/05/2017,11.286800384521484,0.0,0.0
01/06/2017,10.285799980163574,0.0,0.0
01/07/2017,10.240900039672852,0.0,0.0
01/08/2017,9.872579574584961,0.0,0.0
01/09/2017,10.313799858093262,0.0,0.0
01/10/2017,10.369500160217285,0.0,0.0
01/11/2017,10.541500091552734,0.0,0.0
01/12/2017,9.721389770507812,0.0,0.0
01/13/2017,9.82721996307373,0.0,0.0
01/14/2017,9.786450386047363,0.0,0.0
01/15/2017,9.82919979095459,0.0,0.0
01/16/2017,9.883529663085938,0.0,0.0
01/17/2017,9.639619827270508,0.0,0.0
01/18/2017,10.29640007019043,0.0,0.0
01/19/2017,10.240500450134277,0.0,0.0
01/20/2017,10.386799812316895,0.0,0.0
01/21/2017,10.595499992370605,0.0,0.0
01/22/2017,10.910099983215332,0.0,0.0
01/23/2017,10.70989990234375,0.0,0.0
01/24/2017,10.727899551391602,0.0,0.0
01/25/2017,10.618499755859375,0.0,0.0
01/26/2017,10.56719970703125,0.0,0.0
01/27/2017,10.584099769592285,0.0,0.0
01/28/2017,10.538299560546875,0.0,0.0
01/29/2017,10.561699867248535,0.0,0.0
01/30/2017,10.493800163269043,0.0,0.0
01/31/2017,10.564200401306152,0.0,0.0
02/01/2017,10.741299629211426,0.0,0.0
02/02/2017,10.73550033569336,0.0,0.0
02/03/2017,10.8125,0.0,0.0
02/04/2017,11.128700256347656,0.0,0.0
02/05/2017,11.44219970703125,0.0,0.0
02/06/2017,11.353899955749512,0.0,0.0
02/07/2017,11.425299644470215,0.0,0.0
02/08/2017,11.540200233459473,0.0,0.0
02/09/2017,11.43589973449707,0.0,0.0
02/10/2017,11.045000076293945,0.0,0.0
02/11/2017,11.290800094604492,0.0,0.0
02/12/2017,11.353300094604492,0.0,0.0
02/13/2017,11.383600234985352,0.0,0.0
02/14/2017,11.286399841308594,0.0,0.0
02/15/2017,13.03969955444336,0.0,0.0
02/16/2017,12.920999526977539,0.0,0.0
02/17/2017,12.898500442504883,0.0,0.0
02/18/2017,12.708399772644043,0.0,0.0
02/19/2017,12.81760025024414,0.0,0.0
02/20/2017,12.765199661254883,0.0,0.0
02/21/2017,12.34220027923584,0.0,0.0
02/22/2017,12.687199592590332,0.0,0.0
02/23/2017,12.598099708557129,0.0,0.0
02/24/2017,13.134300231933594,0.0,0.0
02/25/2017,13.063799858093262,0.0,0.0
02/26/2017,13.5177001953125,0.0,0.0
02/27/2017,14.505800247192383,0.0,0.0
02/28/2017,15.450699806213379,0.0,0.0
03/01/2017,15.847200393676758,0.0,0.0
03/02/2017,17.355300903320312,0.0,0.0
03/03/2017,19.042800903320312,0.0,0.0
03/04/2017,19.517099380493164,0.0,0.0
03/05/2017,18.50279998779297,0.0,0.0
03/06/2017,19.28230094909668,0.0,0.0
03/07/2017,19.579099655151367,0.0,0.0
03/08/2017,18.88249969482422,0.0,0.0
03/09/2017,16.640100479125977,0.0,0.0
03/10/2017,17.74090003967285,0.0,0.0
03/11/2017,19.37459945678711,0.0,0.0
03/12/2017,21.46489906311035,0.0,0.0
03/13/2017,23.504899978637695,0.0,0.0
03/14/2017,28.5718994140625,0.0,0.0
03/15/2017,28.645099639892578,0.0,0.0
03/16/2017,35.3572998046875,0.0,0.0
03/17/2017,45.929500579833984,0.0,0.0
03/18/2017,46.87419891357422,0.0,0.0
03/19/2017,35.529701232910156,0.0,0.0
03/20/2017,44.83359909057617,0.0,0.0
03/21/2017,43.50979995727539,0.0,0.0
03/22/2017,43.122501373291016,0.0,0.0
03/23/2017,42.56520080566406,0.0,0.0
03/24/2017,43.63800048828125,0.0,0.0
03/25/2017,53.57590103149414,0.0,0.0
03/26/2017,50.769901275634766,0.0,0.0
03/27/2017,51.31209945678711,0.0,0.0
03/28/2017,49.71039962768555,0.0,0.0
03/29/2017,50.56930160522461,0.0,0.0
03/30/2017,53.1245002746582,0.0,0.0
03/31/2017,51.753700256347656,0.0,0.0
04/01/2017,50.03369903564453,0.0,0.0
04/02/2017,50.738399505615234,0.0,0.0
04/03/2017,48.82120132446289,0.0,0.0
04/04/2017,43.92179870605469,0.0,0.0
04/05/2017,44.66109848022461,0.0,0.0
04/06/2017,45.22050094604492,0.0,0.0
04/07/2017,42.8651008605957,0.0,0.0
04/08/2017,41.79840087890625,0.0,0.0
04/09/2017,44.280399322509766,0.0,0.0
04/10/2017,43.2775993347168,0.0,0.0
04/11/2017,43.501399993896484,0.0,0.0
04/12/2017,43.462799072265625,0.0,0.0
04/13/2017,46.31060028076172,0.0,0.0
04/14/2017,49.97140121459961,0.0,0.0
04/15/2017,47.65370178222656,0.0,0.0
04/16/2017,49.03779983520508,0.0,0.0
04/17/2017,48.659698486328125,0.0,0.0
04/18/2017,48.319000244140625,0.0,0.0
04/19/2017,50.729000091552734,0.0,0.0
04/20/2017,48.132301330566406,0.0,0.0
04/21/2017,49.6432991027832,0.0,0.0
04/22/2017,48.18239974975586,0.0,0.0
04/23/2017,48.592498779296875,0.0,0.0
04/24/2017,48.86669921875,0.0,0.0
04/25/2017,50.07460021972656,0.0,0.0
04/26/2017,49.909400939941406,0.0,0.0
04/27/2017,52.80569839477539,0.0,0.0
04/28/2017,62.226898193359375,0.0,0.0
04/29/2017,71.38960266113281,0.0,0.0
04/30/2017,68.54060363769531,0.0,0.0
05/01/2017,79.32160186767578,0.0,0.0
05/02/2017,76.65339660644531,0.0,0.0
05/03/2017,77.25399780273438,0.0,0.0
05/04/2017,79.72039794921875,0.0,0.0
05/05/2017,96.73470306396484,0.0,0.0
05/06/2017,94.91210174560547,0.0,0.0
05/07/2017,97.86940002441406,0.0,0.0
05/08/2017,93.74700164794922,0.0,0.0
05/09/2017,91.22799682617188,0.0,0.0
05/10/2017,91.1511001586914,0.0,0.0
05/11/2017,89.77069854736328,0.0,0.0
05/12/2017,89.42859649658203,0.0,0.0
05/13/2017,88.69439697265625,0.0,0.0
05/14/2017,90.87159729003906,0.0,0.0
05/15/2017,90.78410339355469,0.0,0.0
05/16/2017,92.38770294189453,0.0,0.0
05/17/2017,89.25029754638672,0.0,0.0
05/18/2017,89.84040069580078,0.0,0.0
05/19/2017,97.05280303955078,0.0,0.0
05/20/2017,129.2220001220703,0.0,0.0
05/21/2017,127.53700256347656,0.0,0.0
05/22/2017,158.17300415039062,0.0,0.0
05/23/2017,170.8179931640625,0.0,0.0
05/24/2017,182.6490020751953,0.0,0.0
05/25/2017,189.8489990234375,0.0,0.0
05/26/2017,175.2169952392578,0.0,0.0
05/27/2017,159.81700134277344,0.0,0.0
05/28/2017,158.81700134277344,0.0,0.0
05/29/2017,170.13499450683594,0.0,0.0
05/30/2017,195.61300659179688,0.0,0.0
05/31/2017,231.5780029296875,0.0,0.0
06/01/2017,230.88600158691406,0.0,0.0
06/02/2017,222.28599548339844,0.0,0.0
06/03/2017,223.46400451660156,0.0,0.0
06/04/2017,224.11700439453125,0.0,0.0
06/05/2017,245.26199340820312,0.0,0.0
06/06/2017,248.5989990234375,0.0,0.0
06/07/2017,264.260009765625,0.0,0.0
06/08/2017,257.9909973144531,0.0,0.0
06/09/2017,261.7489929199219,0.0,0.0
06/10/2017,282.0140075683594,0.0,0.0
06/11/2017,338.79400634765625,0.0,0.0
06/12/2017,341.16400146484375,0.0,0.0
06/13/2017,395.6860046386719,0.0,0.0
06/14/2017,397.5889892578125,0.0,0.0
06/15/2017,358.5069885253906,0.0,0.0
06/16/2017,361.1820068359375,0.0,0.0
06/17/2017,369.88299560546875,0.0,0.0
06/18/2017,379.5190124511719,0.0,0.0
06/19/2017,371.864013671875,0.0,0.0
06/20/2017,370.3269958496094,0.0,0.0
06/21/2017,359.5400085449219,0.0,0.0
06/22/2017,337.7330017089844,0.0,0.0
06/23/2017,336.4849853515625,0.0,0.0
06/24/2017,341.625,0.0,0.0
06/25/2017,323.46600341796875,0.0,0.0
06/26/2017,302.9549865722656,0.0,0.0
06/27/2017,272.6919860839844,0.0,0.0
06/28/2017,293.0419921875,0.0,0.0
06/29/2017,328.3659973144531,0.0,0.0
06/30/2017,303.1520080566406,0.0,0.0
07/01/2017,293.3529968261719,0.0,0.0
07/02/2017,275.12298583984375,0.0,0.0
07/03/2017,288.41400146484375,0.0,0.0
07/04/2017,282.1910095214844,0.0,0.0
07/05/2017,273.0989990234375,0.0,0.0
07/06/2017,268.8580017089844,0.0,0.0
07/07/2017,270.3500061035156,0.0,0.0
07/08/2017,245.88999938964844,0.0,0.0
07/09/2017,251.82200622558594,0.0,0.0
07/10/2017,243.01100158691406,0.0,0.0
07/11/2017,211.52499389648438,0.0,0.0
07/12/2017,197.15199279785156,0.0,0.0
07/13/2017,231.81199645996094,0.0,0.0
07/14/2017,209.5290069580078,0.0,0.0
07/15/2017,199.70899963378906,0.0,0.0
07/16/2017,169.57400512695312,0.0,0.0
07/17/2017,159.99099731445312,0.0,0.0
07/18/2017,195.02699279785156,0.0,0.0
07/19/2017,234.9409942626953,0.0,0.0
07/20/2017,205.4219970703125,0.0,0.0
07/21/2017,226.06100463867188,0.0,0.0
07/22/2017,217.86000061035156,0.0,0.0
07/23/2017,229.1230010986328,0.0,0.0
07/24/2017,226.28500366210938,0.0,0.0
07/25/2017,224.3730010986328,0.0,0.0
07/26/2017,207.08599853515625,0.0,0.0
07/27/2017,204.8560028076172,0.0,0.0
07/28/2017,204.3249969482422,0.0,0.0
07/29/2017,193.34100341796875,0.0,0.0
07/30/2017,206.73599243164062,0.0,0.0
07/31/2017,197.40499877929688,0.0,0.0
08/01/2017,204.68800354003906,0.0,0.0
08/02/2017,227.00599670410156,0.0,0.0
08/03/2017,220.17999267578125,0.0,0.0
08/04/2017,225.30799865722656,0.0,0.0
08/05/2017,222.8520050048828,0.0,0.0
08/06/2017,256.41900634765625,0.0,0.0
08/07/2017,261.23699951171875,0.0,0.0
08/08/2017,269.1000061035156,0.0,0.0
08/09/2017,297.6319885253906,0.0,0.0
08/10/2017,296.96099853515625,0.0,0.0
08/11/2017,294.4949951171875,0.0,0.0
08/12/2017,308.7099914550781,0.0,0.0
08/13/2017,310.3659973144531,0.0,0.0
08/14/2017,298.031005859375,0.0,0.0
08/15/2017,299.9519958496094,0.0,0.0
08/16/2017,289.8190002441406,0.0,0.0
08/17/2017,302.80499267578125,0.0,0.0
08/18/2017,301.6969909667969,0.0,0.0
08/19/2017,296.1809997558594,0.0,0.0
08/20/2017,296.6440124511719,0.0,0.0
08/21/2017,300.47601318359375,0.0,0.0
08/22/2017,321.05499267578125,0.0,0.0
08/23/2017,315.2659912109375,0.0,0.0
08/24/2017,317.447998046875,0.0,0.0
08/25/2017,326.1090087890625,0.0,0.0
08/26/2017,331.989990234375,0.0,0.0
08/27/2017,334.35699462890625,0.0,0.0
08/28/2017,350.0429992675781,0.0,0.0
08/29/2017,347.9649963378906,0.0,0.0
08/30/2017,369.4729919433594,0.0,0.0
08/31/2017,378.4410095214844,0.0,0.0
09/01/2017,383.4670104980469,0.0,0.0
09/02/2017,387.8240051269531,0.0,0.0
09/03/2017,350.22900390625,0.0,0.0
09/04/2017,347.13299560546875,0.0,0.0
09/05/2017,297.5669860839844,0.0,0.0
09/06/2017,313.802001953125,0.0,0.0
09/07/2017,333.5190124511719,0.0,0.0
09/08/2017,329.635986328125,0.0,0.0
09/09/2017,296.16900634765625,0.0,0.0
09/10/2017,294.0639953613281,0.0,0.0
09/11/2017,289.7449951171875,0.0,0.0
09/12/2017,294.6300048828125,0.0,0.0
09/13/2017,291.12200927734375,0.0,0.0
09/14/2017,276.5870056152344,0.0,0.0
09/15/2017,215.2209930419922,0.0,0.0
09/16/2017,250.86599731445312,0.0,0.0
09/17/2017,245.8489990234375,0.0,0.0
09/18/2017,252.2270050048828,0.0,0.0
09/19/2017,293.656005859375,0.0,0.0
09/20/2017,282.0150146484375,0.0,0.0
09/21/2017,283.26300048828125,0.0,0.0
09/22/2017,258.114013671875,0.0,0.0
09/23/2017,264.5989990234375,0.0,0.0
09/24/2017,286.2139892578125,0.0,0.0
09/25/2017,282.2179870605469,0.0,0.0
09/26/2017,292.34600830078125,0.0,0.0
09/27/2017,287.0199890136719,0.0,0.0
09/28/2017,306.47100830078125,0.0,0.0
09/29/2017,299.1199951171875,0.0,0.0
09/30/2017,291.47698974609375,0.0,0.0
10/01/2017,301.5469970703125,0.0,0.0
10/02/2017,302.48199462890625,0.0,0.0
10/03/2017,297.4830017089844,0.0,0.0
10/04/2017,292.7539978027344,0.0,0.0
10/05/2017,292.77301025390625,0.0,0.0
10/06/2017,295.1549987792969,0.0,0.0
10/07/2017,308.8919982910156,0.0,0.0
10/08/2017,311.0589904785156,0.0,0.0
10/09/2017,308.6669921875,0.0,0.0
10/10/2017,297.60101318359375,0.0,0.0
10/11/2017,301.1809997558594,0.0,0.0
10/12/2017,303.49798583984375,0.0,0.0
10/13/2017,304.0790100097656,0.0,0.0
10/14/2017,338.85198974609375,0.0,0.0
10/15/2017,339.52899169921875,0.0,0.0
10/16/2017,336.71099853515625,0.0,0.0
10/17/2017,333.4840087890625,0.0,0.0
10/18/2017,316.9440002441406,0.0,0.0
10/19/2017,314.5379943847656,0.0,0.0
10/20/2017,308.0459899902344,0.0,0.0
10/21/2017,303.5719909667969,0.0,0.0
10/22/2017,300.54901123046875,0.0,0.0
10/23/2017,295.09600830078125,0.0,0.0
10/24/2017,287.1199951171875,0.0,0.0
10/25/2017,298.43701171875,0.0,0.0
10/26/2017,298.0220031738281,0.0,0.0
10/27/2017,296.50799560546875,0.0,0.0
10/28/2017,297.9150085449219,0.0,0.0
10/29/2017,296.3810119628906,0.0,0.0
10/30/2017,304.7820129394531,0.0,0.0
10/31/2017,307.37799072265625,0.0,0.0
11/01/2017,305.7619934082031,0.0,0.0
11/02/2017,290.7250061035156,0.0,0.0
11/03/2017,288.49700927734375,0.0,0.0
11/04/2017,305.4809875488281,0.0,0.0
11/05/2017,300.0369873046875,0.0,0.0
11/06/2017,296.427001953125,0.0,0.0
11/07/2017,298.5679931640625,0.0,0.0
11/08/2017,294.27099609375,0.0,0.0
11/09/2017,308.6449890136719,0.0,0.0
11/10/2017,320.6709899902344,0.0,0.0
11/11/2017,298.58599853515625,0.0,0.0
11/12/2017,314.69000244140625,0.0,0.0
11/13/2017,307.0249938964844,0.0,0.0
11/14/2017,316.76300048828125,0.0,0.0
11/15/2017,337.9639892578125,0.0,0.0
11/16/2017,333.4429931640625,0.0,0.0
11/17/2017,330.1669921875,0.0,0.0
11/18/2017,331.9800109863281,0.0,0.0
11/19/2017,347.4010009765625,0.0,0.0
11/20/2017,354.093994140625,0.0,0.0
11/21/2017,367.4429931640625,0.0,0.0
11/22/2017,360.31201171875,0.0,0.0
11/23/2017,381.4389953613281,0.0,0.0
11/24/2017,412.5010070800781,0.0,0.0
11/25/2017,475.6759948730469,0.0,0.0
11/26/2017,465.9739990234375,0.0,0.0
11/27/2017,471.531005859375,0.0,0.0
11/28/2017,480.51800537109375,0.0,0.0
11/29/2017,473.281005859375,0.0,0.0
11/30/2017,431.2149963378906,0.0,0.0
12/01/2017,445.2090148925781,0.0,0.0
12/02/2017,466.85101318359375,0.0,0.0
12/03/2017,463.7049865722656,0.0,0.0
12/04/2017,466.0539855957031,0.0,0.0
12/05/2017,470.29400634765625,0.0,0.0
12/06/2017,462.60400390625,0.0,0.0
12/07/2017,426.3689880371094,0.0,0.0
12/08/2017,434.989013671875,0.0,0.0
12/09/2017,457.343994140625,0.0,0.0
12/10/2017,472.78900146484375,0.0,0.0
12/11/2017,440.3580017089844,0.0,0.0
12/12/2017,522.2860107421875,0.0,0.0
12/13/2017,644.906005859375,0.0,0.0
12/14/2017,700.593994140625,0.0,0.0
12/15/2017,696.3759765625,0.0,0.0
12/16/2017,686.1920166015625,0.0,0.0
12/17/2017,696.2369995117188,0.0,0.0
12/18/2017,721.7319946289062,0.0,0.0
12/19/2017,793.9010009765625,0.0,0.0
12/20/2017,827.5159912109375,0.0,0.0
12/21/2017,820.2360229492188,0.0,0.0
12/22/2017,822.6430053710938,0.0,0.0
12/23/2017,681.3159790039062,0.0,0.0
12/24/2017,721.7689819335938,0.0,0.0
12/25/2017,698.8699951171875,0.0,0.0
12/26/2017,763.3699951171875,0.0,0.0
12/27/2017,774.969970703125,0.0,0.0
12/28/2017,762.2080078125,0.0,0.0
12/29/2017,740.3889770507812,0.0,0.0
12/30/2017,753.8150024414062,0.0,0.0
12/31/2017,712.2119750976562,0.0,0.0
01/01/2018,755.7570190429688,0.0,0.0
01/02/2018,772.3460083007812,0.0,0.0
01/03/2018,886.0,0.0,0.0
01/04/2018,961.7130126953125,0.0,0.0
01/05/2018,975.75,0.0,0.0
01/06/2018,995.1539916992188,0.0,0.0
01/07/2018,1043.010009765625,0.0,0.0
01/08/2018,1158.260009765625,0.0,0.0
01/09/2018,1146.0,0.0,0.0
01/10/2018,1300.3399658203125,0.0,0.0
01/11/2018,1268.0899658203125,0.0,0.0
01/12/2018,1158.2900390625,0.0,0.0
01/13/2018,1270.469970703125,0.0,0.0
01/14/2018,1397.47998046875,0.0,0.0
01/15/2018,1365.2099609375,0.0,0.0
01/16/2018,1292.6300048828125,0.0,0.0
01/17/2018,1061.3399658203125,0.0,0.0
01/18/2018,1016.4400024414062,0.0,0.0
01/19/2018,1028.8199462890625,0.0,0.0
01/20/2018,1044.949951171875,0.0,0.0
01/21/2018,1155.6800537109375,0.0,0.0
01/22/2018,1055.3499755859375,0.0,0.0
01/23/2018,1004.1699829101562,0.0,0.0
01/24/2018,987.4769897460938,0.0,0.0
01/25/2018,1063.219970703125,0.0,0.0
01/26/2018,1052.699951171875,0.0,0.0
01/27/2018,1055.75,0.0,0.0
01/28/2018,1111.780029296875,0.0,0.0
01/29/2018,1246.699951171875,0.0,0.0
01/30/2018,1184.1300048828125,0.0,0.0
01/31/2018,1071.0899658203125,0.0,0.0
02/01/2018,1119.3699951171875,0.0,0.0
02/02/2018,1035.77001953125,0.0,0.0
02/03/2018,919.2109985351562,0.0,0.0
02/04/2018,964.6669921875,0.0,0.0
02/05/2018,834.9580078125,0.0,0.0
02/06/2018,707.7369995117188,0.0,0.0
02/07/2018,790.427978515625,0.0,0.0
02/08/2018,755.843017578125,0.0,0.0
02/09/2018,818.47998046875,0.0,0.0
02/10/2018,882.4669799804688,0.0,0.0
02/11/2018,859.2880249023438,0.0,0.0
02/12/2018,817.5079956054688,0.0,0.0
02/13/2018,869.2930297851562,0.0,0.0
02/14/2018,844.2789916992188,0.0,0.0
02/15/2018,923.72802734375,0.0,0.0
02/16/2018,934.7860107421875,0.0,0.0
02/17/2018,944.7479858398438,0.0,0.0
02/18/2018,973.3489990234375,0.0,0.0
02/19/2018,921.6680297851562,0.0,0.0
02/20/2018,943.5670166015625,0.0,0.0
02/21/2018,894.135009765625,0.0,0.0
02/22/2018,849.2620239257812,0.0,0.0
02/23/2018,811.5850219726562,0.0,0.0
02/24/2018,861.593017578125,0.0,0.0
02/25/2018,839.458984375,0.0,0.0
02/26/2018,845.2780151367188,0.0,0.0
02/27/2018,870.364990234375,0.0,0.0
02/28/2018,877.9340209960938,0.0,0.0
03/01/2018,856.0120239257812,0.0,0.0
03/02/2018,871.7639770507812,0.0,0.0
03/03/2018,856.7109985351562,0.0,0.0
03/04/2018,856.1859741210938,0.0,0.0
03/05/2018,866.8460083007812,0.0,0.0
03/06/2018,853.8170166015625,0.0,0.0
03/07/2018,816.27099609375,0.0,0.0
03/08/2018,752.5700073242188,0.0,0.0
03/09/2018,702.197021484375,0.0,0.0
03/10/2018,730.1599731445312,0.0,0.0
03/11/2018,685.31201171875,0.0,0.0
03/12/2018,724.406005859375,0.0,0.0
03/13/2018,698.1530151367188,0.0,0.0
03/14/2018,691.218994140625,0.0,0.0
03/15/2018,614.8389892578125,0.0,0.0
03/16/2018,611.7780151367188,0.0,0.0
03/17/2018,601.677978515625,0.0,0.0
03/18/2018,551.6400146484375,0.0,0.0
03/19/2018,546.6259765625,0.0,0.0
03/20/2018,556.7219848632812,0.0,0.0
03/21/2018,559.0999755859375,0.0,0.0
03/22/2018,562.10302734375,0.0,0.0
03/23/2018,539.864013671875,0.0,0.0
03/24/2018,542.572021484375,0.0,0.0
03/25/2018,522.7030029296875,0.0,0.0
03/26/2018,524.2869873046875,0.0,0.0
03/27/2018,489.5899963378906,0.0,0.0
03/28/2018,450.2909851074219,0.0,0.0
03/29/2018,448.07501220703125,0.0,0.0
03/30/2018,385.9049987792969,0.0,0.0
03/31/2018,395.0039978027344,0.0,0.0
04/01/2018,397.2539978027344,0.0,0.0
04/02/2018,379.6990051269531,0.0,0.0
04/03/2018,387.31201171875,0.0,0.0
04/04/2018,416.4849853515625,0.0,0.0
04/05/2018,379.9469909667969,0.0,0.0
04/06/2018,382.7309875488281,0.0,0.0
04/07/2018,370.3800048828125,0.0,0.0
04/08/2018,385.7430114746094,0.0,0.0
04/09/2018,400.85699462890625,0.0,0.0
04/10/2018,399.4110107421875,0.0,0.0
04/11/2018,415.02398681640625,0.0,0.0
04/12/2018,430.1610107421875,0.0,0.0
04/13/2018,493.1600036621094,0.0,0.0
04/14/2018,492.5799865722656,0.0,0.0
04/15/2018,502.8800048828125,0.0,0.0
04/16/2018,532.073974609375,0.0,0.0
04/17/2018,511.1449890136719,0.0,0.0
04/18/2018,503.3089904785156,0.0,0.0
04/19/2018,524.0380249023438,0.0,0.0
04/20/2018,567.989013671875,0.0,0.0
04/21/2018,616.0040283203125,0.0,0.0
04/22/2018,606.1190185546875,0.0,0.0
04/23/2018,621.198974609375,0.0,0.0
04/24/2018,643.3980102539062,0.0,0.0
04/25/2018,707.06201171875,0.0,0.0
04/26/2018,618.0789794921875,0.0,0.0
04/27/2018,662.1090087890625,0.0,0.0
04/28/2018,644.64599609375,0.0,0.0
04/29/2018,683.9119873046875,0.0,0.0
04/30/2018,689.760986328125,0.0,0.0
05/01/2018,670.4630126953125,0.0,0.0
05/02/2018,674.0750122070312,0.0,0.0
05/03/2018,686.5910034179688,0.0,0.0
05/04/2018,776.7750244140625,0.0,0.0
05/05/2018,784.5830078125,0.0,0.0
05/06/2018,816.0880126953125,0.0,0.0
05/07/2018,793.3389892578125,0.0,0.0
05/08/2018,755.0089721679688,0.0,0.0
05/09/2018,752.9019775390625,0.0,0.0
05/10/2018,752.5789794921875,0.0,0.0
05/11/2018,727.0130004882812,0.0,0.0
05/12/2018,679.8770141601562,0.0,0.0
05/13/2018,687.1749877929688,0.0,0.0
05/14/2018,732.7329711914062,0.0,0.0
05/15/2018,731.1430053710938,0.0,0.0
05/16/2018,708.0869750976562,0.0,0.0
05/17/2018,708.718017578125,0.0,0.0
05/18/2018,672.1019897460938,0.0,0.0
05/19/2018,695.072021484375,0.0,0.0
05/20/2018,697.9229736328125,0.0,0.0
05/21/2018,717.1929931640625,0.0,0.0
05/22/2018,700.177978515625,0.0,0.0
05/23/2018,646.6699829101562,0.0,0.0
05/24/2018,584.5360107421875,0.0,0.0
05/25/2018,602.1400146484375,0.0,0.0
05/26/2018,587.426025390625,0.0,0.0
05/27/2018,588.52001953125,0.0,0.0
05/28/2018,573.0449829101562,0.0,0.0
05/29/2018,516.1480102539062,0.0,0.0
05/30/2018,566.8300170898438,0.0,0.0
05/31/2018,558.4970092773438,0.0,0.0
06/01/2018,578.6719970703125,0.0,0.0
06/02/2018,580.4290161132812,0.0,0.0
06/03/2018,591.2589721679688,0.0,0.0
06/04/2018,619.43701171875,0.0,0.0
06/05/2018,593.406005859375,0.0,0.0
06/06/2018,610.2620239257812,0.0,0.0
06/07/2018,607.68701171875,0.0,0.0
06/08/2018,605.4429931640625,0.0,0.0
06/09/2018,600.905029296875,0.0,0.0
06/10/2018,594.344970703125,0.0,0.0
06/11/2018,524.8569946289062,0.0,0.0
06/12/2018,532.7100219726562,0.0,0.0
06/13/2018,498.01800537109375,0.0,0.0
06/14/2018,478.3810119628906,0.0,0.0
06/15/2018,520.47998046875,0.0,0.0
06/16/2018,490.41400146484375,0.0,0.0
06/17/2018,499.4599914550781,0.0,0.0
06/18/2018,499.38299560546875,0.0,0.0
06/19/2018,519.0230102539062,0.0,0.0
06/20/2018,538.5059814453125,0.0,0.0
06/21/2018,536.447021484375,0.0,0.0
06/22/2018,527.1939697265625,0.0,0.0
06/23/2018,466.27398681640625,0.0,0.0
06/24/2018,474.76800537109375,0.0,0.0
06/25/2018,455.9360046386719,0.0,0.0
06/26/2018,460.7330017089844,0.0,0.0
06/27/2018,432.2439880371094,0.0,0.0
06/28/2018,442.2900085449219,0.0,0.0
06/29/2018,422.5870056152344,0.0,0.0
06/30/2018,436.2090148925781,0.0,0.0
07/01/2018,455.24200439453125,0.0,0.0
07/02/2018,453.8240051269531,0.0,0.0
07/03/2018,475.385986328125,0.0,0.0
07/04/2018,464.1510009765625,0.0,0.0
07/05/2018,467.2869873046875,0.0,0.0
07/06/2018,474.35699462890625,0.0,0.0
07/07/2018,474.0570068359375,0.0,0.0
07/08/2018,492.0679931640625,0.0,0.0
07/09/2018,488.87799072265625,0.0,0.0
07/10/2018,476.1619873046875,0.0,0.0
07/11/2018,434.5150146484375,0.0,0.0
07/12/2018,446.50201416015625,0.0,0.0
07/13/2018,430.7409973144531,0.0,0.0
07/14/2018,434.510986328125,0.0,0.0
07/15/2018,435.88299560546875,0.0,0.0
07/16/2018,450.42498779296875,0.0,0.0
07/17/2018,480.0769958496094,0.0,0.0
07/18/2018,500.8380126953125,0.0,0.0
07/19/2018,480.62799072265625,0.0,0.0
07/20/2018,469.3070068359375,0.0,0.0
07/21/2018,450.6789855957031,0.0,0.0
07/22/2018,462.43798828125,0.0,0.0
07/23/2018,459.4389953613281,0.0,0.0
07/24/2018,451.135986328125,0.0,0.0
07/25/2018,479.906005859375,0.0,0.0
07/26/2018,472.33099365234375,0.0,0.0
07/27/2018,464.0090026855469,0.0,0.0
07/28/2018,469.6780090332031,0.0,0.0
07/29/2018,466.9150085449219,0.0,0.0
07/30/2018,466.8269958496094,0.0,0.0
07/31/2018,457.2449951171875,0.0,0.0
08/01/2018,433.8689880371094,0.0,0.0
08/02/2018,420.8059997558594,0.0,0.0
08/03/2018,412.5669860839844,0.0,0.0
08/04/2018,418.23699951171875,0.0,0.0
08/05/2018,407.34600830078125,0.0,0.0
08/06/2018,410.5669860839844,0.0,0.0
08/07/2018,406.8009948730469,0.0,0.0
08/08/2018,379.8919982910156,0.0,0.0
08/09/2018,356.97100830078125,0.0,0.0
08/10/2018,365.7760009765625,0.0,0.0
08/11/2018,334.2640075683594,0.0,0.0
08/12/2018,320.822998046875,0.0,0.0
08/13/2018,320.2099914550781,0.0,0.0
08/14/2018,286.364990234375,0.0,0.0
08/15/2018,280.3869934082031,0.0,0.0
08/16/2018,282.7409973144531,0.0,0.0
08/17/2018,287.6830139160156,0.0,0.0
08/18/2018,316.7909851074219,0.0,0.0
08/19/2018,295.6700134277344,0.0,0.0
08/20/2018,301.3810119628906,0.0,0.0
08/21/2018,273.33099365234375,0.0,0.0
08/22/2018,281.9679870605469,0.0,0.0
08/23/2018,271.74798583984375,0.0,0.0
08/24/2018,278.1109924316406,0.0,0.0
08/25/2018,283.281005859375,0.0,0.0
08/26/2018,279.5249938964844,0.0,0.0
08/27/2018,275.3500061035156,0.0,0.0
08/28/2018,286.64898681640625,0.0,0.0
08/29/2018,296.1629943847656,0.0,0.0
08/30/2018,289.75299072265625,0.0,0.0
08/31/2018,284.1199951171875,0.0,0.0
09/01/2018,283.4960021972656,0.0,0.0
09/02/2018,295.4530029296875,0.0,0.0
09/03/2018,295.1809997558594,0.0,0.0
09/04/2018,289.2969970703125,0.0,0.0
09/05/2018,286.0450134277344,0.0,0.0
09/06/2018,231.6479949951172,0.0,0.0
09/07/2018,229.53500366210938,0.0,0.0
09/08/2018,217.91200256347656,0.0,0.0
09/09/2018,198.38499450683594,0.0,0.0
09/10/2018,197.8509979248047,0.0,0.0
09/11/2018,198.177001953125,0.0,0.0
09/12/2018,185.42300415039062,0.0,0.0
09/13/2018,183.6790008544922,0.0,0.0
09/14/2018,212.66900634765625,0.0,0.0
09/15/2018,209.81399536132812,0.0,0.0
09/16/2018,222.80299377441406,0.0,0.0
09/17/2018,221.58200073242188,0.0,0.0
09/18/2018,197.09500122070312,0.0,0.0
09/19/2018,209.4720001220703,0.0,0.0
09/20/2018,210.28799438476562,0.0,0.0
09/21/2018,225.25100708007812,0.0,0.0
09/22/2018,247.33700561523438,0.0,0.0
09/23/2018,240.99200439453125,0.0,0.0
09/24/2018,244.843994140625,0.0,0.0
09/25/2018,228.32699584960938,0.0,0.0
09/26/2018,218.64700317382812,0.0,0.0
09/27/2018,215.44000244140625,0.0,0.0
09/28/2018,229.04100036621094,0.0,0.0
09/29/2018,221.7050018310547,0.0,0.0
09/30/2018,231.32899475097656,0.0,0.0
10/01/2018,233.22000122070312,0.0,0.0
10/02/2018,231.10000610351562,0.0,0.0
10/03/2018,226.40699768066406,0.0,0.0
10/04/2018,220.4459991455078,0.0,0.0
10/05/2018,222.26699829101562,0.0,0.0
10/06/2018,227.552001953125,0.0,0.0
10/07/2018,225.43499755859375,0.0,0.0
10/08/2018,226.50900268554688,0.0,0.0
10/09/2018,229.7100067138672,0.0,0.0
10/10/2018,227.61500549316406,0.0,0.0
10/11/2018,225.61000061035156,0.0,0.0
10/12/2018,188.70700073242188,0.0,0.0
10/13/2018,196.36399841308594,0.0,0.0
10/14/2018,199.6909942626953,0.0,0.0
10/15/2018,195.27000427246094,0.0,0.0
10/16/2018,209.6280059814453,0.0,0.0
10/17/2018,210.2169952392578,0.0,0.0
10/18/2018,207.4040069580078,0.0,0.0
10/19/2018,203.2570037841797,0.0,0.0
10/20/2018,203.51499938964844,0.0,0.0
10/21/2018,205.38999938964844,0.0,0.0
10/22/2018,205.1739959716797,0.0,0.0
10/23/2018,204.01600646972656,0.0,0.0
10/24/2018,204.1269989013672,0.0,0.0
10/25/2018,203.8679962158203,0.0,0.0
10/26/2018,202.33599853515625,0.0,0.0
10/27/2018,203.3560028076172,0.0,0.0
10/28/2018,204.50999450683594,0.0,0.0
10/29/2018,205.1739959716797,0.0,0.0
10/30/2018,197.2030029296875,0.0,0.0
10/31/2018,197.6490020751953,0.0,0.0
11/01/2018,197.53700256347656,0.0,0.0
11/02/2018,198.98199462890625,0.0,0.0
11/03/2018,200.74000549316406,0.0,0.0
11/04/2018,200.1580047607422,0.0,0.0
11/05/2018,207.10000610351562,0.0,0.0
11/06/2018,209.4739990234375,0.0,0.0
11/07/2018,218.8990020751953,0.0,0.0
11/08/2018,217.32699584960938,0.0,0.0
11/09/2018,211.98699951171875,0.0,0.0
11/10/2018,209.97500610351562,0.0,0.0
11/11/2018,212.47900390625,0.0,0.0
11/12/2018,211.51300048828125,0.0,0.0
11/13/2018,210.1490020751953,0.0,0.0
11/14/2018,206.53399658203125,0.0,0.0
11/15/2018,181.8990020751953,0.0,0.0
11/16/2018,180.86500549316406,0.0,0.0
11/17/2018,175.36000061035156,0.0,0.0
11/18/2018,174.1750030517578,0.0,0.0
11/19/2018,177.1790008544922,0.0,0.0
11/20/2018,148.81100463867188,0.0,0.0
11/21/2018,131.14199829101562,0.0,0.0
11/22/2018,136.81100463867188,0.0,0.0
11/23/2018,126.41899871826172,0.0,0.0
11/24/2018,123.30400085449219,0.0,0.0
11/25/2018,113.1259994506836,0.0,0.0
11/26/2018,116.34300231933594,0.0,0.0
11/27/2018,107.91300201416016,0.0,0.0
11/28/2018,110.197998046875,0.0,0.0
11/29/2018,122.72154998779297,0.0,0.0
11/30/2018,117.72809600830078,0.0,0.0
12/01/2018,113.39775848388672,0.0,0.0
12/02/2018,118.26815032958984,0.0,0.0
12/03/2018,116.3787612915039,0.0,0.0
12/04/2018,108.80316162109375,0.0,0.0
12/05/2018,110.33551788330078,0.0,0.0
12/06/2018,102.45059204101562,0.0,0.0
12/07/2018,91.64983367919922,0.0,0.0
12/08/2018,93.41007995605469,0.0,0.0
12/09/2018,92.03543090820312,0.0,0.0
12/10/2018,94.99217224121094,0.0,0.0
12/11/2018,91.57893371582031,0.0,0.0
12/12/2018,88.61070251464844,0.0,0.0
12/13/2018,90.65522766113281,0.0,0.0
12/14/2018,86.63035583496094,0.0,0.0
12/15/2018,84.27969360351562,0.0,0.0
12/16/2018,84.46940612792969,0.0,0.0
12/17/2018,85.38211059570312,0.0,0.0
12/18/2018,95.10803985595703,0.0,0.0
12/19/2018,101.68384552001953,0.0,0.0
12/20/2018,101.09043884277344,0.0,0.0
12/21/2018,115.83540344238281,0.0,0.0
12/22/2018,109.45594024658203,0.0,0.0
12/23/2018,117.27389526367188,0.0,0.0
12/24/2018,130.64166259765625,0.0,0.0
12/25/2018,140.99758911132812,0.0,0.0
12/26/2018,129.88882446289062,0.0,0.0
12/27/2018,131.923583984375,0.0,0.0
12/28/2018,116.89820098876953,0.0,0.0
12/29/2018,138.46878051757812,0.0,0.0
12/30/2018,137.62745666503906,0.0,0.0
12/31/2018,140.03106689453125,0.0,0.0
01/01/2019,133.41815185546875,0.0,0.0
01/02/2019,141.51951599121094,0.0,0.0
01/03/2019,155.196044921875,0.0,0.0
01/04/2019,148.9128875732422,0.0,0.0
01/05/2019,154.33741760253906,0.0,0.0
01/06/2019,155.80422973632812,0.0,0.0
01/07/2019,157.8094940185547,0.0,0.0
01/08/2019,151.96754455566406,0.0,0.0
01/09/2019,150.5546875,0.0,0.0
01/10/2019,150.843505859375,0.0,0.0
01/11/2019,127.81396484375,0.0,0.0
01/12/2019,127.52808380126953,0.0,0.0
01/13/2019,125.9072265625,0.0,0.0
01/14/2019,116.97909545898438,0.0,0.0
01/15/2019,129.1726837158203,0.0,0.0
01/16/2019,121.80924224853516,0.0,0.0
01/17/2019,123.57353973388672,0.0,0.0
01/18/2019,123.65465545654297,0.0,0.0
01/19/2019,121.61442565917969,0.0,0.0
01/20/2019,124.63240051269531,0.0,0.0
01/21/2019,119.63645935058594,0.0,0.0
01/22/2019,117.11075592041016,0.0,0.0
01/23/2019,118.71381378173828,0.0,0.0
01/24/2019,117.46278381347656,0.0,0.0
01/25/2019,117.59495544433594,0.0,0.0
01/26/2019,116.37352752685547,0.0,0.0
01/27/2019,116.51031494140625,0.0,0.0
01/28/2019,113.28523254394531,0.0,0.0
01/29/2019,106.72195434570312,0.0,0.0
01/30/2019,105.4072036743164,0.0,0.0
01/31/2019,108.90077209472656,0.0,0.0
02/01/2019,107.1476821899414,0.0,0.0
02/02/2019,107.46641540527344,0.0,0.0
02/03/2019,110.49031829833984,0.0,0.0
02/04/2019,107.62582397460938,0.0,0.0
02/05/2019,107.62816619873047,0.0,0.0
02/06/2019,107.56930541992188,0.0,0.0
02/07/2019,104.83577728271484,0.0,0.0
02/08/2019,104.64505004882812,0.0,0.0
02/09/2019,119.214111328125,0.0,0.0
02/10/2019,119.40896606445312,0.0,0.0
02/11/2019,124.87153625488281,0.0,0.0
02/12/2019,121.17857360839844,0.0,0.0
02/13/2019,122.5442886352539,0.0,0.0
02/14/2019,122.41698455810547,0.0,0.0
02/15/2019,121.45369720458984,0.0,0.0
02/16/2019,122.39645385742188,0.0,0.0
02/17/2019,123.18208312988281,0.0,0.0
02/18/2019,133.0325469970703,0.0,0.0
02/19/2019,146.39881896972656,0.0,0.0
02/20/2019,145.1727294921875,0.0,0.0
02/21/2019,149.35232543945312,0.0,0.0
02/22/2019,146.07325744628906,0.0,0.0
02/23/2019,148.67662048339844,0.0,0.0
02/24/2019,158.90240478515625,0.0,0.0
02/25/2019,135.49972534179688,0.0,0.0
02/26/2019,139.64608764648438,0.0,0.0
02/27/2019,138.02957153320312,0.0,0.0
02/28/2019,136.2830810546875,0.0,0.0
03/01/2019,136.83624267578125,0.0,0.0
03/02/2019,136.35008239746094,0.0,0.0
03/03/2019,134.78611755371094,0.0,0.0
03/04/2019,132.1578826904297,0.0,0.0
03/05/2019,127.79295349121094,0.0,0.0
03/06/2019,137.958740234375,0.0,0.0
03/07/2019,138.9423828125,0.0,0.0
03/08/2019,138.3113555908203,0.0,0.0
03/09/2019,134.88755798339844,0.0,0.0
03/10/2019,138.1804962158203,0.0,0.0
03/11/2019,136.8495330810547,0.0,0.0
03/12/2019,134.01284790039062,0.0,0.0
03/13/2019,134.6117706298828,0.0,0.0
03/14/2019,133.2039031982422,0.0,0.0
03/15/2019,133.56715393066406,0.0,0.0
03/16/2019,137.91195678710938,0.0,0.0
03/17/2019,142.23829650878906,0.0,0.0
03/18/2019,140.1048583984375,0.0,0.0
03/19/2019,139.25401306152344,0.0,0.0
03/20/2019,140.48471069335938,0.0,0.0
03/21/2019,140.47848510742188,0.0,0.0
03/22/2019,136.562255859375,0.0,0.0
03/23/2019,137.0398712158203,0.0,0.0
03/24/2019,138.3153533935547,0.0,0.0
03/25/2019,137.08135986328125,0.0,0.0
03/26/2019,135.0543212890625,0.0,0.0
03/27/2019,135.45436096191406,0.0,0.0
03/28/2019,141.00584411621094,0.0,0.0
03/29/2019,139.34320068359375,0.0,0.0
03/30/2019,142.35914611816406,0.0,0.0
03/31/2019,142.13922119140625,0.0,0.0
04/01/2019,141.46548461914062,0.0,0.0
04/02/2019,141.8395233154297,0.0,0.0
04/03/2019,164.00863647460938,0.0,0.0
04/04/2019,161.4317626953125,0.0,0.0
04/05/2019,158.02000427246094,0.0,0.0
04/06/2019,165.51124572753906,0.0,0.0
04/07/2019,165.9772491455078,0.0,0.0
04/08/2019,174.44967651367188,0.0,0.0
04/09/2019,180.2221221923828,0.0,0.0
04/10/2019,176.06784057617188,0.0,0.0
04/11/2019,177.34275817871094,0.0,0.0
04/12/2019,165.335205078125,0.0,0.0
04/13/2019,164.6228485107422,0.0,0.0
04/14/2019,164.47608947753906,0.0,0.0
04/15/2019,167.89747619628906,0.0,0.0
04/16/2019,161.52655029296875,0.0,0.0
04/17/2019,167.55369567871094,0.0,0.0
04/18/2019,166.9132080078125,0.0,0.0
04/19/2019,173.7878875732422,0.0,0.0
04/20/2019,173.71881103515625,0.0,0.0
04/21/2019,173.7154083251953,0.0,0.0
04/22/2019,170.01748657226562,0.0,0.0
04/23/2019,172.00721740722656,0.0,0.0
04/24/2019,171.3495330810547,0.0,0.0
04/25/2019,165.91473388671875,0.0,0.0
04/26/2019,154.57943725585938,0.0,0.0
04/27/2019,156.27085876464844,0.0,0.0
04/28/2019,158.49977111816406,0.0,0.0
04/29/2019,157.2910614013672,0.0,0.0
04/30/2019,155.1727752685547,0.0,0.0
05/01/2019,162.18655395507812,0.0,0.0
05/02/2019,160.85357666015625,0.0,0.0
05/03/2019,162.07516479492188,0.0,0.0
05/04/2019,167.88722229003906,0.0,0.0
05/05/2019,164.0152587890625,0.0,0.0
05/06/2019,163.33798217773438,0.0,0.0
05/07/2019,172.42727661132812,0.0,0.0
05/08/2019,169.90420532226562,0.0,0.0
05/09/2019,170.95187377929688,0.0,0.0
05/10/2019,170.31297302246094,0.0,0.0
05/11/2019,173.13931274414062,0.0,0.0
05/12/2019,194.16302490234375,0.0,0.0
05/13/2019,187.4179229736328,0.0,0.0
05/14/2019,196.73828125,0.0,0.0
05/15/2019,217.01011657714844,0.0,0.0
05/16/2019,246.94195556640625,0.0,0.0
05/17/2019,263.8483581542969,0.0,0.0
05/18/2019,243.9113006591797,0.0,0.0
05/19/2019,234.449462890625,0.0,0.0
05/20/2019,261.2674865722656,0.0,0.0
05/21/2019,251.64784240722656,0.0,0.0
05/22/2019,254.9953155517578,0.0,0.0
05/23/2019,244.6651153564453,0.0,0.0
05/24/2019,245.98709106445312,0.0,0.0
05/25/2019,249.6940460205078,0.0,0.0
05/26/2019,251.72479248046875,0.0,0.0
05/27/2019,267.1418762207031,0.0,0.0
05/28/2019,272.5904846191406,0.0,0.0
05/29/2019,271.779052734375,0.0,0.0
05/30/2019,269.5518798828125,0.0,0.0
05/31/2019,256.0152587890625,0.0,0.0
06/01/2019,268.433349609375,0.0,0.0
06/02/2019,265.5127258300781,0.0,0.0
06/03/2019,270.08856201171875,0.0,0.0
06/04/2019,252.5116424560547,0.0,0.0
06/05/2019,241.49703979492188,0.0,0.0
06/06/2019,246.9252471923828,0.0,0.0
06/07/2019,249.3352813720703,0.0,0.0
06/08/2019,251.2493133544922,0.0,0.0
06/09/2019,245.5404815673828,0.0,0.0
06/10/2019,232.83013916015625,0.0,0.0
06/11/2019,247.86212158203125,0.0,0.0
06/12/2019,245.9254913330078,0.0,0.0
06/13/2019,260.91351318359375,0.0,0.0
06/14/2019,256.1796569824219,0.0,0.0
06/15/2019,263.93414306640625,0.0,0.0
06/16/2019,268.9011535644531,0.0,0.0
06/17/2019,269.090576171875,0.0,0.0
06/18/2019,274.32025146484375,0.0,0.0
06/19/2019,265.0568542480469,0.0,0.0
06/20/2019,269.4078674316406,0.0,0.0
06/21/2019,271.74310302734375,0.0,0.0
06/22/2019,295.1150817871094,0.0,0.0
06/23/2019,309.41668701171875,0.0,0.0
06/24/2019,307.7221374511719,0.0,0.0
06/25/2019,310.6786193847656,0.0,0.0
06/26/2019,317.9925842285156,0.0,0.0
06/27/2019,336.95989990234375,0.0,0.0
06/28/2019,294.1430358886719,0.0,0.0
06/29/2019,311.284423828125,0.0,0.0
06/30/2019,319.58404541015625,0.0,0.0
07/01/2019,290.26849365234375,0.0,0.0
07/02/2019,293.5372619628906,0.0,0.0
07/03/2019,291.7646179199219,0.0,0.0
07/04/2019,303.02508544921875,0.0,0.0
07/05/2019,284.38092041015625,0.0,0.0
07/06/2019,287.8938293457031,0.0,0.0
07/07/2019,287.6036071777344,0.0,0.0
07/08/2019,305.7347717285156,0.0,0.0
07/09/2019,313.3251647949219,0.0,0.0
07/10/2019,308.8512878417969,0.0,0.0
07/11/2019,289.94598388671875,0.0,0.0
07/12/2019,268.6922607421875,0.0,0.0
07/13/2019,276.28912353515625,0.0,0.0
07/14/2019,269.2816162109375,0.0,0.0
07/15/2019,227.96505737304688,0.0,0.0
07/16/2019,229.7486572265625,0.0,0.0
07/17/2019,199.06678771972656,0.0,0.0
07/18/2019,211.44461059570312,0.0,0.0
07/19/2019,226.65769958496094,0.0,0.0
07/20/2019,221.41265869140625,0.0,0.0
07/21/2019,229.16769409179688,0.0,0.0
07/22/2019,225.6986541748047,0.0,0.0
07/23/2019,217.56846618652344,0.0,0.0
07/24/2019,212.55381774902344,0.0,0.0
07/25/2019,216.9691162109375,0.0,0.0
07/26/2019,219.6281280517578,0.0,0.0
07/27/2019,219.6176300048828,0.0,0.0
07/28/2019,207.4137725830078,0.0,0.0
07/29/2019,211.1236572265625,0.0,0.0
07/30/2019,211.33920288085938,0.0,0.0
07/31/2019,210.49241638183594,0.0,0.0
08/01/2019,218.55459594726562,0.0,0.0
08/02/2019,217.88446044921875,0.0,0.0
08/03/2019,217.8955535888672,0.0,0.0
08/04/2019,222.580810546875,0.0,0.0
08/05/2019,222.65087890625,0.0,0.0
08/06/2019,234.24559020996094,0.0,0.0
08/07/2019,225.92529296875,0.0,0.0
08/08/2019,226.5184783935547,0.0,0.0
08/09/2019,220.9086456298828,0.0,0.0
08/10/2019,210.53016662597656,0.0,0.0
08/11/2019,206.73223876953125,0.0,0.0
08/12/2019,216.055908203125,0.0,0.0
08/13/2019,211.3426971435547,0.0,0.0
08/14/2019,208.60398864746094,0.0,0.0
08/15/2019,186.68350219726562,0.0,0.0
08/16/2019,188.64425659179688,0.0,0.0
08/17/2019,185.5316619873047,0.0,0.0
08/18/2019,185.84109497070312,0.0,0.0
08/19/2019,194.5560302734375,0.0,0.0
08/20/2019,202.81314086914062,0.0,0.0
08/21/2019,196.62168884277344,0.0,0.0
08/22/2019,186.9412384033203,0.0,0.0
08/23/2019,191.10687255859375,0.0,0.0
08/24/2019,194.671630859375,0.0,0.0
08/25/2019,191.2347869873047,0.0,0.0
08/26/2019,186.7355499267578,0.0,0.0
08/27/2019,188.95005798339844,0.0,0.0
08/28/2019,187.49549865722656,0.0,0.0
08/29/2019,173.9586944580078,0.0,0.0
08/30/2019,169.48928833007812,0.0,0.0
08/31/2019,168.8878936767578,0.0,0.0
09/01/2019,172.45840454101562,0.0,0.0
09/02/2019,171.69760131835938,0.0,0.0
09/03/2019,178.35775756835938,0.0,0.0
09/04/2019,179.4919891357422,0.0,0.0
09/05/2019,175.96627807617188,0.0,0.0
09/06/2019,174.17222595214844,0.0,0.0
09/07/2019,169.9552764892578,0.0,0.0
09/08/2019,178.2825927734375,0.0,0.0
09/09/2019,181.36248779296875,0.0,0.0
09/10/2019,181.2128448486328,0.0,0.0
09/11/2019,179.83949279785156,0.0,0.0
09/12/2019,178.80377197265625,0.0,0.0
09/13/2019,180.9755859375,0.0,0.0
09/14/2019,181.3215789794922,0.0,0.0
09/15/2019,188.0684356689453,0.0,0.0
09/16/2019,189.6893310546875,0.0,0.0
09/17/2019,197.11476135253906,0.0,0.0
09/18/2019,208.05059814453125,0.0,0.0
09/19/2019,211.2472381591797,0.0,0.0
09/20/2019,221.0696258544922,0.0,0.0
09/21/2019,217.8973846435547,0.0,0.0
09/22/2019,215.48655700683594,0.0,0.0
09/23/2019,211.7132110595703,0.0,0.0
09/24/2019,201.8420867919922,0.0,0.0
09/25/2019,168.13357543945312,0.0,0.0
09/26/2019,170.7569122314453,0.0,0.0
09/27/2019,166.65170288085938,0.0,0.0
09/28/2019,174.6808319091797,0.0,0.0
09/29/2019,174.6127471923828,0.0,0.0
09/30/2019,170.4613494873047,0.0,0.0
10/01/2019,180.20912170410156,0.0,0.0
10/02/2019,177.22406005859375,0.0,0.0
10/03/2019,180.70370483398438,0.0,0.0
10/04/2019,175.23843383789062,0.0,0.0
10/05/2019,176.94631958007812,0.0,0.0
10/06/2019,176.3643798828125,0.0,0.0
10/07/2019,172.94033813476562,0.0,0.0
10/08/2019,181.1133575439453,0.0,0.0
10/09/2019,182.0363006591797,0.0,0.0
10/10/2019,193.19107055664062,0.0,0.0
10/11/2019,191.8010711669922,0.0,0.0
10/12/2019,182.53402709960938,0.0,0.0
10/13/2019,180.86131286621094,0.0,0.0
10/14/2019,182.02847290039062,0.0,0.0
10/15/2019,186.97705078125,0.0,0.0
10/16/2019,181.34373474121094,0.0,0.0
10/17/2019,175.90689086914062,0.0,0.0
10/18/2019,177.98855590820312,0.0,0.0
10/19/2019,173.64944458007812,0.0,0.0
10/20/2019,172.97476196289062,0.0,0.0
10/21/2019,175.52474975585938,0.0,0.0
10/22/2019,174.90505981445312,0.0,0.0
10/23/2019,172.26280212402344,0.0,0.0
10/24/2019,162.5141143798828,0.0,0.0
10/25/2019,162.18971252441406,0.0,0.0
10/26/2019,181.6670684814453,0.0,0.0
10/27/2019,179.93263244628906,0.0,0.0
10/28/2019,184.3975067138672,0.0,0.0
10/29/2019,182.67037963867188,0.0,0.0
10/30/2019,190.33639526367188,0.0,0.0
10/31/2019,184.79762268066406,0.0,0.0
11/01/2019,183.80369567871094,0.0,0.0
11/02/2019,184.01815795898438,0.0,0.0
11/03/2019,183.9948272705078,0.0,0.0
11/04/2019,182.31903076171875,0.0,0.0
11/05/2019,186.30931091308594,0.0,0.0
11/06/2019,189.11349487304688,0.0,0.0
11/07/2019,191.50430297851562,0.0,0.0
11/08/2019,187.9242706298828,0.0,0.0
11/09/2019,184.3117218017578,0.0,0.0
11/10/2019,184.943359375,0.0,0.0
11/11/2019,189.5029296875,0.0,0.0
11/12/2019,185.56483459472656,0.0,0.0
11/13/2019,186.94244384765625,0.0,0.0
11/14/2019,188.2725067138672,0.0,0.0
11/15/2019,186.05816650390625,0.0,0.0
11/16/2019,180.4990997314453,0.0,0.0
11/17/2019,183.350830078125,0.0,0.0
11/18/2019,185.0414581298828,0.0,0.0
11/19/2019,180.50245666503906,0.0,0.0
11/20/2019,177.415283203125,0.0,0.0
11/21/2019,175.67359924316406,0.0,0.0
11/22/2019,161.50588989257812,0.0,0.0
11/23/2019,150.21221923828125,0.0,0.0
11/24/2019,153.43052673339844,0.0,0.0
11/25/2019,142.69700622558594,0.0,0.0
11/26/2019,146.40431213378906,0.0,0.0
11/27/2019,148.39682006835938,0.0,0.0
11/28/2019,153.06924438476562,0.0,0.0
11/29/2019,151.7686004638672,0.0,0.0
11/30/2019,155.28640747070312,0.0,0.0
12/01/2019,152.49192810058594,0.0,0.0
12/02/2019,151.17547607421875,0.0,0.0
12/03/2019,149.05824279785156,0.0,0.0
12/04/2019,147.9183807373047,0.0,0.0
12/05/2019,146.68649291992188,0.0,0.0
12/06/2019,149.396484375,0.0,0.0
12/07/2019,149.19760131835938,0.0,0.0
12/08/2019,148.74368286132812,0.0,0.0
12/09/2019,151.22439575195312,0.0,0.0
12/10/2019,148.1798553466797,0.0,0.0
12/11/2019,146.32064819335938,0.0,0.0
12/12/2019,143.61566162109375,0.0,0.0
12/13/2019,145.6556854248047,0.0,0.0
12/14/2019,144.9534149169922,0.0,0.0
12/15/2019,142.864990234375,0.0,0.0
12/16/2019,143.1395263671875,0.0,0.0
12/17/2019,133.64718627929688,0.0,0.0
12/18/2019,122.6568374633789,0.0,0.0
12/19/2019,133.0527801513672,0.0,0.0
12/20/2019,129.38436889648438,0.0,0.0
12/21/2019,129.09596252441406,0.0,0.0
12/22/2019,128.09812927246094,0.0,0.0
12/23/2019,132.30699157714844,0.0,0.0
12/24/2019,128.62925720214844,0.0,0.0
12/25/2019,129.06849670410156,0.0,0.0
12/26/2019,126.486328125,0.0,0.0
12/27/2019,126.3687973022461,0.0,0.0
12/28/2019,127.2130126953125,0.0,0.0
12/29/2019,128.26687622070312,0.0,0.0
12/30/2019,134.79652404785156,0.0,0.0
12/31/2019,132.61227416992188,0.0,0.0
01/01/2020,129.6306610107422,0.0,0.0
01/02/2020,130.82003784179688,0.0,0.0
01/03/2020,127.41126251220703,0.0,0.0
01/04/2020,134.16851806640625,0.0,0.0
01/05/2020,135.0720977783203,0.0,0.0
01/06/2020,136.3055419921875,0.0,0.0
01/07/2020,144.31199645996094,0.0,0.0
01/08/2020,143.48782348632812,0.0,0.0
01/09/2020,141.15577697753906,0.0,0.0
01/10/2020,138.967041015625,0.0,0.0
01/11/2020,143.4091033935547,0.0,0.0
01/12/2020,143.0325469970703,0.0,0.0
01/13/2020,146.2201385498047,0.0,0.0
01/14/2020,144.2510528564453,0.0,0.0
01/15/2020,165.734619140625,0.0,0.0
01/16/2020,166.33282470703125,0.0,0.0
01/17/2020,164.4893798828125,0.0,0.0
01/18/2020,170.7477264404297,0.0,0.0
01/19/2020,175.46759033203125,0.0,0.0
01/20/2020,166.9041290283203,0.0,0.0
01/21/2020,167.0604705810547,0.0,0.0
01/22/2020,169.60853576660156,0.0,0.0
01/23/2020,168.2957000732422,0.0,0.0
01/24/2020,162.8993682861328,0.0,0.0
01/25/2020,163.06729125976562,0.0,0.0
01/26/2020,161.17681884765625,0.0,0.0
01/27/2020,168.00885009765625,0.0,0.0
01/28/2020,170.88485717773438,0.0,0.0
01/29/2020,176.34788513183594,0.0,0.0
01/30/2020,174.91770935058594,0.0,0.0
01/31/2020,184.73690795898438,0.0,0.0
02/01/2020,180.11376953125,0.0,0.0
02/02/2020,183.53250122070312,0.0,0.0
02/03/2020,188.60740661621094,0.0,0.0
02/04/2020,189.86172485351562,0.0,0.0
02/05/2020,189.29910278320312,0.0,0.0
02/06/2020,204.12969970703125,0.0,0.0
02/07/2020,212.31588745117188,0.0,0.0
02/08/2020,222.51097106933594,0.0,0.0
02/09/2020,222.98223876953125,0.0,0.0
02/10/2020,228.54913330078125,0.0,0.0
02/11/2020,223.3849334716797,0.0,0.0
02/12/2020,235.89822387695312,0.0,0.0
02/13/2020,265.0527038574219,0.0,0.0
02/14/2020,268.0232849121094,0.0,0.0
02/15/2020,284.5613098144531,0.0,0.0
02/16/2020,264.904052734375,0.0,0.0
02/17/2020,259.89056396484375,0.0,0.0
02/18/2020,266.5088195800781,0.0,0.0
02/19/2020,282.0362854003906,0.0,0.0
02/20/2020,259.8198547363281,0.0,0.0
02/21/2020,257.89111328125,0.0,0.0
02/22/2020,265.55157470703125,0.0,0.0
02/23/2020,262.2784118652344,0.0,0.0
02/24/2020,273.705078125,0.0,0.0
02/25/2020,265.28338623046875,0.0,0.0
02/26/2020,247.74020385742188,0.0,0.0
02/27/2020,225.68704223632812,0.0,0.0
02/28/2020,226.98760986328125,0.0,0.0
02/29/2020,226.8334503173828,0.0,0.0
03/01/2020,219.752685546875,0.0,0.0
03/02/2020,218.7116241455078,0.0,0.0
03/03/2020,230.5239715576172,0.0,0.0
03/04/2020,224.56533813476562,0.0,0.0
03/05/2020,224.6418914794922,0.0,0.0
03/06/2020,229.16842651367188,0.0,0.0
03/07/2020,243.7501983642578,0.0,0.0
03/08/2020,237.7806854248047,0.0,0.0
03/09/2020,201.31849670410156,0.0,0.0
03/10/2020,202.86395263671875,0.0,0.0
03/11/2020,200.76803588867188,0.0,0.0
03/12/2020,194.73892211914062,0.0,0.0
03/13/2020,112.68999481201172,0.0,0.0
03/14/2020,133.5824737548828,0.0,0.0
03/15/2020,123.24606323242188,0.0,0.0
03/16/2020,124.9961166381836,0.0,0.0
03/17/2020,110.40678405761719,0.0,0.0
03/18/2020,113.8576431274414,0.0,0.0
03/19/2020,114.83982849121094,0.0,0.0
03/20/2020,136.64927673339844,0.0,0.0
03/21/2020,133.1017608642578,0.0,0.0
03/22/2020,132.85113525390625,0.0,0.0
03/23/2020,123.36598205566406,0.0,0.0
03/24/2020,135.1941375732422,0.0,0.0
03/25/2020,138.9149627685547,0.0,0.0
03/26/2020,136.190673828125,0.0,0.0
03/27/2020,138.36993408203125,0.0,0.0
03/28/2020,134.03274536132812,0.0,0.0
03/29/2020,131.0153350830078,0.0,0.0
03/30/2020,125.57789611816406,0.0,0.0
03/31/2020,132.8209228515625,0.0,0.0
04/01/2020,133.61231994628906,0.0,0.0
04/02/2020,135.732177734375,0.0,0.0
04/03/2020,142.11045837402344,0.0,0.0
04/04/2020,142.21517944335938,0.0,0.0
04/05/2020,145.26101684570312,0.0,0.0
04/06/2020,143.60821533203125,0.0,0.0
04/07/2020,169.14744567871094,0.0,0.0
04/08/2020,165.24032592773438,0.0,0.0
04/09/2020,172.76126098632812,0.0,0.0
04/10/2020,170.8292694091797,0.0,0.0
04/11/2020,158.5389862060547,0.0,0.0
04/12/2020,158.23239135742188,0.0,0.0
04/13/2020,160.72067260742188,0.0,0.0
04/14/2020,156.35595703125,0.0,0.0
04/15/2020,157.56564331054688,0.0,0.0
04/16/2020,153.20042419433594,0.0,0.0
04/18/2020,171.61807250976562,0.0,0.0
04/19/2020,186.8619842529297,0.0,0.0
04/20/2020,181.480224609375,0.0,0.0
04/21/2020,172.01771545410156,0.0,0.0
04/22/2020,172.67039489746094,0.0,0.0
04/23/2020,182.62017822265625,0.0,0.0
04/24/2020,185.22210693359375,0.0,0.0
04/25/2020,189.2073974609375,0.0,0.0
04/26/2020,195.41358947753906,0.0,0.0
04/27/2020,197.47572326660156,0.0,0.0
04/28/2020,197.2735137939453,0.0,0.0
04/29/2020,198.46519470214844,0.0,0.0
04/30/2020,216.9091339111328,0.0,0.0
05/01/2020,207.9017333984375,0.0,0.0
05/02/2020,214.23008728027344,0.0,0.0
05/03/2020,215.35206604003906,0.0,0.0
05/04/2020,210.89085388183594,0.0,0.0
05/05/2020,208.01300048828125,0.0,0.0
05/06/2020,206.48135375976562,0.0,0.0
05/07/2020,203.91285705566406,0.0,0.0
05/08/2020,212.1982421875,0.0,0.0
05/09/2020,213.1421661376953,0.0,0.0
05/10/2020,211.5522003173828,0.0,0.0
05/11/2020,188.63218688964844,0.0,0.0
05/12/2020,185.87733459472656,0.0,0.0
05/13/2020,189.3740997314453,0.0,0.0
05/14/2020,198.89151000976562,0.0,0.0
05/15/2020,202.9553985595703,0.0,0.0
05/16/2020,195.61338806152344,0.0,0.0
05/17/2020,200.60887145996094,0.0,0.0
05/18/2020,207.17977905273438,0.0,0.0
05/19/2020,214.6049346923828,0.0,0.0
05/20/2020,213.4462432861328,0.0,0.0
05/21/2020,210.129150390625,0.0,0.0
05/22/2020,199.8371124267578,0.0,0.0
05/23/2020,207.19448852539062,0.0,0.0
05/24/2020,208.716064453125,0.0,0.0
05/25/2020,201.98265075683594,0.0,0.0
05/26/2020,205.2595672607422,0.0,0.0
05/27/2020,201.89300537109375,0.0,0.0
05/28/2020,208.88543701171875,0.0,0.0
05/29/2020,219.925048828125,0.0,0.0
05/30/2020,220.7172088623047,0.0,0.0
05/31/2020,242.35137939453125,0.0,0.0
06/01/2020,230.86026000976562,0.0,0.0
06/02/2020,246.82818603515625,0.0,0.0
06/03/2020,237.3952178955078,0.0,0.0
06/04/2020,244.10528564453125,0.0,0.0
06/05/2020,244.34959411621094,0.0,0.0
06/06/2020,241.20135498046875,0.0,0.0
06/07/2020,241.9080810546875,0.0,0.0
06/08/2020,245.17857360839844,0.0,0.0
06/09/2020,246.17501831054688,0.0,0.0
06/10/2020,244.8220672607422,0.0,0.0
06/11/2020,247.5485382080078,0.0,0.0
06/12/2020,231.62545776367188,0.0,0.0
06/13/2020,237.54461669921875,0.0,0.0
06/14/2020,238.9681854248047,0.0,0.0
06/15/2020,234.0583038330078,0.0,0.0
06/16/2020,229.76229858398438,0.0,0.0
06/17/2020,234.49237060546875,0.0,0.0
06/18/2020,232.89869689941406,0.0,0.0
06/19/2020,231.95497131347656,0.0,0.0
06/20/2020,226.9763641357422,0.0,0.0
06/21/2020,229.2161407470703,0.0,0.0
06/22/2020,229.0033721923828,0.0,0.0
06/23/2020,242.53701782226562,0.0,0.0
06/24/2020,244.18592834472656,0.0,0.0
06/25/2020,235.70285034179688,0.0,0.0
06/26/2020,232.8774871826172,0.0,0.0
06/27/2020,229.63148498535156,0.0,0.0
06/28/2020,222.91448974609375,0.0,0.0
06/29/2020,225.36143493652344,0.0,0.0
06/30/2020,227.9684295654297,0.0,0.0
07/01/2020,226.13458251953125,0.0,0.0
07/02/2020,231.28890991210938,0.0,0.0
07/03/2020,229.31895446777344,0.0,0.0
07/04/2020,225.28848266601562,0.0,0.0
07/05/2020,228.9761962890625,0.0,0.0
07/06/2020,227.6850128173828,0.0,0.0
07/07/2020,240.97259521484375,0.0,0.0
07/08/2020,239.15997314453125,0.0,0.0
07/09/2020,246.748291015625,0.0,0.0
07/10/2020,242.86801147460938,0.0,0.0
07/11/2020,241.04478454589844,0.0,0.0
07/12/2020,239.4596405029297,0.0,0.0
07/13/2020,242.18186950683594,0.0,0.0
07/14/2020,239.97561645507812,0.0,0.0
07/15/2020,240.14364624023438,0.0,0.0
07/16/2020,238.45091247558594,0.0,0.0
07/17/2020,233.69139099121094,0.0,0.0
07/18/2020,232.85568237304688,0.0,0.0
07/19/2020,235.4582977294922,0.0,0.0
07/20/2020,238.494873046875,0.0,0.0
07/21/2020,236.30250549316406,0.0,0.0
07/22/2020,245.03726196289062,0.0,0.0
07/23/2020,262.3886413574219,0.0,0.0
07/24/2020,274.7226867675781,0.0,0.0
07/25/2020,279.0263671875,0.0,0.0
07/26/2020,303.6923828125,0.0,0.0
07/27/2020,309.6579284667969,0.0,0.0
07/28/2020,321.8297424316406,0.0,0.0
07/29/2020,316.55535888671875,0.0,0.0
07/30/2020,318.1449890136719,0.0,0.0
07/31/2020,334.63372802734375,0.0,0.0
08/01/2020,345.7986145019531,0.0,0.0
08/02/2020,385.54986572265625,0.0,0.0
08/03/2020,371.13385009765625,0.0,0.0
08/04/2020,386.1564636230469,0.0,0.0
08/05/2020,389.7108154296875,0.0,0.0
08/06/2020,401.5838623046875,0.0,0.0
08/07/2020,395.22686767578125,0.0,0.0
08/08/2020,379.55157470703125,0.0,0.0
08/09/2020,395.30523681640625,0.0,0.0
08/10/2020,391.04150390625,0.0,0.0
08/11/2020,395.89471435546875,0.0,0.0
08/12/2020,380.0638122558594,0.0,0.0
08/13/2020,390.8381042480469,0.0,0.0
08/14/2020,428.6772766113281,0.0,0.0
08/15/2020,437.56298828125,0.0,0.0
08/16/2020,433.3505859375,0.0,0.0
08/17/2020,433.9737548828125,0.0,0.0
08/18/2020,429.66961669921875,0.0,0.0
08/19/2020,423.73858642578125,0.0,0.0
08/20/2020,406.7589111328125,0.0,0.0
08/21/2020,416.1487731933594,0.0,0.0
08/22/2020,389.0310974121094,0.0,0.0
08/23/2020,395.5628356933594,0.0,0.0
08/24/2020,391.6789855957031,0.0,0.0
08/25/2020,408.0716857910156,0.0,0.0
08/26/2020,383.9774475097656,0.0,0.0
08/27/2020,386.60986328125,0.0,0.0
08/28/2020,382.62957763671875,0.0,0.0
08/29/2020,395.6875915527344,0.0,0.0
08/30/2020,399.61669921875,0.0,0.0
08/31/2020,428.5090026855469,0.0,0.0
09/01/2020,434.87445068359375,0.0,0.0
09/02/2020,477.00787353515625,0.0,0.0
09/03/2020,440.239990234375,0.0,0.0
09/04/2020,384.671630859375,0.0,0.0
09/05/2020,388.03839111328125,0.0,0.0
09/06/2020,335.3345642089844,0.0,0.0
09/07/2020,353.45025634765625,0.0,0.0
09/08/2020,353.2022705078125,0.0,0.0
09/09/2020,337.8249206542969,0.0,0.0
09/10/2020,351.4293212890625,0.0,0.0
09/11/2020,368.1184997558594,0.0,0.0
09/12/2020,374.59539794921875,0.0,0.0
09/13/2020,387.519287109375,0.0,0.0
09/14/2020,365.6995849609375,0.0,0.0
09/15/2020,377.1540222167969,0.0,0.0
09/16/2020,364.7439880371094,0.0,0.0
09/17/2020,365.86578369140625,0.0,0.0
09/18/2020,389.3374938964844,0.0,0.0
09/19/2020,384.0416564941406,0.0,0.0
09/20/2020,385.5979919433594,0.0,0.0
09/21/2020,371.400146484375,0.0,0.0
09/22/2020,341.72381591796875,0.0,0.0
09/23/2020,344.62249755859375,0.0,0.0
09/24/2020,320.6183166503906,0.0,0.0
09/25/2020,349.3631286621094,0.0,0.0
09/26/2020,352.53125,0.0,0.0
09/27/2020,354.58721923828125,0.0,0.0
09/28/2020,357.3111572265625,0.0,0.0
09/29/2020,354.9748229980469,0.0,0.0
09/30/2020,359.9423522949219,0.0,0.0
10/01/2020,360.004638671875,0.0,0.0
10/02/2020,353.2201843261719,0.0,0.0
10/03/2020,346.5026550292969,0.0,0.0
10/04/2020,347.2724304199219,0.0,0.0
10/05/2020,353.0458068847656,0.0,0.0
10/06/2020,354.1377868652344,0.0,0.0
10/07/2020,341.0916748046875,0.0,0.0
10/08/2020,342.094970703125,0.0,0.0
10/10/2020,365.4024658203125,0.0,0.0
10/11/2020,370.9284362792969,0.0,0.0
10/14/2020,381.9714660644531,0.0,0.0
10/15/2020,379.1922302246094,0.0,0.0
10/16/2020,377.8684997558594,0.0,0.0
10/17/2020,366.0157165527344,0.0,0.0
10/18/2020,368.7275390625,0.0,0.0
10/19/2020,378.4696350097656,0.0,0.0
10/20/2020,379.7196960449219,0.0,0.0
10/21/2020,369.0594177246094,0.0,0.0
10/22/2020,391.4886169433594,0.0,0.0
10/23/2020,414.05133056640625,0.0,0.0
10/24/2020,409.7672424316406,0.0,0.0
10/25/2020,412.4576416015625,0.0,0.0
10/26/2020,406.2179870605469,0.0,0.0
10/27/2020,393.88818359375,0.0,0.0
10/28/2020,403.9971008300781,0.0,0.0
10/29/2020,388.65106201171875,0.0,0.0
10/30/2020,386.7302551269531,0.0,0.0
10/31/2020,382.8200378417969,0.0,0.0
11/01/2020,386.59033203125,0.0,0.0
11/02/2020,396.3559875488281,0.0,0.0
11/03/2020,383.1560363769531,0.0,0.0
11/04/2020,387.60321044921875,0.0,0.0
11/05/2020,402.1429443359375,0.0,0.0
11/06/2020,414.06671142578125,0.0,0.0
11/07/2020,454.7225646972656,0.0,0.0
11/08/2020,435.71881103515625,0.0,0.0
11/09/2020,453.57415771484375,0.0,0.0
11/10/2020,444.1663818359375,0.0,0.0
11/11/2020,449.6796569824219,0.0,0.0
11/12/2020,462.95953369140625,0.0,0.0
11/13/2020,461.0054931640625,0.0,0.0
11/14/2020,474.6264343261719,0.0,0.0
11/15/2020,460.14990234375,0.0,0.0
11/16/2020,447.5589904785156,0.0,0.0
11/17/2020,464.4066467285156,0.0,0.0
11/18/2020,480.3468322753906,0.0,0.0
11/19/2020,479.48101806640625,0.0,0.0
11/20/2020,471.6314697265625,0.0,0.0
11/21/2020,509.7445983886719,0.0,0.0
11/22/2020,549.4866333007812,0.0,0.0
11/23/2020,558.0595092773438,0.0,0.0
11/24/2020,608.5227661132812,0.0,0.0
11/25/2020,603.9020385742188,0.0,0.0
11/26/2020,570.514892578125,0.0,0.0
11/27/2020,519.1080932617188,0.0,0.0
11/28/2020,517.5973510742188,0.0,0.0
11/29/2020,538.2645874023438,0.0,0.0
11/30/2020,575.757080078125,0.0,0.0
12/01/2020,615.0703125,0.0,0.0
12/02/2020,587.2615966796875,0.0,0.0
12/03/2020,598.459228515625,0.0,0.0
12/04/2020,616.7227783203125,0.0,0.0
12/05/2020,569.34765625,0.0,0.0
12/06/2020,596.5686645507812,0.0,0.0
12/07/2020,601.797119140625,0.0,0.0
12/08/2020,591.9008178710938,0.0,0.0
12/09/2020,554.7929077148438,0.0,0.0
12/10/2020,573.5040283203125,0.0,0.0
12/11/2020,559.67919921875,0.0,0.0
12/12/2020,545.5785522460938,0.0,0.0
12/13/2020,568.60986328125,0.0,0.0
12/14/2020,589.782470703125,0.0,0.0
12/15/2020,586.0217895507812,0.0,0.0
12/16/2020,589.378662109375,0.0,0.0
12/17/2020,636.1541748046875,0.0,0.0
12/18/2020,642.9169921875,0.0,0.0
12/19/2020,654.6242065429688,0.0,0.0
12/20/2020,659.18505859375,0.0,0.0
12/21/2020,638.315185546875,0.0,0.0
12/22/2020,609.4205322265625,0.0,0.0
12/23/2020,634.8245849609375,0.0,0.0
12/24/2020,584.1356201171875,0.0,0.0
12/25/2020,611.5545654296875,0.0,0.0
12/26/2020,626.498046875,0.0,0.0
12/27/2020,635.8871459960938,0.0,0.0
12/28/2020,683.205810546875,0.0,0.0
12/29/2020,730.3587036132812,0.0,0.0
12/30/2020,731.4728393554688,0.0,0.0
12/31/2020,751.6266479492188,0.0,0.0
01/01/2021,737.7083740234375,0.0,0.0
01/02/2021,730.4026489257812,0.0,0.0
01/03/2021,774.5118408203125,0.0,0.0
01/04/2021,977.058837890625,0.0,0.0
01/05/2021,1041.498779296875,0.0,0.0
01/06/2021,1101.0050048828125,0.0,0.0
01/07/2021,1208.078369140625,0.0,0.0
01/08/2021,1225.9678955078125,0.0,0.0
01/09/2021,1223.740478515625,0.0,0.0
01/10/2021,1280.87109375,0.0,0.0
01/11/2021,1261.6229248046875,0.0,0.0
01/12/2021,1088.5267333984375,0.0,0.0
01/13/2021,1043.740966796875,0.0,0.0
01/14/2021,1130.231201171875,0.0,0.0
01/15/2021,1221.877197265625,0.0,0.0
01/16/2021,1171.443115234375,0.0,0.0
01/17/2021,1233.453369140625,0.0,0.0
01/18/2021,1230.313232421875,0.0,0.0
01/19/2021,1257.4345703125,0.0,0.0
01/20/2021,1375.2484130859375,0.0,0.0
01/21/2021,1382.6844482421875,0.0,0.0
01/22/2021,1118.8890380859375,0.0,0.0
01/23/2021,1235.2679443359375,0.0,0.0
01/24/2021,1231.2105712890625,0.0,0.0
01/25/2021,1390.639892578125,0.0,0.0
01/26/2021,1323.74169921875,0.0,0.0
01/27/2021,1358.3333740234375,0.0,0.0
01/28/2021,1251.27978515625,0.0,0.0
01/29/2021,1369.0867919921875,0.0,0.0
01/30/2021,1382.23193359375,0.0,0.0
01/31/2021,1376.8236083984375,0.0,0.0
02/01/2021,1314.855224609375,0.0,0.0
02/02/2021,1369.505126953125,0.0,0.0
02/03/2021,1514.7696533203125,0.0,0.0
02/04/2021,1661.170166015625,0.0,0.0
02/05/2021,1594.7933349609375,0.0,0.0
02/06/2021,1717.7974853515625,0.0,0.0
02/07/2021,1677.605712890625,0.0,0.0
02/08/2021,1613.6422119140625,0.0,0.0
02/09/2021,1746.9261474609375,0.0,0.0
02/10/2021,1768.039794921875,0.0,0.0
02/11/2021,1743.7142333984375,0.0,0.0
02/12/2021,1783.4891357421875,0.0,0.0
02/13/2021,1843.98681640625,0.0,0.0
02/14/2021,1814.372314453125,0.0,0.0
02/15/2021,1804.6767578125,0.0,0.0
02/16/2021,1778.945556640625,0.0,0.0
02/17/2021,1781.35009765625,0.0,0.0
02/18/2021,1848.206298828125,0.0,0.0
02/19/2021,1938.85986328125,0.0,0.0
02/20/2021,1959.9029541015625,0.0,0.0
02/21/2021,1918.673095703125,0.0,0.0
02/22/2021,1935.557861328125,0.0,0.0
02/23/2021,1781.4090576171875,0.0,0.0
02/24/2021,1571.4764404296875,0.0,0.0
02/25/2021,1625.3939208984375,0.0,0.0
02/26/2021,1478.6533203125,0.0,0.0
02/27/2021,1446.929443359375,0.0,0.0
02/28/2021,1459.8604736328125,0.0,0.0
03/01/2021,1417.151123046875,0.0,0.0
03/02/2021,1564.0634765625,0.0,0.0
03/03/2021,1491.451171875,0.0,0.0
03/04/2021,1574.623779296875,0.0,0.0
03/05/2021,1541.541748046875,0.0,0.0
03/06/2021,1532.372802734375,0.0,0.0
03/07/2021,1655.3924560546875,0.0,0.0
03/08/2021,1724.229248046875,0.0,0.0
03/09/2021,1835.1480712890625,0.0,0.0
03/10/2021,1868.489013671875,0.0,0.0
03/11/2021,1798.033935546875,0.0,0.0
03/12/2021,1826.5467529296875,0.0,0.0
03/13/2021,1772.1663818359375,0.0,0.0
03/14/2021,1923.86376953125,0.0,0.0
03/15/2021,1854.086669921875,0.0,0.0
03/16/2021,1792.413818359375,0.0,0.0
03/17/2021,1807.05615234375,0.0,0.0
03/18/2021,1823.158447265625,0.0,0.0
03/19/2021,1782.5687255859375,0.0,0.0
03/20/2021,1817.522705078125,0.0,0.0
03/21/2021,1812.6065673828125,0.0,0.0
03/22/2021,1788.3621826171875,0.0,0.0
03/23/2021,1690.871826171875,0.0,0.0
03/24/2021,1678.0025634765625,0.0,0.0
03/25/2021,1593.123291015625,0.0,0.0
03/26/2021,1595.2100830078125,0.0,0.0
03/27/2021,1703.0361328125,0.0,0.0
03/28/2021,1716.4056396484375,0.0,0.0
03/29/2021,1691.26318359375,0.0,0.0
03/30/2021,1819.46630859375,0.0,0.0
03/31/2021,1846.0982666015625,0.0,0.0
04/01/2021,1919.1572265625,0.0,0.0
04/02/2021,1976.9327392578125,0.0,0.0
04/03/2021,2142.89599609375,0.0,0.0
04/04/2021,2027.6712646484375,0.0,0.0
04/05/2021,2093.2607421875,0.0,0.0
04/06/2021,2109.4931640625,0.0,0.0
04/07/2021,2117.728515625,0.0,0.0
04/08/2021,1969.1331787109375,0.0,0.0
04/09/2021,2088.772216796875,0.0,0.0
04/10/2021,2071.111572265625,0.0,0.0
04/11/2021,2136.156982421875,0.0,0.0
04/12/2021,2157.36181640625,0.0,0.0
04/13/2021,2139.3642578125,0.0,0.0
04/14/2021,2299.347900390625,0.0,0.0
04/15/2021,2436.03466796875,0.0,0.0
04/16/2021,2516.601806640625,0.0,0.0
04/17/2021,2429.98095703125,0.0,0.0
04/18/2021,2346.452392578125,0.0,0.0
04/19/2021,2238.03271484375,0.0,0.0
04/20/2021,2161.939453125,0.0,0.0
04/21/2021,2331.16015625,0.0,0.0
04/22/2021,2357.87109375,0.0,0.0
04/23/2021,2401.25634765625,0.0,0.0
04/24/2021,2367.19921875,0.0,0.0
04/25/2021,2214.413818359375,0.0,0.0
04/26/2021,2319.47802734375,0.0,0.0
04/27/2021,2534.03125,0.0,0.0
04/28/2021,2664.685546875,0.0,0.0
04/29/2021,2748.649658203125,0.0,0.0
04/30/2021,2757.734130859375,0.0,0.0
05/01/2021,2772.83837890625,0.0,0.0
05/02/2021,2945.56005859375,0.0,0.0
05/03/2021,2951.17578125,0.0,0.0
05/04/2021,3431.131591796875,0.0,0.0
05/05/2021,3240.5546875,0.0,0.0
05/06/2021,3524.930908203125,0.0,0.0
05/07/2021,3490.105224609375,0.0,0.0
05/08/2021,3481.988037109375,0.0,0.0
05/09/2021,3911.463134765625,0.0,0.0
05/10/2021,3924.413330078125,0.0,0.0
05/11/2021,3948.27197265625,0.0,0.0
05/12/2021,4174.6357421875,0.0,0.0
05/13/2021,3828.91845703125,0.0,0.0
05/14/2021,3720.122314453125,0.0,0.0
05/15/2021,4075.95166015625,0.0,0.0
05/16/2021,3641.830810546875,0.0,0.0
05/17/2021,3581.343017578125,0.0,0.0
05/18/2021,3276.872314453125,0.0,0.0
05/19/2021,3382.6572265625,0.0,0.0
05/20/2021,2439.638671875,0.0,0.0
05/21/2021,2772.34130859375,0.0,0.0
05/22/2021,2436.0146484375,0.0,0.0
05/23/2021,2298.3671875,0.0,0.0
05/24/2021,2099.93603515625,0.0,0.0
05/25/2021,2649.033203125,0.0,0.0
05/26/2021,2707.052734375,0.0,0.0
05/27/2021,2888.75244140625,0.0,0.0
05/28/2021,2742.468994140625,0.0,0.0
05/29/2021,2414.067138671875,0.0,0.0
05/30/2021,2278.288818359375,0.0,0.0
05/31/2021,2387.198486328125,0.0,0.0
06/01/2021,2707.560546875,0.0,0.0
06/02/2021,2634.4560546875,0.0,0.0
06/03/2021,2708.376220703125,0.0,0.0
06/04/2021,2857.16552734375,0.0,0.0
06/05/2021,2691.619384765625,0.0,0.0
06/06/2021,2629.748779296875,0.0,0.0
06/07/2021,2713.04736328125,0.0,0.0
06/08/2021,2594.602294921875,0.0,0.0
06/09/2021,2510.19921875,0.0,0.0
06/10/2021,2611.142578125,0.0,0.0
06/11/2021,2472.85888671875,0.0,0.0
06/12/2021,2354.752197265625,0.0,0.0
06/13/2021,2372.690185546875,0.0,0.0
06/14/2021,2508.7705078125,0.0,0.0
06/15/2021,2587.7626953125,0.0,0.0
06/16/2021,2544.86474609375,0.0,0.0
06/17/2021,2367.306396484375,0.0,0.0
06/18/2021,2374.5869140625,0.0,0.0
06/19/2021,2235.1591796875,0.0,0.0
06/20/2021,2171.337890625,0.0,0.0
06/21/2021,2245.31787109375,0.0,0.0
06/22/2021,1886.6676025390625,0.0,0.0
06/23/2021,1878.625,0.0,0.0
06/24/2021,1968.9573974609375,0.0,0.0
06/25/2021,1989.2158203125,0.0,0.0
06/26/2021,1810.88427734375,0.0,0.0
06/27/2021,1830.9969482421875,0.0,0.0
06/28/2021,1981.386474609375,0.0,0.0
06/29/2021,2083.44873046875,0.0,0.0
06/30/2021,2164.21630859375,0.0,0.0
07/01/2021,2274.3974609375,0.0,0.0
07/02/2021,2109.892578125,0.0,0.0
07/03/2021,2150.8349609375,0.0,0.0
07/04/2021,2226.55029296875,0.0,0.0
07/05/2021,2321.9228515625,0.0,0.0
07/06/2021,2197.91943359375,0.0,0.0
07/07/2021,2323.20849609375,0.0,0.0
07/08/2021,2317.94921875,0.0,0.0
07/09/2021,2115.573974609375,0.0,0.0
07/10/2021,2146.999755859375,0.0,0.0
07/11/2021,2110.875732421875,0.0,0.0
07/12/2021,2140.5068359375,0.0,0.0
07/13/2021,2034.098388671875,0.0,0.0
07/14/2021,1941.1678466796875,0.0,0.0
07/15/2021,1994.7120361328125,0.0,0.0
07/16/2021,1916.598388671875,0.0,0.0
07/17/2021,1876.88134765625,0.0,0.0
07/18/2021,1900.1943359375,0.0,0.0
07/19/2021,1893.0535888671875,0.0,0.0
07/20/2021,1819.08203125,0.0,0.0
07/21/2021,1786.2762451171875,0.0,0.0
07/22/2021,1994.8228759765625,0.0,0.0
07/23/2021,2025.105712890625,0.0,0.0
07/24/2021,2123.961181640625,0.0,0.0
07/25/2021,2187.1455078125,0.0,0.0
07/26/2021,2191.309814453125,0.0,0.0
07/27/2021,2230.197021484375,0.0,0.0
07/28/2021,2302.081298828125,0.0,0.0
07/29/2021,2299.011962890625,0.0,0.0
07/30/2021,2383.940673828125,0.0,0.0
