FSK,FS KKR Capital Corp.,
Date,Price,Dividend,Annualized Dividend
04/16/2014,17.3534560785061,0.0,0.0
04/17/2014,17.787294013120352,0.0,0.0
04/21/2014,17.735227270588382,0.0,0.0
04/22/2014,17.804651314808527,0.0,0.0
04/23/2014,17.804645538330078,0.0,0.0
04/24/2014,17.804651314808527,0.0,0.0
04/25/2014,17.822000604578303,0.0,0.0
04/28/2014,17.752586303594555,0.0,0.0
04/29/2014,17.63111146086684,0.0,0.0
04/30/2014,17.579052347606307,0.0,0.0
05/01/2014,17.544343948364258,0.0,0.0
05/02/2014,17.50963937602835,0.0,0.0
05/05/2014,17.65558762442253,0.296,0.296
05/06/2014,17.882831202709152,0.0,0.296
05/07/2014,17.760466510741775,0.0,0.296
05/08/2014,17.725508027745125,0.0,0.296
05/09/2014,17.673065216890606,0.0,0.296
05/12/2014,17.81290836711658,0.0,0.296
05/13/2014,17.7255141182758,0.0,0.296
05/14/2014,17.603145627760068,0.0,0.296
05/15/2014,17.77794768523223,0.0,0.296
05/16/2014,17.742989508629794,0.0,0.296
05/19/2014,17.76046572120514,0.0,0.296
05/20/2014,17.935274124145508,0.0,0.296
05/21/2014,17.91779327392578,0.0,0.296
05/22/2014,17.847877302652105,0.0,0.296
05/23/2014,18.092601776123047,0.0,0.296
05/27/2014,18.416564188117533,0.296,0.592
05/28/2014,18.310930109828995,0.0,0.592
05/29/2014,18.24049698857016,0.0,0.592
05/30/2014,18.29332177724869,0.0,0.592
06/02/2014,18.416568395548747,0.0,0.592
06/03/2014,18.434174933952452,0.0,0.592
06/04/2014,18.45177937247109,0.0,0.592
06/05/2014,18.64545823801673,0.0,0.592
06/06/2014,18.715880462618127,0.0,0.592
06/09/2014,18.768700861927694,0.0,0.592
06/10/2014,18.733481165340688,0.0,0.592
06/11/2014,18.821519975426586,0.0,0.592
06/12/2014,18.275716066919745,0.0,0.592
06/13/2014,18.15246081268576,0.0,0.592
06/16/2014,18.275712176589877,0.0,0.592
06/17/2014,18.17007449395763,0.0,0.592
06/18/2014,18.346138326777243,0.0,0.592
06/19/2014,18.328529149294212,0.0,0.592
06/20/2014,18.63568555119271,0.296,0.8879999999999999
06/23/2014,18.38745155805845,0.0,0.8879999999999999
06/24/2014,18.281062352134384,0.0,0.8879999999999999
06/25/2014,18.298793883941755,0.0,0.8879999999999999
06/26/2014,18.38744889631028,0.0,0.8879999999999999
06/27/2014,18.582500191041618,0.0,0.8879999999999999
06/30/2014,18.582492678710544,0.0,0.8879999999999999
07/01/2014,18.937116622924805,0.0,0.8879999999999999
07/02/2014,19.00804568449259,0.0,0.8879999999999999
07/03/2014,18.848465125529323,0.0,0.8879999999999999
07/07/2014,18.60022976911678,0.0,0.8879999999999999
07/08/2014,18.759809140707887,0.0,0.8879999999999999
07/09/2014,18.671144485473633,0.0,0.8879999999999999
07/10/2014,18.617954006066526,0.0,0.8879999999999999
07/11/2014,18.61795898712928,0.0,0.8879999999999999
07/14/2014,18.81299862975225,0.0,0.8879999999999999
07/15/2014,18.65341938683666,0.0,0.8879999999999999
07/16/2014,18.706616272886457,0.0,0.8879999999999999
07/17/2014,18.706611268104265,0.0,0.8879999999999999
07/18/2014,18.671152682184754,0.0,0.8879999999999999
07/21/2014,18.724350662774448,0.0,0.8879999999999999
07/22/2014,18.795273179187397,0.0,0.8879999999999999
07/23/2014,18.909177780151367,0.296,1.184
07/24/2014,18.909170655003674,0.0,1.184
07/25/2014,18.837755081475265,0.0,1.184
07/28/2014,18.962741462330538,0.0,1.184
07/29/2014,18.98161773968861,0.4,1.584
07/30/2014,18.99964714050293,0.0,1.584
07/31/2014,18.96359608434844,0.0,1.584
08/01/2014,18.810368114898868,0.0,1.584
08/04/2014,18.747276306152344,0.0,1.584
08/05/2014,18.729249381546566,0.0,1.584
08/06/2014,18.657145408836698,0.0,1.584
08/07/2014,18.71122822120783,0.0,1.584
08/08/2014,18.56701364448705,0.0,1.584
08/11/2014,18.693201356737912,0.0,1.584
08/12/2014,18.65714971585575,0.0,1.584
08/13/2014,18.62109811088278,0.0,1.584
08/14/2014,18.729254613102004,0.0,1.584
08/15/2014,18.927534708162632,0.0,1.584
08/18/2014,18.801356503449387,0.0,1.584
08/19/2014,18.747279537560114,0.0,1.584
08/20/2014,18.747279537560114,0.0,1.584
08/21/2014,18.86321002840366,0.296,1.8800000000000001
08/22/2014,18.881368150978805,0.0,1.8800000000000001
08/25/2014,18.8995225974235,0.0,1.8800000000000001
08/26/2014,18.91767609688285,0.0,1.8800000000000001
08/27/2014,19.008455276489258,0.0,1.8800000000000001
08/28/2014,18.972137931022843,0.0,1.8800000000000001
08/29/2014,19.044769756217043,0.0,1.8800000000000001
09/02/2014,19.06291847990461,0.0,1.8800000000000001
09/03/2014,19.17184877348225,0.0,1.8800000000000001
09/04/2014,19.062914058536094,0.0,1.8800000000000001
09/05/2014,19.02660590776861,0.0,1.8800000000000001
09/08/2014,19.117379042479794,0.0,1.8800000000000001
09/09/2014,19.04475848675132,0.0,1.8800000000000001
09/10/2014,18.990295581989997,0.0,1.8800000000000001
09/11/2014,18.881368150978805,0.0,1.8800000000000001
09/12/2014,18.89952354165003,0.0,1.8800000000000001
09/15/2014,19.008454326820463,0.0,1.8800000000000001
09/16/2014,19.044760705837188,0.0,1.8800000000000001
09/17/2014,19.099234863383302,0.0,1.8800000000000001
09/18/2014,19.17185478583091,0.0,1.8800000000000001
09/19/2014,19.171853162465016,0.0,1.8800000000000001
09/22/2014,19.324535514134016,0.296,2.176
09/23/2014,19.105141594070542,0.0,2.176
09/24/2014,19.196560860646308,0.0,2.176
09/25/2014,19.324535514134016,0.0,2.176
09/26/2014,19.15998847542961,0.0,2.176
09/29/2014,19.30625048327699,0.0,2.176
09/30/2014,19.63533507831427,0.0,2.176
10/01/2014,19.598772019165185,0.0,2.176
10/02/2014,19.379383015720748,0.0,2.176
10/03/2014,19.470792857275125,0.0,2.176
10/06/2014,19.214834129103,0.0,2.176
10/07/2014,19.123422621961097,0.0,2.176
10/08/2014,19.05029965423951,0.0,2.176
10/09/2014,19.178271352816434,0.0,2.176
10/10/2014,18.885755572144664,0.0,2.176
10/13/2014,18.50182342529297,0.0,2.176
10/14/2014,18.59322921814739,0.0,2.176
10/15/2014,18.55666649760907,0.0,2.176
10/16/2014,18.428690936487815,0.0,2.176
10/17/2014,18.867473673489535,0.0,2.176
10/20/2014,18.922324974342487,0.0,2.176
10/21/2014,19.379383087158203,0.0,2.176
10/22/2014,19.379383981455863,0.0,2.176
10/23/2014,19.496822357177734,0.296,2.472
10/24/2014,19.42318344116211,0.0,2.472
10/27/2014,19.42318003996287,0.0,2.472
10/28/2014,19.496815824754545,0.0,2.472
10/29/2014,19.68233457859675,0.4,2.872
10/30/2014,19.459308013046112,0.0,2.872
10/31/2014,19.64516150975146,0.0,2.872
11/03/2014,19.57081518343339,0.0,2.872
11/04/2014,19.38495806023929,0.0,2.872
11/05/2014,19.44071487217115,0.0,2.872
11/06/2014,19.515055240806426,0.0,2.872
11/07/2014,19.366371865436307,0.0,2.872
11/10/2014,19.47788265350398,0.0,2.872
11/11/2014,19.422128399358602,0.0,2.872
11/12/2014,19.515057806598314,0.0,2.872
11/13/2014,19.55223274230957,0.0,2.872
11/14/2014,19.51505114146883,0.0,2.872
11/17/2014,19.47788541713008,0.0,2.872
11/18/2014,19.579092679602223,0.296,3.1679999999999997
11/19/2014,19.541658408624656,0.0,3.1679999999999997
11/20/2014,19.410632860780048,0.0,3.1679999999999997
11/21/2014,19.373195430864193,0.0,3.1679999999999997
11/24/2014,19.56037353619259,0.0,3.1679999999999997
11/25/2014,19.57909416098227,0.0,3.1679999999999997
11/26/2014,19.63524716380101,0.0,3.1679999999999997
11/28/2014,19.579096743016215,0.0,3.1679999999999997
12/01/2014,19.410630249373334,0.0,3.1679999999999997
12/02/2014,19.335758209228516,0.0,3.1679999999999997
12/03/2014,19.373194642799753,0.0,3.1679999999999997
12/04/2014,19.4667895078688,0.0,3.1679999999999997
12/05/2014,19.29832301288463,0.0,3.1679999999999997
12/08/2014,19.33575468901836,0.0,3.1679999999999997
12/09/2014,19.111141449559273,0.0,3.1679999999999997
12/10/2014,19.29832253722035,0.0,3.1679999999999997
12/11/2014,19.20473593077699,0.0,3.1679999999999997
12/12/2014,19.129860353856703,0.0,3.1679999999999997
12/15/2014,19.0175505386408,0.0,3.1679999999999997
12/16/2014,19.09242312795233,0.0,3.1679999999999997
12/17/2014,18.94268494222321,0.0,3.1679999999999997
12/18/2014,19.307924713367637,0.296,3.4639999999999995
12/19/2014,19.4587680942989,0.0,3.4639999999999995
12/22/2014,19.19480099917114,0.0,3.4639999999999995
12/23/2014,19.04395195226332,0.0,3.4639999999999995
12/24/2014,19.025102082959787,0.0,3.4639999999999995
12/26/2014,19.025095124899234,0.0,3.4639999999999995
12/29/2014,18.74226790018243,0.0,3.4639999999999995
12/30/2014,18.591426875065057,0.0,3.4639999999999995
12/31/2014,18.968524230654502,0.0,3.4639999999999995
01/02/2015,18.893108995197885,0.0,3.4639999999999995
01/05/2015,18.59142035461928,0.0,3.4639999999999995
01/06/2015,18.629133980277754,0.0,3.4639999999999995
01/07/2015,18.42172773585275,0.0,3.4639999999999995
01/08/2015,18.572565499539472,0.0,3.4639999999999995
01/09/2015,18.855397188107997,0.0,3.4639999999999995
01/12/2015,18.761121194686073,0.0,3.4639999999999995
01/13/2015,18.327443977223343,0.0,3.4639999999999995
01/14/2015,18.082322742315373,0.0,3.4639999999999995
01/15/2015,17.912623919294454,0.0,3.4639999999999995
01/16/2015,17.309253630929984,0.0,3.4639999999999995
01/20/2015,17.988048921124356,0.0,3.4639999999999995
01/21/2015,17.818347029181542,0.0,3.4639999999999995
01/22/2015,18.006901792434366,0.0,3.4639999999999995
01/23/2015,18.101185238818957,0.0,3.4639999999999995
01/26/2015,17.87491270787493,0.0,3.4639999999999995
01/27/2015,17.85606481600055,0.0,3.4639999999999995
01/28/2015,18.02576013370204,0.0,3.4639999999999995
01/29/2015,17.83720544640797,0.0,3.4639999999999995
01/30/2015,17.780641276768762,0.0,3.4639999999999995
02/02/2015,17.610943003369375,0.0,3.4639999999999995
02/03/2015,17.931480620369456,0.0,3.4639999999999995
02/04/2015,18.42172319488346,0.0,3.4639999999999995
02/05/2015,17.874915817559206,0.0,3.4639999999999995
02/06/2015,18.120035534235328,0.0,3.4639999999999995
02/09/2015,17.98804586345221,0.0,3.4639999999999995
02/10/2015,17.931486129760742,0.0,3.4639999999999995
02/11/2015,17.969193163909875,0.0,3.4639999999999995
02/12/2015,18.08232626709927,0.0,3.4639999999999995
02/13/2015,17.950341526860907,0.0,3.4639999999999995
02/17/2015,17.93148264664006,0.0,3.4639999999999995
02/18/2015,17.931479737435637,0.0,3.4639999999999995
02/19/2015,17.893774682023547,0.0,3.4639999999999995
02/20/2015,17.931483849566327,0.0,3.4639999999999995
02/23/2015,18.082327814860033,0.0,3.4639999999999995
02/24/2015,18.063469348938455,0.0,3.4639999999999995
02/25/2015,18.34629564346902,0.0,3.4639999999999995
02/26/2015,18.459431474144356,0.0,3.4639999999999995
02/27/2015,18.629131731285813,0.0,3.4639999999999995
03/02/2015,18.742261677433067,0.0,3.4639999999999995
03/03/2015,18.59142119774874,0.0,3.4639999999999995
03/04/2015,18.704554302547642,0.0,3.4639999999999995
03/05/2015,18.64798701047586,0.0,3.4639999999999995
03/06/2015,18.798831279543528,0.0,3.4639999999999995
03/09/2015,18.723408433523545,0.0,3.4639999999999995
03/10/2015,18.61027582188706,0.0,3.4639999999999995
03/11/2015,18.666842715456394,0.0,3.4639999999999995
03/12/2015,18.7988317200879,0.0,3.4639999999999995
03/13/2015,18.779974757596573,0.0,3.4639999999999995
03/16/2015,18.85539391720119,0.0,3.4639999999999995
03/17/2015,18.817691497283075,0.0,3.4639999999999995
03/18/2015,18.949680542220445,0.0,3.4639999999999995
03/19/2015,19.00623929706271,0.0,3.4639999999999995
03/20/2015,18.855397440022706,0.0,3.4639999999999995
03/23/2015,19.278536311794294,0.892,4.356
03/24/2015,19.220705973280317,0.0,4.356
03/25/2015,19.413489348925115,0.0,4.356
03/26/2015,19.239982193352443,0.0,4.356
03/27/2015,19.60627117072995,0.0,4.356
03/30/2015,19.509878627767097,0.0,4.356
03/31/2015,19.43275939974626,0.0,4.356
04/01/2015,19.62555351806249,0.0,4.356
04/02/2015,19.529158201810716,0.0,4.356
04/06/2015,19.664112066347766,0.0,4.356
04/07/2015,19.529160974073157,0.0,4.356
04/08/2015,19.625551254520545,0.0,4.356
04/09/2015,19.683382931493238,0.0,4.356
04/10/2015,19.64482645420886,0.0,4.356
04/13/2015,19.625551627012484,0.0,4.356
04/14/2015,19.625547845331802,0.0,4.356
04/15/2015,19.664110203379916,0.0,4.356
04/16/2015,19.741213354481193,0.0,4.356
04/17/2015,19.7604923248291,0.0,4.356
04/20/2015,19.760503269966765,0.0,4.356
04/21/2015,19.779779837633566,0.0,4.356
04/22/2015,19.77977706273564,0.0,4.356
04/23/2015,19.837615546176895,0.0,4.356
04/24/2015,20.068961184706406,0.0,4.356
04/27/2015,20.049678802490234,0.0,4.356
04/28/2015,20.030401661766952,0.0,4.356
04/29/2015,20.030397891908688,0.0,4.356
04/30/2015,20.146071482494804,0.0,4.356
05/01/2015,20.184629872165228,0.0,4.356
05/04/2015,20.18462944030762,0.0,4.356
05/05/2015,20.146070480346683,0.0,4.356
05/06/2015,20.088233324069286,0.0,4.356
05/07/2015,19.837617414120967,0.0,4.356
05/08/2015,20.126794320992982,0.0,4.356
05/11/2015,19.837616512453035,0.0,4.06
05/12/2015,19.95328946207581,0.0,4.06
05/13/2015,19.856892971745104,0.0,4.06
05/14/2015,19.721947688853,0.0,4.06
05/15/2015,19.664109816727578,0.0,4.06
05/18/2015,19.856892170919902,0.0,4.06
05/19/2015,19.93401288027724,0.0,4.06
05/20/2015,20.011123657226562,0.0,4.06
05/21/2015,20.011122682499014,0.0,4.06
05/22/2015,20.04968220216947,0.0,4.06
05/26/2015,20.10751483350105,0.0,4.06
05/27/2015,20.04967502900388,0.0,4.06
05/28/2015,20.12679629377224,0.0,4.06
05/29/2015,20.107517633652378,0.0,4.06
06/01/2015,20.030405958750805,0.0,4.06
06/02/2015,20.011122682499014,0.0,3.764
06/03/2015,20.107511059833104,0.0,3.764
06/04/2015,20.146075276309176,0.0,3.764
06/05/2015,20.107516291232297,0.0,3.764
06/08/2015,20.203907463623878,0.0,3.764
06/09/2015,20.0689574054138,0.0,3.764
06/10/2015,20.203909916070792,0.0,3.764
06/11/2015,20.22318599225834,0.0,3.764
06/12/2015,20.18462944030762,0.0,3.764
06/15/2015,20.16535379043749,0.0,3.764
06/16/2015,20.223186492919922,0.0,3.764
06/17/2015,20.18463032241964,0.0,3.764
06/18/2015,20.126793432483762,0.0,3.764
06/19/2015,20.223187989193566,0.0,3.764
06/22/2015,20.286926414674102,0.892,4.359999999999999
06/23/2015,20.444495699713606,0.0,4.359999999999999
06/24/2015,20.32632064819336,0.0,4.359999999999999
06/25/2015,20.286930876655216,0.0,4.359999999999999
06/26/2015,20.12936825206489,0.0,4.359999999999999
06/29/2015,19.991489821498572,0.0,4.359999999999999
06/30/2015,19.735444210910018,0.0,4.359999999999999
07/01/2015,19.380913328791813,0.0,4.359999999999999
07/02/2015,20.18845245514126,0.0,4.359999999999999
07/06/2015,19.991485907349634,0.0,4.359999999999999
07/07/2015,20.12936253264953,0.0,4.359999999999999
07/08/2015,20.26723098754883,0.0,4.359999999999999
07/09/2015,20.286929510740304,0.0,4.359999999999999
07/10/2015,20.089966275384054,0.0,4.359999999999999
07/13/2015,20.28693634525355,0.0,4.359999999999999
07/14/2015,20.247539245546925,0.0,4.359999999999999
07/15/2015,20.385407013836645,0.0,4.359999999999999
07/16/2015,20.28693280572671,0.0,4.359999999999999
07/17/2015,20.326318598816655,0.0,4.359999999999999
07/20/2015,20.326318598816655,0.0,4.359999999999999
07/21/2015,20.306629587845908,0.0,4.359999999999999
07/22/2015,20.22784011193748,0.0,4.359999999999999
07/23/2015,20.129361796410485,0.0,4.359999999999999
07/24/2015,19.755140203410612,0.0,4.359999999999999
07/27/2015,19.32182555711485,0.0,4.359999999999999
07/28/2015,19.440002438406097,0.0,4.359999999999999
07/29/2015,19.715744453659095,0.0,4.064
07/30/2015,19.893011351021865,0.0,4.064
07/31/2015,20.07026903606876,0.0,4.064
08/03/2015,19.93240056296735,0.0,4.064
08/04/2015,19.735441475498426,0.0,3.6639999999999997
08/05/2015,19.912704467773438,0.0,3.6639999999999997
08/06/2015,19.95209457684925,0.0,3.6639999999999997
08/07/2015,19.715747833251953,0.0,3.6639999999999997
08/10/2015,19.71574659959578,0.0,3.6639999999999997
08/11/2015,19.952096549504244,0.0,3.6639999999999997
08/12/2015,20.129368060807327,0.0,3.6639999999999997
08/13/2015,20.227844367180843,0.0,3.6639999999999997
08/14/2015,20.22784423828125,0.0,3.6639999999999997
08/17/2015,20.24753342366461,0.0,3.6639999999999997
08/18/2015,20.365713645251194,0.0,3.6639999999999997
08/19/2015,20.267234274085517,0.0,3.6639999999999997
08/20/2015,20.26723437681835,0.0,3.6639999999999997
08/21/2015,20.05058044082388,0.0,3.6639999999999997
08/24/2015,19.08546670281794,0.0,3.6639999999999997
08/25/2015,19.203650741741267,0.0,3.6639999999999997
08/26/2015,19.558177927804852,0.0,3.6639999999999997
08/27/2015,19.51878369466653,0.0,3.368
08/28/2015,19.24304144461134,0.0,3.368
08/31/2015,19.79453180729867,0.0,3.368
09/01/2015,19.63696329630364,0.0,3.368
09/02/2015,19.65665534548926,0.0,3.368
09/03/2015,19.79453180729867,0.0,3.368
09/04/2015,19.81422559427169,0.0,3.368
09/08/2015,19.97179396602161,0.0,3.368
09/09/2015,20.030880224354945,0.0,3.368
09/10/2015,19.893013124162678,0.0,3.368
09/11/2015,19.97179996612154,0.0,3.368
09/14/2015,19.971792113870876,0.0,3.368
09/15/2015,20.188448452249933,0.0,3.368
09/16/2015,19.95209455630536,0.0,3.368
09/17/2015,20.208152395036564,0.0,3.368
09/18/2015,19.9914885870761,0.0,3.368
09/21/2015,19.918749541288932,0.892,3.964
09/22/2015,20.05972731055118,0.0,3.964
09/23/2015,20.03958862411011,0.0,3.964
09/24/2015,19.63678254330473,0.0,3.964
09/25/2015,19.77776289523208,0.0,3.964
09/28/2015,19.636782243588897,0.0,3.964
09/29/2015,18.851313361632496,0.0,3.964
09/30/2015,18.7304742702499,0.0,3.964
10/01/2015,18.770752694769126,0.0,3.964
10/02/2015,19.65692151788693,0.0,3.964
10/05/2015,19.61664537871684,0.0,3.964
10/06/2015,19.51594121656494,0.0,3.964
10/07/2015,19.63678254330473,0.0,3.964
10/08/2015,19.677065758055374,0.0,3.964
10/09/2015,19.717344895709378,0.0,3.964
10/12/2015,19.63678254330473,0.0,3.964
10/13/2015,19.556223321432277,0.0,3.964
10/14/2015,19.435377972708775,0.0,3.964
10/15/2015,19.536081968624952,0.0,3.964
10/16/2015,19.636783599853516,0.0,3.964
10/19/2015,19.556223764077323,0.0,3.964
10/20/2015,19.495804693505097,0.0,3.964
10/21/2015,19.59650290606181,0.0,3.964
10/22/2015,19.515942665835517,0.0,3.964
10/23/2015,19.656924351699836,0.0,3.964
10/26/2015,19.59650441072033,0.0,3.964
10/27/2015,19.556224172946877,0.0,3.964
10/28/2015,19.515938911559182,0.0,3.964
10/29/2015,19.536083010942736,0.0,3.6679999999999997
10/30/2015,19.63678254330473,0.0,3.6679999999999997
11/02/2015,19.697206716626948,0.0,3.6679999999999997
11/03/2015,19.777767181396484,0.0,3.6679999999999997
11/04/2015,19.79790430861302,0.0,3.268
11/05/2015,19.81804381000018,0.0,3.268
11/06/2015,19.79790626225542,0.0,3.268
11/09/2015,19.797908765546737,0.0,3.268
11/10/2015,19.636784989727968,0.0,3.268
11/11/2015,19.233977472392706,0.0,3.268
11/12/2015,19.334683741825962,0.0,3.268
11/13/2015,19.254120281202283,0.0,3.268
11/16/2015,19.173560305303038,0.0,3.268
11/17/2015,19.57636407411099,0.0,3.268
11/18/2015,19.49580008260558,0.0,3.268
11/19/2015,19.67706298828125,0.0,3.268
11/20/2015,19.656926887606126,0.0,3.268
11/23/2015,19.51594376586477,0.0,3.268
11/24/2015,19.6972044212639,0.0,2.972
11/25/2015,19.89860515711122,0.0,2.972
11/27/2015,19.938891302719828,0.0,2.972
11/30/2015,19.959030386855243,0.0,2.972
12/01/2015,20.120152579870435,0.0,2.972
12/02/2015,20.100010114245524,0.0,2.972
12/03/2015,20.120149758172545,0.0,2.972
12/04/2015,19.979168387064124,0.0,2.972
12/07/2015,19.979171718105192,0.0,2.972
12/08/2015,19.515943314547723,0.0,2.972
12/09/2015,19.43537836830851,0.0,2.972
12/10/2015,19.374958038330078,0.0,2.972
12/11/2015,19.25412368802257,0.0,2.972
12/14/2015,18.750611678309124,0.0,2.972
12/15/2015,18.367945452802424,0.0,2.972
12/16/2015,18.89159149867305,0.0,2.972
12/17/2015,19.27425761382644,0.0,2.972
12/18/2015,19.057937210821866,0.892,3.568
12/21/2015,18.85167891872569,0.0,3.568
12/22/2015,18.76917583072481,0.0,3.568
12/23/2015,18.604172586896627,0.0,3.568
12/24/2015,19.016680917179507,0.0,3.568
12/28/2015,19.078562711044587,0.0,3.568
12/29/2015,19.01668186069286,0.0,3.568
12/30/2015,18.666048564708436,0.0,3.568
12/31/2015,19.057932161383455,0.0,3.568
01/04/2016,18.006033560227856,0.0,3.568
01/05/2016,18.459796365435515,0.0,3.568
01/06/2016,18.542297146131844,0.0,3.568
01/07/2016,18.439168826665043,0.0,3.568
01/08/2016,18.150411207359454,0.0,3.568
01/11/2016,18.232916505469927,0.0,3.568
01/12/2016,17.01601244458426,0.0,3.568
01/13/2016,17.181016044262808,0.0,3.568
01/14/2016,17.07788605512534,0.0,3.568
01/15/2016,16.417872586779417,0.0,3.568
01/19/2016,16.54162763120894,0.0,3.568
01/20/2016,16.211618493520067,0.0,3.568
01/21/2016,15.881610231536214,0.0,3.568
01/22/2016,16.23224682586635,0.0,3.568
01/25/2016,16.500371213238104,0.0,3.568
01/26/2016,16.438494388449005,0.0,3.568
01/27/2016,16.314748761677162,0.0,3.568
01/28/2016,16.582878796432354,0.0,3.568
01/29/2016,16.727256465656836,0.0,3.568
02/01/2016,16.62413100352966,0.0,3.568
02/02/2016,16.851006627176034,0.0,3.568
02/03/2016,16.7891287136998,0.0,3.568
02/04/2016,16.851005264470228,0.0,3.568
02/05/2016,17.09851061139908,0.0,3.568
02/08/2016,16.954137781190113,0.0,3.568
02/09/2016,16.45912032454496,0.0,3.568
02/10/2016,16.43850080249714,0.0,3.568
02/11/2016,16.06723976135254,0.0,3.568
02/12/2016,16.08786129346712,0.0,3.568
02/16/2016,16.31474126264821,0.0,3.568
02/17/2016,16.603501260231933,0.0,3.568
02/18/2016,16.74788228355834,0.0,3.568
02/19/2016,16.562250233165084,0.0,3.568
02/22/2016,16.50037653277256,0.0,3.568
02/23/2016,16.335374276409315,0.0,3.568
02/24/2016,16.149745013507374,0.0,3.568
02/25/2016,16.603498782907053,0.0,3.568
02/26/2016,16.789134619252184,0.0,3.568
02/29/2016,16.933507585677,0.0,3.568
03/01/2016,17.077886397503086,0.0,3.568
03/02/2016,17.222270288031126,0.0,3.568
03/03/2016,17.119139092477354,0.0,3.568
03/04/2016,17.5110232593354,0.0,3.568
03/07/2016,17.531649972449408,0.0,3.568
03/08/2016,17.861656315450695,0.0,3.568
03/09/2016,17.985409998228942,0.0,3.568
03/10/2016,18.0472856124973,0.0,3.568
03/11/2016,18.7898028025929,0.0,3.568
03/14/2016,18.76917555192093,0.0,3.568
03/15/2016,19.03730795640722,0.0,3.568
03/16/2016,18.58354894154576,0.0,3.568
03/17/2016,19.057930827890374,0.0,3.568
03/18/2016,19.28481222129241,0.0,3.568
03/21/2016,19.018965900189336,0.892,3.568
03/22/2016,19.314819042226706,0.0,3.568
03/23/2016,19.357082081993124,0.0,3.568
03/24/2016,18.934438243646127,0.0,3.568
03/28/2016,18.871039739627207,0.0,3.568
03/29/2016,19.018967819568942,0.0,3.568
03/30/2016,19.589536943807786,0.0,3.568
03/31/2016,19.357081213685838,0.0,3.568
04/01/2016,19.230291870013954,0.0,3.568
04/04/2016,19.54727331873281,0.0,3.568
04/05/2016,19.103494576795253,0.0,3.568
04/06/2016,18.997831706868112,0.0,3.568
04/07/2016,18.955568313598633,0.0,3.568
04/08/2016,18.955572584503088,0.0,3.568
04/11/2016,19.166891558078067,0.0,3.568
04/12/2016,18.913302849835766,0.0,3.568
04/13/2016,19.357083869327106,0.0,3.568
04/14/2016,19.378209570682152,0.0,3.568
04/15/2016,19.674066486762595,0.0,3.568
04/18/2016,19.568403176538787,0.0,3.568
04/19/2016,19.589537643299543,0.0,3.568
04/20/2016,19.800858698822697,0.0,3.568
04/21/2016,19.843120970820927,0.0,3.568
04/22/2016,19.75859682580107,0.0,3.568
04/25/2016,19.631796721283784,0.0,3.568
04/26/2016,19.800854013680393,0.0,3.568
04/27/2016,19.75859806865859,0.0,3.568
04/28/2016,19.779726513293795,0.0,3.568
04/29/2016,19.441605547535318,0.0,3.568
05/02/2016,19.61066620597534,0.0,3.568
05/03/2016,19.335951197667416,0.0,3.568
05/04/2016,19.31481760187859,0.0,3.568
05/05/2016,19.420474743889894,0.0,3.568
05/06/2016,19.12462709085081,0.0,3.568
05/09/2016,19.166892144319373,0.0,3.568
05/10/2016,19.251418670882376,0.0,3.568
05/11/2016,19.230291870013954,0.0,3.568
05/12/2016,19.462744403976256,0.0,3.568
05/13/2016,19.272554641063277,0.0,3.568
05/16/2016,19.103496091459164,0.0,3.568
05/17/2016,19.040096963194486,0.0,3.568
05/18/2016,18.955568313598633,0.0,3.568
05/19/2016,18.892173306638085,0.0,3.568
05/20/2016,18.807642270523292,0.0,3.568
05/23/2016,18.76538149511863,0.0,3.568
05/24/2016,18.701986664593925,0.0,3.568
05/25/2016,18.575188980485102,0.0,3.568
05/26/2016,18.76537887862654,0.0,3.568
05/27/2016,18.65971884484032,0.0,3.568
05/31/2016,18.913308902705865,0.0,3.568
06/01/2016,18.701984181404626,0.0,3.568
06/02/2016,18.78651444727931,0.0,3.568
06/03/2016,18.89217457153043,0.0,3.568
06/06/2016,18.997832785314944,0.0,3.568
06/07/2016,19.018964088148625,0.0,3.568
06/08/2016,19.16689324844467,0.0,3.568
06/09/2016,19.018968986679567,0.0,3.568
06/10/2016,18.955568389561805,0.0,3.568
06/13/2016,18.955568389561805,0.0,3.568
06/14/2016,19.018967772313765,0.0,3.568
06/15/2016,18.87104294652575,0.0,3.568
06/16/2016,18.828774937432776,0.0,3.568
06/17/2016,18.70198236481107,0.0,3.568
06/20/2016,19.027087318194674,0.892,3.568
06/21/2016,19.135438264482968,0.0,3.568
06/22/2016,19.35214847315481,0.0,3.568
06/23/2016,19.417160290549837,0.0,3.568
06/24/2016,18.940399744012165,0.0,3.568
06/27/2016,19.113767864278184,0.0,3.568
06/28/2016,18.89705894171762,0.0,3.568
06/29/2016,19.395489453527976,0.0,3.568
06/30/2016,19.677215847582374,0.0,3.568
07/01/2016,19.633870821039977,0.0,3.568
07/05/2016,19.698883997664478,0.0,3.568
07/06/2016,19.52551667481218,0.0,3.568
07/07/2016,19.89391735185292,0.0,3.568
07/08/2016,19.89392129248074,0.0,3.568
07/11/2016,19.807236458311507,0.0,3.568
07/12/2016,20.045617779286648,0.0,3.568
07/13/2016,20.02394728336411,0.0,3.568
07/14/2016,19.61220116398992,0.0,3.568
07/15/2016,19.828910277291577,0.0,3.568
07/18/2016,19.850575747556377,0.0,3.568
07/19/2016,19.93726119129727,0.0,3.568
07/20/2016,20.023944058537154,0.0,3.568
07/21/2016,20.175648021517343,0.0,3.568
07/22/2016,20.067292897585258,0.0,3.568
07/25/2016,20.15397197837486,0.0,3.568
07/26/2016,20.262326687369182,0.0,3.568
07/27/2016,20.327340542451903,0.0,3.568
07/28/2016,20.392355107006384,0.0,3.568
07/29/2016,20.39235212888391,0.0,3.568
08/01/2016,20.58739238431935,0.0,3.568
08/02/2016,20.370681743088582,0.0,3.568
08/03/2016,20.305668714227977,0.0,3.568
08/04/2016,20.54404803206317,0.0,3.568
08/05/2016,20.630734025149195,0.0,3.568
08/08/2016,20.58739157636815,0.0,3.568
08/09/2016,20.43569564819336,0.0,3.568
08/10/2016,20.544048687233072,0.0,3.568
08/11/2016,20.52238166207903,0.0,3.568
08/12/2016,20.500705604523098,0.0,3.568
08/15/2016,20.58739226601102,0.0,3.568
08/16/2016,20.652404505016648,0.0,3.568
08/17/2016,20.739084107958945,0.0,3.568
08/18/2016,20.782433907604815,0.0,3.568
08/19/2016,20.93412374206644,0.0,3.568
08/22/2016,20.912460037661635,0.0,3.568
08/23/2016,20.955798700606334,0.0,3.568
08/24/2016,21.02080573961646,0.0,3.568
08/25/2016,20.977467248293774,0.0,3.568
08/26/2016,20.912453796525277,0.0,3.568
08/29/2016,21.085821848637767,0.0,3.568
08/30/2016,21.259194243165464,0.0,3.568
08/31/2016,21.475899138333073,0.0,3.568
09/01/2016,21.4108829498291,0.0,3.568
09/02/2016,21.45422895415167,0.0,3.568
09/06/2016,21.605928971964158,0.0,3.568
09/07/2016,21.432562302676438,0.0,3.568
09/08/2016,21.345874080031976,0.0,3.568
09/09/2016,21.107491710281494,0.0,3.568
09/12/2016,20.825771712697172,0.0,3.568
09/13/2016,20.652403134349075,0.0,3.568
09/14/2016,20.717415791899846,0.0,3.568
09/15/2016,20.630734599995126,0.0,3.568
09/16/2016,20.825771994597105,0.0,3.568
09/19/2016,20.924816016254255,0.892,3.568
09/20/2016,20.880437721893596,0.0,3.568
09/21/2016,20.969194355374203,0.0,3.568
09/22/2016,21.035762635160356,0.0,3.568
09/23/2016,20.858247773817165,0.0,3.568
09/26/2016,21.013580410477182,0.0,3.568
09/27/2016,20.96919826906067,0.0,3.568
09/28/2016,21.01357654759497,0.0,3.568
09/29/2016,20.991392114175934,0.0,3.568
09/30/2016,21.080148620117896,0.0,3.568
10/03/2016,21.05795474813012,0.0,3.568
10/04/2016,21.146714958250925,0.0,3.568
10/05/2016,20.88043971630105,0.0,3.568
10/06/2016,20.92481811017777,0.0,3.568
10/07/2016,20.725113080142933,0.0,3.568
10/10/2016,20.836061684639784,0.0,3.568
10/11/2016,20.858249539399857,0.0,3.568
10/12/2016,20.702918910827243,0.0,3.568
10/13/2016,20.52540404457427,0.0,3.568
10/14/2016,20.836057488464512,0.0,3.568
10/17/2016,20.48102173045117,0.0,3.568
10/18/2016,20.614160499953595,0.0,3.568
10/19/2016,20.59197222178238,0.0,3.568
10/20/2016,20.481027515288098,0.0,3.568
10/21/2016,20.54759222084022,0.0,3.568
10/24/2016,20.725111153828152,0.0,3.568
10/25/2016,20.94700624193663,0.0,3.568
10/26/2016,21.035766474062005,0.0,3.568
10/27/2016,21.235471773198807,0.0,3.568
10/28/2016,21.30204589851674,0.0,3.568
10/31/2016,21.412988445558927,0.0,3.568
11/01/2016,21.302045857271995,0.0,3.568
11/02/2016,20.96919414344819,0.0,3.568
11/03/2016,20.525402089079947,0.0,3.568
11/04/2016,20.525407791137695,0.0,3.568
11/07/2016,20.636354651977843,0.0,3.568
11/08/2016,20.63635065159513,0.0,3.568
11/09/2016,20.525404227407353,0.0,3.568
11/10/2016,21.08014698776062,0.0,3.568
11/11/2016,21.523939124854557,0.0,3.568
11/14/2016,21.856782906101884,0.0,3.568
11/15/2016,21.856783139786785,0.0,3.568
11/16/2016,21.9677312696228,0.0,3.568
11/17/2016,21.745834583084616,0.0,3.568
11/18/2016,22.078678137023417,0.0,3.568
11/21/2016,22.189626693725586,0.0,3.568
11/22/2016,22.30057716011522,0.0,3.568
11/23/2016,22.41152572631836,0.0,3.568
11/25/2016,22.411525912620828,0.0,3.568
11/28/2016,22.855314212161982,0.0,3.568
11/29/2016,22.411522162623175,0.0,3.568
11/30/2016,22.855314212161982,0.0,3.568
12/01/2016,22.633419036865234,0.0,3.568
12/02/2016,22.52246856689453,0.0,3.568
12/05/2016,22.633420742556748,0.0,3.568
12/06/2016,22.411525729917244,0.0,3.568
12/07/2016,22.41152572631836,0.0,3.568
12/08/2016,22.52247047902336,0.0,3.568
12/09/2016,22.52247047902336,0.0,3.568
12/12/2016,22.52246856689453,0.0,3.568
12/13/2016,22.52247047902336,0.0,3.568
12/14/2016,22.63342282399404,0.0,3.568
12/15/2016,22.855318064954645,0.0,3.568
12/16/2016,22.855320141869576,0.0,3.568
12/19/2016,23.013573380922953,0.892,3.568
12/20/2016,22.786835406751017,0.0,3.568
12/21/2016,22.786840438842773,0.0,3.568
12/22/2016,22.786835406751017,0.0,3.568
12/23/2016,22.786838743815043,0.0,3.568
12/27/2016,22.44673705180879,0.0,3.568
12/28/2016,22.90020823452077,0.0,3.568
12/29/2016,22.900208251693044,0.0,3.568
12/30/2016,23.24030805346465,0.0,3.568
01/03/2017,23.24030876159668,0.0,3.568
01/04/2017,23.353677055852,0.0,3.568
01/05/2017,23.58041000366211,0.0,3.568
01/06/2017,23.467044346146327,0.0,3.568
01/09/2017,23.24030876159668,0.0,3.568
01/10/2017,23.353677272434215,0.0,3.568
01/11/2017,23.240308788751044,0.0,3.568
01/12/2017,23.58041000366211,0.0,3.568
01/13/2017,23.58041000366211,0.0,3.568
01/17/2017,23.69377704643596,0.0,3.568
01/18/2017,23.467050552368164,0.0,3.568
01/19/2017,23.580409976110364,0.0,3.568
01/20/2017,23.353682730111476,0.0,3.568
01/23/2017,23.467050552368164,0.0,3.568
01/24/2017,23.353675842285156,0.0,3.568
01/25/2017,23.35367963959654,0.0,3.568
01/26/2017,23.693784034570175,0.0,3.568
01/27/2017,23.580413091793723,0.0,3.568
01/30/2017,23.693784034570175,0.0,3.568
01/31/2017,23.467043631105664,0.0,3.568
02/01/2017,23.353682730111476,0.0,3.568
02/02/2017,23.467044346146327,0.0,3.568
02/03/2017,23.467044373565614,0.0,3.568
02/06/2017,23.467047446850668,0.0,3.568
02/07/2017,23.693778277676063,0.0,3.568
02/08/2017,23.80714870630198,0.0,3.568
02/09/2017,23.80714843652299,0.0,3.568
02/10/2017,24.03388166181096,0.0,3.568
02/13/2017,23.920515776589994,0.0,3.568
02/14/2017,24.03387719546698,0.0,3.568
02/15/2017,24.260610580444336,0.0,3.568
02/16/2017,24.147249692120326,0.0,3.568
02/17/2017,24.03387719546698,0.0,3.568
02/21/2017,24.147249221801758,0.0,3.568
02/22/2017,24.033880273649757,0.0,3.568
02/23/2017,24.373984829324527,0.0,3.568
02/24/2017,24.260613687666403,0.0,3.568
02/27/2017,24.260613687666403,0.0,3.568
02/28/2017,24.260613687666403,0.0,3.568
03/01/2017,24.373982670148518,0.0,3.568
03/02/2017,24.260620983542243,0.0,3.568
03/03/2017,23.353674730307258,0.0,3.568
03/06/2017,22.44673727547529,0.0,3.568
03/07/2017,22.106635359311422,0.0,3.568
03/08/2017,22.67347335143604,0.0,3.568
03/09/2017,22.44673995303514,0.0,3.568
03/10/2017,22.10663343728059,0.0,3.568
03/13/2017,22.333371640978537,0.0,3.568
03/14/2017,22.106636517650138,0.0,3.568
03/15/2017,22.33336900412566,0.0,3.568
03/16/2017,22.333371640978537,0.0,3.568
03/17/2017,22.220003152590568,0.0,3.568
03/20/2017,22.61344714819758,0.892,3.568
03/21/2017,22.729415790373466,0.0,3.568
03/22/2017,22.38151337227792,0.0,3.568
03/23/2017,22.26554896881667,0.0,3.568
03/24/2017,22.381515248733127,0.0,3.568
03/27/2017,22.26554896881667,0.0,3.568
03/28/2017,22.497488021850586,0.0,3.568
03/29/2017,22.381513595581055,0.0,3.568
03/30/2017,22.497484026287243,0.0,3.568
03/31/2017,22.961345450339543,0.0,3.568
04/03/2017,22.72941786181036,0.0,3.568
04/04/2017,22.49748414624628,0.0,3.568
04/05/2017,22.729421777369506,0.0,3.568
04/06/2017,22.61345100402832,0.0,3.568
04/07/2017,22.49748414624628,0.0,3.568
04/10/2017,22.72941411152463,0.0,3.568
04/11/2017,22.497480310189104,0.0,3.568
04/12/2017,22.729421777369506,0.0,3.568
04/13/2017,22.497482095946573,0.0,3.568
04/17/2017,22.497488021850586,0.0,3.568
04/18/2017,22.613454899610044,0.0,3.568
04/19/2017,22.381515248733127,0.0,3.568
04/20/2017,22.265556478215885,0.0,3.568
04/21/2017,22.61344714819758,0.0,3.568
04/24/2017,22.72941774061463,0.0,3.568
04/25/2017,22.845388655128964,0.0,3.568
04/26/2017,22.613447272876773,0.0,3.568
04/27/2017,22.497488021850586,0.0,3.568
04/28/2017,22.497488021850586,0.0,3.568
05/01/2017,22.613454899610044,0.0,3.568
05/02/2017,22.497480310189104,0.0,3.568
05/03/2017,22.729421777369506,0.0,3.568
05/04/2017,22.6134470472596,0.0,3.568
05/05/2017,22.26554896881667,0.0,3.568
05/08/2017,22.381515350999653,0.0,3.568
05/09/2017,22.149581909179688,0.0,3.568
05/10/2017,22.033617070790793,0.0,3.568
05/11/2017,22.149583918803263,0.0,3.568
05/12/2017,22.03361105144272,0.0,3.568
05/15/2017,21.56974983215332,0.0,3.568
05/16/2017,21.56974983215332,0.0,3.568
05/17/2017,21.56974983215332,0.0,3.568
05/18/2017,21.453788737222478,0.0,3.568
05/19/2017,20.98992163073126,0.0,3.568
05/22/2017,21.10589034515627,0.0,3.568
05/23/2017,21.105890506587862,0.0,3.568
05/24/2017,21.337820053100586,0.0,3.568
05/25/2017,21.45378890131503,0.0,3.568
05/26/2017,21.337819992193545,0.0,3.568
05/30/2017,21.453786911213644,0.0,3.568
05/31/2017,21.221855001255648,0.0,3.568
06/01/2017,21.1058884885133,0.0,3.568
06/02/2017,21.337820053100586,0.0,3.568
06/05/2017,21.221853134411504,0.0,3.568
06/06/2017,21.337822032444624,0.0,3.568
06/07/2017,21.221853134411504,0.0,3.568
06/08/2017,21.337819992193545,0.0,3.568
06/09/2017,21.45378299520794,0.0,3.568
06/12/2017,21.56974983215332,0.0,3.568
06/13/2017,21.6857166690987,0.0,3.568
06/14/2017,21.56974983215332,0.0,3.568
06/15/2017,21.453786911213644,0.0,3.568
06/16/2017,21.45378299520794,0.0,3.568
06/19/2017,21.743220418673204,0.892,3.568
06/20/2017,21.62441109087934,0.0,3.568
06/21/2017,21.267962071774225,0.0,3.568
06/22/2017,21.030330154954267,0.0,3.568
06/23/2017,21.1729102186891,0.0,3.568
06/26/2017,21.624406814575195,0.0,3.568
06/27/2017,21.743220418673204,0.0,3.568
06/28/2017,21.74321937561035,0.0,3.568
06/29/2017,21.74322178092514,0.0,3.568
06/30/2017,21.86203524023277,0.0,3.568
07/03/2017,21.62440541123683,0.0,3.568
07/05/2017,22.099666969477614,0.0,3.568
07/06/2017,21.86203628899544,0.0,3.568
07/07/2017,21.624406814575195,0.0,3.568
07/10/2017,21.50559425354004,0.0,3.568
07/11/2017,21.624410142145702,0.0,3.568
07/12/2017,21.624406814575195,0.0,3.568
07/13/2017,21.624410142145702,0.0,3.568
07/14/2017,21.386775073930718,0.0,3.568
07/17/2017,21.624406814575195,0.0,3.568
07/18/2017,21.505590944252955,0.0,3.568
07/19/2017,21.624410142145702,0.0,3.568
07/20/2017,21.386778364934376,0.0,3.568
07/21/2017,21.50559425354004,0.0,3.568
07/24/2017,21.505590944252955,0.0,3.568
07/25/2017,21.505589912589635,0.0,3.568
07/26/2017,21.62440579252345,0.0,3.568
07/27/2017,21.505590944252955,0.0,3.568
07/28/2017,21.624410142145702,0.0,3.568
07/31/2017,21.505590944252955,0.0,3.568
08/01/2017,21.743220418673204,0.0,3.568
08/02/2017,21.505589927816903,0.0,3.568
08/03/2017,21.38677930324233,0.0,3.568
08/04/2017,21.38677930324233,0.0,3.568
08/07/2017,21.267962924802518,0.0,3.568
08/08/2017,21.14914751560532,0.0,3.568
08/09/2017,21.149140781125947,0.0,3.568
08/10/2017,20.07980486775854,0.0,3.568
08/11/2017,19.960988998413086,0.0,3.568
08/14/2017,20.198623657226562,0.0,3.568
08/15/2017,20.43625259399414,0.0,3.568
08/16/2017,20.436255922342582,0.0,3.568
08/17/2017,20.317439048750078,0.0,3.568
08/18/2017,19.960988998413086,0.0,3.568
08/21/2017,20.07980735495764,0.0,3.568
08/22/2017,19.72336196899414,0.0,3.568
08/23/2017,19.604546084931474,0.0,3.568
08/24/2017,19.842177355427392,0.0,3.568
08/25/2017,19.723361474344554,0.0,3.568
08/28/2017,19.723361474344554,0.0,3.568
08/29/2017,19.604545095595967,0.0,3.568
08/30/2017,19.366911976896198,0.0,3.568
08/31/2017,19.129283905029297,0.0,3.568
09/01/2017,19.248100698967974,0.0,3.568
09/05/2017,19.60454266107209,0.0,3.568
09/06/2017,19.366913831096042,0.0,3.568
09/07/2017,19.72336196899414,0.0,3.568
09/08/2017,19.60454559326172,0.0,3.568
09/11/2017,19.604545095595967,0.0,3.568
09/12/2017,19.60454559326172,0.0,3.568
09/13/2017,19.723361474344554,0.0,3.568
09/14/2017,19.485729217529297,0.0,3.568
09/15/2017,19.60454559326172,0.0,3.568
09/18/2017,19.60454559326172,0.0,3.568
09/19/2017,19.660718281154832,0.892,3.568
09/20/2017,19.78283180896921,0.0,3.568
09/21/2017,19.660715103149414,0.0,3.568
09/22/2017,19.782835006713867,0.0,3.568
09/25/2017,19.660718281154832,0.0,3.568
09/26/2017,19.904949403090093,0.0,3.568
09/27/2017,19.782835006713867,0.0,3.568
09/28/2017,19.782837290870674,0.0,3.568
09/29/2017,20.0270681751278,0.0,3.568
10/02/2017,20.63764889078105,0.0,3.568
10/03/2017,20.881885528564453,0.0,3.568
10/04/2017,20.75976877581125,0.0,3.568
10/05/2017,20.88188274780184,0.0,3.568
10/06/2017,20.759763515072606,0.0,3.568
10/09/2017,21.126113891601562,0.0,3.568
10/10/2017,21.12611670488753,0.0,3.568
10/11/2017,20.881883012208036,0.0,3.568
10/12/2017,20.637646351763475,0.0,3.568
10/13/2017,20.515532411825,0.0,3.568
10/16/2017,20.39341926574707,0.0,3.568
10/17/2017,20.51553307045745,0.0,3.568
10/18/2017,20.27130126953125,0.0,3.568
10/19/2017,20.149184533792873,0.0,3.568
10/20/2017,20.393418005269627,0.0,3.568
10/23/2017,20.149182636714194,0.0,3.568
10/24/2017,20.027065912473308,0.0,3.568
10/25/2017,19.904949403090093,0.0,3.568
10/26/2017,19.66072021525658,0.0,3.568
10/27/2017,19.294368643028747,0.0,3.568
10/30/2017,19.53860347768444,0.0,3.568
10/31/2017,19.294369381298647,0.0,3.568
11/01/2017,19.050137093351356,0.0,3.568
11/02/2017,19.172253417208317,0.0,3.568
11/03/2017,18.683787562083726,0.0,3.568
11/06/2017,18.92801974178242,0.0,3.568
11/07/2017,19.172252124460652,0.0,3.568
11/08/2017,19.050136464017566,0.0,3.568
11/09/2017,19.294368847350572,0.0,3.568
11/10/2017,19.05013798683923,0.0,3.568
11/13/2017,19.90495045245138,0.0,3.568
11/14/2017,19.904949188232422,0.0,3.568
11/15/2017,19.782836049637456,0.0,3.568
11/16/2017,20.149179597246167,0.0,3.568
11/17/2017,19.538602585643734,0.0,3.568
11/20/2017,19.904951701346416,0.0,3.568
11/21/2017,20.271299360955076,0.0,3.568
11/22/2017,20.02706612864913,0.0,3.568
11/24/2017,19.904949188232422,0.0,3.568
11/27/2017,19.78283180896921,0.0,3.568
11/28/2017,19.660715103149414,0.0,3.568
11/29/2017,19.660715103149414,0.0,3.568
11/30/2017,19.538601555595793,0.0,3.568
12/01/2017,19.782835006713867,0.0,3.568
12/04/2017,19.782835006713867,0.0,3.568
12/05/2017,19.78283180896921,0.0,3.568
12/06/2017,19.6607176432276,0.0,3.568
12/07/2017,19.538601023775403,0.0,3.568
12/08/2017,19.294368847350572,0.0,3.568
12/11/2017,19.050137093351356,0.0,3.568
12/12/2017,19.074559211985267,0.0,3.568
12/13/2017,19.172252124460652,0.0,3.568
12/14/2017,19.05013656616211,0.0,3.568
12/15/2017,19.172252655029297,0.0,3.568
12/18/2017,19.294369381298647,0.0,3.568
12/19/2017,19.272369751531333,0.76,3.436
12/20/2017,18.89693529184442,0.0,3.436
12/21/2017,18.521499262133148,0.0,3.436
12/22/2017,18.646643809718082,0.0,3.436
12/26/2017,18.771787994335945,0.0,3.436
12/27/2017,18.521500039448128,0.0,3.436
12/28/2017,18.52149772644043,0.0,3.436
12/29/2017,18.521500424208025,0.0,3.436
01/02/2018,18.64664303751617,0.0,3.436
01/03/2018,19.022076797868078,0.0,3.436
01/04/2018,19.272369751531333,0.0,3.436
01/05/2018,19.147224842007365,0.0,3.436
01/08/2018,19.39751625061035,0.0,3.436
01/09/2018,19.3975127675485,0.0,3.436
01/10/2018,19.272367046495674,0.0,3.436
01/11/2018,19.272367046495674,0.0,3.436
01/12/2018,19.272369384765625,0.0,3.436
01/16/2018,19.3975127675485,0.0,3.436
01/17/2018,19.147225206391493,0.0,3.436
01/18/2018,19.022079467773438,0.0,3.436
01/19/2018,18.896932270293302,0.0,3.436
01/22/2018,19.14722518710859,0.0,3.436
01/23/2018,19.39751625061035,0.0,3.436
01/24/2018,19.39751625061035,0.0,3.436
01/25/2018,19.397515121002076,0.0,3.436
01/26/2018,19.39751625061035,0.0,3.436
01/29/2018,19.397515121002076,0.0,3.436
01/30/2018,19.147224842007365,0.0,3.436
01/31/2018,19.147225206391493,0.0,3.436
02/01/2018,19.022079105770914,0.0,3.436
02/02/2018,19.147225580492524,0.0,3.436
02/05/2018,18.6466445683034,0.0,3.436
02/06/2018,18.020917491358706,0.0,3.436
02/07/2018,18.646643809718082,0.0,3.436
02/08/2018,18.896936060612134,0.0,3.436
02/09/2018,18.39635120068174,0.0,3.436
02/12/2018,18.271210119856224,0.0,3.436
02/13/2018,18.271209740295777,0.0,3.436
02/14/2018,18.646644592285156,0.0,3.436
02/15/2018,18.521500424208025,0.0,3.436
02/16/2018,18.39635352106998,0.0,3.436
02/20/2018,18.64664497964477,0.0,3.436
02/21/2018,18.39635467529297,0.0,3.436
02/22/2018,18.396354269472955,0.0,3.436
02/23/2018,18.396354269472955,0.0,3.436
02/26/2018,18.271209716796875,0.0,3.436
02/27/2018,18.39635198343844,0.0,3.436
02/28/2018,18.020916340783135,0.0,3.436
03/01/2018,17.89577293395996,0.0,3.436
03/02/2018,17.895770686525292,0.0,3.436
03/05/2018,18.146061727858083,0.0,3.436
03/06/2018,18.52149772644043,0.0,3.436
03/07/2018,18.39635467529297,0.0,3.436
03/08/2018,18.52149772644043,0.0,3.436
03/09/2018,18.52149772644043,0.0,3.436
03/12/2018,18.521500424208025,0.0,3.436
03/13/2018,18.3963519957536,0.0,3.436
03/14/2018,18.52149772644043,0.0,3.436
03/15/2018,18.52149771404149,0.0,3.436
03/16/2018,18.02091521832536,0.0,3.436
03/19/2018,18.271209716796875,0.0,3.436
03/20/2018,18.374000100948578,0.76,3.3040000000000003
03/21/2018,18.11701774597168,0.0,3.3040000000000003
03/22/2018,17.988528973495264,0.0,3.3040000000000003
03/23/2018,18.887956148935135,0.0,3.3040000000000003
03/26/2018,18.50248908996582,0.0,3.3040000000000003
03/27/2018,18.50248740602394,0.0,3.3040000000000003
03/28/2018,18.374000100948578,0.0,3.3040000000000003
03/29/2018,18.245508882838575,0.0,3.3040000000000003
04/02/2018,18.630977630615234,0.0,3.3040000000000003
04/03/2018,18.75946974638059,0.0,3.3040000000000003
04/04/2018,18.887955420514118,0.0,3.3040000000000003
04/05/2018,19.27342414855957,0.0,3.3040000000000003
04/06/2018,19.144934164087317,0.0,3.3040000000000003
04/09/2018,19.401914133031823,0.0,3.3040000000000003
04/10/2018,19.401914133031823,0.0,3.3040000000000003
04/11/2018,19.27342414855957,0.0,3.3040000000000003
04/12/2018,19.27342414855957,0.0,3.3040000000000003
04/13/2018,19.273426503732782,0.0,3.3040000000000003
04/16/2018,19.401914133031823,0.0,3.3040000000000003
04/17/2018,19.401914133031823,0.0,3.3040000000000003
04/18/2018,19.273425602072535,0.0,3.3040000000000003
04/19/2018,19.144935607910156,0.0,3.3040000000000003
04/20/2018,19.144933917357157,0.0,3.3040000000000003
04/23/2018,19.144935607910156,0.0,3.3040000000000003
04/24/2018,19.273423900173498,0.0,3.3040000000000003
04/25/2018,19.01644515991211,0.0,3.3040000000000003
04/26/2018,19.01644540498637,0.0,3.3040000000000003
04/27/2018,19.27342414855957,0.0,3.3040000000000003
04/30/2018,19.273424390409172,0.0,3.3040000000000003
05/01/2018,19.53040313720703,0.0,3.3040000000000003
05/02/2018,19.53040313720703,0.0,3.3040000000000003
05/03/2018,19.401914376493764,0.0,3.3040000000000003
05/04/2018,19.401914376493764,0.0,3.3040000000000003
05/07/2018,19.530403596101433,0.0,3.3040000000000003
05/08/2018,19.658895700711582,0.0,3.3040000000000003
05/09/2018,19.915874923415675,0.0,3.3040000000000003
05/10/2018,20.04436136267842,0.0,3.3040000000000003
05/11/2018,20.172853469848633,0.0,3.3040000000000003
05/14/2018,20.30134347410502,0.0,3.3040000000000003
05/15/2018,20.17285012022827,0.0,3.3040000000000003
05/16/2018,20.172853469848633,0.0,3.3040000000000003
05/17/2018,20.30134347410502,0.0,3.3040000000000003
05/18/2018,20.17285012022827,0.0,3.3040000000000003
05/21/2018,20.301343715394797,0.0,3.3040000000000003
05/22/2018,19.915874481201172,0.0,3.3040000000000003
05/23/2018,19.78738491763213,0.0,3.3040000000000003
05/24/2018,20.04436448413171,0.0,3.3040000000000003
05/25/2018,19.91587211350954,0.0,3.3040000000000003
05/29/2018,19.91587211350954,0.0,3.3040000000000003
05/30/2018,19.78738234893737,0.0,3.3040000000000003
05/31/2018,19.787382125854492,0.0,3.3040000000000003
06/01/2018,19.78738491763213,0.0,3.3040000000000003
06/04/2018,20.04436492919922,0.0,3.3040000000000003
06/05/2018,19.915874481201172,0.0,3.3040000000000003
06/06/2018,19.915874923415675,0.0,3.3040000000000003
06/07/2018,20.04436492919922,0.0,3.3040000000000003
06/08/2018,20.04436469096374,0.0,3.3040000000000003
06/11/2018,20.04436492919922,0.0,3.3040000000000003
06/12/2018,20.04436492919922,0.0,3.3040000000000003
06/13/2018,20.04436492919922,0.0,3.3040000000000003
06/14/2018,20.04436469096374,0.0,3.3040000000000003
06/15/2018,20.044362101164587,0.0,3.3040000000000003
06/18/2018,19.915874481201172,0.0,3.3040000000000003
06/19/2018,20.0212459564209,0.76,3.1719999999999997
06/20/2018,20.02124624780288,0.0,3.1719999999999997
06/21/2018,19.889527912338476,0.0,3.1719999999999997
06/22/2018,19.757808685302734,0.0,3.1719999999999997
06/25/2018,19.757809045101723,0.0,3.1719999999999997
06/26/2018,19.889527912338476,0.0,3.1719999999999997
06/27/2018,19.757810544222618,0.0,3.1719999999999997
06/28/2018,19.49437296934876,0.0,3.1719999999999997
06/29/2018,19.49437296934876,0.0,3.1719999999999997
07/02/2018,19.362652612966155,0.0,3.1719999999999997
07/03/2018,19.889528342058803,0.0,3.1719999999999997
07/05/2018,20.152965255720137,0.0,3.1719999999999997
07/06/2018,20.416402455525645,0.0,3.1719999999999997
07/09/2018,20.284685481498357,0.0,3.1719999999999997
07/10/2018,20.41640506850988,0.0,3.1719999999999997
07/11/2018,20.416402455525645,0.0,3.1719999999999997
07/12/2018,20.28468351936821,0.0,3.1719999999999997
07/13/2018,20.152967495043413,0.0,3.1719999999999997
07/16/2018,20.284685481498357,0.0,3.1719999999999997
07/17/2018,20.41640510539278,0.0,3.1719999999999997
07/18/2018,20.81155938402087,0.0,3.1719999999999997
07/19/2018,20.94327735900879,0.0,3.1719999999999997
07/20/2018,20.943279573387404,0.0,3.1719999999999997
07/23/2018,20.943279224852485,0.0,3.1719999999999997
07/24/2018,20.943279573387404,0.0,3.1719999999999997
07/25/2018,20.94327735900879,0.0,3.1719999999999997
07/26/2018,20.94327735900879,0.0,3.1719999999999997
07/27/2018,20.94327994992278,0.0,3.1719999999999997
07/30/2018,21.338438034057617,0.0,3.1719999999999997
07/31/2018,21.338435181627666,0.0,3.1719999999999997
08/01/2018,21.33843769227494,0.0,3.1719999999999997
08/02/2018,21.338435181627666,0.0,3.1719999999999997
08/03/2018,21.470151901245117,0.0,3.1719999999999997
08/06/2018,21.470150360628715,0.0,3.1719999999999997
08/07/2018,21.601871133197957,0.0,3.1719999999999997
08/08/2018,21.470151901245117,0.0,3.1719999999999997
08/09/2018,21.470154771282395,0.0,3.1719999999999997
08/10/2018,20.416402308146157,0.0,3.1719999999999997
08/13/2018,19.75780875755371,0.0,3.1719999999999997
08/14/2018,19.889527912338476,0.0,3.1719999999999997
08/15/2018,19.757808685302734,0.0,3.1719999999999997
08/16/2018,19.88952798507113,0.0,3.1719999999999997
08/17/2018,19.889527912338476,0.0,3.1719999999999997
08/20/2018,19.757809045101723,0.0,3.1719999999999997
08/21/2018,19.889528274536133,0.0,3.1719999999999997
08/22/2018,19.889527912338476,0.0,3.1719999999999997
08/23/2018,19.757810240823893,0.0,3.1719999999999997
08/24/2018,19.62608945826699,0.0,3.1719999999999997
08/27/2018,19.75780875755371,0.0,3.1719999999999997
08/28/2018,20.02124624780288,0.0,3.1719999999999997
08/29/2018,20.021246315772714,0.0,3.1719999999999997
08/30/2018,20.28468351936821,0.0,3.1719999999999997
08/31/2018,20.152965545654297,0.0,3.1719999999999997
09/04/2018,20.152965183938317,0.0,3.1719999999999997
09/05/2018,20.02124624780288,0.0,3.1719999999999997
09/06/2018,20.02124624780288,0.0,3.1719999999999997
09/07/2018,19.889529478229814,0.0,3.1719999999999997
09/10/2018,19.62609100341797,0.0,3.1719999999999997
09/11/2018,19.62608945826699,0.0,3.1719999999999997
09/12/2018,19.757810544222618,0.0,3.1719999999999997
09/13/2018,19.62609100341797,0.0,3.1719999999999997
09/14/2018,19.626091304794027,0.0,3.1719999999999997
09/17/2018,19.362652112931574,0.0,3.1719999999999997
09/18/2018,19.339126586914062,0.76,3.04
09/19/2018,19.20388742536246,0.0,3.04
09/20/2018,19.474362824286047,0.0,3.04
09/21/2018,19.60960362028104,0.0,3.04
09/24/2018,19.33912518384438,0.0,3.04
09/25/2018,19.339126586914062,0.0,3.04
09/26/2018,19.33912518384438,0.0,3.04
09/27/2018,19.339126586914062,0.0,3.04
09/28/2018,19.33912438724597,0.0,3.04
10/01/2018,19.122744114678234,0.0,3.04
10/02/2018,19.041601994040093,0.0,3.04
10/03/2018,19.14978954729556,0.0,3.04
10/04/2018,18.852259994011,0.0,3.04
10/05/2018,18.68997767356787,0.0,3.04
10/08/2018,18.50064494787436,0.0,3.04
10/09/2018,18.338359298187886,0.0,3.04
10/10/2018,18.52769091267191,0.0,3.04
10/11/2018,18.392454381723557,0.0,3.04
10/12/2018,18.50064494787436,0.0,3.04
10/15/2018,18.25721392725241,0.0,3.04
10/16/2018,18.527695027082846,0.0,3.04
10/17/2018,18.284264081092342,0.0,3.04
10/18/2018,18.23016659681139,0.0,3.04
10/19/2018,17.959687108624145,0.0,3.04
10/22/2018,18.04083603832992,0.0,3.04
10/23/2018,17.770354651022938,0.0,3.04
10/24/2018,17.608071387958045,0.0,3.04
10/25/2018,17.337591197940213,0.0,3.04
10/26/2018,17.17530443683893,0.0,3.04
10/29/2018,17.175309907457997,0.0,3.04
10/30/2018,16.95892501170727,0.0,3.04
10/31/2018,17.0400679068583,0.0,3.04
11/01/2018,17.01302411053877,0.0,3.04
11/02/2018,17.49987873339022,0.0,3.04
11/05/2018,17.22939941183227,0.0,3.04
11/06/2018,17.581025782118694,0.0,3.04
11/07/2018,17.9867408822965,0.0,3.04
11/08/2018,18.23016824639864,0.0,3.04
11/09/2018,17.79740227808715,0.0,3.04
11/12/2018,17.716265318557827,0.0,3.04
11/13/2018,17.175309324626614,0.0,3.04
11/14/2018,17.14826231105123,0.0,3.04
11/15/2018,16.95892501170727,0.0,3.04
11/16/2018,17.013412350699067,0.36,3.4
11/19/2018,17.013413425138026,0.0,3.4
11/20/2018,16.766445141640208,0.0,3.4
11/21/2018,16.51947784423828,0.0,3.4
11/23/2018,16.464593663659187,0.0,3.4
11/26/2018,16.76644574662853,0.0,3.4
11/27/2018,16.354829788208008,0.0,3.4
11/28/2018,16.3548332275482,0.0,3.4
11/29/2018,16.4645938873291,0.0,3.4
11/30/2018,16.437156569327307,0.0,3.4
12/03/2018,16.601801151285784,0.0,3.4
12/04/2018,16.739003541995576,0.0,3.4
12/06/2018,16.519476298889934,0.0,3.4
12/07/2018,16.62923932005263,0.0,3.4
12/10/2018,16.57435739391998,0.0,3.4
12/11/2018,16.771783974199526,0.76,4.16
12/12/2018,16.43181827869188,0.0,4.16
12/13/2018,16.573471069335938,0.0,4.16
12/14/2018,16.375152935041697,0.0,4.16
12/17/2018,16.06351573472866,0.0,4.16
12/18/2018,15.610221696644002,0.0,4.16
12/19/2018,15.440241089741354,0.0,4.16
12/20/2018,14.901955952964832,0.0,4.16
12/21/2018,14.590317682991806,0.0,4.16
12/24/2018,15.015281170633546,0.0,4.16
12/26/2018,15.071939468383789,0.0,3.4000000000000004
12/27/2018,14.901957511901857,0.0,3.4000000000000004
12/28/2018,14.873624776566452,0.0,3.4000000000000004
12/31/2018,14.873625629611478,0.0,3.4000000000000004
01/02/2019,14.675312921732859,0.0,3.4000000000000004
01/03/2019,15.383581161499023,0.0,3.4000000000000004
01/04/2019,15.440241619423055,0.0,3.4000000000000004
01/07/2019,15.75187796976699,0.0,3.4000000000000004
01/08/2019,16.120177456589957,0.0,3.4000000000000004
01/09/2019,16.46014499949292,0.0,3.4000000000000004
01/10/2019,16.941767363224734,0.0,3.4000000000000004
01/11/2019,17.02676313894575,0.0,3.4000000000000004
01/14/2019,16.7151236810884,0.0,3.4000000000000004
01/15/2019,16.658460153302567,0.0,3.4000000000000004
01/16/2019,16.573469387132956,0.0,3.4000000000000004
01/17/2019,16.715125210894012,0.0,3.4000000000000004
01/18/2019,16.573468106664393,0.0,3.4000000000000004
01/22/2019,16.743454243550815,0.0,3.4000000000000004
01/23/2019,17.338396927962176,0.0,3.4000000000000004
01/24/2019,17.423389665757266,0.0,3.4000000000000004
01/25/2019,17.480050459241728,0.0,3.4000000000000004
01/28/2019,17.76336097717285,0.0,3.4000000000000004
01/29/2019,17.735030123798957,0.0,3.4000000000000004
01/30/2019,17.621705780902975,0.0,3.4000000000000004
01/31/2019,17.876681289991605,0.0,3.4000000000000004
02/01/2019,18.07499818184738,0.0,3.4000000000000004
02/04/2019,17.933344334712835,0.0,3.4000000000000004
02/05/2019,18.103326961478647,0.0,3.4000000000000004
02/06/2019,18.018332722845873,0.0,3.4000000000000004
02/07/2019,17.820019290002303,0.0,3.4000000000000004
02/08/2019,17.451718009465456,0.0,3.4000000000000004
02/11/2019,17.536713330444616,0.0,3.4000000000000004
02/12/2019,17.73502588069227,0.0,3.4000000000000004
02/13/2019,17.848350822694403,0.0,3.4000000000000004
02/14/2019,17.905014319098246,0.0,3.4000000000000004
02/15/2019,18.018335797875913,0.0,3.4000000000000004
02/19/2019,18.131659453768393,0.0,3.4000000000000004
02/20/2019,18.35830603147772,0.0,3.4000000000000004
02/21/2019,18.471624769623162,0.0,3.4000000000000004
02/22/2019,18.443295452751563,0.0,3.4000000000000004
02/25/2019,18.669945409686008,0.0,3.4000000000000004
02/26/2019,18.38663203646198,0.0,3.4000000000000004
02/27/2019,18.49995764541581,0.0,3.4000000000000004
02/28/2019,18.443295644748794,0.0,3.4000000000000004
03/01/2019,18.358304130356604,0.0,3.4000000000000004
03/04/2019,18.2733097076416,0.0,3.4000000000000004
03/05/2019,18.18831907528137,0.0,3.4000000000000004
03/06/2019,17.9333438873291,0.0,3.4000000000000004
03/07/2019,17.99000571685593,0.0,3.4000000000000004
03/08/2019,17.876681451931777,0.0,3.4000000000000004
03/11/2019,17.99000427055684,0.0,3.4000000000000004
03/12/2019,18.159988567670553,0.0,3.4000000000000004
03/13/2019,18.13165855407715,0.0,3.4000000000000004
03/14/2019,18.103327189569935,0.0,3.4000000000000004
03/15/2019,18.13166155323569,0.0,3.4000000000000004
03/18/2019,18.27331138745304,0.0,3.4000000000000004
03/19/2019,18.333426665719838,0.76,3.3999999999999995
03/20/2019,17.866331902438265,0.0,3.3999999999999995
03/21/2019,17.749558296090267,0.0,3.3999999999999995
03/22/2019,17.603593166830777,0.0,3.3999999999999995
03/25/2019,17.661976793377704,0.0,3.3999999999999995
03/26/2019,17.57439710315689,0.0,3.3999999999999995
03/27/2019,17.632781516902554,0.0,3.3999999999999995
03/28/2019,17.574398346173954,0.0,3.3999999999999995
03/29/2019,17.74955704068434,0.0,3.3999999999999995
04/01/2019,17.74955875873273,0.0,3.3999999999999995
04/02/2019,17.953911280686505,0.0,3.3999999999999995
04/03/2019,18.0998775502262,0.0,3.3999999999999995
04/04/2019,17.86633078208948,0.0,3.3999999999999995
04/05/2019,18.15826275108734,0.0,3.3999999999999995
04/08/2019,18.391814083124633,0.0,3.3999999999999995
04/09/2019,18.362615726362446,0.0,3.3999999999999995
04/10/2019,17.983105010469572,0.0,3.3999999999999995
04/11/2019,18.099878311157227,0.0,3.3999999999999995
04/12/2019,18.099876264088532,0.0,3.3999999999999995
04/15/2019,18.099878311157227,0.0,3.3999999999999995
04/16/2019,18.09987671874126,0.0,3.3999999999999995
04/17/2019,18.27503804640971,0.0,3.3999999999999995
04/18/2019,18.187458180063572,0.0,3.3999999999999995
04/22/2019,18.15826432689477,0.0,3.3999999999999995
04/23/2019,18.187457103014914,0.0,3.3999999999999995
04/24/2019,18.2458438873291,0.0,3.3999999999999995
04/25/2019,18.275037905731587,0.0,3.3999999999999995
04/26/2019,18.21664972914598,0.0,3.3999999999999995
04/29/2019,18.304233406212695,0.0,3.3999999999999995
04/30/2019,18.30423115776247,0.0,3.3999999999999995
05/01/2019,18.42100399748341,0.0,3.3999999999999995
05/02/2019,18.39181137084961,0.0,3.3999999999999995
05/03/2019,18.45019957502172,0.0,3.3999999999999995
05/06/2019,18.3042313254343,0.0,3.3999999999999995
05/07/2019,18.450198016164634,0.0,3.3999999999999995
05/08/2019,18.333424725534584,0.0,3.3999999999999995
05/09/2019,18.30423021320358,0.0,3.3999999999999995
05/10/2019,17.953910172904607,0.0,3.3999999999999995
05/13/2019,17.983104397169054,0.0,3.3999999999999995
05/14/2019,17.895526083491397,0.0,3.3999999999999995
05/15/2019,17.866332061720634,0.0,3.3999999999999995
05/16/2019,17.924716155299922,0.0,3.3999999999999995
05/17/2019,17.866332061720634,0.0,3.3999999999999995
05/20/2019,17.895526083491397,0.0,3.3999999999999995
05/21/2019,18.0122968160666,0.0,3.3999999999999995
05/22/2019,17.924718713214588,0.0,3.3999999999999995
05/23/2019,17.8663295289621,0.0,3.3999999999999995
05/24/2019,17.807944142454513,0.0,3.3999999999999995
05/28/2019,17.720362170603348,0.0,3.3999999999999995
05/29/2019,17.516011250193444,0.0,3.3999999999999995
05/30/2019,17.574398843396466,0.0,3.3999999999999995
05/31/2019,17.457624577476913,0.0,3.3999999999999995
06/03/2019,17.516010108627516,0.0,3.3999999999999995
06/04/2019,17.399234963096788,0.0,3.3999999999999995
06/05/2019,17.5160115794103,0.0,3.3999999999999995
06/06/2019,17.34085048793562,0.0,3.3999999999999995
06/07/2019,17.545205270459903,0.0,3.3999999999999995
06/10/2019,17.720364867472263,0.0,3.3999999999999995
06/11/2019,17.866331100463867,0.0,3.3999999999999995
06/12/2019,17.807943657965215,0.0,3.3999999999999995
06/13/2019,17.895525730977603,0.0,3.3999999999999995
06/14/2019,18.0998765794115,0.0,3.3999999999999995
06/17/2019,18.304231643676758,0.0,3.3999999999999995
06/18/2019,18.334335327148438,0.76,3.4000000000000004
06/19/2019,18.36444096168912,0.0,3.4000000000000004
06/20/2019,18.334338128996443,0.0,3.4000000000000004
06/21/2019,18.063385750927008,0.0,3.4000000000000004
06/24/2019,18.063383881002526,0.0,3.4000000000000004
06/25/2019,18.003172781883972,0.0,3.4000000000000004
06/26/2019,17.85264522383031,0.0,3.4000000000000004
06/27/2019,17.762331917788234,0.0,3.4000000000000004
06/28/2019,17.581695289036766,0.0,3.4000000000000004
07/01/2019,17.973069350887123,0.0,3.4000000000000004
07/02/2019,18.063388544041814,0.0,3.4000000000000004
07/03/2019,18.394544497720446,0.0,3.4000000000000004
07/05/2019,18.514971521946432,0.0,3.4000000000000004
07/08/2019,18.484864494446622,0.0,3.4000000000000004
07/09/2019,18.334335851364713,0.0,3.4000000000000004
07/10/2019,18.605284866016678,0.0,3.4000000000000004
07/11/2019,18.695601245778615,0.0,3.4000000000000004
07/12/2019,18.63538936257626,0.0,3.4000000000000004
07/15/2019,18.575180218876366,0.0,3.4000000000000004
07/16/2019,18.304229736328125,0.0,3.4000000000000004
07/17/2019,18.304228019341448,0.0,3.4000000000000004
07/18/2019,17.94296070106335,0.0,3.4000000000000004
07/19/2019,17.942961436639745,0.0,3.4000000000000004
07/22/2019,17.97306772296379,0.0,3.4000000000000004
07/23/2019,17.672011588723393,0.0,3.4000000000000004
07/24/2019,17.702117741519302,0.0,3.4000000000000004
07/25/2019,17.912856315589305,0.0,3.4000000000000004
07/26/2019,17.942962646484375,0.0,3.4000000000000004
07/29/2019,17.882752349673343,0.0,3.4000000000000004
07/30/2019,17.6118023630596,0.0,3.4000000000000004
07/31/2019,17.551588269665714,0.0,3.4000000000000004
08/01/2019,17.190321140584135,0.0,3.4000000000000004
08/02/2019,16.979579886979355,0.0,3.4000000000000004
08/05/2019,16.889267068374977,0.0,3.4000000000000004
08/06/2019,16.768843346243763,0.0,3.4000000000000004
08/07/2019,16.648420290253593,0.0,3.4000000000000004
08/08/2019,17.06989927679747,0.0,3.4000000000000004
08/09/2019,17.912857393224666,0.0,3.4000000000000004
08/12/2019,17.401061920371728,0.0,3.4000000000000004
08/13/2019,17.6117986204728,0.0,3.4000000000000004
08/14/2019,17.16021284289767,0.0,3.4000000000000004
08/15/2019,17.16021284289767,0.0,3.4000000000000004
08/16/2019,17.250534749735714,0.0,3.4000000000000004
08/19/2019,17.431168661990416,0.0,3.4000000000000004
08/20/2019,17.46127515329741,0.0,3.4000000000000004
08/21/2019,17.461272066704133,0.0,3.4000000000000004
08/22/2019,17.46127515329741,0.0,3.4000000000000004
08/23/2019,17.310743416682687,0.0,3.4000000000000004
08/26/2019,17.280637831048107,0.0,3.4000000000000004
08/27/2019,17.03979114587222,0.0,3.4000000000000004
08/28/2019,16.859156718628796,0.0,3.4000000000000004
08/29/2019,17.160212806621537,0.0,3.4000000000000004
08/30/2019,17.19031916953492,0.0,3.4000000000000004
09/03/2019,17.009689868609325,0.0,3.4000000000000004
09/04/2019,17.2505337702579,0.0,3.4000000000000004
09/05/2019,17.762327117556325,0.0,3.4000000000000004
09/06/2019,17.822540373618036,0.0,3.4000000000000004
09/09/2019,17.852643925997768,0.0,3.4000000000000004
09/10/2019,18.033276889644245,0.0,3.4000000000000004
09/11/2019,17.912856315589305,0.0,3.4000000000000004
09/12/2019,17.942962736288372,0.0,3.4000000000000004
09/13/2019,17.822539073221765,0.0,3.4000000000000004
09/16/2019,17.882752065683608,0.0,3.4000000000000004
09/17/2019,18.03328161452429,0.76,3.4000000000000004
09/18/2019,17.94000224624655,0.0,3.4000000000000004
09/19/2019,17.660175238201575,0.0,3.4000000000000004
09/20/2019,17.940004543916235,0.0,3.4000000000000004
09/23/2019,18.250920418369283,0.0,3.4000000000000004
09/24/2019,18.437470243406853,0.0,3.4000000000000004
09/25/2019,18.157649553568472,0.0,3.4000000000000004
09/26/2019,17.971095011795818,0.0,3.4000000000000004
09/27/2019,17.940001288995116,0.0,3.4000000000000004
09/30/2019,18.126556396484375,0.0,3.4000000000000004
10/01/2019,18.21983021338238,0.0,3.4000000000000004
10/02/2019,17.815634931191923,0.0,3.4000000000000004
10/03/2019,17.75345066895906,0.0,3.4000000000000004
10/04/2019,17.753449848857162,0.0,3.4000000000000004
10/07/2019,17.8778181819988,0.0,3.4000000000000004
10/08/2019,17.78454395725406,0.0,3.4000000000000004
10/09/2019,17.69126756801221,0.0,3.4000000000000004
10/10/2019,17.660175789502205,0.0,3.4000000000000004
10/11/2019,17.97109854230826,0.0,3.4000000000000004
10/14/2019,17.940003001442292,0.0,3.4000000000000004
10/15/2019,17.940001288995116,0.0,3.4000000000000004
10/16/2019,18.002185494224076,0.0,3.4000000000000004
10/17/2019,18.00218963623047,0.0,3.4000000000000004
10/18/2019,17.9400059658104,0.0,3.4000000000000004
10/21/2019,18.002184943204405,0.0,3.4000000000000004
10/22/2019,18.095461771092467,0.0,3.4000000000000004
10/23/2019,18.06437330665054,0.0,3.4000000000000004
10/24/2019,18.033278669999596,0.0,3.4000000000000004
10/25/2019,17.908909721486648,0.0,3.4000000000000004
10/28/2019,17.8778181819988,0.0,3.4000000000000004
10/29/2019,17.908909721486648,0.0,3.4000000000000004
10/30/2019,17.877817153930664,0.0,3.4000000000000004
10/31/2019,17.846727051426335,0.0,3.4000000000000004
11/01/2019,17.81563350139391,0.0,3.4000000000000004
11/04/2019,17.940003605863577,0.0,3.4000000000000004
11/05/2019,17.877819943623557,0.0,3.4000000000000004
11/06/2019,17.846724586374677,0.0,3.4000000000000004
11/07/2019,17.846724586374677,0.0,3.4000000000000004
11/08/2019,18.344198510257186,0.0,3.4000000000000004
11/11/2019,18.25092199189849,0.0,3.4000000000000004
11/12/2019,18.344196645357563,0.0,3.4000000000000004
11/13/2019,18.6551156866143,0.0,3.4000000000000004
11/14/2019,18.468565268596713,0.0,3.4000000000000004
11/15/2019,18.468565551918697,0.0,3.4000000000000004
11/18/2019,18.375289072370478,0.0,3.4000000000000004
11/19/2019,18.624023581192894,0.0,3.4000000000000004
11/20/2019,18.67688315280854,0.0,3.4000000000000004
11/21/2019,18.686209778564933,0.0,3.4000000000000004
11/22/2019,18.77948236040844,0.0,3.04
11/25/2019,18.966035275382353,0.0,3.04
11/26/2019,19.12149782589295,0.0,3.04
11/27/2019,19.432412261773173,0.0,3.04
11/29/2019,19.681147365852794,0.0,3.04
12/02/2019,19.743330561446463,0.0,3.04
12/03/2019,19.55678308032577,0.0,3.04
12/04/2019,19.525688215365314,0.0,3.04
12/05/2019,19.650059328202456,0.0,3.04
12/06/2019,19.587871551513672,0.0,3.04
12/09/2019,19.58787243315008,0.0,3.04
12/10/2019,19.463505391751106,0.0,3.04
12/11/2019,19.463505391751106,0.0,3.04
12/12/2019,19.432413276564564,0.0,3.04
12/13/2019,19.743331027254563,0.0,3.04
12/16/2019,19.774422851567678,0.0,3.04
12/17/2019,19.713203209397555,0.76,3.04
12/18/2019,19.77731136842424,0.0,3.04
12/19/2019,19.969632979615355,0.0,3.04
12/20/2019,19.71320347366868,0.0,3.04
12/23/2019,19.58498764038086,0.0,3.04
12/24/2019,19.552930802288685,0.0,3.04
12/26/2019,19.745256403063163,0.0,3.04
12/27/2019,19.809364540702838,0.0,3.04
12/30/2019,19.745256645911113,0.0,3.04
12/31/2019,19.617040812765193,0.0,3.04
01/02/2020,19.649095492208367,0.0,3.04
01/03/2020,19.87347239249466,0.0,3.04
01/06/2020,19.969632905682786,0.0,3.04
01/07/2020,20.033742883471568,0.0,3.04
01/08/2020,20.065797784025023,0.0,3.04
01/09/2020,20.12990550067385,0.0,3.04
01/10/2020,20.129905543124917,0.0,3.04
01/13/2020,20.033741178893756,0.0,3.04
01/14/2020,20.033743061469092,0.0,3.04
01/15/2020,20.065797584652255,0.0,3.04
01/16/2020,20.194011688232422,0.0,3.04
01/17/2020,20.194011688232422,0.0,3.04
01/21/2020,20.097850778436413,0.0,3.04
01/22/2020,20.194013395604788,0.0,3.04
01/23/2020,20.194013395604788,0.0,3.04
01/24/2020,20.194013459281706,0.0,3.04
01/27/2020,19.873472213745117,0.0,3.04
01/28/2020,19.873470473037518,0.0,3.04
01/29/2020,20.065793629166844,0.0,3.04
01/30/2020,19.905525192315057,0.0,3.04
01/31/2020,19.90552713633356,0.0,3.04
02/03/2020,19.777311325073242,0.0,3.04
02/04/2020,19.841419040966542,0.0,3.04
02/05/2020,19.87347235004447,0.0,3.04
02/06/2020,20.065795534114898,0.0,3.04
02/07/2020,20.033738913248214,0.0,3.04
02/10/2020,19.937576293945312,0.0,3.04
02/11/2020,19.905524996212424,0.0,3.04
02/12/2020,20.001686293241388,0.0,3.04
02/13/2020,19.905527114868164,0.0,3.04
02/14/2020,19.90552713633356,0.0,3.04
02/18/2020,19.8414190201132,0.0,3.04
02/19/2020,19.905525192315057,0.0,3.04
02/20/2020,19.969632905682786,0.0,3.04
02/21/2020,19.969632905682786,0.0,3.04
02/24/2020,19.649095377572085,0.0,3.04
02/25/2020,19.55293095438045,0.0,3.04
02/26/2020,19.13623240356751,0.0,3.04
02/27/2020,18.84774389710219,0.0,3.04
02/28/2020,17.950231788040075,0.0,3.04
03/02/2020,17.597635446327523,0.0,3.04
03/03/2020,17.982288451223475,0.0,3.04
03/04/2020,17.98228628620712,0.0,3.04
03/05/2020,17.789962462657396,0.0,3.04
03/06/2020,17.14888186229948,0.0,3.04
03/09/2020,13.238297297695423,0.0,3.04
03/10/2020,15.834668901984017,0.0,3.04
03/11/2020,15.610290633883075,0.0,3.04
03/12/2020,14.007591519272717,0.0,3.04
03/13/2020,13.879375680423236,0.0,3.04
03/16/2020,10.898355392471345,0.0,3.04
03/17/2020,10.719874139643501,0.76,3.04
03/18/2020,10.141340699191648,0.0,3.04
03/19/2020,8.133491306901488,0.0,3.04
03/20/2020,10.141340796397062,0.0,3.04
03/23/2020,8.065428177554516,0.0,3.04
03/24/2020,8.81411759247057,0.0,3.04
03/25/2020,8.916212042509963,0.0,3.04
03/26/2020,9.392651445110774,0.0,3.04
03/27/2020,10.719874687675402,0.0,3.04
03/30/2020,10.753905452633427,0.0,3.04
03/31/2020,10.787937144200743,0.0,3.04
04/01/2020,9.835058947524757,0.0,3.04
04/02/2020,10.549716502655063,0.0,3.04
04/03/2020,9.59683919354285,0.0,3.04
04/06/2020,10.039247268408614,0.0,3.04
04/07/2020,11.162280634263174,0.0,3.04
04/08/2020,11.230343637305326,0.0,3.04
04/09/2020,12.081126695104109,0.0,3.04
04/13/2020,12.455472620015565,0.0,3.04
04/14/2020,12.999974057844803,0.0,3.04
04/15/2020,12.863848459156443,0.0,3.04
04/16/2020,12.693691761631852,0.0,3.04
04/17/2020,12.795785281066951,0.0,3.04
04/20/2020,12.01306521223401,0.0,3.04
04/21/2020,11.40050047184321,0.0,3.04
04/22/2020,11.23034260490847,0.0,3.04
04/23/2020,10.890029512269285,0.0,3.04
04/24/2020,11.060187339782715,0.0,3.04
04/27/2020,11.400499573670794,0.0,3.04
04/28/2020,11.91097096217252,0.0,3.04
04/29/2020,11.740814584080242,0.0,3.04
04/30/2020,12.01306511857138,0.0,3.04
05/01/2020,11.33243775749044,0.0,3.04
05/04/2020,11.196312682206372,0.0,3.04
05/05/2020,11.060185991357985,0.0,3.04
05/06/2020,11.230343100694897,0.0,3.04
05/07/2020,11.570657849243966,0.0,3.04
05/08/2020,11.060186705663927,0.0,3.04
05/11/2020,10.924060915799558,0.0,3.04
05/12/2020,11.128249966194813,0.0,3.04
05/13/2020,10.890029912299124,0.0,3.04
05/14/2020,10.413592043737477,0.0,3.04
05/15/2020,10.481653598109348,0.0,3.04
05/18/2020,11.128249486020676,0.0,3.04
05/19/2020,11.298406444548478,0.0,3.04
05/20/2020,11.162281108746061,0.0,3.04
05/21/2020,11.400500199267281,0.0,3.04
05/22/2020,11.570658129827192,0.0,3.04
05/26/2020,11.808875897268512,0.0,3.04
05/27/2020,12.931910278990776,0.0,3.04
05/28/2020,13.204162147233403,0.0,3.04
05/29/2020,12.421441544922287,0.0,3.04
06/01/2020,12.72772327768932,0.0,3.04
06/02/2020,12.86384893217655,0.0,3.04
06/03/2020,12.96594289427078,0.0,3.04
06/04/2020,13.340287607069728,0.0,3.04
06/05/2020,13.612538492442544,0.0,3.04
06/08/2020,13.918818694275009,0.0,3.04
06/09/2020,15.143948243906085,0.0,3.04
06/10/2020,14.837666219391988,0.0,3.04
06/11/2020,13.272224273980555,0.0,3.04
06/12/2020,14.123008829147485,0.0,3.04
06/15/2020,13.986883251648777,0.0,3.04
06/16/2020,14.575498851163415,0.6,2.8800000000000003
06/17/2020,14.734311290425737,0.0,2.8800000000000003
06/18/2020,12.97854623628589,0.0,2.8800000000000003
06/19/2020,13.481453973136446,0.0,2.8800000000000003
06/22/2020,12.352117932150787,0.0,2.8800000000000003
06/23/2020,12.616806075460671,0.0,2.8800000000000003
06/24/2020,12.369763470189483,0.0,2.8800000000000003
06/25/2020,11.999199830244088,0.0,2.8800000000000003
06/26/2020,12.05213664205651,0.0,2.8800000000000003
06/29/2020,12.299179446478043,0.0,2.8800000000000003
06/30/2020,12.07860599416108,0.0,2.8800000000000003
07/01/2020,12.316826178216623,0.0,2.8800000000000003
07/02/2020,12.572691666105221,0.0,2.8800000000000003
07/06/2020,12.793264899494018,0.0,2.8800000000000003
07/07/2020,12.581514089484738,0.0,2.8800000000000003
07/08/2020,12.405055555270856,0.0,2.8800000000000003
07/09/2020,12.237418992018572,0.0,2.8800000000000003
07/10/2020,11.681573402591857,0.0,2.8800000000000003
07/13/2020,12.069783096269768,0.0,2.8800000000000003
07/14/2020,12.043313602921497,0.0,2.8800000000000003
07/15/2020,12.705034776163787,0.0,2.8800000000000003
07/16/2020,12.757972542980683,0.0,2.8800000000000003
07/17/2020,12.92560806885185,0.0,2.8800000000000003
07/20/2020,12.969722406468717,0.0,2.8800000000000003
07/21/2020,13.322641727707376,0.0,2.8800000000000003
07/22/2020,13.587327899570461,0.0,2.8800000000000003
07/23/2020,13.887309398154075,0.0,2.8800000000000003
07/24/2020,14.028476251362816,0.0,2.8800000000000003
07/27/2020,13.852017285043882,0.0,2.8800000000000003
07/28/2020,13.896132660562385,0.0,2.8800000000000003
07/29/2020,13.931423652040682,0.0,2.8800000000000003
07/30/2020,13.94024671799687,0.0,2.8800000000000003
07/31/2020,13.975539537032269,0.0,2.8800000000000003
08/03/2020,13.922600432406192,0.0,2.8800000000000003
08/04/2020,14.010830939137078,0.0,2.8800000000000003
08/05/2020,14.037298283066086,0.0,2.8800000000000003
08/06/2020,14.240226585793875,0.0,2.8800000000000003
08/07/2020,14.116704713214009,0.0,2.8800000000000003
08/10/2020,14.61078844039302,0.0,2.8800000000000003
08/11/2020,14.24904975623204,0.0,2.8800000000000003
08/12/2020,14.257872598147687,0.0,2.8800000000000003
08/13/2020,14.38139327133751,0.0,2.8800000000000003
08/14/2020,14.16082013913356,0.0,2.8800000000000003
08/17/2020,14.310810075614766,0.0,2.8800000000000003
08/18/2020,14.116704604184562,0.0,2.8800000000000003
08/19/2020,14.028475797142816,0.0,2.8800000000000003
08/20/2020,13.79908041833591,0.0,2.8800000000000003
08/21/2020,13.913778947188161,0.0,2.8800000000000003
08/24/2020,14.11670548206486,0.0,2.8800000000000003
08/25/2020,14.513738975168724,0.0,2.8800000000000003
08/26/2020,14.072590946223315,0.0,2.8800000000000003
08/27/2020,13.931424540967392,0.0,2.8800000000000003
08/28/2020,14.275518732200002,0.0,2.8800000000000003
08/31/2020,14.116705444658674,0.0,2.8800000000000003
09/01/2020,14.116705947264904,0.0,2.8800000000000003
09/02/2020,14.143174678733306,0.0,2.8800000000000003
09/03/2020,14.116704660923562,0.0,2.8800000000000003
09/04/2020,14.116704882658428,0.0,2.8800000000000003
09/08/2020,14.151998646743221,0.0,2.8800000000000003
09/09/2020,14.116705444658674,0.0,2.8800000000000003
09/10/2020,14.143174703054108,0.0,2.8800000000000003
09/11/2020,14.1431755873746,0.0,2.8800000000000003
09/14/2020,14.34610189756815,0.0,2.8800000000000003
09/15/2020,14.562893694824139,0.6,2.72
09/16/2020,14.562893693136424,0.0,2.72
09/17/2020,14.425508422383926,0.0,2.72
09/18/2020,14.498780073161042,0.0,2.72
09/21/2020,14.315600314589025,0.0,2.72
09/22/2020,14.388872321120523,0.0,2.72
09/23/2020,14.388871785207433,0.0,2.72
09/24/2020,14.123260242122793,0.0,2.72
09/25/2020,14.123260161465819,0.0,2.72
09/28/2020,14.526258384264366,0.0,2.72
09/29/2020,14.709437431675417,0.0,2.72
09/30/2020,14.498779649088702,0.0,2.72
10/01/2020,14.654485364128288,0.0,2.72
10/02/2020,14.654484355336983,0.0,2.72
10/05/2020,15.112437148434623,0.0,2.72
10/06/2020,14.984210431926927,0.0,2.72
10/07/2020,14.883461253894902,0.0,2.72
10/08/2020,14.920097371574832,0.0,2.72
10/09/2020,15.020847148841337,0.0,2.72
10/12/2020,14.846823487713449,0.0,2.72
10/13/2020,14.572053560241251,0.0,2.72
10/14/2020,14.498781204430314,0.0,2.72
10/15/2020,14.251486877954584,0.0,2.72
10/16/2020,14.517098597474094,0.0,2.72
10/19/2020,14.471303839482726,0.0,2.72
10/20/2020,14.379712173829416,0.0,2.72
10/21/2020,14.224009419822153,0.0,2.72
10/22/2020,14.104941543061775,0.0,2.72
10/23/2020,14.288122704039397,0.0,2.72
10/26/2020,14.178212644959457,0.0,2.72
10/27/2020,13.775216009079207,0.0,2.72
10/28/2020,13.088286157067065,0.0,2.72
10/29/2020,13.079127584933529,0.0,2.72
10/30/2020,13.399695047273253,0.0,2.72
11/02/2020,13.61951178031722,0.0,2.72
11/03/2020,13.958397254729272,0.0,2.72
11/04/2020,13.381376614005813,0.0,2.72
11/05/2020,13.61951170451452,0.0,2.72
11/06/2020,13.87596382190608,0.0,2.72
11/09/2020,14.70027870751151,0.0,2.72
11/10/2020,14.773551619012146,0.0,2.72
11/11/2020,15.405527370385162,0.0,2.72
11/12/2020,14.929255458023682,0.0,2.72
11/13/2020,14.74607489819231,0.0,2.72
11/16/2020,15.56123134635609,0.0,2.72
11/17/2020,15.341412823372163,0.0,2.72
11/18/2020,15.469639678584732,0.0,2.72
11/19/2020,15.304776724982357,0.0,2.72
11/20/2020,15.707775019460536,0.0,2.72
11/23/2020,15.799366175075242,0.0,2.72
11/24/2020,16.257318486154173,0.0,2.72
11/25/2020,16.312272706066775,0.0,2.72
11/27/2020,16.85265679121642,0.0,2.72
11/30/2020,16.78854598670536,0.0,2.72
12/01/2020,16.48629536944748,0.0,2.72
12/02/2020,16.825181102723025,0.0,2.72
12/03/2020,16.834337442352414,0.0,2.72
12/04/2020,17.237338670911655,0.0,2.72
12/07/2020,17.301451246239473,0.0,2.72
12/08/2020,16.9076113231042,0.0,2.72
12/09/2020,17.026680512356005,0.0,2.72
12/10/2020,17.090791008025118,0.0,2.72
12/11/2020,17.081633492545954,0.0,2.72
12/14/2020,17.612857770379605,0.0,2.72
12/15/2020,17.195502978826323,0.6,2.56
12/16/2020,16.703390888293878,0.0,2.56
12/17/2020,16.381626354444027,0.0,2.56
12/18/2020,16.201817521311888,0.0,2.56
12/21/2020,15.974687524075781,0.0,2.56
12/22/2020,15.946297528830273,0.0,2.56
12/23/2020,15.615068054544444,0.0,2.56
12/24/2020,15.728632766443639,0.0,2.56
12/28/2020,15.775950500254758,0.0,2.56
12/29/2020,15.615067268674526,0.0,2.56
12/30/2020,15.605604177548313,0.0,2.56
12/31/2020,15.454186044487756,0.0,2.56
01/04/2021,15.728633379348516,0.0,2.56
01/05/2021,15.567750371832533,0.0,2.56
01/06/2021,16.107180423201164,0.0,2.56
01/07/2021,16.334308270930006,0.0,2.56
01/08/2021,16.15449613820905,0.0,2.56
01/11/2021,16.428945602230236,0.0,2.56
01/12/2021,16.296452515067692,0.0,2.56
01/13/2021,16.372161865234375,0.0,2.56
01/14/2021,16.466798723374602,0.0,2.56
01/15/2021,16.372161865234375,0.0,2.56
01/19/2021,16.428945231649354,0.0,2.56
01/20/2021,16.37216280734199,0.0,2.56
01/21/2021,16.48572620061989,0.0,2.56
01/22/2021,16.353235453673552,0.0,2.56
01/25/2021,16.372161865234375,0.0,2.56
01/26/2021,16.40055295024459,0.0,2.56
01/27/2021,16.561435932612177,0.0,2.56
01/28/2021,16.32484474907491,0.0,2.56
01/29/2021,16.097715443311813,0.0,2.56
02/01/2021,16.003080612887,0.0,2.56
02/02/2021,16.45733392960799,0.0,2.56
02/03/2021,16.71285496185754,0.0,2.56
02/04/2021,16.91159152819554,0.0,2.56
02/05/2021,17.25228381350467,0.0,2.56
02/08/2021,17.66868747405101,0.0,2.56
02/09/2021,17.432094813654512,0.0,2.56
02/10/2021,17.29960306928119,0.0,2.56
02/11/2021,17.67814980716468,0.0,2.56
02/12/2021,17.829568701927634,0.0,2.56
02/16/2021,18.028304853463677,0.0,2.56
02/17/2021,17.829568724116644,0.0,2.56
02/18/2021,17.422630459024393,0.0,2.56
02/19/2021,17.602440840303046,0.0,2.56
02/22/2021,17.630831646522896,0.0,2.56
02/23/2021,17.76332461814604,0.0,2.56
02/24/2021,17.763322815694014,0.0,2.56
02/25/2021,18.208115212350354,0.0,2.56
02/26/2021,18.01884421406788,0.0,2.56
03/01/2021,18.58666188158581,0.0,2.56
03/02/2021,18.35007029360535,0.0,2.56
03/03/2021,18.775936110471616,0.0,2.56
03/04/2021,19.02199234200962,0.0,2.56
03/05/2021,18.92735641384831,0.0,2.56
03/08/2021,18.5961257504958,0.0,2.56
03/09/2021,18.77593686576234,0.0,2.56
03/10/2021,18.927356089563336,0.0,2.56
03/11/2021,19.305903446290035,0.0,2.56
03/12/2021,19.324830254622036,0.0,2.56
03/15/2021,19.589812118043263,0.0,2.56
03/16/2021,19.70838380064839,0.6,2.4
03/17/2021,19.87400143758506,0.0,2.4
03/18/2021,19.844776297266634,0.0,2.4
03/19/2021,19.143338158931964,0.0,2.4
03/22/2021,19.5817375368552,0.0,2.4
03/23/2021,19.026434131363608,0.0,2.4
03/24/2021,18.87055902996483,0.0,2.4
03/25/2021,18.519841554672958,0.0,2.4
03/26/2021,19.06540244864897,0.0,2.4
03/29/2021,18.977721515039473,0.0,2.4
03/30/2021,19.06540202631846,0.0,2.4
03/31/2021,19.26024645642302,0.0,2.4
04/01/2021,19.338183275596556,0.0,2.4
04/05/2021,19.912969772710866,0.0,2.4
04/06/2021,19.971422322608564,0.0,2.4
04/07/2021,20.312398437473306,0.0,2.4
04/08/2021,20.458530009638142,0.0,2.4
04/09/2021,20.419562095865835,0.0,2.4
04/12/2021,20.380593534038685,0.0,2.4
04/13/2021,20.107812525152877,0.0,2.4
04/14/2021,20.166267596701015,0.0,2.4
04/15/2021,19.757096589021486,0.0,2.4
04/16/2021,19.95193707864345,0.0,2.4
04/19/2021,20.03961717251348,0.0,2.4
04/20/2021,19.825291162482944,0.0,2.4
04/21/2021,19.649931254019517,0.0,2.4
04/22/2021,19.951937251300482,0.0,2.4
04/23/2021,19.776579014484224,0.0,2.4
04/26/2021,20.06884556959135,0.0,2.4
04/27/2021,20.088330154357706,0.0,2.4
04/28/2021,19.990907377834276,0.0,2.4
04/29/2021,20.292913263804785,0.0,2.4
04/30/2021,20.263686826618027,0.0,2.4
05/03/2021,20.380593534038685,0.0,2.4
05/04/2021,20.312398197311296,0.0,2.4
05/05/2021,20.263687013555593,0.0,2.4
05/06/2021,20.312397960433387,0.0,2.4
05/07/2021,20.42930281602415,0.0,2.4
05/10/2021,20.6338902785811,0.0,2.4
05/11/2021,20.4585308437956,0.0,2.4
05/12/2021,20.72156837312497,0.0,2.4
05/13/2021,19.922712692408616,0.0,2.4
05/14/2021,20.546210519152208,0.0,2.4
05/17/2021,20.945638831945075,0.0,2.4
05/18/2021,20.945639493973996,0.0,2.4
05/19/2021,20.702085370822964,0.0,2.4
05/20/2021,20.935895563146616,0.0,2.4
05/21/2021,20.94563818432741,0.0,2.4
05/24/2021,21.22816223404455,0.0,2.4
05/25/2021,21.306098997833708,0.0,2.4
05/26/2021,21.004091671513084,0.0,2.4
05/27/2021,21.120997787742773,0.0,2.4
05/28/2021,21.432745817267662,0.0,2.4
06/01/2021,21.627589947810087,0.0,2.4
06/02/2021,22.08547038304201,0.0,2.4
06/03/2021,22.173151070232528,0.0,2.4
06/04/2021,22.40696304441901,0.0,2.4
06/07/2021,22.562836650969817,0.0,2.4
06/08/2021,22.406962747295612,0.0,2.4
06/09/2021,22.796647301327145,0.0,2.4
06/10/2021,22.729999542236328,0.6,3.0
06/11/2021,22.309999465942383,0.0,3.0
06/14/2021,22.600000381469727,0.0,3.0
06/15/2021,22.56999969482422,0.0,3.0
06/16/2021,22.440000534057617,0.0,3.0
06/17/2021,22.770000457763672,0.0,3.0
06/18/2021,22.1200008392334,0.0,3.0
06/21/2021,22.0,0.0,3.0
06/22/2021,21.549999237060547,0.0,2.4
06/23/2021,21.959999084472656,0.0,2.4
06/24/2021,21.799999237060547,0.0,2.4
06/25/2021,21.719999313354492,0.0,2.4
06/28/2021,21.56999969482422,0.0,2.4
06/29/2021,21.450000762939453,0.0,2.4
06/30/2021,21.25,0.0,2.4
07/01/2021,21.6299991607666,0.0,2.4
07/02/2021,21.649999618530273,0.0,2.4
07/06/2021,21.670000076293945,0.0,2.4
07/07/2021,21.579999923706055,0.0,2.4
07/08/2021,21.049999237060547,0.0,2.4
07/09/2021,21.25,0.0,2.4
07/12/2021,21.420000076293945,0.0,2.4
07/13/2021,21.450000762939453,0.0,2.4
07/14/2021,21.25,0.0,2.4
07/15/2021,21.0,0.0,2.4
07/16/2021,21.010000228881836,0.0,2.4
07/19/2021,20.7549991607666,0.0,2.4
07/20/2021,20.65999984741211,0.0,2.4
07/21/2021,21.020000457763672,0.0,2.4
07/22/2021,21.270000457763672,0.0,2.4
07/23/2021,21.110000610351562,0.0,2.4
07/26/2021,20.920000076293945,0.0,2.4
07/27/2021,21.0,0.0,2.4
07/28/2021,21.030000686645508,0.0,2.4
07/29/2021,21.170000076293945,0.0,2.4
07/30/2021,20.979999542236328,0.0,2.4
