GAAEX,Guinness Atkinson Alternative E,
Date,Price,Dividend,Annualized Dividend
03/31/2006,11.769537925720215,0.0,0.0
04/03/2006,11.731874465942381,0.0,0.0
04/05/2006,11.826031684875488,0.0,0.0
04/06/2006,11.741291046142578,0.0,0.0
04/07/2006,11.80720043182373,0.0,0.0
04/10/2006,11.760122299194336,0.0,0.0
04/11/2006,11.797784805297852,0.0,0.0
04/12/2006,11.835447311401367,0.0,0.0
04/13/2006,11.957850456237795,0.0,0.0
04/17/2006,12.089669227600096,0.0,0.0
04/18/2006,12.334476470947266,0.0,0.0
04/19/2006,12.65460777282715,0.0,0.0
04/20/2006,12.682854652404785,0.0,0.0
04/24/2006,12.852334976196287,0.0,0.0
04/25/2006,12.805257797241213,0.0,0.0
04/26/2006,12.880582809448242,0.0,0.0
04/27/2006,12.664022445678711,0.0,0.0
04/28/2006,12.692269325256346,0.0,0.0
05/01/2006,12.739346504211424,0.0,0.0
05/02/2006,12.871167182922363,0.0,0.0
05/04/2006,12.955907821655273,0.0,0.0
05/05/2006,13.09714126586914,0.0,0.0
05/08/2006,13.059478759765625,0.0,0.0
05/09/2006,13.031230926513674,0.0,0.0
05/10/2006,13.050063133239746,0.0,0.0
05/11/2006,12.965323448181154,0.0,0.0
05/12/2006,12.748763084411623,0.0,0.0
05/15/2006,12.136746406555174,0.0,0.0
05/16/2006,12.080253601074219,0.0,0.0
05/18/2006,11.637719154357908,0.0,0.0
05/19/2006,11.49648380279541,0.0,0.0
05/22/2006,10.922130584716797,0.0,0.0
05/23/2006,11.2328462600708,0.0,0.0
05/24/2006,11.035118103027346,0.0,0.0
05/25/2006,11.392912864685059,0.0,0.0
05/30/2006,11.581224441528322,0.0,0.0
05/31/2006,11.647134780883789,0.0,0.0
06/02/2006,11.750706672668457,0.0,0.0
06/05/2006,11.571808815002441,0.0,0.0
06/06/2006,11.336418151855469,0.0,0.0
06/07/2006,11.308171272277832,0.0,0.0
06/08/2006,10.89388370513916,0.0,0.0
06/09/2006,10.931546211242676,0.0,0.0
06/12/2006,10.68674087524414,0.0,0.0
06/13/2006,10.244205474853516,0.0,0.0
06/14/2006,10.253622055053713,0.0,0.0
06/15/2006,10.564338684082031,0.0,0.0
06/16/2006,10.507843017578127,0.0,0.0
06/19/2006,10.404271125793457,0.0,0.0
06/20/2006,10.36660861968994,0.0,0.0
06/22/2006,10.49842643737793,0.0,0.0
06/23/2006,10.517259597778319,0.0,0.0
06/26/2006,10.432518005371094,0.0,0.0
06/27/2006,10.328946113586424,0.0,0.0
06/28/2006,10.234789848327637,0.0,0.0
06/29/2006,10.272453308105469,0.0,0.0
07/03/2006,10.63966178894043,0.0,0.0
07/06/2006,10.649078369140625,0.0,0.0
07/10/2006,10.573751449584961,0.0,0.0
07/11/2006,10.460763931274414,0.0,0.0
07/12/2006,10.394855499267578,0.0,0.0
07/13/2006,10.159464836120605,0.0,0.0
07/14/2006,10.131217956542969,0.0,0.0
07/17/2006,9.961737632751465,0.0,0.0
07/18/2006,9.933490753173828,0.0,0.0
07/20/2006,10.093555450439453,0.0,0.0
07/21/2006,10.018229484558105,0.0,0.0
07/24/2006,10.187710762023926,0.0,0.0
07/25/2006,10.263035774230957,0.0,0.0
07/26/2006,10.291284561157227,0.0,0.0
07/27/2006,10.310113906860352,0.0,0.0
08/01/2006,10.479596138000488,0.0,0.0
08/02/2006,10.658493041992186,0.0,0.0
08/03/2006,10.72440242767334,0.0,0.0
08/04/2006,10.714987754821776,0.0,0.0
08/07/2006,10.667909622192383,0.0,0.0
08/08/2006,10.611414909362793,0.0,0.0
08/09/2006,10.54550552368164,0.0,0.0
08/16/2006,10.583168983459473,0.0,0.0
08/28/2006,10.470182418823242,0.0,0.0
08/30/2006,10.536088943481445,0.0,0.0
08/31/2006,10.554922103881836,0.0,0.0
09/01/2006,10.592584609985352,0.0,0.0
09/08/2006,10.20654296875,0.0,0.0
09/11/2006,10.0653076171875,0.0,0.0
09/13/2006,10.140633583068848,0.0,0.0
09/14/2006,10.1688814163208,0.0,0.0
09/15/2006,10.074724197387695,0.0,0.0
09/20/2006,9.78283977508545,0.0,0.0
09/21/2006,9.688684463500978,0.0,0.0
09/22/2006,9.632187843322754,0.0,0.0
09/25/2006,9.556864738464355,0.0,0.0
09/26/2006,9.651021957397461,0.0,0.0
09/27/2006,9.679266929626465,0.0,0.0
09/28/2006,9.660436630249023,0.0,0.0
09/29/2006,9.745176315307617,0.0,0.0
10/05/2006,9.773424148559572,0.0,0.0
10/09/2006,9.754592895507812,0.0,0.0
10/10/2006,9.71692943572998,0.0,0.0
10/12/2006,9.839332580566406,0.0,0.0
10/13/2006,9.820502281188965,0.0,0.0
10/16/2006,9.95232105255127,0.0,0.0
10/18/2006,9.895827293395996,0.0,0.0
10/19/2006,9.942905426025389,0.0,0.0
10/23/2006,9.989983558654785,0.0,0.0
10/24/2006,10.084141731262207,0.0,0.0
10/25/2006,10.17829704284668,0.0,0.0
10/27/2006,10.225373268127443,0.0,0.0
11/01/2006,10.12180233001709,0.0,0.0
11/02/2006,10.055893898010254,0.0,0.0
11/14/2006,10.300699234008789,0.0,0.0
11/15/2006,10.281867980957031,0.0,0.0
11/16/2006,10.338360786437988,0.0,0.0
11/27/2006,10.423102378845215,0.0,0.0
11/28/2006,10.385440826416016,0.0,0.0
11/29/2006,10.601999282836914,0.0,0.0
12/07/2006,10.790311813354492,0.0,0.0
12/08/2006,10.762066841125488,0.0,0.0
12/11/2006,10.78089714050293,0.0,0.0
12/12/2006,10.752649307250977,0.0,0.0
12/13/2006,10.733818054199219,0.0,0.0
12/19/2006,10.677325248718262,0.0,0.0
12/20/2006,10.743232727050781,0.0,0.0
12/27/2006,10.799727439880371,0.0,0.0
12/28/2006,10.837389945983887,0.0,0.0
01/03/2007,10.95979404449463,0.0,0.0
01/04/2007,10.865637779235842,0.0,0.0
01/09/2007,10.818559646606445,0.0,0.0
01/11/2007,10.827974319458008,0.0,0.0
01/12/2007,10.912715911865236,0.0,0.0
01/16/2007,11.016286849975586,0.0,0.0
01/17/2007,10.969208717346191,0.0,0.0
01/18/2007,10.978625297546388,0.0,0.0
01/19/2007,10.997456550598143,0.0,0.0
01/22/2007,11.20460033416748,0.0,0.0
01/23/2007,11.355250358581543,0.0,0.0
01/24/2007,11.402327537536621,0.0,0.0
01/25/2007,11.289340019226074,0.0,0.0
01/26/2007,11.279923439025877,0.0,0.0
01/29/2007,11.411744117736816,0.0,0.0
01/30/2007,11.439990043640137,0.0,0.0
01/31/2007,11.534146308898926,0.0,0.0
02/01/2007,11.684797286987305,0.0,0.0
02/05/2007,12.023759841918947,0.0,0.0
02/06/2007,12.07083797454834,0.0,0.0
02/07/2007,12.230902671813965,0.0,0.0
02/08/2007,12.117915153503418,0.0,0.0
02/09/2007,12.325058937072754,0.0,0.0
02/12/2007,12.277981758117676,0.0,0.0
02/14/2007,12.47571086883545,0.0,0.0
02/15/2007,12.362722396850586,0.0,0.0
02/20/2007,12.419217109680176,0.0,0.0
02/22/2007,12.560450553894041,0.0,0.0
02/23/2007,12.569868087768555,0.0,0.0
02/27/2007,12.061423301696777,0.0,0.0
03/01/2007,11.920186996459961,0.0,0.0
03/06/2007,11.788369178771973,0.0,0.0
03/08/2007,12.00492858886719,0.0,0.0
03/09/2007,12.127332687377928,0.0,0.0
03/12/2007,12.24031925201416,0.0,0.0
03/13/2007,11.882525444030762,0.0,0.0
03/19/2007,11.910771369934082,0.0,0.0
03/20/2007,11.995512962341307,0.0,0.0
03/21/2007,12.20265579223633,0.0,0.0
03/22/2007,12.287397384643555,0.0,0.0
03/23/2007,12.29681396484375,0.0,0.0
03/26/2007,12.372138023376467,0.0,0.0
03/27/2007,12.409799575805664,0.0,0.0
03/28/2007,12.221487998962404,0.0,0.0
03/29/2007,12.35330581665039,0.0,0.0
04/03/2007,12.513372421264648,0.0,0.0
04/04/2007,12.626359939575195,0.0,0.0
04/09/2007,12.607529640197752,0.0,0.0
04/10/2007,12.777010917663574,0.0,0.0
04/11/2007,12.72993278503418,0.0,0.0
04/12/2007,12.786425590515137,0.0,0.0
04/13/2007,12.833502769470215,0.0,0.0
04/16/2007,13.068895339965822,0.0,0.0
04/19/2007,12.984153747558594,0.0,0.0
04/20/2007,13.191298484802246,0.0,0.0
04/23/2007,13.228959083557129,0.0,0.0
04/24/2007,13.144218444824219,0.0,0.0
04/25/2007,13.285453796386719,0.0,0.0
04/26/2007,13.210128784179688,0.0,0.0
05/03/2007,12.927659988403319,0.0,0.0
05/04/2007,12.993569374084473,0.0,0.0
05/07/2007,13.012400627136229,0.0,0.0
05/08/2007,12.908828735351564,0.0,0.0
05/09/2007,12.946491241455076,0.0,0.0
05/15/2007,13.002985954284668,0.0,0.0
05/16/2007,13.0783109664917,0.0,0.0
05/18/2007,13.257207870483398,0.0,0.0
05/21/2007,13.323115348815916,0.0,0.0
05/22/2007,13.34194755554199,0.0,0.0
05/23/2007,13.454936027526855,0.0,0.0
05/24/2007,13.276039123535156,0.0,0.0
05/25/2007,13.398442268371582,0.0,0.0
05/29/2007,13.46435260772705,0.0,0.0
05/30/2007,13.473767280578613,0.0,0.0
05/31/2007,13.680910110473633,0.0,0.0
06/01/2007,13.737404823303224,0.0,0.0
06/04/2007,13.75623607635498,0.0,0.0
06/05/2007,13.822145462036133,0.0,0.0
06/06/2007,13.596169471740723,0.0,0.0
06/08/2007,13.417272567749022,0.0,0.0
06/11/2007,13.445518493652344,0.0,0.0
06/12/2007,13.36077880859375,0.0,0.0
06/13/2007,13.530259132385254,0.0,0.0
06/14/2007,13.662079811096191,0.0,0.0
06/15/2007,13.888053894042969,0.0,0.0
06/18/2007,14.010457038879395,0.0,0.0
06/19/2007,14.02928829193115,0.0,0.0
06/20/2007,13.963379859924316,0.0,0.0
06/21/2007,13.953963279724121,0.0,0.0
06/22/2007,13.906886100769043,0.0,0.0
06/25/2007,13.850392341613768,0.0,0.0
06/28/2007,14.038703918457031,0.0,0.0
06/29/2007,14.161107063293457,0.0,0.0
07/02/2007,14.518902778625488,0.0,0.0
07/03/2007,14.556565284729004,0.0,0.0
07/05/2007,14.44357681274414,0.0,0.0
07/06/2007,14.509485244750977,0.0,0.0
07/09/2007,14.6318883895874,0.0,0.0
07/10/2007,14.641304969787596,0.0,0.0
07/12/2007,14.867280960083008,0.0,0.0
07/13/2007,14.904941558837889,0.0,0.0
07/16/2007,14.923773765563965,0.0,0.0
07/17/2007,14.876697540283203,0.0,0.0
07/18/2007,14.73546028137207,0.0,0.0
07/19/2007,14.914359092712402,0.0,0.0
07/20/2007,14.801370620727539,0.0,0.0
07/24/2007,14.603642463684082,0.0,0.0
07/26/2007,14.085783004760742,0.0,0.0
07/27/2007,13.803313255310059,0.0,0.0
07/30/2007,14.104613304138184,0.0,0.0
08/01/2007,14.095199584960938,0.0,0.0
08/02/2007,13.991626739501951,0.0,0.0
08/03/2007,13.699743270874025,0.0,0.0
08/07/2007,14.066950798034668,0.0,0.0
08/08/2007,14.678968429565428,0.0,0.0
08/10/2007,14.048121452331543,0.0,0.0
08/13/2007,13.840975761413574,0.0,0.0
08/14/2007,13.426689147949219,0.0,0.0
08/21/2007,12.720516204833984,0.0,0.0
08/22/2007,13.115973472595213,0.0,0.0
08/23/2007,13.219545364379883,0.0,0.0
08/24/2007,13.370194435119629,0.0,0.0
08/27/2007,13.247791290283203,0.0,0.0
08/29/2007,13.163051605224611,0.0,0.0
08/30/2007,13.125388145446776,0.0,0.0
08/31/2007,13.389026641845703,0.0,0.0
09/07/2007,13.266623497009277,0.0,0.0
09/10/2007,13.181880950927734,0.0,0.0
09/11/2007,13.4361047744751,0.0,0.0
09/14/2007,13.407856941223146,0.0,0.0
09/21/2007,14.123443603515623,0.0,0.0
09/24/2007,14.217601776123045,0.0,0.0
09/26/2007,14.613058090209961,0.0,0.0
09/28/2007,14.660135269165039,0.0,0.0
10/02/2007,14.895525932312012,0.0,0.0
10/03/2007,14.744876861572267,0.0,0.0
10/04/2007,14.857864379882812,0.0,0.0
10/05/2007,15.10267162322998,0.0,0.0
10/09/2007,15.130917549133299,0.0,0.0
10/10/2007,15.093255996704102,0.0,0.0
10/11/2007,15.065009117126467,0.0,0.0
10/12/2007,15.177995681762697,0.0,0.0
10/15/2007,15.07442378997803,0.0,0.0
10/16/2007,14.961438179016113,0.0,0.0
10/17/2007,15.149748802185059,0.0,0.0
10/18/2007,15.22507381439209,0.0,0.0
10/22/2007,14.810785293579102,0.0,0.0
10/23/2007,15.168581008911131,0.0,0.0
10/24/2007,15.083840370178223,0.0,0.0
10/25/2007,15.309816360473635,0.0,0.0
10/26/2007,15.451048851013184,0.0,0.0
10/29/2007,15.790013313293459,0.0,0.0
10/30/2007,15.648777961730957,0.0,0.0
10/31/2007,16.006568908691406,0.0,0.0
11/01/2007,15.695854187011717,0.0,0.0
11/02/2007,15.846505165100098,0.0,0.0
11/05/2007,15.686439514160156,0.0,0.0
11/06/2007,16.307870864868164,0.0,0.0
11/07/2007,16.12897300720215,0.0,0.0
11/08/2007,16.138389587402344,0.0,0.0
11/09/2007,15.71468734741211,0.0,0.0
11/12/2007,15.196825981140135,0.0,0.0
11/14/2007,15.281566619873047,0.0,0.0
11/15/2007,15.112085342407225,0.0,0.0
11/19/2007,14.424744606018066,0.0,0.0
11/20/2007,14.575394630432129,0.0,0.0
11/21/2007,14.151691436767578,0.0,0.0
11/23/2007,14.368250846862795,0.0,0.0
11/26/2007,14.26467990875244,0.0,0.0
11/27/2007,14.471823692321777,0.0,0.0
11/28/2007,14.952020645141603,0.0,0.0
11/29/2007,15.017929077148438,0.0,0.0
11/30/2007,15.206242561340332,0.0,0.0
12/03/2007,15.140334129333496,0.0,0.0
12/04/2007,14.933188438415526,0.0,0.0
12/05/2007,15.23448848724365,0.0,0.0
12/06/2007,15.33806324005127,0.0,0.0
12/10/2007,15.498126983642578,0.0,0.0
12/11/2007,15.04617691040039,0.0,0.0
12/12/2007,15.29098129272461,0.0,0.0
12/13/2007,15.027345657348631,0.0,0.0
12/19/2007,14.669551849365236,0.0,0.0
12/21/2007,15.008514404296877,0.0,0.0
12/24/2007,15.159165382385254,0.0,0.0
12/27/2007,15.403971672058104,0.0,0.0
12/31/2007,15.30039882659912,0.0,0.0
01/02/2008,15.356892585754393,0.0,0.0
01/03/2008,15.479297637939453,0.0,0.0
01/07/2008,14.754293441772463,0.0,0.0
01/08/2008,14.622472763061523,0.0,0.0
01/09/2008,14.537731170654297,0.0,0.0
01/10/2008,14.349420547485353,0.0,0.0
01/14/2008,14.330589294433592,0.0,0.0
01/15/2008,13.727988243103027,0.0,0.0
01/18/2008,12.503955841064453,0.0,0.0
01/22/2008,12.052006721496582,0.0,0.0
01/23/2008,12.033175468444824,0.0,0.0
01/24/2008,12.390970230102539,0.0,0.0
01/30/2008,12.67343807220459,0.0,0.0
02/05/2008,12.259151458740234,0.0,0.0
02/08/2008,11.90135669708252,0.0,0.0
02/11/2008,11.967265129089355,0.0,0.0
02/12/2008,12.15557861328125,0.0,0.0
02/13/2008,12.588697433471678,0.0,0.0
02/14/2008,12.541618347167969,0.0,0.0
02/19/2008,12.616943359375,0.0,0.0
02/20/2008,12.456878662109375,0.0,0.0
02/21/2008,12.428631782531738,0.0,0.0
02/26/2008,12.7958402633667,0.0,0.0
03/05/2008,12.711100578308105,0.0,0.0
03/07/2008,12.381553649902344,0.0,0.0
03/10/2008,12.164994239807129,0.0,0.0
03/13/2008,12.645190238952637,0.0,0.0
03/19/2008,11.816615104675293,0.0,0.0
03/25/2008,12.268566131591799,0.0,0.0
03/27/2008,12.522788047790527,0.0,0.0
03/28/2008,12.635775566101074,0.0,0.0
04/03/2008,13.172467231750488,0.0,0.0
04/07/2008,13.605586051940916,0.0,0.0
04/10/2008,13.37961006164551,0.0,0.0
04/16/2008,13.94454860687256,0.0,0.0
04/21/2008,13.859807968139648,0.0,0.0
04/24/2008,13.831559181213377,0.0,0.0
04/28/2008,13.89747142791748,0.0,0.0
04/29/2008,13.624416351318361,0.0,0.0
04/30/2008,13.765650749206543,0.0,0.0
05/01/2008,13.784482955932617,0.0,0.0
05/02/2008,13.709157943725584,0.0,0.0
05/06/2008,13.793897628784178,0.0,0.0
05/07/2008,13.567922592163086,0.0,0.0
05/09/2008,13.67149543762207,0.0,0.0
05/15/2008,14.30234146118164,0.0,0.0
05/19/2008,14.481240272521973,0.0,0.0
05/21/2008,14.358835220336914,0.0,0.0
05/27/2008,14.198769569396973,0.0,0.0
05/28/2008,14.057536125183105,0.0,0.0
06/05/2008,14.311758041381836,0.0,0.0
06/06/2008,13.982211112976072,0.0,0.0
06/16/2008,13.652664184570312,0.0,0.0
06/20/2008,13.549092292785646,0.0,0.0
06/23/2008,13.520844459533691,0.0,0.0
06/25/2008,13.586754798889162,0.0,0.0
06/26/2008,13.10655689239502,0.0,0.0
07/07/2008,12.099084854125977,0.0,0.0
07/09/2008,11.703627586364746,0.0,0.0
07/10/2008,11.948434829711914,0.0,0.0
07/14/2008,11.863694190979002,0.0,0.0
07/15/2008,11.618886947631836,0.0,0.0
07/22/2008,12.01434326171875,0.0,0.0
07/24/2008,11.47765350341797,0.0,0.0
07/25/2008,11.628302574157715,0.0,0.0
07/28/2008,11.46823787689209,0.0,0.0
07/29/2008,11.675380706787111,0.0,0.0
08/01/2008,11.505900382995605,0.0,0.0
08/06/2008,11.421159744262695,0.0,0.0
08/08/2008,11.449406623840332,0.0,0.0
08/11/2008,11.364665985107422,0.0,0.0
08/18/2008,11.430574417114258,0.0,0.0
08/20/2008,11.656550407409666,0.0,0.0
08/22/2008,11.939018249511719,0.0,0.0
08/25/2008,11.778953552246094,0.0,0.0
08/29/2008,11.986097335815428,0.0,0.0
09/03/2008,11.32700252532959,0.0,0.0
09/04/2008,10.884469032287598,0.0,0.0
09/08/2008,10.856222152709961,0.0,0.0
09/10/2008,10.027646064758303,0.0,0.0
09/11/2008,10.008814811706543,0.0,0.0
09/17/2008,9.481537818908691,0.0,0.0
09/18/2008,9.811086654663084,0.0,0.0
09/23/2008,10.112386703491211,0.0,0.0
09/29/2008,8.728289604187012,0.0,0.0
09/30/2008,8.907187461853027,0.0,0.0
10/01/2008,8.926016807556152,0.0,0.0
10/02/2008,8.351663589477539,0.0,0.0
10/03/2008,8.266921997070312,0.0,0.0
10/06/2008,7.485425949096681,0.0,0.0
10/07/2008,6.788669109344482,0.0,0.0
10/08/2008,6.525031566619873,0.0,0.0
10/09/2008,6.186069011688233,0.0,0.0
10/10/2008,6.167238235473633,0.0,0.0
10/13/2008,7.1088008880615225,0.0,0.0
10/14/2008,7.052306652069092,0.0,0.0
10/15/2008,6.223731040954591,0.0,0.0
10/16/2008,6.515615463256837,0.0,0.0
10/17/2008,6.261394023895264,0.0,0.0
10/20/2008,6.6850972175598145,0.0,0.0
10/21/2008,6.346134662628173,0.0,0.0
10/22/2008,5.639961719512939,0.0,0.0
10/23/2008,5.498728275299071,0.0,0.0
10/24/2008,5.009114742279053,0.0,0.0
10/27/2008,4.538334369659424,0.0,0.0
10/28/2008,4.9149580001831055,0.0,0.0
10/29/2008,4.962036609649658,0.0,0.0
10/30/2008,5.385740280151367,0.0,0.0
10/31/2008,5.4704809188842765,0.0,0.0
11/03/2008,5.847106456756592,0.0,0.0
11/04/2008,6.619187831878663,0.0,0.0
11/05/2008,5.969509124755859,0.0,0.0
11/06/2008,5.461065292358398,0.0,0.0
11/07/2008,5.743534088134766,0.0,0.0
11/10/2008,5.687040328979492,0.0,0.0
11/12/2008,4.980868816375732,0.0,0.0
11/14/2008,5.122102737426758,0.0,0.0
11/17/2008,5.046777725219727,0.0,0.0
11/18/2008,4.924374580383301,0.0,0.0
11/19/2008,4.472424030303955,0.0,0.0
11/20/2008,3.9639799594879146,0.0,0.0
11/21/2008,4.274696350097656,0.0,0.0
11/24/2008,4.651321887969971,0.0,0.0
11/25/2008,4.74547815322876,0.0,0.0
11/26/2008,4.8678812980651855,0.0,0.0
11/28/2008,4.896127700805664,0.0,0.0
12/01/2008,4.4253458976745605,0.0,0.0
12/03/2008,4.7548933029174805,0.0,0.0
12/04/2008,4.594827175140381,0.0,0.0
12/05/2008,4.660736560821533,0.0,0.0
12/08/2008,4.811386585235596,0.0,0.0
12/09/2008,4.547748565673828,0.0,0.0
12/11/2008,4.566580295562744,0.0,0.0
12/15/2008,4.613658905029297,0.0,0.0
12/16/2008,4.877296447753906,0.0,0.0
12/17/2008,4.990284442901611,0.0,0.0
12/18/2008,4.905543327331542,0.0,0.0
12/19/2008,4.9337897300720215,0.0,0.0
12/22/2008,4.830218315124512,0.0,0.0
12/24/2008,4.839633464813232,0.0,0.0
12/26/2008,4.886712074279786,0.0,0.0
12/30/2008,4.855535984039307,0.007,0.007
12/31/2008,4.846107482910156,0.0,0.007
01/02/2009,5.147811412811279,0.0,0.007
01/05/2009,5.270378112792969,0.0,0.007
01/06/2009,5.336374759674072,0.0,0.007
01/07/2009,5.091241836547852,0.0,0.007
01/08/2009,5.119525909423828,0.0,0.007
01/09/2009,5.1006693840026855,0.0,0.007
01/12/2009,4.921533107757568,0.0,0.007
01/13/2009,4.7801103591918945,0.0,0.007
01/14/2009,4.54440450668335,0.0,0.007
01/15/2009,4.582117080688477,0.0,0.007
01/16/2009,4.695256233215332,0.0,0.007
01/20/2009,4.308699131011963,0.0,0.007
01/21/2009,4.4501214027404785,0.0,0.007
01/22/2009,4.318126678466797,0.0,0.007
01/23/2009,4.327555179595947,0.0,0.007
01/26/2009,4.440694332122803,0.0,0.007
01/27/2009,4.525547504425049,0.0,0.007
01/28/2009,4.65754270553589,0.0,0.007
01/29/2009,4.48783540725708,0.0,0.007
01/30/2009,4.459550380706787,0.0,0.007
02/02/2009,4.374695777893066,0.0,0.007
02/03/2009,4.468978404998779,0.0,0.007
02/05/2009,4.497262954711914,0.0,0.007
02/06/2009,4.600973129272461,0.0,0.007
02/09/2009,4.6763997077941895,0.0,0.007
02/11/2009,4.516119956970215,0.0,0.007
02/12/2009,4.42183780670166,0.0,0.007
02/17/2009,4.299270153045654,0.0,0.007
02/18/2009,4.2049880027771,0.0,0.007
02/19/2009,4.167275428771973,0.0,0.007
02/20/2009,4.082420825958252,0.0,0.007
02/23/2009,3.912713527679443,0.0,0.007
02/24/2009,4.091849327087402,0.0,0.007
02/25/2009,3.903285026550293,0.0,0.007
02/26/2009,3.893857002258301,0.0,0.007
02/27/2009,3.818431377410889,0.0,0.007
03/02/2009,3.639294624328613,0.0,0.007
03/03/2009,3.6204380989074707,0.0,0.007
03/04/2009,3.7901463508605957,0.0,0.007
03/05/2009,3.592153549194336,0.0,0.007
03/06/2009,3.5732972621917725,0.0,0.007
03/09/2009,3.5450124740600586,0.0,0.007
03/10/2009,3.7995743751525874,0.0,0.007
03/11/2009,3.7712900638580327,0.0,0.007
03/12/2009,3.8561439514160156,0.0,0.007
03/13/2009,3.8844285011291504,0.0,0.007
03/16/2009,3.922141790390015,0.0,0.007
03/18/2009,3.9787108898162837,0.0,0.007
03/19/2009,4.044708728790283,0.0,0.007
03/23/2009,4.233273029327393,0.0,0.007
03/24/2009,4.120134353637695,0.0,0.007
03/26/2009,4.572689056396484,0.0,0.007
03/27/2009,4.4784064292907715,0.0,0.007
03/30/2009,4.280413627624512,0.0,0.007
03/31/2009,4.355839729309082,0.0,0.007
04/06/2009,4.6481146812438965,0.0,0.007
04/09/2009,4.732968807220459,0.0,0.007
04/13/2009,4.714112758636474,0.0,0.007
04/14/2009,4.685827732086182,0.0,0.007
04/16/2009,4.742396831512451,0.0,0.007
04/21/2009,4.5066914558410645,0.0,0.007
04/22/2009,4.553832530975342,0.0,0.007
04/27/2009,4.629258632659912,0.0,0.007
04/29/2009,4.836679458618164,0.0,0.007
04/30/2009,5.053528785705566,0.0,0.007
05/04/2009,5.449514389038086,0.0,0.007
05/05/2009,5.4400858879089355,0.0,0.007
05/06/2009,5.581509113311767,0.0,0.007
05/07/2009,5.496654987335205,0.0,0.007
05/08/2009,5.64750623703003,0.0,0.007
05/11/2009,5.562653064727782,0.0,0.007
05/13/2009,5.242093563079834,0.0,0.007
05/14/2009,5.32694673538208,0.0,0.007
05/15/2009,5.3080902099609375,0.0,0.007
05/18/2009,5.458941459655762,0.0,0.007
05/19/2009,5.590936660766602,0.0,0.007
05/20/2009,5.732360839843749,0.0,0.007
05/21/2009,5.638078689575195,0.0,0.007
05/22/2009,5.666362762451172,0.0,0.007
05/26/2009,5.741788387298584,0.0,0.007
05/27/2009,5.779501914978027,0.0,0.007
05/28/2009,5.826642990112305,0.0,0.007
05/29/2009,5.958638668060303,0.0,0.007
06/01/2009,6.156630516052246,0.0,0.007
06/04/2009,6.071776866912843,0.0,0.007
06/08/2009,5.99635124206543,0.0,0.007
06/09/2009,6.147202968597412,0.0,0.007
06/10/2009,6.298054218292236,0.0,0.007
06/11/2009,6.307482719421387,0.0,0.007
06/12/2009,6.184915065765381,0.0,0.007
06/15/2009,5.977494716644287,0.0,0.007
06/16/2009,5.902069091796875,0.0,0.007
06/22/2009,5.477798938751221,0.0,0.007
06/23/2009,5.553224563598633,0.0,0.007
06/24/2009,5.694647789001465,0.0,0.007
06/29/2009,5.7889299392700195,0.0,0.007
06/30/2009,5.8172149658203125,0.0,0.007
07/01/2009,5.864355564117432,0.0,0.007
07/02/2009,5.704075813293456,0.0,0.007
07/06/2009,5.468370437622071,0.0,0.007
07/07/2009,5.317519187927246,0.0,0.007
07/08/2009,5.232665061950684,0.0,0.007
07/09/2009,5.345803737640381,0.0,0.007
07/10/2009,5.279806137084961,0.0,0.007
07/13/2009,5.40237283706665,0.0,0.007
07/16/2009,5.60036563873291,0.0,0.007
07/20/2009,5.7229323387146,0.0,0.007
07/22/2009,5.807786464691162,0.0,0.007
07/23/2009,5.920925617218018,0.0,0.007
07/24/2009,6.109489440917969,0.0,0.007
07/28/2009,6.005778789520264,0.0,0.007
07/29/2009,5.892640590667725,0.0,0.007
08/03/2009,6.279198169708253,0.0,0.007
08/04/2009,6.250913619995118,0.0,0.007
08/05/2009,6.194343566894531,0.0,0.007
08/06/2009,6.1283464431762695,0.0,0.007
08/07/2009,6.081204891204833,0.0,0.007
08/10/2009,6.118917465209962,0.0,0.007
08/12/2009,6.034063816070557,0.0,0.007
08/13/2009,5.949209690093993,0.0,0.007
08/14/2009,5.930353164672852,0.0,0.007
08/17/2009,5.675791263580322,0.0,0.007
08/18/2009,5.713504791259766,0.0,0.007
08/24/2009,5.798357963562012,0.0,0.007
08/25/2009,5.751216888427734,0.0,0.007
08/26/2009,5.685220241546631,0.0,0.007
08/31/2009,5.628649711608887,0.0,0.007
09/11/2009,6.090633392333984,0.0,0.007
09/15/2009,6.241484642028809,0.0,0.007
09/16/2009,6.439477920532227,0.0,0.007
09/17/2009,6.4771904945373535,0.0,0.007
09/21/2009,6.354623317718506,0.0,0.007
09/22/2009,6.420621395111083,0.0,0.007
09/29/2009,6.175487518310547,0.0,0.007
10/02/2009,5.939781665802001,0.0,0.007
10/05/2009,6.043491840362549,0.0,0.007
10/08/2009,6.316910266876221,0.0,0.007
10/12/2009,6.411193370819092,0.0,0.007
10/13/2009,6.364052295684814,0.0,0.007
10/15/2009,6.382908344268798,0.0,0.007
10/20/2009,6.345195770263671,0.0,0.007
10/21/2009,6.326339244842529,0.0,0.007
10/22/2009,6.335766792297363,0.0,0.007
10/26/2009,6.052920341491698,0.0,0.007
10/28/2009,5.873783588409424,0.0,0.007
10/30/2009,5.836071491241455,0.0,0.007
11/04/2009,5.91149663925171,0.0,0.007
11/05/2009,6.015207767486572,0.0,0.007
11/09/2009,6.1377739906311035,0.0,0.007
11/20/2009,5.968066215515138,0.0,0.007
11/25/2009,6.100061416625977,0.0,0.007
11/30/2009,6.062347888946533,0.0,0.007
12/02/2009,6.260340690612792,0.0,0.007
12/07/2009,6.392336368560791,0.0,0.007
12/10/2009,6.222628593444824,0.0,0.007
12/16/2009,6.401764869689941,0.0,0.007
12/21/2009,6.373480319976807,0.0,0.007
12/23/2009,6.430049419403076,0.0,0.007
12/30/2009,6.4560818672180185,0.237,0.237
12/31/2009,6.465848445892333,0.0,0.237
01/04/2010,6.612355709075929,0.0,0.237
01/05/2010,6.75886344909668,0.0,0.237
01/06/2010,6.837000370025634,0.0,0.237
01/07/2010,6.817465782165527,0.0,0.237
01/08/2010,6.8760690689086905,0.0,0.237
01/11/2010,6.934671878814698,0.0,0.237
01/12/2010,6.788164138793946,0.0,0.237
01/13/2010,6.807698726654054,0.0,0.237
01/14/2010,6.6514244079589835,0.0,0.237
01/19/2010,6.426780700683594,0.0,0.237
01/20/2010,6.1826019287109375,0.0,0.237
01/21/2010,6.0360941886901855,0.0,0.237
01/22/2010,5.811450481414796,0.0,0.237
01/25/2010,5.9286561012268075,0.0,0.237
01/26/2010,5.957956790924073,0.0,0.237
01/27/2010,5.850518703460693,0.0,0.237
01/28/2010,5.762614727020264,0.0,0.237
01/29/2010,5.713778495788575,0.0,0.237
02/01/2010,5.84075164794922,0.0,0.237
02/03/2010,5.918889045715332,0.0,0.237
02/04/2010,5.596573352813721,0.0,0.237
02/05/2010,5.6258745193481445,0.0,0.237
02/08/2010,5.518435955047607,0.0,0.237
02/09/2010,5.635641574859619,0.0,0.237
02/10/2010,5.567271709442139,0.0,0.237
02/11/2010,5.645409107208253,0.0,0.237
02/16/2010,5.772381782531739,0.0,0.237
02/17/2010,5.733313083648682,0.0,0.237
02/19/2010,5.664943695068359,0.0,0.237
02/22/2010,5.586806297302246,0.0,0.237
02/23/2010,5.45006561279297,0.0,0.237
02/24/2010,5.420764923095703,0.0,0.237
02/25/2010,5.381696701049805,0.0,0.237
02/26/2010,5.371928691864015,0.0,0.237
03/01/2010,5.362161159515381,0.0,0.237
03/02/2010,5.401230335235595,0.0,0.237
03/03/2010,5.557504653930664,0.0,0.237
03/04/2010,5.54773712158203,0.0,0.237
03/05/2010,5.6551756858825675,0.0,0.237
03/08/2010,5.606340408325195,0.0,0.237
03/10/2010,5.674710273742676,0.0,0.237
03/11/2010,5.704011917114258,0.0,0.237
03/16/2010,5.723546028137206,0.0,0.237
03/17/2010,5.782148838043214,0.0,0.237
03/18/2010,5.684477806091309,0.0,0.237
03/22/2010,5.577038764953613,0.0,0.237
03/24/2010,5.61610746383667,0.0,0.237
03/31/2010,5.801682949066162,0.0,0.237
04/05/2010,5.830984592437745,0.0,0.237
04/07/2010,5.889587879180908,0.0,0.237
04/08/2010,5.879819869995117,0.0,0.237
04/12/2010,5.948190212249756,0.0,0.237
04/13/2010,5.977491378784181,0.0,0.237
04/14/2010,6.0458617210388175,0.0,0.237
04/15/2010,6.055628299713135,0.0,0.237
04/16/2010,5.909121990203858,0.0,0.237
04/23/2010,5.860286235809326,0.0,0.237
04/30/2010,5.743080615997315,0.0,0.237
05/03/2010,5.8212175369262695,0.0,0.237
05/04/2010,5.528202533721924,0.0,0.237
05/06/2010,5.069147109985352,0.0,0.237
05/07/2010,4.981242656707764,0.0,0.237
05/10/2010,5.303558826446533,0.0,0.237
05/11/2010,5.196119785308839,0.0,0.237
05/12/2010,5.264490127563477,0.0,0.237
05/14/2010,5.0398454666137695,0.0,0.237
05/17/2010,4.893339157104492,0.0,0.237
05/18/2010,4.815201759338379,0.0,0.237
05/19/2010,4.776133060455322,0.0,0.237
05/20/2010,4.639392852783202,0.0,0.237
05/21/2010,4.746831893920898,0.0,0.237
05/24/2010,4.649160861968994,0.0,0.237
05/25/2010,4.551488399505615,0.0,0.237
05/26/2010,4.610091686248779,0.0,0.237
05/27/2010,4.844503402709961,0.0,0.237
05/28/2010,4.756598949432373,0.0,0.237
06/02/2010,4.688229084014893,0.0,0.237
06/03/2010,4.697995662689209,0.0,0.237
06/04/2010,4.531954288482666,0.0,0.237
06/07/2010,4.404982089996338,0.0,0.237
06/08/2010,4.395214557647705,0.0,0.237
06/11/2010,4.727297782897949,0.0,0.237
06/14/2010,4.766366004943848,0.0,0.237
06/15/2010,4.942174434661864,0.0,0.237
06/16/2010,4.93240785598755,0.0,0.237
06/17/2010,4.971476078033446,0.0,0.237
06/18/2010,4.9617085456848145,0.0,0.237
06/22/2010,4.873804092407227,0.0,0.237
06/23/2010,4.864037036895752,0.0,0.237
06/24/2010,4.737064361572266,0.0,0.237
06/28/2010,4.717529773712158,0.0,0.237
06/29/2010,4.47335147857666,0.0,0.237
07/02/2010,4.590557098388672,0.0,0.237
07/06/2010,4.707763195037842,0.0,0.237
07/09/2010,5.02031135559082,0.0,0.237
07/14/2010,5.059380531311035,0.0,0.237
07/19/2010,4.9910101890563965,0.0,0.237
07/20/2010,5.030078887939453,0.0,0.237
07/22/2010,5.137517929077148,0.0,0.237
07/27/2010,5.157052040100098,0.0,0.237
07/28/2010,5.108216285705566,0.0,0.237
07/30/2010,4.922640800476074,0.0,0.237
08/03/2010,5.078914642333984,0.0,0.237
08/06/2010,5.186353206634521,0.0,0.237
08/09/2010,5.284024238586426,0.0,0.237
08/10/2010,5.225420951843262,0.0,0.237
08/13/2010,4.912873268127441,0.0,0.237
08/17/2010,5.010544776916505,0.0,0.237
08/18/2010,4.951941967010498,0.0,0.237
08/19/2010,4.8249688148498535,0.0,0.237
08/24/2010,4.619858741760254,0.0,0.237
08/25/2010,4.600325107574463,0.0,0.237
08/31/2010,4.785900115966797,0.0,0.237
09/07/2010,4.903105735778809,0.0,0.237
09/14/2010,5.127750396728516,0.0,0.237
09/15/2010,5.098448753356933,0.0,0.237
09/16/2010,5.117982387542724,0.0,0.237
09/27/2010,5.235188961029052,0.0,0.237
09/28/2010,5.293791770935059,0.0,0.237
10/05/2010,5.41099739074707,0.0,0.237
10/07/2010,5.4891347885131845,0.0,0.237
10/08/2010,5.469599723815918,0.0,0.237
10/19/2010,5.537970542907715,0.0,0.237
11/01/2010,5.45983362197876,0.0,0.237
11/11/2010,5.430531978607178,0.0,0.237
11/12/2010,5.274257659912109,0.0,0.237
11/18/2010,5.0496134757995605,0.0,0.237
12/14/2010,5.088681697845459,0.0,0.237
01/05/2011,5.166819095611572,0.0,0.0
01/06/2011,5.147284030914307,0.0,0.0
01/11/2011,5.25472354888916,0.0,0.0
01/12/2011,5.391462802886962,0.0,0.0
01/14/2011,5.352394580841064,0.0,0.0
01/27/2011,5.47936773300171,0.0,0.0
01/28/2011,5.34262752532959,0.0,0.0
02/16/2011,5.870053291320801,0.0,0.0
02/17/2011,5.899354457855224,0.0,0.0
02/18/2011,5.967724800109862,0.0,0.0
03/09/2011,5.508668899536133,0.0,0.0
03/10/2011,5.313325881958008,0.0,0.0
03/14/2011,5.498901844024658,0.0,0.0
03/15/2011,5.752847194671631,0.0,0.0
03/17/2011,5.694244384765625,0.0,0.0
03/29/2011,5.9384236335754395,0.0,0.0
03/30/2011,5.987259387969971,0.0,0.0
05/23/2011,5.176586627960205,0.0,0.0
06/20/2011,4.8542704582214355,0.0,0.0
07/12/2011,4.522188186645508,0.0,0.0
07/14/2011,4.512420177459717,0.0,0.0
07/15/2011,4.502653121948242,0.0,0.0
07/18/2011,4.4440507888793945,0.0,0.0
07/21/2011,4.668694496154785,0.0,0.0
07/25/2011,4.7956671714782715,0.0,0.0
08/02/2011,4.453816890716553,0.0,0.0
08/04/2011,4.131501197814941,0.0,0.0
08/05/2011,4.082665920257568,0.0,0.0
08/08/2011,3.731048583984375,0.0,0.0
08/09/2011,3.9849944114685063,0.0,0.0
08/10/2011,3.8287205696105953,0.0,0.0
08/11/2011,4.043597221374512,0.0,0.0
08/12/2011,4.092433452606201,0.0,0.0
08/15/2011,4.248707294464111,0.0,0.0
08/16/2011,4.2096381187438965,0.0,0.0
08/17/2011,4.180337429046631,0.0,0.0
08/18/2011,3.9556934833526616,0.0,0.0
08/19/2011,3.8384873867034908,0.0,0.0
08/22/2011,3.848254442214966,0.0,0.0
08/23/2011,4.014296054840088,0.0,0.0
08/24/2011,4.053364276885986,0.0,0.0
08/25/2011,3.9947619438171382,0.0,0.0
08/26/2011,4.072898864746094,0.0,0.0
08/29/2011,4.2194061279296875,0.0,0.0
08/31/2011,4.199872016906738,0.0,0.0
09/07/2011,3.9263916015624996,0.0,0.0
09/08/2011,3.8091859817504883,0.0,0.0
09/09/2011,3.6333773136138916,0.0,0.0
09/12/2011,3.594308614730835,0.0,0.0
09/14/2011,3.691980123519898,0.0,0.0
09/15/2011,3.7115144729614253,0.0,0.0
09/16/2011,3.6431446075439453,0.0,0.0
09/19/2011,3.535705804824829,0.0,0.0
09/20/2011,3.4087328910827637,0.0,0.0
09/21/2011,3.2817602157592773,0.0,0.0
09/22/2011,3.1450202465057373,0.0,0.0
09/23/2011,3.1743218898773193,0.0,0.0
09/26/2011,3.203622817993164,0.0,0.0
09/27/2011,3.2622256278991704,0.0,0.0
09/28/2011,3.1547873020172124,0.0,0.0
09/29/2011,3.1645543575286865,0.0,0.0
09/30/2011,3.047348737716675,0.0,0.0
10/03/2011,2.891074419021607,0.0,0.0
10/04/2011,2.9887456893920903,0.0,0.0
10/05/2011,3.0766503810882573,0.0,0.0
10/06/2011,3.223157167434693,0.0,0.0
10/07/2011,3.1352531909942627,0.0,0.0
10/10/2011,3.252458810806274,0.0,0.0
10/11/2011,3.2329242229461665,0.0,0.0
10/12/2011,3.31106162071228,0.0,0.0
10/13/2011,3.3012948036193848,0.0,0.0
10/14/2011,3.340363264083862,0.0,0.0
10/18/2011,3.2719929218292236,0.0,0.0
10/20/2011,3.1938557624816895,0.0,0.0
10/25/2011,3.2915272712707524,0.0,0.0
10/26/2011,3.350130081176758,0.0,0.0
10/27/2011,3.5845417976379395,0.0,0.0
10/31/2011,3.3989660739898677,0.0,0.0
11/03/2011,3.3208289146423344,0.0,0.0
11/04/2011,3.3305959701538086,0.0,0.0
11/07/2011,3.3891987800598145,0.0,0.0
11/09/2011,3.213390350341797,0.0,0.0
11/16/2011,3.125485897064209,0.0,0.0
11/17/2011,3.086417436599732,0.0,0.0
11/18/2011,3.0571160316467285,0.0,0.0
11/21/2011,2.949677228927612,0.0,0.0
11/25/2011,2.861773014068603,0.0,0.0
11/28/2011,2.9692118167877197,0.0,0.0
11/29/2011,2.959444522857666,0.0,0.0
12/01/2011,3.0961844921112065,0.0,0.0
12/05/2011,3.1059515476226807,0.0,0.0
12/08/2011,2.998512983322144,0.0,0.0
12/14/2011,2.8031702041625977,0.0,0.0
12/15/2011,2.8227045536041264,0.0,0.0
12/16/2011,2.8422389030456543,0.0,0.0
12/19/2011,2.8129372596740723,0.0,0.0
12/20/2011,2.9106087684631348,0.0,0.0
12/22/2011,2.9399099349975586,0.0,0.0
12/23/2011,2.930143117904663,0.0,0.0
12/29/2011,2.8617730140686035,0.05,0.05
12/30/2011,2.901520013809204,0.0,0.05
01/03/2012,3.000886917114258,0.0,0.05
01/04/2012,2.9611401557922363,0.0,0.05
01/05/2012,2.9313302040100098,0.0,0.05
01/10/2012,3.020760536193848,0.0,0.05
01/11/2012,3.2095580101013184,0.0,0.05
01/12/2012,3.2592413425445557,0.0,0.05
01/13/2012,3.1499378681182866,0.0,0.05
01/17/2012,3.199621438980102,0.0,0.05
01/18/2012,3.26917839050293,0.0,0.05
01/19/2012,3.1896846294403076,0.0,0.05
01/20/2012,3.1797478199005127,0.0,0.05
01/23/2012,3.159874439239502,0.0,0.05
01/24/2012,3.140001058578491,0.0,0.05
01/26/2012,3.219494581222534,0.0,0.05
01/27/2012,3.279114961624145,0.0,0.05
01/30/2012,3.239368200302124,0.0,0.05
02/03/2012,3.3387351036071777,0.0,0.05
02/06/2012,3.3784821033477783,0.0,0.05
02/07/2012,3.3586087226867676,0.0,0.05
02/08/2012,3.4182291030883785,0.0,0.05
02/09/2012,3.5772161483764644,0.0,0.05
02/10/2012,3.4679124355316167,0.0,0.05
02/15/2012,3.318861722946167,0.0,0.05
02/16/2012,3.368545532226563,0.0,0.05
02/17/2012,3.4281656742095947,0.0,0.05
02/21/2012,3.497722625732422,0.0,0.05
02/22/2012,3.4381022453308105,0.0,0.05
02/27/2012,3.2989881038665767,0.0,0.05
02/29/2012,3.24930477142334,0.0,0.05
03/06/2012,3.080380439758301,0.0,0.05
03/07/2012,3.100254058837891,0.0,0.05
03/12/2012,3.130064487457276,0.0,0.05
03/21/2012,3.169811248779297,0.0,0.05
03/28/2012,3.1101911067962646,0.0,0.05
03/29/2012,3.0704438686370845,0.0,0.05
03/30/2012,3.0505707263946533,0.0,0.05
04/02/2012,3.010823965072632,0.0,0.05
04/03/2012,2.9710769653320312,0.0,0.05
04/04/2012,2.8915834426879883,0.0,0.05
04/09/2012,2.831963062286377,0.0,0.05
04/10/2012,2.7822792530059814,0.0,0.05
04/11/2012,2.841899633407593,0.0,0.05
04/12/2012,2.8617730140686035,0.0,0.05
04/13/2012,2.802152872085571,0.0,0.05
04/17/2012,2.851836204528808,0.0,0.05
04/18/2012,2.822026014328003,0.0,0.05
04/20/2012,2.7723426818847656,0.0,0.05
04/23/2012,2.7127225399017334,0.0,0.05
04/24/2012,2.722659111022949,0.0,0.05
04/25/2012,2.7524693012237544,0.0,0.05
05/01/2012,2.792216300964356,0.0,0.05
05/03/2012,2.74253249168396,0.0,0.05
05/04/2012,2.7027857303619385,0.0,0.05
05/07/2012,2.6928491592407227,0.0,0.05
05/08/2012,2.663038969039917,0.0,0.05
05/09/2012,2.653102397918701,0.0,0.05
05/10/2012,2.6729755401611324,0.0,0.05
05/14/2012,2.5934817790985107,0.0,0.05
05/15/2012,2.5437982082366943,0.0,0.05
05/16/2012,2.484178066253662,0.0,0.05
05/17/2012,2.404684543609619,0.0,0.05
05/18/2012,2.3450639247894283,0.0,0.05
05/21/2012,2.3848109245300293,0.0,0.05
05/23/2012,2.3649375438690186,0.0,0.05
05/24/2012,2.335127115249634,0.0,0.05
05/25/2012,2.325190544128418,0.0,0.05
05/30/2012,2.275506734848022,0.0,0.05
06/01/2012,2.245697021484375,0.0,0.05
06/04/2012,2.2158868312835693,0.0,0.05
06/05/2012,2.255633592605591,0.0,0.05
06/06/2012,2.3053171634674072,0.0,0.05
06/07/2012,2.2953803539276123,0.0,0.05
06/12/2012,2.315253734588623,0.0,0.05
06/15/2012,2.394747734069824,0.0,0.05
06/18/2012,2.4344944953918457,0.0,0.05
06/19/2012,2.444431304931641,0.0,0.05
06/20/2012,2.474241256713867,0.0,0.05
06/29/2012,2.424557685852051,0.0,0.05
07/06/2012,2.464304685592651,0.0,0.05
07/12/2012,2.3550007343292236,0.0,0.05
07/24/2012,2.1860766410827637,0.0,0.05
07/25/2012,2.176140069961548,0.0,0.05
07/26/2012,2.2258236408233643,0.0,0.05
07/27/2012,2.2655704021453857,0.0,0.05
07/31/2012,2.1960132122039795,0.0,0.05
08/13/2012,2.2854437828063965,0.0,0.05
08/20/2012,2.3748741149902344,0.0,0.05
08/23/2012,2.414620876312256,0.0,0.05
09/24/2012,2.454367637634277,0.0,0.05
11/15/2012,2.146329879760742,0.0,0.05
11/16/2012,2.1264564990997314,0.0,0.05
11/20/2012,2.1165196895599365,0.0,0.05
12/27/2012,2.430485725402832,0.006,0.006
12/28/2012,2.430485725402832,0.0,0.006
12/31/2012,2.4603686332702632,0.0,0.006
01/02/2013,2.5400567054748535,0.0,0.006
01/03/2013,2.6695499420166016,0.0,0.006
01/04/2013,2.689472198486328,0.0,0.006
01/07/2013,2.649627923965454,0.0,0.006
01/08/2013,2.659589052200318,0.0,0.006
01/09/2013,2.759198904037475,0.0,0.006
01/10/2013,2.7990431785583496,0.0,0.006
01/11/2013,2.818964958190918,0.0,0.006
01/14/2013,2.8289258480072017,0.0,0.006
01/15/2013,2.809004068374634,0.0,0.006
01/22/2013,2.8687701225280766,0.0,0.006
01/24/2013,2.7890818119049072,0.0,0.006
01/28/2013,2.769160032272339,0.0,0.006
01/29/2013,2.7492380142211914,0.0,0.006
02/04/2013,2.739276885986328,0.0,0.006
02/07/2013,2.8488478660583496,0.0,0.006
02/12/2013,2.928536176681519,0.0,0.006
02/13/2013,2.9484581947326656,0.0,0.006
02/14/2013,2.978341102600098,0.0,0.006
02/15/2013,2.938497066497803,0.0,0.006
03/04/2013,2.7293159961700435,0.0,0.006
03/07/2013,2.779120922088623,0.0,0.006
03/13/2013,2.7193548679351807,0.0,0.006
03/18/2013,2.6994330883026123,0.0,0.006
03/20/2013,2.7093939781188965,0.0,0.006
03/26/2013,2.63966703414917,0.0,0.006
03/27/2013,2.599822759628296,0.0,0.006
03/28/2013,2.5898618698120113,0.0,0.006
04/02/2013,2.550017833709717,0.0,0.006
04/03/2013,2.510173797607422,0.0,0.006
04/05/2013,2.5300958156585693,0.0,0.006
04/08/2013,2.569939613342285,0.0,0.006
04/19/2013,2.6297059059143066,0.0,0.006
04/22/2013,2.6795108318328857,0.0,0.006
05/02/2013,2.8787312507629395,0.0,0.006
05/10/2013,2.9584190845489506,0.0,0.006
05/13/2013,3.0082240104675293,0.0,0.006
05/15/2013,3.0580291748046875,0.0,0.006
05/16/2013,3.0181853771209717,0.0,0.006
05/20/2013,3.2174053192138667,0.0,0.006
05/21/2013,3.267210245132446,0.0,0.006
05/22/2013,3.127756357192993,0.0,0.006
05/23/2013,3.1177952289581303,0.0,0.006
05/24/2013,3.1476783752441406,0.0,0.006
05/28/2013,3.207444429397583,0.0,0.006
05/29/2013,3.1875224113464355,0.0,0.006
06/03/2013,3.1676003932952885,0.0,0.006
06/04/2013,3.137717485427856,0.0,0.006
06/05/2013,3.087912082672119,0.0,0.006
06/12/2013,3.097873210906982,0.0,0.006
06/17/2013,3.1775612831115727,0.0,0.006
06/21/2013,3.03810715675354,0.0,0.006
06/28/2013,3.107834100723267,0.0,0.006
07/10/2013,3.277171373367309,0.0,0.006
07/11/2013,3.3468983173370366,0.0,0.006
07/12/2013,3.307054281234741,0.0,0.006
07/15/2013,3.4166254997253414,0.0,0.006
07/16/2013,3.476391553878784,0.0,0.006
07/17/2013,3.4465084075927734,0.0,0.006
07/18/2013,3.4664306640625,0.0,0.006
07/22/2013,3.5361576080322266,0.0,0.006
07/23/2013,3.5660405158996578,0.0,0.006
07/24/2013,3.5859625339508057,0.0,0.006
07/25/2013,3.6258065700531,0.0,0.006
07/30/2013,3.655689716339111,0.0,0.006
07/31/2013,3.6357676982879643,0.0,0.006
08/02/2013,3.556079387664795,0.0,0.006
08/06/2013,3.5760016441345215,0.0,0.006
08/07/2013,3.4564695358276363,0.0,0.006
08/08/2013,3.5261964797973637,0.0,0.006
08/14/2013,3.5461184978485107,0.0,0.006
08/15/2013,3.506274461746216,0.0,0.006
08/19/2013,3.4365475177764897,0.0,0.006
08/23/2013,3.5959234237670903,0.0,0.006
08/27/2013,3.4265866279602055,0.0,0.006
09/05/2013,3.6855728626251225,0.0,0.006
09/06/2013,3.705494642257691,0.0,0.006
09/09/2013,3.7453386783599854,0.0,0.006
09/10/2013,3.7851827144622803,0.0,0.006
09/11/2013,3.735377550125122,0.0,0.006
09/17/2013,3.7254166603088374,0.0,0.006
09/19/2013,3.7552998065948486,0.0,0.006
09/24/2013,3.765260696411133,0.0,0.006
09/25/2013,3.8349876403808594,0.0,0.006
09/26/2013,3.864871025085449,0.0,0.006
09/27/2013,3.964480876922607,0.0,0.006
09/30/2013,4.014286041259766,0.0,0.006
10/01/2013,4.113896369934082,0.0,0.006
10/02/2013,4.123856544494629,0.0,0.006
10/03/2013,4.093973636627197,0.0,0.006
10/08/2013,4.064091205596924,0.0,0.006
10/09/2013,4.044168949127197,0.0,0.006
10/10/2013,4.13381814956665,0.0,0.006
10/11/2013,4.173662185668946,0.0,0.006
10/14/2013,4.18362283706665,0.0,0.006
10/15/2013,4.193583965301514,0.0,0.006
10/16/2013,4.21350622177124,0.0,0.006
10/17/2013,4.2732720375061035,0.0,0.006
10/18/2013,4.31311559677124,0.0,0.006
10/21/2013,4.352960109710693,0.0,0.006
10/22/2013,4.42268705368042,0.0,0.006
11/04/2013,4.233428001403809,0.0,0.006
11/05/2013,4.223466873168945,0.0,0.006
11/06/2013,4.253350257873535,0.0,0.006
11/07/2013,4.1437788009643555,0.0,0.006
11/14/2013,4.243389129638672,0.0,0.006
11/18/2013,4.293193817138672,0.0,0.006
11/29/2013,4.203544616699219,0.0,0.006
12/06/2013,3.9246368408203125,0.0,0.006
12/09/2013,3.8748319149017334,0.0,0.006
12/10/2013,3.904715061187744,0.0,0.006
12/11/2013,3.854909658432007,0.0,0.006
12/12/2013,3.8449485301971436,0.0,0.006
12/13/2013,3.8847928047180176,0.0,0.006
12/17/2013,3.894753932952881,0.0,0.006
12/19/2013,3.9345979690551762,0.0,0.006
12/23/2013,3.9146759510040288,0.0,0.006
12/27/2013,3.9545197486877437,0.0,0.006
12/30/2013,3.9844028949737544,0.0,0.006
12/31/2013,3.9744420051574707,0.0,0.006
01/03/2014,4.153739929199219,0.0,0.0
01/07/2014,4.283233642578125,0.0,0.0
01/09/2014,4.26331090927124,0.0,0.0
01/15/2014,4.333038330078125,0.0,0.0
01/16/2014,4.362921237945557,0.0,0.0
01/17/2014,4.34299898147583,0.0,0.0
01/22/2014,4.323077201843262,0.0,0.0
01/24/2014,4.084012985229492,0.0,0.0
01/27/2014,4.024246692657471,0.0,0.0
01/30/2014,4.1039347648620605,0.0,0.0
02/26/2014,4.303155422210693,0.0,0.0
02/28/2014,4.372881889343262,0.0,0.0
03/05/2014,4.4426093101501465,0.0,0.0
03/06/2014,4.562140941619873,0.0,0.0
03/07/2014,4.552180767059326,0.0,0.0
03/10/2014,4.472492218017578,0.0,0.0
03/17/2014,4.412725925445557,0.0,0.0
03/19/2014,4.392804145812988,0.0,0.0
04/14/2014,4.0541300773620605,0.0,0.0
04/15/2014,4.034208297729492,0.0,0.0
05/15/2014,4.074051856994629,0.0,0.0
06/17/2014,4.382843494415283,0.0,0.0
06/23/2014,4.402765274047852,0.0,0.0
06/30/2014,4.452569961547852,0.0,0.0
07/02/2014,4.432648181915283,0.0,0.0
07/03/2014,4.462531089782716,0.0,0.0
07/21/2014,4.163701057434082,0.0,0.0
10/10/2014,3.645728826522827,0.0,0.0
10/16/2014,3.6158456802368164,0.0,0.0
10/20/2014,3.715455770492554,0.0,0.0
10/28/2014,3.7752215862274174,0.0,0.0
11/03/2014,3.8051047325134277,0.0,0.0
11/06/2014,3.6756117343902592,0.0,0.0
11/11/2014,3.6955337524414067,0.0,0.0
11/17/2014,3.6058845520019527,0.0,0.0
11/19/2014,3.665650606155395,0.0,0.0
12/08/2014,3.5162353515625,0.0,0.0
12/18/2014,3.3568594455718994,0.0,0.0
12/19/2014,3.396703481674195,0.0,0.0
12/22/2014,3.4066646099090576,0.0,0.0
12/23/2014,3.38674259185791,0.0,0.0
01/09/2015,3.3668205738067627,0.0,0.0
01/12/2015,3.336937189102173,0.0,0.0
01/15/2015,3.317015409469605,0.0,0.0
01/20/2015,3.2871322631835938,0.0,0.0
01/22/2015,3.297093391418457,0.0,0.0
01/29/2015,3.2572493553161626,0.0,0.0
01/30/2015,3.227366209030152,0.0,0.0
02/04/2015,3.3269762992858887,0.0,0.0
03/03/2015,3.4963135719299316,0.0,0.0
03/04/2015,3.4863524436950684,0.0,0.0
03/11/2015,3.376781463623047,0.0,0.0
04/13/2015,3.815065622329712,0.0,0.0
04/14/2015,3.795143842697143,0.0,0.0
04/15/2015,3.825026750564575,0.0,0.0
07/07/2015,3.1974833011627197,0.0,0.0
07/08/2015,3.0779511928558345,0.0,0.0
07/24/2015,3.2373273372650146,0.0,0.0
07/29/2015,3.247288465499878,0.0,0.0
08/13/2015,3.157639265060425,0.0,0.0
08/21/2015,2.8886921405792236,0.0,0.0
08/31/2015,2.898653030395508,0.0,0.0
09/03/2015,2.8388869762420654,0.0,0.0
09/09/2015,2.90861439704895,0.0,0.0
10/06/2015,2.988302230834961,0.0,0.0
10/07/2015,3.028146266937256,0.0,0.0
10/08/2015,3.0679900646209717,0.0,0.0
10/28/2015,3.048068046569824,0.0,0.0
11/09/2015,2.9683802127838135,0.0,0.0
11/10/2015,2.9185752868652344,0.0,0.0
11/17/2015,2.858808994293213,0.0,0.0
12/22/2015,2.9982631206512447,0.0,0.0
01/21/2016,2.500212669372558,0.0,0.0
01/22/2016,2.559978723526001,0.0,0.0
01/25/2016,2.520134925842285,0.0,0.0
01/29/2016,2.60978364944458,0.0,0.0
02/04/2016,2.5799009799957275,0.0,0.0
02/08/2016,2.470329999923706,0.0,0.0
02/09/2016,2.4504077434539795,0.0,0.0
02/10/2016,2.4404468536376953,0.0,0.0
02/11/2016,2.3308756351470947,0.0,0.0
02/12/2016,2.3707199096679688,0.0,0.0
02/16/2016,2.4802908897399902,0.0,0.0
03/01/2016,2.6197450160980225,0.0,0.0
11/18/2016,2.4902517795562744,0.0,0.0
12/08/2017,2.8579046726226807,0.009,0.009
12/11/2017,2.8878829479217534,0.0,0.009
12/12/2017,2.877890110015869,0.0,0.009
12/15/2017,2.8978755474090576,0.0,0.009
12/18/2017,2.9178609848022465,0.0,0.009
12/21/2017,2.957831621170044,0.0,0.009
12/22/2017,2.9678242206573486,0.0,0.009
12/27/2017,2.987809419631958,0.0,0.009
12/28/2017,2.997802257537842,0.0,0.009
12/29/2017,3.017787456512451,0.0,0.009
01/02/2018,3.057758092880249,0.0,0.009
01/04/2018,3.087736129760742,0.0,0.009
01/08/2018,3.1177141666412354,0.0,0.009
01/11/2018,3.1576850414276123,0.0,0.009
01/12/2018,3.1776704788208012,0.0,0.009
01/17/2018,3.147692441940308,0.0,0.009
01/23/2018,3.127707004547119,0.0,0.009
01/24/2018,3.137699842453003,0.0,0.009
01/26/2018,3.187663078308106,0.0,0.009
01/29/2018,3.167677640914917,0.0,0.009
02/02/2018,3.107721567153931,0.0,0.009
02/05/2018,3.03777289390564,0.0,0.009
02/12/2018,2.9278535842895512,0.0,0.009
02/13/2018,2.94783878326416,0.0,0.009
02/15/2018,3.027780294418335,0.0,0.009
02/28/2018,2.977816820144653,0.0,0.009
03/06/2018,3.0077948570251465,0.0,0.009
03/27/2018,3.0477654933929443,0.0,0.009
04/06/2018,3.0977287292480464,0.0,0.009
04/19/2018,3.2176411151885986,0.0,0.009
04/26/2018,3.1976556777954097,0.0,0.009
04/27/2018,3.247619152069092,0.0,0.009
04/30/2018,3.2276337146759033,0.0,0.009
05/07/2018,3.257611751556397,0.0,0.009
05/09/2018,3.267604351043701,0.0,0.009
05/10/2018,3.2875897884368896,0.0,0.009
05/11/2018,3.277596950531006,0.0,0.009
05/14/2018,3.2975823879241943,0.0,0.009
05/16/2018,3.317567586898804,0.0,0.009
05/21/2018,3.3275604248046875,0.0,0.009
06/06/2018,3.0777435302734375,0.0,0.009
06/11/2018,3.067750930786133,0.0,0.009
06/27/2018,2.907868146896362,0.0,0.009
07/11/2018,2.937846183776856,0.0,0.009
08/15/2018,2.837919235229492,0.0,0.009
09/06/2018,2.8678972721099854,0.0,0.009
09/07/2018,2.8479120731353755,0.0,0.009
09/13/2018,2.8579046726226807,0.0,0.009
09/17/2018,2.8279266357421875,0.0,0.009
10/04/2018,2.7879559993743896,0.0,0.009
10/05/2018,2.7479853630065922,0.0,0.009
10/08/2018,2.7379927635192867,0.0,0.009
10/09/2018,2.7180073261260986,0.0,0.009
10/10/2018,2.6580512523651123,0.0,0.009
10/11/2018,2.5881025791168213,0.0,0.009
10/12/2018,2.598095178604126,0.0,0.009
10/15/2018,2.6280734539031982,0.0,0.009
10/16/2018,2.668044090270996,0.0,0.009
10/17/2018,2.638066053390503,0.0,0.009
10/18/2018,2.6180803775787354,0.0,0.009
10/19/2018,2.60808777809143,0.0,0.009
10/23/2018,2.5481317043304443,0.0,0.009
10/24/2018,2.498168468475342,0.0,0.009
10/25/2018,2.5381391048431396,0.0,0.009
10/29/2018,2.478183269500733,0.0,0.009
10/30/2018,2.5181539058685303,0.0,0.009
10/31/2018,2.5581245422363286,0.0,0.009
11/05/2018,2.6980221271514893,0.0,0.009
11/06/2018,2.6880292892456055,0.0,0.009
11/09/2018,2.6780366897583003,0.0,0.009
11/13/2018,2.648058652877808,0.0,0.009
11/27/2018,2.7080147266387944,0.0,0.009
11/28/2018,2.7579779624938965,0.0,0.009
12/03/2018,2.777963399887085,0.0,0.009
12/04/2018,2.7279999256134033,0.0,0.009
12/06/2018,2.6700000762939453,0.002,0.002
12/07/2018,2.6500000953674316,0.0,0.002
12/10/2018,2.630000114440918,0.0,0.002
12/11/2018,2.619999885559082,0.0,0.002
12/12/2018,2.6700000762939453,0.0,0.002
12/13/2018,2.680000066757202,0.0,0.002
12/17/2018,2.5899999141693115,0.0,0.002
12/18/2018,2.5999999046325684,0.0,0.002
12/19/2018,2.569999933242798,0.0,0.002
12/20/2018,2.5399999618530273,0.0,0.002
12/21/2018,2.5,0.0,0.002
12/24/2018,2.4700000286102295,0.0,0.002
12/26/2018,2.5299999713897705,0.0,0.002
12/28/2018,2.549999952316284,0.0,0.002
01/02/2019,2.559999942779541,0.0,0.002
01/07/2019,2.640000104904175,0.0,0.002
01/08/2019,2.6600000858306885,0.0,0.002
01/09/2019,2.690000057220459,0.0,0.002
01/10/2019,2.7100000381469727,0.0,0.002
01/11/2019,2.7200000286102295,0.0,0.002
01/14/2019,2.700000047683716,0.0,0.002
01/16/2019,2.7300000190734863,0.0,0.002
01/17/2019,2.759999990463257,0.0,0.002
01/18/2019,2.7799999713897705,0.0,0.002
01/22/2019,2.75,0.0,0.002
01/24/2019,2.7699999809265137,0.0,0.002
01/25/2019,2.809999942779541,0.0,0.002
01/29/2019,2.799999952316284,0.0,0.002
01/30/2019,2.8399999141693115,0.0,0.002
01/31/2019,2.880000114440918,0.0,0.002
02/01/2019,2.8299999237060547,0.0,0.002
02/04/2019,2.8499999046325684,0.0,0.002
02/05/2019,2.859999895095825,0.0,0.002
02/07/2019,2.819999933242798,0.0,0.002
02/12/2019,2.869999885559082,0.0,0.002
02/14/2019,2.9100000858306885,0.0,0.002
02/19/2019,2.9200000762939453,0.0,0.002
02/20/2019,2.930000066757202,0.0,0.002
02/21/2019,2.940000057220459,0.0,0.002
02/22/2019,3.0,0.0,0.002
02/25/2019,2.990000009536743,0.0,0.002
02/27/2019,2.9800000190734863,0.0,0.002
03/05/2019,2.9700000286102295,0.0,0.002
03/06/2019,2.9600000381469727,0.0,0.002
03/08/2019,2.9000000953674316,0.0,0.002
03/18/2019,3.009999990463257,0.0,0.002
04/04/2019,3.0199999809265137,0.0,0.002
04/05/2019,3.0399999618530273,0.0,0.002
04/08/2019,3.049999952316284,0.0,0.002
04/10/2019,3.059999942779541,0.0,0.002
04/16/2019,3.0799999237060547,0.0,0.002
04/18/2019,3.0999999046325684,0.0,0.002
04/23/2019,3.109999895095825,0.0,0.002
04/25/2019,3.069999933242798,0.0,0.002
04/30/2019,3.0899999141693115,0.0,0.002
06/20/2019,3.0299999713897705,0.0,0.002
08/30/2019,2.890000104904175,0.0,0.002
09/30/2019,2.950000047683716,0.0,0.002
12/06/2019,3.1500000953674316,0.0,0.002
12/09/2019,3.140000104904175,0.0,0.002
12/11/2019,3.1700000762939453,0.0,0.002
12/12/2019,3.2200000286102295,0.0,0.0
12/16/2019,3.2699999809265137,0.0,0.0
12/17/2019,3.2899999618530273,0.0,0.0
12/18/2019,3.2799999713897705,0.0,0.0
12/23/2019,3.299999952316284,0.0,0.0
12/26/2019,3.309999942779541,0.0,0.0
12/27/2019,3.3299999237060547,0.0,0.0
12/30/2019,3.319999933242798,0.0,0.0
01/02/2020,3.369999885559082,0.0,0.0
01/03/2020,3.3399999141693115,0.0,0.0
01/14/2020,3.390000104904175,0.0,0.0
01/15/2020,3.380000114440918,0.0,0.0
01/17/2020,3.4000000953674316,0.0,0.0
01/22/2020,3.4100000858306885,0.0,0.0
01/28/2020,3.3499999046325684,0.0,0.0
01/31/2020,3.240000009536743,0.0,0.0
02/03/2020,3.259999990463257,0.0,0.0
02/04/2020,3.359999895095825,0.0,0.0
02/11/2020,3.4600000381469727,0.0,0.0
02/12/2020,3.5199999809265137,0.0,0.0
02/13/2020,3.509999990463257,0.0,0.0
02/14/2020,3.5,0.0,0.0
02/18/2020,3.490000009536743,0.0,0.0
02/19/2020,3.5399999618530273,0.0,0.0
02/20/2020,3.569999933242798,0.0,0.0
02/28/2020,3.2100000381469727,0.0,0.0
03/18/2020,2.3399999141693115,0.0,0.0
03/19/2020,2.3299999237060547,0.0,0.0
03/20/2020,2.3499999046325684,0.0,0.0
03/23/2020,2.2899999618530273,0.0,0.0
03/27/2020,2.5799999237060547,0.0,0.0
04/01/2020,2.490000009536743,0.0,0.0
04/23/2020,2.7899999618530273,0.0,0.0
05/21/2020,3.119999885559082,0.0,0.0
05/28/2020,3.190000057220459,0.0,0.0
06/03/2020,3.4200000762939453,0.0,0.0
06/09/2020,3.4800000190734863,0.0,0.0
06/16/2020,3.430000066757202,0.0,0.0
06/24/2020,3.450000047683716,0.0,0.0
06/30/2020,3.5299999713897705,0.0,0.0
07/01/2020,3.549999952316284,0.0,0.0
07/02/2020,3.5999999046325684,0.0,0.0
07/06/2020,3.740000009536743,0.0,0.0
07/07/2020,3.7100000381469727,0.0,0.0
07/08/2020,3.7799999713897705,0.0,0.0
07/09/2020,3.799999952316284,0.0,0.0
07/10/2020,3.819999933242798,0.0,0.0
07/13/2020,3.8299999237060547,0.0,0.0
07/14/2020,3.9000000953674316,0.0,0.0
07/15/2020,3.950000047683716,0.0,0.0
07/16/2020,3.869999885559082,0.0,0.0
07/17/2020,3.9100000858306885,0.0,0.0
07/20/2020,4.010000228881836,0.0,0.0
07/22/2020,4.019999980926514,0.0,0.0
07/24/2020,3.9700000286102295,0.0,0.0
07/27/2020,4.03000020980835,0.0,0.0
07/31/2020,4.0,0.0,0.0
08/03/2020,4.090000152587891,0.0,0.0
08/04/2020,4.159999847412109,0.0,0.0
08/05/2020,4.28000020980835,0.0,0.0
08/06/2020,4.25,0.0,0.0
08/07/2020,4.309999942779541,0.0,0.0
08/10/2020,4.289999961853027,0.0,0.0
08/11/2020,4.320000171661377,0.0,0.0
08/12/2020,4.389999866485596,0.0,0.0
08/13/2020,4.400000095367432,0.0,0.0
08/14/2020,4.340000152587891,0.0,0.0
08/17/2020,4.349999904632568,0.0,0.0
08/18/2020,4.360000133514404,0.0,0.0
08/19/2020,4.369999885559082,0.0,0.0
08/20/2020,4.300000190734863,0.0,0.0
08/25/2020,4.429999828338623,0.0,0.0
08/26/2020,4.460000038146973,0.0,0.0
08/27/2020,4.420000076293945,0.0,0.0
08/28/2020,4.489999771118164,0.0,0.0
09/01/2020,4.449999809265137,0.0,0.0
09/04/2020,4.269999980926514,0.0,0.0
09/08/2020,4.199999809265137,0.0,0.0
09/21/2020,4.190000057220459,0.0,0.0
09/24/2020,4.170000076293945,0.0,0.0
09/29/2020,4.409999847412109,0.0,0.0
10/01/2020,4.570000171661377,0.0,0.0
10/02/2020,4.550000190734863,0.0,0.0
10/05/2020,4.710000038146973,0.0,0.0
10/07/2020,4.880000114440918,0.0,0.0
10/08/2020,4.940000057220459,0.0,0.0
10/09/2020,4.96999979019165,0.0,0.0
10/14/2020,4.989999771118164,0.0,0.0
10/15/2020,4.929999828338623,0.0,0.0
10/19/2020,4.920000076293945,0.0,0.0
10/20/2020,5.019999980926514,0.0,0.0
10/22/2020,4.900000095367432,0.0,0.0
10/26/2020,4.809999942779541,0.0,0.0
10/27/2020,4.760000228881836,0.0,0.0
10/28/2020,4.690000057220459,0.0,0.0
10/29/2020,4.75,0.0,0.0
10/30/2020,4.699999809265137,0.0,0.0
11/02/2020,4.78000020980835,0.0,0.0
11/03/2020,4.869999885559082,0.0,0.0
11/05/2020,5.050000190734863,0.0,0.0
11/06/2020,5.099999904632568,0.0,0.0
11/09/2020,5.150000095367432,0.0,0.0
11/10/2020,5.110000133514404,0.0,0.0
11/11/2020,5.21999979019165,0.0,0.0
11/12/2020,5.179999828338623,0.0,0.0
11/13/2020,5.210000038146973,0.0,0.0
11/18/2020,5.170000076293945,0.0,0.0
11/19/2020,5.199999809265137,0.0,0.0
11/23/2020,5.289999961853027,0.0,0.0
11/24/2020,5.380000114440918,0.0,0.0
11/25/2020,5.389999866485596,0.0,0.0
11/27/2020,5.46999979019165,0.0,0.0
11/30/2020,5.409999847412109,0.0,0.0
12/01/2020,5.449999809265137,0.0,0.0
12/02/2020,5.429999828338623,0.0,0.0
12/03/2020,5.400000095367432,0.0,0.0
12/08/2020,5.5,0.0,0.0
12/11/2020,5.460000038146973,0.0,0.0
12/14/2020,5.519999980926514,0.0,0.0
12/15/2020,5.699999809265137,0.0,0.0
12/17/2020,5.760000228881836,0.0,0.0
12/18/2020,5.849999904632568,0.0,0.0
12/21/2020,5.900000095367432,0.0,0.0
12/22/2020,6.0,0.0,0.0
12/23/2020,6.03000020980835,0.0,0.0
12/24/2020,6.039999961853027,0.0,0.0
12/28/2020,6.119999885559082,0.0,0.0
12/29/2020,6.110000133514404,0.0,0.0
12/30/2020,6.179999828338623,0.0,0.0
12/31/2020,6.190000057220459,0.0,0.0
01/04/2021,6.309999942779541,0.0,0.0
01/05/2021,6.380000114440918,0.0,0.0
01/06/2021,6.690000057220459,0.0,0.0
01/07/2021,6.920000076293945,0.0,0.0
01/08/2021,6.929999828338623,0.0,0.0
01/11/2021,6.820000171661377,0.0,0.0
01/12/2021,6.840000152587891,0.0,0.0
01/13/2021,6.809999942779541,0.0,0.0
01/14/2021,6.78000020980835,0.0,0.0
01/15/2021,6.510000228881836,0.0,0.0
01/19/2021,6.670000076293945,0.0,0.0
01/20/2021,6.800000190734863,0.0,0.0
01/21/2021,6.889999866485596,0.0,0.0
01/25/2021,6.829999923706055,0.0,0.0
01/27/2021,6.550000190734863,0.0,0.0
01/28/2021,6.610000133514404,0.0,0.0
01/29/2021,6.440000057220459,0.0,0.0
02/01/2021,6.619999885559082,0.0,0.0
02/02/2021,6.75,0.0,0.0
02/04/2021,6.789999961853027,0.0,0.0
02/09/2021,6.949999809265137,0.0,0.0
02/11/2021,7.010000228881836,0.0,0.0
02/12/2021,7.039999961853027,0.0,0.0
02/16/2021,7.099999904632568,0.0,0.0
02/17/2021,6.980000019073486,0.0,0.0
02/19/2021,6.849999904632568,0.0,0.0
02/22/2021,6.630000114440918,0.0,0.0
02/23/2021,6.519999980926514,0.0,0.0
02/24/2021,6.579999923706055,0.0,0.0
02/25/2021,6.400000095367432,0.0,0.0
02/26/2021,6.349999904632568,0.0,0.0
03/02/2021,6.46999979019165,0.0,0.0
03/03/2021,6.260000228881836,0.0,0.0
03/05/2021,5.980000019073486,0.0,0.0
03/08/2021,5.880000114440918,0.0,0.0
03/11/2021,6.320000171661377,0.0,0.0
03/12/2021,6.300000190734863,0.0,0.0
03/15/2021,6.340000152587891,0.0,0.0
03/17/2021,6.21999979019165,0.0,0.0
03/18/2021,6.079999923706055,0.0,0.0
03/19/2021,6.099999904632568,0.0,0.0
03/22/2021,6.210000038146973,0.0,0.0
03/24/2021,5.929999828338623,0.0,0.0
03/26/2021,6.159999847412109,0.0,0.0
03/30/2021,6.170000076293945,0.0,0.0
03/31/2021,6.269999980926514,0.0,0.0
04/01/2021,6.369999885559082,0.0,0.0
04/05/2021,6.389999866485596,0.0,0.0
04/07/2021,6.28000020980835,0.0,0.0
04/08/2021,6.329999923706055,0.0,0.0
04/16/2021,6.360000133514404,0.0,0.0
04/28/2021,6.480000019073486,0.0,0.0
05/03/2021,6.230000019073486,0.0,0.0
05/04/2021,6.070000171661377,0.0,0.0
05/07/2021,6.199999809265137,0.0,0.0
05/14/2021,6.019999980926514,0.0,0.0
05/27/2021,6.289999961853027,0.0,0.0
06/07/2021,6.239999771118164,0.0,0.0
06/08/2021,6.25,0.0,0.0
06/22/2021,6.429999828338623,0.0,0.0
06/24/2021,6.489999771118164,0.0,0.0
06/28/2021,6.559999942779541,0.0,0.0
06/29/2021,6.650000095367432,0.0,0.0
07/01/2021,6.590000152587891,0.0,0.0
07/08/2021,6.449999809265137,0.0,0.0
07/14/2021,6.5,0.0,0.0
