GDDY,GoDaddy Inc.,
Date,Price,Annualized Dividend
03/31/2015,20.0,0.0
03/31/2015,20.0,0.0
04/01/2015,26.149999618530273,0.0
04/01/2015,26.149999618530273,0.0
04/02/2015,26.719999313354492,0.0
04/02/2015,26.5,0.0
04/06/2015,26.719999313354492,0.0
04/06/2015,25.799999237060547,0.0
04/07/2015,25.84000015258789,0.0
04/07/2015,25.239999771118164,0.0
04/08/2015,25.350000381469727,0.0
04/08/2015,25.149999618530273,0.0
04/09/2015,25.100000381469727,0.0
04/09/2015,26.31999969482422,0.0
04/10/2015,26.34000015258789,0.0
04/10/2015,25.290000915527344,0.0
04/13/2015,25.239999771118164,0.0
04/13/2015,25.3700008392334,0.0
04/14/2015,25.25,0.0
04/14/2015,25.799999237060547,0.0
04/15/2015,25.8799991607666,0.0
04/15/2015,25.1200008392334,0.0
04/16/2015,25.040000915527344,0.0
04/16/2015,24.780000686645508,0.0
04/17/2015,24.549999237060547,0.0
04/17/2015,25.15999984741211,0.0
04/20/2015,25.190000534057617,0.0
04/20/2015,25.139999389648438,0.0
04/21/2015,25.18000030517578,0.0
04/21/2015,24.780000686645508,0.0
04/22/2015,24.760000228881836,0.0
04/22/2015,24.770000457763672,0.0
04/23/2015,24.75,0.0
04/23/2015,25.049999237060547,0.0
04/24/2015,24.899999618530273,0.0
04/24/2015,25.6299991607666,0.0
04/27/2015,25.75,0.0
04/27/2015,26.15999984741211,0.0
04/28/2015,26.219999313354492,0.0
04/28/2015,25.149999618530273,0.0
04/29/2015,24.860000610351562,0.0
04/29/2015,24.8799991607666,0.0
04/30/2015,24.899999618530273,0.0
04/30/2015,25.06999969482422,0.0
05/01/2015,25.190000534057617,0.0
05/01/2015,25.959999084472656,0.0
05/04/2015,26.0,0.0
05/04/2015,25.979999542236328,0.0
05/05/2015,25.959999084472656,0.0
05/05/2015,25.420000076293945,0.0
05/06/2015,25.450000762939453,0.0
05/06/2015,24.540000915527344,0.0
05/07/2015,24.690000534057617,0.0
05/07/2015,24.809999465942383,0.0
05/08/2015,25.280000686645508,0.0
05/08/2015,24.8799991607666,0.0
05/11/2015,26.25,0.0
05/11/2015,25.68000030517578,0.0
05/12/2015,26.100000381469727,0.0
05/12/2015,26.770000457763672,0.0
05/13/2015,26.690000534057617,0.0
05/13/2015,26.5,0.0
05/14/2015,26.639999389648438,0.0
05/14/2015,26.229999542236328,0.0
05/15/2015,26.229999542236328,0.0
05/15/2015,26.510000228881836,0.0
05/18/2015,26.5,0.0
05/18/2015,26.229999542236328,0.0
05/19/2015,26.309999465942383,0.0
05/19/2015,25.940000534057617,0.0
05/20/2015,25.889999389648438,0.0
05/20/2015,26.3799991607666,0.0
05/21/2015,26.6200008392334,0.0
05/21/2015,25.600000381469727,0.0
05/22/2015,25.75,0.0
05/22/2015,26.100000381469727,0.0
05/26/2015,26.030000686645508,0.0
05/26/2015,26.420000076293945,0.0
05/27/2015,26.5,0.0
05/27/2015,26.979999542236328,0.0
05/28/2015,26.8700008392334,0.0
05/28/2015,26.65999984741211,0.0
05/29/2015,26.6200008392334,0.0
05/29/2015,26.93000030517578,0.0
06/01/2015,27.1299991607666,0.0
06/01/2015,27.09000015258789,0.0
06/02/2015,27.09000015258789,0.0
06/02/2015,27.6299991607666,0.0
06/03/2015,27.850000381469727,0.0
06/03/2015,28.90999984741211,0.0
06/04/2015,29.0,0.0
06/04/2015,28.920000076293945,0.0
06/05/2015,28.8799991607666,0.0
06/05/2015,28.690000534057617,0.0
06/08/2015,28.670000076293945,0.0
06/08/2015,29.100000381469727,0.0
06/09/2015,29.18000030517578,0.0
06/09/2015,29.5,0.0
06/10/2015,29.520000457763672,0.0
06/10/2015,30.15999984741211,0.0
06/11/2015,30.18000030517578,0.0
06/11/2015,29.690000534057617,0.0
06/12/2015,29.940000534057617,0.0
06/12/2015,29.280000686645508,0.0
06/15/2015,29.139999389648438,0.0
06/15/2015,29.40999984741211,0.0
06/16/2015,29.31999969482422,0.0
06/16/2015,30.459999084472656,0.0
06/17/2015,30.59000015258789,0.0
06/17/2015,30.540000915527344,0.0
06/18/2015,30.690000534057617,0.0
06/18/2015,31.350000381469727,0.0
06/19/2015,31.3700008392334,0.0
06/19/2015,31.799999237060547,0.0
06/22/2015,32.099998474121094,0.0
06/22/2015,31.360000610351562,0.0
06/23/2015,31.34000015258789,0.0
06/23/2015,31.81999969482422,0.0
06/24/2015,31.84000015258789,0.0
06/24/2015,31.459999084472656,0.0
06/25/2015,31.559999465942383,0.0
06/25/2015,31.010000228881836,0.0
06/26/2015,30.959999084472656,0.0
06/26/2015,29.540000915527344,0.0
06/29/2015,29.280000686645508,0.0
06/29/2015,28.18000030517578,0.0
06/30/2015,28.260000228881836,0.0
06/30/2015,28.190000534057617,0.0
07/01/2015,28.489999771118164,0.0
07/01/2015,28.290000915527344,0.0
07/02/2015,28.290000915527344,0.0
07/02/2015,27.139999389648438,0.0
07/06/2015,26.850000381469727,0.0
07/06/2015,27.270000457763672,0.0
07/07/2015,27.139999389648438,0.0
07/07/2015,26.829999923706055,0.0
07/08/2015,26.690000534057617,0.0
07/08/2015,26.079999923706055,0.0
07/09/2015,26.209999084472656,0.0
07/09/2015,26.610000610351562,0.0
07/10/2015,27.06999969482422,0.0
07/10/2015,26.979999542236328,0.0
07/13/2015,27.25,0.0
07/13/2015,26.649999618530273,0.0
07/14/2015,26.510000228881836,0.0
07/14/2015,26.950000762939453,0.0
07/15/2015,26.809999465942383,0.0
07/15/2015,26.43000030517578,0.0
07/16/2015,26.450000762939453,0.0
07/16/2015,26.690000534057617,0.0
07/17/2015,26.739999771118164,0.0
07/17/2015,26.290000915527344,0.0
07/20/2015,26.239999771118164,0.0
07/20/2015,26.600000381469727,0.0
07/21/2015,26.479999542236328,0.0
07/21/2015,26.649999618530273,0.0
07/22/2015,26.450000762939453,0.0
07/22/2015,26.979999542236328,0.0
07/23/2015,26.90999984741211,0.0
07/23/2015,26.90999984741211,0.0
07/24/2015,27.030000686645508,0.0
07/24/2015,26.540000915527344,0.0
07/27/2015,26.399999618530273,0.0
07/27/2015,26.040000915527344,0.0
07/28/2015,26.200000762939453,0.0
07/28/2015,27.1200008392334,0.0
07/29/2015,27.010000228881836,0.0
07/29/2015,27.309999465942383,0.0
07/30/2015,27.31999969482422,0.0
07/30/2015,27.649999618530273,0.0
07/31/2015,27.75,0.0
07/31/2015,28.440000534057617,0.0
08/03/2015,28.450000762939453,0.0
08/03/2015,28.389999389648438,0.0
08/04/2015,28.31999969482422,0.0
08/04/2015,28.579999923706055,0.0
08/05/2015,28.709999084472656,0.0
08/05/2015,29.469999313354492,0.0
08/06/2015,28.1299991607666,0.0
08/06/2015,26.219999313354492,0.0
08/07/2015,26.350000381469727,0.0
08/07/2015,26.34000015258789,0.0
08/10/2015,26.440000534057617,0.0
08/10/2015,26.219999313354492,0.0
08/11/2015,26.0,0.0
08/11/2015,26.0,0.0
08/12/2015,26.049999237060547,0.0
08/12/2015,26.329999923706055,0.0
08/13/2015,26.280000686645508,0.0
08/13/2015,26.100000381469727,0.0
08/14/2015,26.1299991607666,0.0
08/14/2015,26.209999084472656,0.0
08/17/2015,26.25,0.0
08/17/2015,27.399999618530273,0.0
08/18/2015,27.5,0.0
08/18/2015,27.219999313354492,0.0
08/19/2015,27.079999923706055,0.0
08/19/2015,27.0,0.0
08/20/2015,26.8700008392334,0.0
08/20/2015,26.25,0.0
08/21/2015,26.049999237060547,0.0
08/21/2015,25.100000381469727,0.0
08/24/2015,23.860000610351562,0.0
08/24/2015,25.399999618530273,0.0
08/25/2015,25.5,0.0
08/25/2015,25.18000030517578,0.0
08/26/2015,25.299999237060547,0.0
08/26/2015,25.739999771118164,0.0
08/27/2015,25.940000534057617,0.0
08/27/2015,26.3700008392334,0.0
08/28/2015,26.350000381469727,0.0
08/28/2015,25.90999984741211,0.0
08/31/2015,25.780000686645508,0.0
08/31/2015,25.079999923706055,0.0
09/01/2015,24.65999984741211,0.0
09/01/2015,24.920000076293945,0.0
09/02/2015,24.93000030517578,0.0
09/02/2015,24.639999389648438,0.0
09/03/2015,24.739999771118164,0.0
09/03/2015,24.8700008392334,0.0
09/04/2015,24.649999618530273,0.0
09/04/2015,24.690000534057617,0.0
09/08/2015,24.84000015258789,0.0
09/08/2015,25.770000457763672,0.0
09/09/2015,25.84000015258789,0.0
09/09/2015,25.459999084472656,0.0
09/10/2015,25.329999923706055,0.0
09/10/2015,24.709999084472656,0.0
09/11/2015,24.670000076293945,0.0
09/11/2015,25.209999084472656,0.0
09/14/2015,25.239999771118164,0.0
09/14/2015,25.209999084472656,0.0
09/15/2015,25.15999984741211,0.0
09/15/2015,24.809999465942383,0.0
09/16/2015,24.90999984741211,0.0
09/16/2015,24.25,0.0
09/17/2015,24.200000762939453,0.0
09/17/2015,25.280000686645508,0.0
09/18/2015,25.09000015258789,0.0
09/18/2015,24.8799991607666,0.0
09/21/2015,24.920000076293945,0.0
09/21/2015,24.6200008392334,0.0
09/22/2015,24.209999084472656,0.0
09/22/2015,24.510000228881836,0.0
09/23/2015,24.799999237060547,0.0
09/23/2015,25.1200008392334,0.0
09/24/2015,24.950000762939453,0.0
09/24/2015,25.610000610351562,0.0
09/25/2015,25.889999389648438,0.0
09/25/2015,25.719999313354492,0.0
09/28/2015,24.8799991607666,0.0
09/28/2015,24.600000381469727,0.0
09/29/2015,24.579999923706055,0.0
09/29/2015,23.59000015258789,0.0
09/30/2015,23.90999984741211,0.0
09/30/2015,25.209999084472656,0.0
10/01/2015,25.25,0.0
10/01/2015,25.290000915527344,0.0
10/02/2015,24.989999771118164,0.0
10/02/2015,25.670000076293945,0.0
10/05/2015,25.989999771118164,0.0
10/05/2015,26.040000915527344,0.0
10/06/2015,25.959999084472656,0.0
10/06/2015,25.760000228881836,0.0
10/07/2015,25.920000076293945,0.0
10/07/2015,25.780000686645508,0.0
10/08/2015,25.780000686645508,0.0
10/08/2015,26.270000457763672,0.0
10/09/2015,26.149999618530273,0.0
10/09/2015,27.110000610351562,0.0
10/12/2015,27.040000915527344,0.0
10/12/2015,26.739999771118164,0.0
10/13/2015,26.68000030517578,0.0
10/13/2015,26.639999389648438,0.0
10/14/2015,26.690000534057617,0.0
10/14/2015,26.940000534057617,0.0
10/15/2015,26.969999313354492,0.0
10/15/2015,27.40999984741211,0.0
10/16/2015,27.40999984741211,0.0
10/16/2015,27.709999084472656,0.0
10/19/2015,27.639999389648438,0.0
10/19/2015,27.399999618530273,0.0
10/20/2015,27.350000381469727,0.0
10/20/2015,27.149999618530273,0.0
10/21/2015,27.309999465942383,0.0
10/21/2015,26.860000610351562,0.0
10/22/2015,27.399999618530273,0.0
10/22/2015,27.84000015258789,0.0
10/23/2015,28.0,0.0
10/23/2015,28.170000076293945,0.0
10/26/2015,28.219999313354492,0.0
10/26/2015,28.239999771118164,0.0
10/27/2015,28.110000610351562,0.0
10/27/2015,27.81999969482422,0.0
10/28/2015,27.81999969482422,0.0
10/28/2015,27.510000228881836,0.0
10/29/2015,27.3799991607666,0.0
10/29/2015,27.219999313354492,0.0
10/30/2015,27.309999465942383,0.0
10/30/2015,27.479999542236328,0.0
11/02/2015,27.459999084472656,0.0
11/02/2015,27.59000015258789,0.0
11/03/2015,27.440000534057617,0.0
11/03/2015,27.469999313354492,0.0
11/04/2015,27.610000610351562,0.0
11/04/2015,27.43000030517578,0.0
11/05/2015,29.75,0.0
11/05/2015,32.40999984741211,0.0
11/06/2015,31.3700008392334,0.0
11/06/2015,30.540000915527344,0.0
11/09/2015,30.559999465942383,0.0
11/09/2015,31.209999084472656,0.0
11/10/2015,31.049999237060547,0.0
11/10/2015,32.209999084472656,0.0
11/11/2015,32.209999084472656,0.0
11/11/2015,32.060001373291016,0.0
11/12/2015,31.899999618530273,0.0
11/12/2015,32.93000030517578,0.0
11/13/2015,32.83000183105469,0.0
11/13/2015,31.31999969482422,0.0
11/16/2015,31.510000228881836,0.0
11/16/2015,31.81999969482422,0.0
11/17/2015,31.309999465942383,0.0
11/17/2015,31.81999969482422,0.0
11/18/2015,31.940000534057617,0.0
11/18/2015,31.950000762939453,0.0
11/19/2015,31.959999084472656,0.0
11/19/2015,32.290000915527344,0.0
11/20/2015,32.36000061035156,0.0
11/20/2015,32.689998626708984,0.0
11/23/2015,32.689998626708984,0.0
11/23/2015,32.16999816894531,0.0
11/24/2015,31.90999984741211,0.0
11/24/2015,31.229999542236328,0.0
11/25/2015,31.260000228881836,0.0
11/25/2015,30.989999771118164,0.0
11/27/2015,31.100000381469727,0.0
11/27/2015,31.610000610351562,0.0
11/30/2015,31.690000534057617,0.0
11/30/2015,31.06999969482422,0.0
12/01/2015,31.190000534057617,0.0
12/01/2015,31.280000686645508,0.0
12/02/2015,31.25,0.0
12/02/2015,31.15999984741211,0.0
12/03/2015,31.25,0.0
12/03/2015,31.559999465942383,0.0
12/04/2015,31.600000381469727,0.0
12/04/2015,32.68000030517578,0.0
12/07/2015,32.540000915527344,0.0
12/07/2015,33.939998626708984,0.0
12/08/2015,33.560001373291016,0.0
12/08/2015,33.790000915527344,0.0
12/09/2015,33.790000915527344,0.0
12/09/2015,33.5,0.0
12/10/2015,33.54999923706055,0.0
12/10/2015,33.900001525878906,0.0
12/11/2015,33.5099983215332,0.0
12/11/2015,33.58000183105469,0.0
12/14/2015,33.470001220703125,0.0
12/14/2015,32.31999969482422,0.0
12/15/2015,32.689998626708984,0.0
12/15/2015,32.630001068115234,0.0
12/16/2015,32.869998931884766,0.0
12/16/2015,34.2400016784668,0.0
12/17/2015,34.18000030517578,0.0
12/17/2015,33.689998626708984,0.0
12/18/2015,33.86000061035156,0.0
12/18/2015,34.130001068115234,0.0
12/21/2015,34.16999816894531,0.0
12/21/2015,33.97999954223633,0.0
12/22/2015,34.22999954223633,0.0
12/22/2015,33.9900016784668,0.0
12/23/2015,34.0,0.0
12/23/2015,34.0099983215332,0.0
12/24/2015,34.02000045776367,0.0
12/24/2015,33.97999954223633,0.0
12/28/2015,33.81999969482422,0.0
12/28/2015,33.189998626708984,0.0
12/29/2015,33.31999969482422,0.0
12/29/2015,33.29999923706055,0.0
12/30/2015,33.29999923706055,0.0
12/30/2015,32.91999816894531,0.0
12/31/2015,32.720001220703125,0.0
12/31/2015,32.060001373291016,0.0
01/04/2016,31.709999084472656,0.0
01/04/2016,32.810001373291016,0.0
01/05/2016,32.70000076293945,0.0
01/05/2016,31.56999969482422,0.0
01/06/2016,31.25,0.0
01/06/2016,31.729999542236328,0.0
01/07/2016,31.100000381469727,0.0
01/07/2016,30.5,0.0
01/08/2016,30.760000228881836,0.0
01/08/2016,29.969999313354492,0.0
01/11/2016,29.979999542236328,0.0
01/11/2016,30.670000076293945,0.0
01/12/2016,30.780000686645508,0.0
01/12/2016,30.25,0.0
01/13/2016,30.3700008392334,0.0
01/13/2016,29.549999237060547,0.0
01/14/2016,29.65999984741211,0.0
01/14/2016,29.559999465942383,0.0
01/15/2016,28.719999313354492,0.0
01/15/2016,29.170000076293945,0.0
01/19/2016,29.43000030517578,0.0
01/19/2016,28.34000015258789,0.0
01/20/2016,28.0,0.0
01/20/2016,28.229999542236328,0.0
01/21/2016,28.270000457763672,0.0
01/21/2016,28.149999618530273,0.0
01/22/2016,28.59000015258789,0.0
01/22/2016,29.170000076293945,0.0
01/25/2016,29.219999313354492,0.0
01/25/2016,29.420000076293945,0.0
01/26/2016,29.56999969482422,0.0
01/26/2016,29.31999969482422,0.0
01/27/2016,29.40999984741211,0.0
01/27/2016,28.829999923706055,0.0
01/28/2016,28.979999542236328,0.0
01/28/2016,29.469999313354492,0.0
01/29/2016,29.6299991607666,0.0
01/29/2016,30.489999771118164,0.0
02/01/2016,30.440000534057617,0.0
02/01/2016,30.670000076293945,0.0
02/02/2016,30.399999618530273,0.0
02/02/2016,30.1299991607666,0.0
02/03/2016,30.219999313354492,0.0
02/03/2016,30.270000457763672,0.0
02/04/2016,30.229999542236328,0.0
02/04/2016,28.489999771118164,0.0
02/05/2016,28.440000534057617,0.0
02/05/2016,25.860000610351562,0.0
02/08/2016,25.59000015258789,0.0
02/08/2016,25.940000534057617,0.0
02/09/2016,25.469999313354492,0.0
02/09/2016,24.690000534057617,0.0
02/10/2016,24.8700008392334,0.0
02/10/2016,24.709999084472656,0.0
02/11/2016,24.3700008392334,0.0
02/11/2016,24.25,0.0
02/12/2016,24.440000534057617,0.0
02/12/2016,24.860000610351562,0.0
02/16/2016,25.31999969482422,0.0
02/16/2016,27.09000015258789,0.0
02/17/2016,27.40999984741211,0.0
02/17/2016,29.100000381469727,0.0
02/18/2016,28.0,0.0
02/18/2016,28.010000228881836,0.0
02/19/2016,27.920000076293945,0.0
02/19/2016,29.34000015258789,0.0
02/22/2016,29.5,0.0
02/22/2016,30.15999984741211,0.0
02/23/2016,30.219999313354492,0.0
02/23/2016,29.68000030517578,0.0
02/24/2016,29.450000762939453,0.0
02/24/2016,29.829999923706055,0.0
02/25/2016,29.850000381469727,0.0
02/25/2016,29.520000457763672,0.0
02/26/2016,29.5,0.0
02/26/2016,31.18000030517578,0.0
02/29/2016,31.1299991607666,0.0
02/29/2016,31.350000381469727,0.0
03/01/2016,31.709999084472656,0.0
03/01/2016,32.22999954223633,0.0
03/02/2016,32.150001525878906,0.0
03/02/2016,32.22999954223633,0.0
03/03/2016,32.11000061035156,0.0
03/03/2016,31.899999618530273,0.0
03/04/2016,31.81999969482422,0.0
03/04/2016,32.029998779296875,0.0
03/07/2016,31.950000762939453,0.0
03/07/2016,32.70000076293945,0.0
03/08/2016,32.400001525878906,0.0
03/08/2016,32.13999938964844,0.0
03/09/2016,31.979999542236328,0.0
03/09/2016,31.280000686645508,0.0
03/10/2016,31.389999389648438,0.0
03/10/2016,31.139999389648438,0.0
03/11/2016,31.420000076293945,0.0
03/11/2016,31.81999969482422,0.0
03/14/2016,31.860000610351562,0.0
03/14/2016,31.760000228881836,0.0
03/15/2016,31.540000915527344,0.0
03/15/2016,31.25,0.0
03/16/2016,31.110000610351562,0.0
03/16/2016,31.809999465942383,0.0
03/17/2016,31.65999984741211,0.0
03/17/2016,32.0099983215332,0.0
03/18/2016,32.04999923706055,0.0
03/18/2016,31.93000030517578,0.0
03/21/2016,31.860000610351562,0.0
03/21/2016,31.75,0.0
03/22/2016,31.649999618530273,0.0
03/22/2016,32.20000076293945,0.0
03/23/2016,32.02000045776367,0.0
03/23/2016,31.65999984741211,0.0
03/24/2016,31.540000915527344,0.0
03/24/2016,31.559999465942383,0.0
03/28/2016,31.690000534057617,0.0
03/28/2016,31.889999389648438,0.0
03/29/2016,31.709999084472656,0.0
03/29/2016,31.729999542236328,0.0
03/30/2016,31.959999084472656,0.0
03/30/2016,32.029998779296875,0.0
03/31/2016,31.979999542236328,0.0
03/31/2016,32.33000183105469,0.0
04/01/2016,31.639999389648438,0.0
04/01/2016,32.95000076293945,0.0
04/04/2016,32.7400016784668,0.0
04/04/2016,32.459999084472656,0.0
04/05/2016,30.65999984741211,0.0
04/05/2016,30.100000381469727,0.0
04/06/2016,29.969999313354492,0.0
04/06/2016,30.829999923706055,0.0
04/07/2016,31.700000762939453,0.0
04/07/2016,31.600000381469727,0.0
04/08/2016,31.700000762939453,0.0
04/08/2016,31.6200008392334,0.0
04/11/2016,31.639999389648438,0.0
04/11/2016,30.639999389648438,0.0
04/12/2016,30.65999984741211,0.0
04/12/2016,30.15999984741211,0.0
04/13/2016,30.440000534057617,0.0
04/13/2016,31.420000076293945,0.0
04/14/2016,31.399999618530273,0.0
04/14/2016,31.030000686645508,0.0
04/15/2016,30.610000610351562,0.0
04/15/2016,30.649999618530273,0.0
04/18/2016,30.469999313354492,0.0
04/18/2016,30.700000762939453,0.0
04/19/2016,30.93000030517578,0.0
04/19/2016,30.670000076293945,0.0
04/20/2016,30.649999618530273,0.0
04/20/2016,31.0,0.0
04/21/2016,31.030000686645508,0.0
04/21/2016,30.209999084472656,0.0
04/22/2016,30.15999984741211,0.0
04/22/2016,30.200000762939453,0.0
04/25/2016,30.059999465942383,0.0
04/25/2016,30.280000686645508,0.0
04/26/2016,30.40999984741211,0.0
04/26/2016,30.600000381469727,0.0
04/27/2016,30.510000228881836,0.0
04/27/2016,30.780000686645508,0.0
04/28/2016,30.780000686645508,0.0
04/28/2016,30.190000534057617,0.0
04/29/2016,30.309999465942383,0.0
04/29/2016,30.3700008392334,0.0
05/02/2016,30.469999313354492,0.0
05/02/2016,31.299999237060547,0.0
05/03/2016,30.950000762939453,0.0
05/03/2016,30.040000915527344,0.0
05/04/2016,29.93000030517578,0.0
05/04/2016,30.639999389648438,0.0
05/05/2016,30.0,0.0
05/05/2016,29.579999923706055,0.0
05/06/2016,29.6200008392334,0.0
05/06/2016,30.209999084472656,0.0
05/09/2016,30.06999969482422,0.0
05/09/2016,30.209999084472656,0.0
05/10/2016,30.239999771118164,0.0
05/10/2016,30.850000381469727,0.0
05/11/2016,30.68000030517578,0.0
05/11/2016,30.860000610351562,0.0
05/12/2016,30.889999389648438,0.0
05/12/2016,30.18000030517578,0.0
05/13/2016,30.299999237060547,0.0
05/13/2016,30.219999313354492,0.0
05/16/2016,30.350000381469727,0.0
05/16/2016,31.079999923706055,0.0
05/17/2016,30.940000534057617,0.0
05/17/2016,29.799999237060547,0.0
05/18/2016,29.850000381469727,0.0
05/18/2016,30.479999542236328,0.0
05/19/2016,30.489999771118164,0.0
05/19/2016,30.540000915527344,0.0
05/20/2016,30.59000015258789,0.0
05/20/2016,31.530000686645508,0.0
05/23/2016,31.56999969482422,0.0
05/23/2016,31.239999771118164,0.0
05/24/2016,31.280000686645508,0.0
05/24/2016,31.670000076293945,0.0
05/25/2016,31.690000534057617,0.0
05/25/2016,31.700000762939453,0.0
05/26/2016,31.700000762939453,0.0
05/26/2016,32.06999969482422,0.0
05/27/2016,31.989999771118164,0.0
05/27/2016,32.540000915527344,0.0
05/31/2016,32.45000076293945,0.0
05/31/2016,32.529998779296875,0.0
06/01/2016,32.52000045776367,0.0
06/01/2016,33.310001373291016,0.0
06/02/2016,33.20000076293945,0.0
06/02/2016,33.33000183105469,0.0
06/03/2016,33.209999084472656,0.0
06/03/2016,33.2400016784668,0.0
06/06/2016,33.349998474121094,0.0
06/06/2016,32.97999954223633,0.0
06/07/2016,32.349998474121094,0.0
06/07/2016,32.209999084472656,0.0
06/08/2016,32.150001525878906,0.0
06/08/2016,32.09000015258789,0.0
06/09/2016,32.02000045776367,0.0
06/09/2016,31.950000762939453,0.0
06/10/2016,31.670000076293945,0.0
06/10/2016,31.65999984741211,0.0
06/13/2016,31.760000228881836,0.0
06/13/2016,32.45000076293945,0.0
06/14/2016,32.599998474121094,0.0
06/14/2016,32.7400016784668,0.0
06/15/2016,32.650001525878906,0.0
06/15/2016,32.630001068115234,0.0
06/16/2016,32.439998626708984,0.0
06/16/2016,32.31999969482422,0.0
06/17/2016,32.310001373291016,0.0
06/17/2016,31.8799991607666,0.0
06/20/2016,32.150001525878906,0.0
06/20/2016,32.369998931884766,0.0
06/21/2016,32.45000076293945,0.0
06/21/2016,32.43000030517578,0.0
06/22/2016,32.59000015258789,0.0
06/22/2016,32.11000061035156,0.0
06/23/2016,32.5,0.0
06/23/2016,32.47999954223633,0.0
06/24/2016,31.3700008392334,0.0
06/24/2016,31.15999984741211,0.0
06/27/2016,30.799999237060547,0.0
06/27/2016,30.479999542236328,0.0
06/28/2016,30.920000076293945,0.0
06/28/2016,30.829999923706055,0.0
06/29/2016,31.149999618530273,0.0
06/29/2016,31.5,0.0
06/30/2016,31.65999984741211,0.0
06/30/2016,31.190000534057617,0.0
07/01/2016,31.25,0.0
07/01/2016,31.260000228881836,0.0
07/05/2016,31.079999923706055,0.0
07/05/2016,30.610000610351562,0.0
07/06/2016,30.299999237060547,0.0
07/06/2016,29.829999923706055,0.0
07/07/2016,29.579999923706055,0.0
07/07/2016,30.020000457763672,0.0
07/08/2016,29.780000686645508,0.0
07/08/2016,30.719999313354492,0.0
07/11/2016,31.0,0.0
07/11/2016,30.520000457763672,0.0
07/12/2016,30.549999237060547,0.0
07/12/2016,30.790000915527344,0.0
07/13/2016,31.0,0.0
07/13/2016,30.110000610351562,0.0
07/14/2016,30.3799991607666,0.0
07/14/2016,29.270000457763672,0.0
07/15/2016,29.450000762939453,0.0
07/15/2016,29.309999465942383,0.0
07/18/2016,29.1299991607666,0.0
07/18/2016,29.360000610351562,0.0
07/19/2016,29.219999313354492,0.0
07/19/2016,28.989999771118164,0.0
07/20/2016,29.399999618530273,0.0
07/20/2016,29.729999542236328,0.0
07/21/2016,29.799999237060547,0.0
07/21/2016,29.450000762939453,0.0
07/22/2016,29.549999237060547,0.0
07/22/2016,29.5,0.0
07/25/2016,29.43000030517578,0.0
07/25/2016,29.18000030517578,0.0
07/26/2016,29.25,0.0
07/26/2016,29.700000762939453,0.0
07/27/2016,29.760000228881836,0.0
07/27/2016,29.709999084472656,0.0
07/28/2016,29.84000015258789,0.0
07/28/2016,30.010000228881836,0.0
07/29/2016,29.920000076293945,0.0
07/29/2016,29.920000076293945,0.0
08/01/2016,30.0,0.0
08/01/2016,30.34000015258789,0.0
08/02/2016,30.219999313354492,0.0
08/02/2016,29.34000015258789,0.0
08/03/2016,29.309999465942383,0.0
08/03/2016,28.309999465942383,0.0
08/04/2016,30.68000030517578,0.0
08/04/2016,31.780000686645508,0.0
08/05/2016,32.0,0.0
08/05/2016,33.349998474121094,0.0
08/08/2016,33.06999969482422,0.0
08/08/2016,33.33000183105469,0.0
08/09/2016,33.27000045776367,0.0
08/09/2016,33.459999084472656,0.0
08/10/2016,33.439998626708984,0.0
08/10/2016,33.029998779296875,0.0
08/11/2016,33.11000061035156,0.0
08/11/2016,32.97999954223633,0.0
08/12/2016,32.90999984741211,0.0
08/12/2016,32.630001068115234,0.0
08/15/2016,32.58000183105469,0.0
08/15/2016,32.77000045776367,0.0
08/16/2016,32.59000015258789,0.0
08/16/2016,32.97999954223633,0.0
08/17/2016,32.709999084472656,0.0
08/17/2016,32.25,0.0
08/18/2016,32.119998931884766,0.0
08/18/2016,31.90999984741211,0.0
08/19/2016,31.8799991607666,0.0
08/19/2016,32.099998474121094,0.0
08/22/2016,31.920000076293945,0.0
08/22/2016,32.310001373291016,0.0
08/23/2016,32.5,0.0
08/23/2016,32.900001525878906,0.0
08/24/2016,32.91999816894531,0.0
08/24/2016,32.779998779296875,0.0
08/25/2016,32.7400016784668,0.0
08/25/2016,32.90999984741211,0.0
08/26/2016,32.88999938964844,0.0
08/26/2016,32.880001068115234,0.0
08/29/2016,32.880001068115234,0.0
08/29/2016,32.29999923706055,0.0
08/30/2016,32.29999923706055,0.0
08/30/2016,32.31999969482422,0.0
08/31/2016,32.33000183105469,0.0
08/31/2016,32.380001068115234,0.0
09/01/2016,32.380001068115234,0.0
09/01/2016,32.599998474121094,0.0
09/02/2016,32.630001068115234,0.0
09/02/2016,32.68000030517578,0.0
09/06/2016,32.849998474121094,0.0
09/06/2016,33.22999954223633,0.0
09/07/2016,33.0,0.0
09/07/2016,32.400001525878906,0.0
09/08/2016,32.220001220703125,0.0
09/08/2016,32.59000015258789,0.0
09/09/2016,32.439998626708984,0.0
09/09/2016,32.099998474121094,0.0
09/12/2016,31.920000076293945,0.0
09/12/2016,32.68000030517578,0.0
09/13/2016,32.38999938964844,0.0
09/13/2016,32.470001220703125,0.0
09/14/2016,32.380001068115234,0.0
09/14/2016,32.540000915527344,0.0
09/15/2016,32.470001220703125,0.0
09/15/2016,33.150001525878906,0.0
09/16/2016,33.13999938964844,0.0
09/16/2016,33.310001373291016,0.0
09/19/2016,33.38999938964844,0.0
09/19/2016,33.54999923706055,0.0
09/20/2016,33.41999816894531,0.0
09/20/2016,33.43000030517578,0.0
09/21/2016,33.5099983215332,0.0
09/21/2016,34.54999923706055,0.0
09/22/2016,34.65999984741211,0.0
09/22/2016,35.0,0.0
09/23/2016,34.83000183105469,0.0
09/23/2016,34.290000915527344,0.0
09/26/2016,34.15999984741211,0.0
09/26/2016,33.7599983215332,0.0
09/27/2016,33.9900016784668,0.0
09/27/2016,34.290000915527344,0.0
09/28/2016,34.310001373291016,0.0
09/28/2016,34.34000015258789,0.0
09/29/2016,34.25,0.0
09/29/2016,34.16999816894531,0.0
09/30/2016,34.18000030517578,0.0
09/30/2016,34.529998779296875,0.0
10/03/2016,34.720001220703125,0.0
10/03/2016,34.75,0.0
10/04/2016,34.83000183105469,0.0
10/04/2016,34.7599983215332,0.0
10/05/2016,34.709999084472656,0.0
10/05/2016,34.720001220703125,0.0
10/06/2016,34.540000915527344,0.0
10/06/2016,35.099998474121094,0.0
10/07/2016,34.9900016784668,0.0
10/07/2016,35.47999954223633,0.0
10/10/2016,35.619998931884766,0.0
10/10/2016,35.959999084472656,0.0
10/11/2016,35.880001068115234,0.0
10/11/2016,35.66999816894531,0.0
10/12/2016,35.58000183105469,0.0
10/12/2016,35.779998779296875,0.0
10/13/2016,35.439998626708984,0.0
10/13/2016,35.880001068115234,0.0
10/14/2016,35.79999923706055,0.0
10/14/2016,35.63999938964844,0.0
10/17/2016,35.630001068115234,0.0
10/17/2016,35.220001220703125,0.0
10/18/2016,35.5,0.0
10/18/2016,35.5099983215332,0.0
10/19/2016,36.0,0.0
10/19/2016,36.220001220703125,0.0
10/20/2016,36.18000030517578,0.0
10/20/2016,35.58000183105469,0.0
10/21/2016,36.040000915527344,0.0
10/21/2016,36.400001525878906,0.0
10/24/2016,36.4900016784668,0.0
10/24/2016,36.81999969482422,0.0
10/25/2016,36.84000015258789,0.0
10/25/2016,36.65999984741211,0.0
10/26/2016,36.630001068115234,0.0
10/26/2016,36.31999969482422,0.0
10/27/2016,36.470001220703125,0.0
10/27/2016,36.38999938964844,0.0
10/28/2016,36.43000030517578,0.0
10/28/2016,36.33000183105469,0.0
10/31/2016,36.5099983215332,0.0
10/31/2016,35.790000915527344,0.0
11/01/2016,35.40999984741211,0.0
11/01/2016,35.29999923706055,0.0
11/02/2016,34.939998626708984,0.0
11/02/2016,35.209999084472656,0.0
11/03/2016,34.349998474121094,0.0
11/03/2016,33.279998779296875,0.0
11/04/2016,33.119998931884766,0.0
11/04/2016,31.799999237060547,0.0
11/07/2016,32.2400016784668,0.0
11/07/2016,32.86000061035156,0.0
11/08/2016,32.7400016784668,0.0
11/08/2016,33.70000076293945,0.0
11/09/2016,33.189998626708984,0.0
11/09/2016,33.06999969482422,0.0
11/10/2016,33.119998931884766,0.0
11/10/2016,32.439998626708984,0.0
11/11/2016,32.43000030517578,0.0
11/11/2016,33.13999938964844,0.0
11/14/2016,33.18000030517578,0.0
11/14/2016,32.790000915527344,0.0
11/15/2016,33.18000030517578,0.0
11/15/2016,33.290000915527344,0.0
11/16/2016,33.060001373291016,0.0
11/16/2016,33.25,0.0
11/17/2016,33.220001220703125,0.0
11/17/2016,33.91999816894531,0.0
11/18/2016,34.06999969482422,0.0
11/18/2016,34.38999938964844,0.0
11/21/2016,34.43000030517578,0.0
11/21/2016,35.31999969482422,0.0
11/22/2016,35.90999984741211,0.0
11/22/2016,36.119998931884766,0.0
11/23/2016,35.970001220703125,0.0
11/23/2016,36.45000076293945,0.0
11/25/2016,36.4900016784668,0.0
11/25/2016,36.81999969482422,0.0
11/28/2016,36.790000915527344,0.0
11/28/2016,36.38999938964844,0.0
11/29/2016,36.380001068115234,0.0
11/29/2016,36.220001220703125,0.0
11/30/2016,36.130001068115234,0.0
11/30/2016,35.34000015258789,0.0
12/01/2016,35.34000015258789,0.0
12/01/2016,33.72999954223633,0.0
12/02/2016,33.689998626708984,0.0
12/02/2016,33.290000915527344,0.0
12/05/2016,33.58000183105469,0.0
12/05/2016,34.7400016784668,0.0
12/06/2016,34.93000030517578,0.0
12/06/2016,36.369998931884766,0.0
12/07/2016,36.119998931884766,0.0
12/07/2016,36.040000915527344,0.0
12/08/2016,36.040000915527344,0.0
12/08/2016,36.61000061035156,0.0
12/09/2016,36.81999969482422,0.0
12/09/2016,36.720001220703125,0.0
12/12/2016,36.58000183105469,0.0
12/12/2016,35.9900016784668,0.0
12/13/2016,36.0,0.0
12/13/2016,35.849998474121094,0.0
12/14/2016,35.93000030517578,0.0
12/14/2016,35.220001220703125,0.0
12/15/2016,35.2599983215332,0.0
12/15/2016,35.25,0.0
12/16/2016,35.16999816894531,0.0
12/16/2016,34.97999954223633,0.0
12/19/2016,35.130001068115234,0.0
12/19/2016,34.95000076293945,0.0
12/20/2016,34.90999984741211,0.0
12/20/2016,34.810001373291016,0.0
12/21/2016,34.779998779296875,0.0
12/21/2016,35.0,0.0
12/22/2016,35.06999969482422,0.0
12/22/2016,34.66999816894531,0.0
12/23/2016,34.599998474121094,0.0
12/23/2016,34.470001220703125,0.0
12/27/2016,34.54999923706055,0.0
12/27/2016,35.04999923706055,0.0
12/28/2016,35.0099983215332,0.0
12/28/2016,34.790000915527344,0.0
12/29/2016,34.91999816894531,0.0
12/29/2016,34.88999938964844,0.0
12/30/2016,34.88999938964844,0.0
12/30/2016,34.95000076293945,0.0
01/03/2017,35.150001525878906,0.0
01/03/2017,35.720001220703125,0.0
01/04/2017,35.720001220703125,0.0
01/04/2017,35.33000183105469,0.0
01/05/2017,35.36000061035156,0.0
01/05/2017,34.83000183105469,0.0
01/06/2017,35.02000045776367,0.0
01/06/2017,35.380001068115234,0.0
01/09/2017,35.38999938964844,0.0
01/09/2017,35.380001068115234,0.0
01/10/2017,35.18000030517578,0.0
01/10/2017,35.209999084472656,0.0
01/11/2017,35.2400016784668,0.0
01/11/2017,35.27000045776367,0.0
01/12/2017,35.25,0.0
01/12/2017,34.40999984741211,0.0
01/13/2017,34.56999969482422,0.0
01/13/2017,35.18000030517578,0.0
01/17/2017,35.16999816894531,0.0
01/17/2017,35.20000076293945,0.0
01/18/2017,35.150001525878906,0.0
01/18/2017,34.900001525878906,0.0
01/19/2017,34.810001373291016,0.0
01/19/2017,35.20000076293945,0.0
01/20/2017,35.2599983215332,0.0
01/20/2017,35.20000076293945,0.0
01/23/2017,35.189998626708984,0.0
01/23/2017,34.95000076293945,0.0
01/24/2017,35.08000183105469,0.0
01/24/2017,34.939998626708984,0.0
01/25/2017,35.349998474121094,0.0
01/25/2017,36.15999984741211,0.0
01/26/2017,36.0,0.0
01/26/2017,35.959999084472656,0.0
01/27/2017,36.279998779296875,0.0
01/27/2017,36.41999816894531,0.0
01/30/2017,36.16999816894531,0.0
01/30/2017,36.08000183105469,0.0
01/31/2017,35.83000183105469,0.0
01/31/2017,35.72999954223633,0.0
02/01/2017,35.77000045776367,0.0
02/01/2017,35.88999938964844,0.0
02/02/2017,35.61000061035156,0.0
02/02/2017,35.9900016784668,0.0
02/03/2017,36.029998779296875,0.0
02/03/2017,36.06999969482422,0.0
02/06/2017,35.939998626708984,0.0
02/06/2017,36.189998626708984,0.0
02/07/2017,36.279998779296875,0.0
02/07/2017,36.099998474121094,0.0
02/08/2017,36.15999984741211,0.0
02/08/2017,35.77000045776367,0.0
02/09/2017,35.849998474121094,0.0
02/09/2017,36.04999923706055,0.0
02/10/2017,36.130001068115234,0.0
02/10/2017,36.0099983215332,0.0
02/13/2017,36.029998779296875,0.0
02/13/2017,36.08000183105469,0.0
02/14/2017,36.06999969482422,0.0
02/14/2017,36.34000015258789,0.0
02/15/2017,36.5,0.0
02/15/2017,37.459999084472656,0.0
02/16/2017,34.869998931884766,0.0
02/16/2017,35.880001068115234,0.0
02/17/2017,35.97999954223633,0.0
02/17/2017,36.689998626708984,0.0
02/21/2017,36.560001373291016,0.0
02/21/2017,36.72999954223633,0.0
02/22/2017,36.599998474121094,0.0
02/22/2017,36.7599983215332,0.0
02/23/2017,36.849998474121094,0.0
02/23/2017,36.540000915527344,0.0
02/24/2017,36.470001220703125,0.0
02/24/2017,36.959999084472656,0.0
02/27/2017,36.84000015258789,0.0
02/27/2017,37.18000030517578,0.0
02/28/2017,37.13999938964844,0.0
02/28/2017,36.849998474121094,0.0
03/01/2017,37.04999923706055,0.0
03/01/2017,36.560001373291016,0.0
03/02/2017,36.400001525878906,0.0
03/02/2017,36.04999923706055,0.0
03/03/2017,35.90999984741211,0.0
03/03/2017,36.290000915527344,0.0
03/06/2017,35.959999084472656,0.0
03/06/2017,36.599998474121094,0.0
03/07/2017,36.310001373291016,0.0
03/07/2017,36.27000045776367,0.0
03/08/2017,36.349998474121094,0.0
03/08/2017,36.61000061035156,0.0
03/09/2017,36.5,0.0
03/09/2017,36.54999923706055,0.0
03/10/2017,36.70000076293945,0.0
03/10/2017,36.58000183105469,0.0
03/13/2017,36.599998474121094,0.0
03/13/2017,37.70000076293945,0.0
03/14/2017,37.529998779296875,0.0
03/14/2017,37.540000915527344,0.0
03/15/2017,37.630001068115234,0.0
03/15/2017,37.59000015258789,0.0
03/16/2017,37.720001220703125,0.0
03/16/2017,37.470001220703125,0.0
03/17/2017,37.56999969482422,0.0
03/17/2017,37.18000030517578,0.0
03/20/2017,37.16999816894531,0.0
03/20/2017,37.150001525878906,0.0
03/21/2017,37.400001525878906,0.0
03/21/2017,36.529998779296875,0.0
03/22/2017,36.47999954223633,0.0
03/22/2017,36.68000030517578,0.0
03/23/2017,36.619998931884766,0.0
03/23/2017,36.650001525878906,0.0
03/24/2017,36.779998779296875,0.0
03/24/2017,36.38999938964844,0.0
03/27/2017,36.130001068115234,0.0
03/27/2017,36.459999084472656,0.0
03/28/2017,36.439998626708984,0.0
03/28/2017,36.29999923706055,0.0
03/29/2017,36.560001373291016,0.0
03/29/2017,37.08000183105469,0.0
03/30/2017,37.11000061035156,0.0
03/30/2017,37.119998931884766,0.0
03/31/2017,37.130001068115234,0.0
03/31/2017,37.900001525878906,0.0
04/03/2017,37.779998779296875,0.0
04/03/2017,37.58000183105469,0.0
04/04/2017,37.33000183105469,0.0
04/04/2017,37.040000915527344,0.0
04/05/2017,37.189998626708984,0.0
04/05/2017,37.08000183105469,0.0
04/06/2017,37.119998931884766,0.0
04/06/2017,37.150001525878906,0.0
04/07/2017,37.18000030517578,0.0
04/07/2017,37.31999969482422,0.0
04/10/2017,37.279998779296875,0.0
04/10/2017,36.939998626708984,0.0
04/11/2017,36.65999984741211,0.0
04/11/2017,36.779998779296875,0.0
04/12/2017,36.689998626708984,0.0
04/12/2017,36.290000915527344,0.0
04/13/2017,36.290000915527344,0.0
04/13/2017,36.09000015258789,0.0
04/17/2017,36.099998474121094,0.0
04/17/2017,36.880001068115234,0.0
04/18/2017,36.560001373291016,0.0
04/18/2017,36.970001220703125,0.0
04/19/2017,37.060001373291016,0.0
04/19/2017,37.619998931884766,0.0
04/20/2017,37.720001220703125,0.0
04/20/2017,37.75,0.0
04/21/2017,37.83000183105469,0.0
04/21/2017,37.619998931884766,0.0
04/24/2017,37.95000076293945,0.0
04/24/2017,38.25,0.0
04/25/2017,38.45000076293945,0.0
04/25/2017,38.79999923706055,0.0
04/26/2017,38.900001525878906,0.0
04/26/2017,38.90999984741211,0.0
04/27/2017,39.099998474121094,0.0
04/27/2017,39.040000915527344,0.0
04/28/2017,39.189998626708984,0.0
04/28/2017,38.91999816894531,0.0
05/01/2017,39.0099983215332,0.0
05/01/2017,39.689998626708984,0.0
05/02/2017,39.650001525878906,0.0
05/02/2017,39.349998474121094,0.0
05/03/2017,39.90999984741211,0.0
05/03/2017,38.45000076293945,0.0
05/04/2017,37.43000030517578,0.0
05/04/2017,38.869998931884766,0.0
05/05/2017,39.029998779296875,0.0
05/05/2017,38.900001525878906,0.0
05/08/2017,39.02000045776367,0.0
05/08/2017,39.209999084472656,0.0
05/09/2017,39.43000030517578,0.0
05/09/2017,39.18000030517578,0.0
05/10/2017,39.040000915527344,0.0
05/10/2017,39.279998779296875,0.0
05/11/2017,39.380001068115234,0.0
05/11/2017,38.95000076293945,0.0
05/12/2017,38.9900016784668,0.0
05/12/2017,38.7599983215332,0.0
05/15/2017,38.97999954223633,0.0
05/15/2017,39.060001373291016,0.0
05/16/2017,39.29999923706055,0.0
05/16/2017,40.290000915527344,0.0
05/17/2017,39.84000015258789,0.0
05/17/2017,38.630001068115234,0.0
05/18/2017,38.400001525878906,0.0
05/18/2017,39.900001525878906,0.0
05/19/2017,40.099998474121094,0.0
05/19/2017,40.16999816894531,0.0
05/22/2017,40.22999954223633,0.0
05/22/2017,40.720001220703125,0.0
05/23/2017,40.630001068115234,0.0
05/23/2017,40.529998779296875,0.0
05/24/2017,40.45000076293945,0.0
05/24/2017,41.45000076293945,0.0
05/25/2017,41.52000045776367,0.0
05/25/2017,41.41999816894531,0.0
05/26/2017,41.52000045776367,0.0
05/26/2017,42.150001525878906,0.0
05/30/2017,41.90999984741211,0.0
05/30/2017,41.70000076293945,0.0
05/31/2017,41.720001220703125,0.0
05/31/2017,41.13999938964844,0.0
06/01/2017,41.400001525878906,0.0
06/01/2017,41.560001373291016,0.0
06/02/2017,41.59000015258789,0.0
06/02/2017,41.959999084472656,0.0
06/05/2017,42.09000015258789,0.0
06/05/2017,42.349998474121094,0.0
06/06/2017,42.150001525878906,0.0
06/06/2017,42.279998779296875,0.0
06/07/2017,42.56999969482422,0.0
06/07/2017,42.790000915527344,0.0
06/08/2017,42.79999923706055,0.0
06/08/2017,43.59000015258789,0.0
06/09/2017,43.619998931884766,0.0
06/09/2017,42.38999938964844,0.0
06/12/2017,42.0,0.0
06/12/2017,41.810001373291016,0.0
06/13/2017,42.130001068115234,0.0
06/13/2017,42.09000015258789,0.0
06/14/2017,42.130001068115234,0.0
06/14/2017,41.810001373291016,0.0
06/15/2017,41.06999969482422,0.0
06/15/2017,41.529998779296875,0.0
06/16/2017,41.72999954223633,0.0
06/16/2017,42.099998474121094,0.0
06/19/2017,42.36000061035156,0.0
06/19/2017,42.40999984741211,0.0
06/20/2017,42.25,0.0
06/20/2017,41.939998626708984,0.0
06/21/2017,42.099998474121094,0.0
06/21/2017,42.7400016784668,0.0
06/22/2017,42.560001373291016,0.0
06/22/2017,43.11000061035156,0.0
06/23/2017,43.150001525878906,0.0
06/23/2017,43.27000045776367,0.0
06/26/2017,43.38999938964844,0.0
06/26/2017,42.56999969482422,0.0
06/27/2017,42.459999084472656,0.0
06/27/2017,41.5099983215332,0.0
06/28/2017,41.7599983215332,0.0
06/28/2017,42.959999084472656,0.0
06/29/2017,42.900001525878906,0.0
06/29/2017,42.380001068115234,0.0
06/30/2017,42.369998931884766,0.0
06/30/2017,42.41999816894531,0.0
07/03/2017,42.599998474121094,0.0
07/03/2017,41.84000015258789,0.0
07/05/2017,41.880001068115234,0.0
07/05/2017,42.279998779296875,0.0
07/06/2017,41.88999938964844,0.0
07/06/2017,41.84000015258789,0.0
07/07/2017,41.95000076293945,0.0
07/07/2017,42.08000183105469,0.0
07/10/2017,42.09000015258789,0.0
07/10/2017,42.18000030517578,0.0
07/11/2017,42.20000076293945,0.0
07/11/2017,42.43000030517578,0.0
07/12/2017,42.5,0.0
07/12/2017,42.79999923706055,0.0
07/13/2017,43.040000915527344,0.0
07/13/2017,42.349998474121094,0.0
07/14/2017,42.4900016784668,0.0
07/14/2017,42.220001220703125,0.0
07/17/2017,42.31999969482422,0.0
07/17/2017,42.810001373291016,0.0
07/18/2017,42.849998474121094,0.0
07/18/2017,43.70000076293945,0.0
07/19/2017,44.060001373291016,0.0
07/19/2017,44.0,0.0
07/20/2017,43.869998931884766,0.0
07/20/2017,43.18000030517578,0.0
07/21/2017,43.060001373291016,0.0
07/21/2017,43.04999923706055,0.0
07/24/2017,43.15999984741211,0.0
07/24/2017,43.599998474121094,0.0
07/25/2017,43.63999938964844,0.0
07/25/2017,43.54999923706055,0.0
07/26/2017,43.68000030517578,0.0
07/26/2017,43.790000915527344,0.0
07/27/2017,44.0,0.0
07/27/2017,43.36000061035156,0.0
07/28/2017,43.13999938964844,0.0
07/28/2017,43.22999954223633,0.0
07/31/2017,43.43000030517578,0.0
07/31/2017,42.97999954223633,0.0
08/01/2017,43.400001525878906,0.0
08/01/2017,43.11000061035156,0.0
08/02/2017,43.33000183105469,0.0
08/02/2017,42.79999923706055,0.0
08/03/2017,42.849998474121094,0.0
08/03/2017,42.939998626708984,0.0
08/04/2017,43.0099983215332,0.0
08/04/2017,42.56999969482422,0.0
08/07/2017,42.70000076293945,0.0
08/07/2017,42.68000030517578,0.0
08/08/2017,42.68000030517578,0.0
08/08/2017,42.45000076293945,0.0
08/09/2017,43.060001373291016,0.0
08/09/2017,44.0,0.0
08/10/2017,43.61000061035156,0.0
08/10/2017,41.290000915527344,0.0
08/11/2017,40.810001373291016,0.0
08/11/2017,41.560001373291016,0.0
08/14/2017,41.959999084472656,0.0
08/14/2017,42.34000015258789,0.0
08/15/2017,42.279998779296875,0.0
08/15/2017,41.689998626708984,0.0
08/16/2017,42.16999816894531,0.0
08/16/2017,42.2599983215332,0.0
08/17/2017,42.18000030517578,0.0
08/17/2017,41.189998626708984,0.0
08/18/2017,41.150001525878906,0.0
08/18/2017,41.810001373291016,0.0
08/21/2017,41.70000076293945,0.0
08/21/2017,41.45000076293945,0.0
08/22/2017,41.59000015258789,0.0
08/22/2017,41.869998931884766,0.0
08/23/2017,41.45000076293945,0.0
08/23/2017,42.349998474121094,0.0
08/24/2017,42.41999816894531,0.0
08/24/2017,42.540000915527344,0.0
08/25/2017,42.70000076293945,0.0
08/25/2017,42.47999954223633,0.0
08/28/2017,42.56999969482422,0.0
08/28/2017,42.720001220703125,0.0
08/29/2017,42.279998779296875,0.0
08/29/2017,42.7599983215332,0.0
08/30/2017,42.81999969482422,0.0
08/30/2017,43.880001068115234,0.0
08/31/2017,43.939998626708984,0.0
08/31/2017,44.81999969482422,0.0
09/01/2017,44.849998474121094,0.0
09/01/2017,44.95000076293945,0.0
09/05/2017,44.689998626708984,0.0
09/05/2017,45.18000030517578,0.0
09/06/2017,43.810001373291016,0.0
09/06/2017,43.70000076293945,0.0
09/07/2017,43.70000076293945,0.0
09/07/2017,44.029998779296875,0.0
09/08/2017,43.95000076293945,0.0
09/08/2017,43.52000045776367,0.0
09/11/2017,44.11000061035156,0.0
09/11/2017,43.97999954223633,0.0
09/12/2017,43.939998626708984,0.0
09/12/2017,43.79999923706055,0.0
09/13/2017,43.75,0.0
09/13/2017,43.939998626708984,0.0
09/14/2017,43.79999923706055,0.0
09/14/2017,43.79999923706055,0.0
09/15/2017,43.72999954223633,0.0
09/15/2017,43.810001373291016,0.0
09/18/2017,43.90999984741211,0.0
09/18/2017,44.40999984741211,0.0
09/19/2017,44.599998474121094,0.0
09/19/2017,44.869998931884766,0.0
09/20/2017,44.81999969482422,0.0
09/20/2017,44.72999954223633,0.0
09/21/2017,44.779998779296875,0.0
09/21/2017,44.720001220703125,0.0
09/22/2017,44.58000183105469,0.0
09/22/2017,45.29999923706055,0.0
09/25/2017,45.0,0.0
09/25/2017,43.150001525878906,0.0
09/26/2017,43.310001373291016,0.0
09/26/2017,42.54999923706055,0.0
09/27/2017,42.97999954223633,0.0
09/27/2017,42.93000030517578,0.0
09/28/2017,42.84000015258789,0.0
09/28/2017,43.290000915527344,0.0
09/29/2017,43.33000183105469,0.0
09/29/2017,43.5099983215332,0.0
10/02/2017,43.540000915527344,0.0
10/02/2017,43.439998626708984,0.0
10/03/2017,43.459999084472656,0.0
10/03/2017,43.630001068115234,0.0
10/04/2017,43.63999938964844,0.0
10/04/2017,43.40999984741211,0.0
10/05/2017,43.599998474121094,0.0
10/05/2017,43.61000061035156,0.0
10/06/2017,43.63999938964844,0.0
10/06/2017,44.220001220703125,0.0
10/09/2017,44.290000915527344,0.0
10/09/2017,44.099998474121094,0.0
10/10/2017,44.31999969482422,0.0
10/10/2017,43.779998779296875,0.0
10/11/2017,43.79999923706055,0.0
10/11/2017,43.91999816894531,0.0
10/12/2017,43.84000015258789,0.0
10/12/2017,44.130001068115234,0.0
10/13/2017,44.27000045776367,0.0
10/13/2017,44.22999954223633,0.0
10/16/2017,44.400001525878906,0.0
10/16/2017,43.869998931884766,0.0
10/17/2017,43.88999938964844,0.0
10/17/2017,43.849998474121094,0.0
10/18/2017,43.880001068115234,0.0
10/18/2017,44.40999984741211,0.0
10/19/2017,43.959999084472656,0.0
10/19/2017,44.20000076293945,0.0
10/20/2017,44.41999816894531,0.0
10/20/2017,45.0,0.0
10/23/2017,45.13999938964844,0.0
10/23/2017,44.97999954223633,0.0
10/24/2017,45.15999984741211,0.0
10/24/2017,45.400001525878906,0.0
10/25/2017,45.599998474121094,0.0
10/25/2017,45.439998626708984,0.0
10/26/2017,45.56999969482422,0.0
10/26/2017,45.75,0.0
10/27/2017,45.849998474121094,0.0
10/27/2017,46.540000915527344,0.0
10/30/2017,46.4900016784668,0.0
10/30/2017,46.31999969482422,0.0
10/31/2017,46.439998626708984,0.0
10/31/2017,46.70000076293945,0.0
11/01/2017,46.95000076293945,0.0
11/01/2017,46.83000183105469,0.0
11/02/2017,46.83000183105469,0.0
11/02/2017,46.720001220703125,0.0
11/03/2017,46.68000030517578,0.0
11/03/2017,46.86000061035156,0.0
11/06/2017,46.849998474121094,0.0
11/06/2017,47.220001220703125,0.0
11/07/2017,46.91999816894531,0.0
11/07/2017,48.61000061035156,0.0
11/08/2017,48.56999969482422,0.0
11/08/2017,48.02000045776367,0.0
11/09/2017,47.90999984741211,0.0
11/09/2017,47.97999954223633,0.0
11/10/2017,48.040000915527344,0.0
11/10/2017,48.150001525878906,0.0
11/13/2017,48.11000061035156,0.0
11/13/2017,48.56999969482422,0.0
11/14/2017,48.47999954223633,0.0
11/14/2017,48.650001525878906,0.0
11/15/2017,48.470001220703125,0.0
11/15/2017,48.90999984741211,0.0
11/16/2017,48.939998626708984,0.0
11/16/2017,49.33000183105469,0.0
11/17/2017,49.13999938964844,0.0
11/17/2017,49.54999923706055,0.0
11/20/2017,49.5099983215332,0.0
11/20/2017,50.18000030517578,0.0
11/21/2017,50.29999923706055,0.0
11/21/2017,50.4900016784668,0.0
11/22/2017,50.54999923706055,0.0
11/22/2017,50.43000030517578,0.0
11/24/2017,50.4900016784668,0.0
11/24/2017,51.060001373291016,0.0
11/27/2017,51.060001373291016,0.0
11/27/2017,50.88999938964844,0.0
11/28/2017,51.060001373291016,0.0
11/28/2017,50.45000076293945,0.0
11/29/2017,50.220001220703125,0.0
11/29/2017,48.779998779296875,0.0
11/30/2017,48.91999816894531,0.0
11/30/2017,48.650001525878906,0.0
12/01/2017,48.439998626708984,0.0
12/01/2017,48.0,0.0
12/04/2017,48.470001220703125,0.0
12/04/2017,47.31999969482422,0.0
12/05/2017,47.470001220703125,0.0
12/05/2017,46.09000015258789,0.0
12/06/2017,46.04999923706055,0.0
12/06/2017,46.779998779296875,0.0
12/07/2017,46.68000030517578,0.0
12/07/2017,48.150001525878906,0.0
12/08/2017,48.47999954223633,0.0
12/08/2017,48.880001068115234,0.0
12/11/2017,48.900001525878906,0.0
12/11/2017,48.95000076293945,0.0
12/12/2017,48.060001373291016,0.0
12/12/2017,48.209999084472656,0.0
12/13/2017,48.34000015258789,0.0
12/13/2017,48.41999816894531,0.0
12/14/2017,48.380001068115234,0.0
12/14/2017,48.209999084472656,0.0
12/15/2017,48.58000183105469,0.0
12/15/2017,48.970001220703125,0.0
12/18/2017,49.119998931884766,0.0
12/18/2017,50.36000061035156,0.0
12/19/2017,50.2400016784668,0.0
12/19/2017,50.810001373291016,0.0
12/20/2017,50.970001220703125,0.0
12/20/2017,50.400001525878906,0.0
12/21/2017,50.29999923706055,0.0
12/21/2017,49.72999954223633,0.0
12/22/2017,49.5099983215332,0.0
12/22/2017,49.869998931884766,0.0
12/26/2017,49.66999816894531,0.0
12/26/2017,50.0,0.0
12/27/2017,49.709999084472656,0.0
12/27/2017,50.02000045776367,0.0
12/28/2017,50.130001068115234,0.0
12/28/2017,50.47999954223633,0.0
12/29/2017,50.560001373291016,0.0
12/29/2017,50.279998779296875,0.0
01/02/2018,50.380001068115234,0.0
01/02/2018,49.06999969482422,0.0
01/03/2018,49.2599983215332,0.0
01/03/2018,50.0099983215332,0.0
01/04/2018,50.36000061035156,0.0
01/04/2018,50.54999923706055,0.0
01/05/2018,50.61000061035156,0.0
01/05/2018,51.04999923706055,0.0
01/08/2018,50.88999938964844,0.0
01/08/2018,51.08000183105469,0.0
01/09/2018,51.0,0.0
01/09/2018,51.20000076293945,0.0
01/10/2018,50.81999969482422,0.0
01/10/2018,50.91999816894531,0.0
01/11/2018,51.150001525878906,0.0
01/11/2018,51.29999923706055,0.0
01/12/2018,51.29999923706055,0.0
01/12/2018,51.43000030517578,0.0
01/16/2018,51.5,0.0
01/16/2018,50.130001068115234,0.0
01/17/2018,50.58000183105469,0.0
01/17/2018,51.130001068115234,0.0
01/18/2018,51.040000915527344,0.0
01/18/2018,51.22999954223633,0.0
01/19/2018,51.38999938964844,0.0
01/19/2018,51.66999816894531,0.0
01/22/2018,51.779998779296875,0.0
01/22/2018,52.31999969482422,0.0
01/23/2018,52.33000183105469,0.0
01/23/2018,53.099998474121094,0.0
01/24/2018,53.939998626708984,0.0
01/24/2018,53.7400016784668,0.0
01/25/2018,54.150001525878906,0.0
01/25/2018,54.54999923706055,0.0
01/26/2018,54.810001373291016,0.0
01/26/2018,55.27000045776367,0.0
01/29/2018,55.04999923706055,0.0
01/29/2018,54.88999938964844,0.0
01/30/2018,54.2599983215332,0.0
01/30/2018,54.61000061035156,0.0
01/31/2018,54.77000045776367,0.0
01/31/2018,55.22999954223633,0.0
02/01/2018,55.02000045776367,0.0
02/01/2018,56.0099983215332,0.0
02/02/2018,55.61000061035156,0.0
02/02/2018,55.2599983215332,0.0
02/05/2018,54.54999923706055,0.0
02/05/2018,52.5099983215332,0.0
02/06/2018,51.5099983215332,0.0
02/06/2018,53.45000076293945,0.0
02/07/2018,53.400001525878906,0.0
02/07/2018,53.77000045776367,0.0
02/08/2018,53.83000183105469,0.0
02/08/2018,51.36000061035156,0.0
02/09/2018,51.90999984741211,0.0
02/09/2018,52.04999923706055,0.0
02/12/2018,52.4900016784668,0.0
02/12/2018,52.59000015258789,0.0
02/13/2018,52.40999984741211,0.0
02/13/2018,53.220001220703125,0.0
02/14/2018,53.0099983215332,0.0
02/14/2018,54.77000045776367,0.0
02/15/2018,55.08000183105469,0.0
02/15/2018,55.77000045776367,0.0
02/16/2018,55.47999954223633,0.0
02/16/2018,55.779998779296875,0.0
02/20/2018,55.47999954223633,0.0
02/20/2018,56.2400016784668,0.0
02/21/2018,56.439998626708984,0.0
02/21/2018,55.70000076293945,0.0
02/22/2018,56.08000183105469,0.0
02/22/2018,55.43000030517578,0.0
02/23/2018,58.5,0.0
02/23/2018,61.47999954223633,0.0
02/26/2018,61.7599983215332,0.0
02/26/2018,60.880001068115234,0.0
02/27/2018,61.0,0.0
02/27/2018,60.36000061035156,0.0
02/28/2018,60.15999984741211,0.0
02/28/2018,59.810001373291016,0.0
03/01/2018,59.25,0.0
03/01/2018,59.36000061035156,0.0
03/02/2018,59.0,0.0
03/02/2018,60.689998626708984,0.0
03/05/2018,60.349998474121094,0.0
03/05/2018,61.029998779296875,0.0
03/06/2018,61.29999923706055,0.0
03/06/2018,60.90999984741211,0.0
03/07/2018,60.5099983215332,0.0
03/07/2018,62.65999984741211,0.0
03/08/2018,62.56999969482422,0.0
03/08/2018,63.27000045776367,0.0
03/09/2018,63.65999984741211,0.0
03/09/2018,63.97999954223633,0.0
03/12/2018,64.04000091552734,0.0
03/12/2018,63.65999984741211,0.0
03/13/2018,63.7599983215332,0.0
03/13/2018,62.56999969482422,0.0
03/14/2018,62.97999954223633,0.0
03/14/2018,63.34000015258789,0.0
03/15/2018,63.38999938964844,0.0
03/15/2018,63.209999084472656,0.0
03/16/2018,63.209999084472656,0.0
03/16/2018,62.41999816894531,0.0
03/19/2018,61.880001068115234,0.0
03/19/2018,61.91999816894531,0.0
03/20/2018,62.04999923706055,0.0
03/20/2018,62.4900016784668,0.0
03/21/2018,62.38999938964844,0.0
03/21/2018,62.290000915527344,0.0
03/22/2018,61.75,0.0
03/22/2018,61.11000061035156,0.0
03/23/2018,61.56999969482422,0.0
03/23/2018,61.0099983215332,0.0
03/26/2018,61.91999816894531,0.0
03/26/2018,62.540000915527344,0.0
03/27/2018,62.95000076293945,0.0
03/27/2018,60.02000045776367,0.0
03/28/2018,59.810001373291016,0.0
03/28/2018,58.93000030517578,0.0
03/29/2018,59.810001373291016,0.0
03/29/2018,61.41999816894531,0.0
04/02/2018,61.54999923706055,0.0
04/02/2018,59.119998931884766,0.0
04/03/2018,59.459999084472656,0.0
04/03/2018,59.25,0.0
04/04/2018,58.029998779296875,0.0
04/04/2018,60.56999969482422,0.0
04/05/2018,61.0,0.0
04/05/2018,60.93000030517578,0.0
04/06/2018,60.439998626708984,0.0
04/06/2018,59.86000061035156,0.0
04/09/2018,60.470001220703125,0.0
04/09/2018,60.630001068115234,0.0
04/10/2018,61.310001373291016,0.0
04/10/2018,61.189998626708984,0.0
04/11/2018,60.91999816894531,0.0
04/11/2018,61.29999923706055,0.0
04/12/2018,61.5099983215332,0.0
04/12/2018,61.84000015258789,0.0
04/13/2018,62.40999984741211,0.0
04/13/2018,61.56999969482422,0.0
04/16/2018,61.7400016784668,0.0
04/16/2018,62.130001068115234,0.0
04/17/2018,62.47999954223633,0.0
04/17/2018,64.23999786376953,0.0
04/18/2018,64.38999938964844,0.0
04/18/2018,64.81999969482422,0.0
04/19/2018,64.7699966430664,0.0
04/19/2018,64.87000274658203,0.0
04/20/2018,64.70999908447266,0.0
04/20/2018,63.77000045776367,0.0
04/23/2018,64.1500015258789,0.0
04/23/2018,63.68000030517578,0.0
04/24/2018,63.88999938964844,0.0
04/24/2018,62.54999923706055,0.0
04/25/2018,62.849998474121094,0.0
04/25/2018,63.349998474121094,0.0
04/26/2018,63.630001068115234,0.0
04/26/2018,64.75,0.0
04/27/2018,65.16999816894531,0.0
04/27/2018,64.33999633789062,0.0
04/30/2018,64.2699966430664,0.0
04/30/2018,64.55999755859375,0.0
05/01/2018,64.30999755859375,0.0
05/01/2018,64.02999877929688,0.0
05/02/2018,63.970001220703125,0.0
05/02/2018,64.55000305175781,0.0
05/03/2018,64.30999755859375,0.0
05/03/2018,65.05000305175781,0.0
05/04/2018,64.68000030517578,0.0
05/04/2018,65.77999877929688,0.0
05/07/2018,66.33000183105469,0.0
05/07/2018,66.2300033569336,0.0
05/08/2018,66.13999938964844,0.0
05/08/2018,65.95999908447266,0.0
05/09/2018,68.33999633789062,0.0
05/09/2018,68.98999786376953,0.0
05/10/2018,68.5999984741211,0.0
05/10/2018,68.8499984741211,0.0
05/11/2018,68.83000183105469,0.0
05/11/2018,69.43000030517578,0.0
05/14/2018,69.44999694824219,0.0
05/14/2018,68.68000030517578,0.0
05/15/2018,68.2699966430664,0.0
05/15/2018,69.1500015258789,0.0
05/16/2018,69.30000305175781,0.0
05/16/2018,69.80999755859375,0.0
05/17/2018,69.43000030517578,0.0
05/17/2018,70.6500015258789,0.0
05/18/2018,70.72000122070312,0.0
05/18/2018,71.33999633789062,0.0
05/21/2018,70.44000244140625,0.0
05/21/2018,70.79000091552734,0.0
05/22/2018,71.0,0.0
05/22/2018,70.6500015258789,0.0
05/23/2018,70.25,0.0
05/23/2018,70.88999938964844,0.0
05/24/2018,71.22000122070312,0.0
05/24/2018,70.76000213623047,0.0
05/25/2018,70.80000305175781,0.0
05/25/2018,71.01000213623047,0.0
05/29/2018,70.7699966430664,0.0
05/29/2018,71.08999633789062,0.0
05/30/2018,71.27999877929688,0.0
05/30/2018,72.12999725341797,0.0
05/31/2018,72.55999755859375,0.0
05/31/2018,71.58999633789062,0.0
06/01/2018,72.31999969482422,0.0
06/01/2018,73.61000061035156,0.0
06/04/2018,73.61000061035156,0.0
06/04/2018,73.83000183105469,0.0
06/05/2018,73.9000015258789,0.0
06/05/2018,73.86000061035156,0.0
06/06/2018,73.69999694824219,0.0
06/06/2018,74.12999725341797,0.0
06/07/2018,74.12999725341797,0.0
06/07/2018,72.4800033569336,0.0
06/08/2018,72.16000366210938,0.0
06/08/2018,72.63999938964844,0.0
06/11/2018,72.80000305175781,0.0
06/11/2018,72.13999938964844,0.0
06/12/2018,72.01000213623047,0.0
06/12/2018,73.12999725341797,0.0
06/13/2018,73.25,0.0
06/13/2018,72.97000122070312,0.0
06/14/2018,72.94999694824219,0.0
06/14/2018,73.55000305175781,0.0
06/15/2018,73.19000244140625,0.0
06/15/2018,73.3499984741211,0.0
06/18/2018,73.04000091552734,0.0
06/18/2018,74.73999786376953,0.0
06/19/2018,73.83000183105469,0.0
06/19/2018,73.80000305175781,0.0
06/20/2018,74.29000091552734,0.0
06/20/2018,74.69000244140625,0.0
06/21/2018,74.93000030517578,0.0
06/21/2018,73.58000183105469,0.0
06/22/2018,74.0,0.0
06/22/2018,73.29000091552734,0.0
06/25/2018,72.31999969482422,0.0
06/25/2018,70.56999969482422,0.0
06/26/2018,70.69999694824219,0.0
06/26/2018,70.73999786376953,0.0
06/27/2018,71.05999755859375,0.0
06/27/2018,68.79000091552734,0.0
06/28/2018,68.66000366210938,0.0
06/28/2018,69.76000213623047,0.0
06/29/2018,70.26000213623047,0.0
06/29/2018,70.5999984741211,0.0
07/02/2018,69.80999755859375,0.0
07/02/2018,72.45999908447266,0.0
07/03/2018,72.66000366210938,0.0
07/03/2018,71.70999908447266,0.0
07/05/2018,72.0,0.0
07/05/2018,72.81999969482422,0.0
07/06/2018,72.66000366210938,0.0
07/06/2018,73.77999877929688,0.0
07/09/2018,74.41000366210938,0.0
07/09/2018,74.72000122070312,0.0
07/10/2018,74.80999755859375,0.0
07/10/2018,74.79000091552734,0.0
07/11/2018,73.83999633789062,0.0
07/11/2018,75.19000244140625,0.0
07/12/2018,75.88999938964844,0.0
07/12/2018,76.91000366210938,0.0
07/13/2018,76.95999908447266,0.0
07/13/2018,76.77999877929688,0.0
07/16/2018,76.98999786376953,0.0
07/16/2018,77.16000366210938,0.0
07/17/2018,76.54000091552734,0.0
07/17/2018,78.19999694824219,0.0
07/18/2018,78.19000244140625,0.0
07/18/2018,78.45999908447266,0.0
07/19/2018,78.16999816894531,0.0
07/19/2018,78.22000122070312,0.0
07/20/2018,78.4000015258789,0.0
07/20/2018,78.44999694824219,0.0
07/23/2018,78.55999755859375,0.0
07/23/2018,79.54000091552734,0.0
07/24/2018,80.0,0.0
07/24/2018,78.44000244140625,0.0
07/25/2018,78.43000030517578,0.0
07/25/2018,79.62000274658203,0.0
07/26/2018,78.9000015258789,0.0
07/26/2018,78.88999938964844,0.0
07/27/2018,79.16999816894531,0.0
07/27/2018,76.80999755859375,0.0
07/30/2018,76.80999755859375,0.0
07/30/2018,73.3499984741211,0.0
07/31/2018,73.43000030517578,0.0
07/31/2018,73.62000274658203,0.0
08/01/2018,73.7300033569336,0.0
08/01/2018,75.0,0.0
08/02/2018,74.01000213623047,0.0
08/02/2018,76.55000305175781,0.0
08/03/2018,76.55999755859375,0.0
08/03/2018,75.94000244140625,0.0
08/06/2018,75.93000030517578,0.0
08/06/2018,76.12000274658203,0.0
08/07/2018,76.70999908447266,0.0
08/07/2018,76.77999877929688,0.0
08/08/2018,76.97000122070312,0.0
08/08/2018,76.26000213623047,0.0
08/09/2018,76.04000091552734,0.0
08/09/2018,76.6500015258789,0.0
08/10/2018,76.62000274658203,0.0
08/10/2018,76.04000091552734,0.0
08/13/2018,75.9000015258789,0.0
08/13/2018,75.27999877929688,0.0
08/14/2018,75.04000091552734,0.0
08/14/2018,75.86000061035156,0.0
08/15/2018,75.12999725341797,0.0
08/15/2018,73.68000030517578,0.0
08/16/2018,74.51000213623047,0.0
08/16/2018,73.94999694824219,0.0
08/17/2018,73.86000061035156,0.0
08/17/2018,73.75,0.0
08/20/2018,74.08000183105469,0.0
08/20/2018,73.08000183105469,0.0
08/21/2018,73.7300033569336,0.0
08/21/2018,73.9800033569336,0.0
08/22/2018,73.81999969482422,0.0
08/22/2018,75.19999694824219,0.0
08/23/2018,75.25,0.0
08/23/2018,76.55000305175781,0.0
08/24/2018,76.80999755859375,0.0
08/24/2018,78.91999816894531,0.0
08/27/2018,79.93000030517578,0.0
08/27/2018,80.13999938964844,0.0
08/28/2018,80.56999969482422,0.0
08/28/2018,81.3499984741211,0.0
08/29/2018,81.27999877929688,0.0
08/29/2018,80.73999786376953,0.0
08/30/2018,80.76000213623047,0.0
08/30/2018,80.2699966430664,0.0
08/31/2018,80.23999786376953,0.0
08/31/2018,81.45999908447266,0.0
09/04/2018,80.87999725341797,0.0
09/04/2018,81.75,0.0
09/05/2018,81.62999725341797,0.0
09/05/2018,79.33999633789062,0.0
09/06/2018,79.41000366210938,0.0
09/06/2018,79.44999694824219,0.0
09/07/2018,79.13999938964844,0.0
09/07/2018,80.3499984741211,0.0
09/10/2018,80.41000366210938,0.0
09/10/2018,81.61000061035156,0.0
09/11/2018,81.5,0.0
09/11/2018,82.9000015258789,0.0
09/12/2018,82.8499984741211,0.0
09/12/2018,82.94999694824219,0.0
09/13/2018,83.69999694824219,0.0
09/13/2018,84.0,0.0
09/14/2018,83.55000305175781,0.0
09/14/2018,83.77999877929688,0.0
09/17/2018,83.19999694824219,0.0
09/17/2018,81.4000015258789,0.0
09/18/2018,81.37000274658203,0.0
09/18/2018,82.29000091552734,0.0
09/19/2018,82.63999938964844,0.0
09/19/2018,81.8499984741211,0.0
09/20/2018,82.26000213623047,0.0
09/20/2018,81.58000183105469,0.0
09/21/2018,81.91999816894531,0.0
09/21/2018,80.4000015258789,0.0
09/24/2018,79.9800033569336,0.0
09/24/2018,80.58999633789062,0.0
09/25/2018,80.76000213623047,0.0
09/25/2018,81.95999908447266,0.0
09/26/2018,82.38999938964844,0.0
09/26/2018,82.58999633789062,0.0
09/27/2018,82.76000213623047,0.0
09/27/2018,83.19999694824219,0.0
09/28/2018,83.20999908447266,0.0
09/28/2018,83.38999938964844,0.0
10/01/2018,84.45999908447266,0.0
10/01/2018,83.06999969482422,0.0
10/02/2018,82.63999938964844,0.0
10/02/2018,81.66999816894531,0.0
10/03/2018,81.75,0.0
10/03/2018,82.08999633789062,0.0
10/04/2018,81.94000244140625,0.0
10/04/2018,79.47000122070312,0.0
10/05/2018,79.5,0.0
10/05/2018,78.5999984741211,0.0
10/08/2018,77.91000366210938,0.0
10/08/2018,75.97000122070312,0.0
10/09/2018,75.55000305175781,0.0
10/09/2018,75.68000030517578,0.0
10/10/2018,74.95999908447266,0.0
10/10/2018,70.79000091552734,0.0
10/11/2018,72.23999786376953,0.0
10/11/2018,72.0,0.0
10/12/2018,74.55999755859375,0.0
10/12/2018,75.44000244140625,0.0
10/15/2018,75.23999786376953,0.0
10/15/2018,74.8499984741211,0.0
10/16/2018,75.5,0.0
10/16/2018,79.1500015258789,0.0
10/17/2018,79.0,0.0
10/17/2018,78.4800033569336,0.0
10/18/2018,78.27999877929688,0.0
10/18/2018,76.30999755859375,0.0
10/19/2018,76.94000244140625,0.0
10/19/2018,74.80000305175781,0.0
10/22/2018,75.01000213623047,0.0
10/22/2018,75.91999816894531,0.0
10/23/2018,74.20999908447266,0.0
10/23/2018,74.25,0.0
10/24/2018,74.16000366210938,0.0
10/24/2018,69.88999938964844,0.0
10/25/2018,70.72000122070312,0.0
10/25/2018,72.80000305175781,0.0
10/26/2018,70.68000030517578,0.0
10/26/2018,72.08000183105469,0.0
10/29/2018,73.04000091552734,0.0
10/29/2018,67.75,0.0
10/30/2018,67.2300033569336,0.0
10/30/2018,70.38999938964844,0.0
10/31/2018,71.30000305175781,0.0
10/31/2018,73.16999816894531,0.0
11/01/2018,73.5,0.0
11/01/2018,74.4000015258789,0.0
11/02/2018,74.54000091552734,0.0
11/02/2018,73.62000274658203,0.0
11/05/2018,73.47000122070312,0.0
11/05/2018,73.0,0.0
11/06/2018,73.36000061035156,0.0
11/06/2018,72.5,0.0
11/07/2018,70.44999694824219,0.0
11/07/2018,66.4800033569336,0.0
11/08/2018,65.87000274658203,0.0
11/08/2018,66.87000274658203,0.0
11/09/2018,66.29000091552734,0.0
11/09/2018,64.45999908447266,0.0
11/12/2018,64.0,0.0
11/12/2018,63.150001525878906,0.0
11/13/2018,63.11000061035156,0.0
11/13/2018,63.560001373291016,0.0
11/14/2018,63.77000045776367,0.0
11/14/2018,62.09000015258789,0.0
11/15/2018,62.36000061035156,0.0
11/15/2018,64.55999755859375,0.0
11/16/2018,63.52000045776367,0.0
11/16/2018,63.529998779296875,0.0
11/19/2018,62.970001220703125,0.0
11/19/2018,59.25,0.0
11/20/2018,57.56999969482422,0.0
11/20/2018,60.099998474121094,0.0
11/21/2018,61.20000076293945,0.0
11/21/2018,60.529998779296875,0.0
11/23/2018,59.720001220703125,0.0
11/23/2018,60.34000015258789,0.0
11/26/2018,61.15999984741211,0.0
11/26/2018,62.959999084472656,0.0
11/27/2018,62.31999969482422,0.0
11/27/2018,61.70000076293945,0.0
11/28/2018,62.619998931884766,0.0
11/28/2018,66.0999984741211,0.0
11/29/2018,65.62000274658203,0.0
11/29/2018,65.86000061035156,0.0
11/30/2018,65.7300033569336,0.0
11/30/2018,65.26000213623047,0.0
12/03/2018,66.2300033569336,0.0
12/03/2018,66.88999938964844,0.0
12/04/2018,66.23999786376953,0.0
12/04/2018,64.79000091552734,0.0
12/06/2018,63.06999969482422,0.0
12/06/2018,65.87999725341797,0.0
12/07/2018,65.76000213623047,0.0
12/07/2018,63.720001220703125,0.0
12/10/2018,63.5,0.0
12/10/2018,64.72000122070312,0.0
12/11/2018,65.83999633789062,0.0
12/11/2018,63.470001220703125,0.0
12/12/2018,64.83999633789062,0.0
12/12/2018,65.22000122070312,0.0
12/13/2018,65.51000213623047,0.0
12/13/2018,63.619998931884766,0.0
12/14/2018,62.7400016784668,0.0
12/14/2018,62.599998474121094,0.0
12/17/2018,62.27000045776367,0.0
12/17/2018,61.09000015258789,0.0
12/18/2018,61.63999938964844,0.0
12/18/2018,61.9900016784668,0.0
12/19/2018,62.220001220703125,0.0
12/19/2018,62.150001525878906,0.0
12/20/2018,62.150001525878906,0.0
12/20/2018,61.91999816894531,0.0
12/21/2018,62.040000915527344,0.0
12/21/2018,59.97999954223633,0.0
12/24/2018,59.02000045776367,0.0
12/24/2018,59.689998626708984,0.0
12/26/2018,60.13999938964844,0.0
12/26/2018,63.790000915527344,0.0
12/27/2018,62.66999816894531,0.0
12/27/2018,63.529998779296875,0.0
12/28/2018,64.12000274658203,0.0
12/28/2018,63.93000030517578,0.0
12/31/2018,64.56999969482422,0.0
12/31/2018,65.62000274658203,0.0
01/02/2019,64.47000122070312,0.0
01/02/2019,62.81999969482422,0.0
01/03/2019,62.11000061035156,0.0
01/03/2019,60.22999954223633,0.0
01/04/2019,61.29999923706055,0.0
01/04/2019,62.599998474121094,0.0
01/07/2019,62.959999084472656,0.0
01/07/2019,63.650001525878906,0.0
01/08/2019,64.0999984741211,0.0
01/08/2019,63.09000015258789,0.0
01/09/2019,63.439998626708984,0.0
01/09/2019,63.5,0.0
01/10/2019,62.709999084472656,0.0
01/10/2019,63.91999816894531,0.0
01/11/2019,63.560001373291016,0.0
01/11/2019,63.060001373291016,0.0
01/14/2019,62.27000045776367,0.0
01/14/2019,62.2400016784668,0.0
01/15/2019,62.810001373291016,0.0
01/15/2019,62.869998931884766,0.0
01/16/2019,63.43000030517578,0.0
01/16/2019,63.41999816894531,0.0
01/17/2019,63.2599983215332,0.0
01/17/2019,64.41000366210938,0.0
01/18/2019,64.91000366210938,0.0
01/18/2019,65.30999755859375,0.0
01/22/2019,64.88999938964844,0.0
01/22/2019,63.470001220703125,0.0
01/23/2019,63.15999984741211,0.0
01/23/2019,64.06999969482422,0.0
01/24/2019,64.44000244140625,0.0
01/24/2019,64.94000244140625,0.0
01/25/2019,65.56999969482422,0.0
01/25/2019,66.4000015258789,0.0
01/28/2019,65.7699966430664,0.0
01/28/2019,65.87000274658203,0.0
01/29/2019,65.87000274658203,0.0
01/29/2019,65.29000091552734,0.0
01/30/2019,65.88999938964844,0.0
01/30/2019,67.05999755859375,0.0
01/31/2019,67.19999694824219,0.0
01/31/2019,68.62999725341797,0.0
02/01/2019,68.41000366210938,0.0
02/01/2019,68.30000305175781,0.0
02/04/2019,68.58000183105469,0.0
02/04/2019,69.79000091552734,0.0
02/05/2019,69.80000305175781,0.0
02/05/2019,69.62999725341797,0.0
02/06/2019,69.97000122070312,0.0
02/06/2019,69.79000091552734,0.0
02/07/2019,68.93000030517578,0.0
02/07/2019,69.5199966430664,0.0
02/08/2019,69.11000061035156,0.0
02/08/2019,69.5,0.0
02/11/2019,70.0,0.0
02/11/2019,69.72000122070312,0.0
02/12/2019,70.0999984741211,0.0
02/12/2019,70.80000305175781,0.0
02/13/2019,70.9800033569336,0.0
02/13/2019,71.5,0.0
02/14/2019,70.94999694824219,0.0
02/14/2019,71.25,0.0
02/15/2019,72.0,0.0
02/15/2019,72.86000061035156,0.0
02/19/2019,72.62999725341797,0.0
02/19/2019,72.68000030517578,0.0
02/20/2019,72.66000366210938,0.0
02/20/2019,72.38999938964844,0.0
02/21/2019,76.94999694824219,0.0
02/21/2019,75.8499984741211,0.0
02/22/2019,75.55999755859375,0.0
02/22/2019,76.0,0.0
02/25/2019,76.4000015258789,0.0
02/25/2019,75.3499984741211,0.0
02/26/2019,75.0999984741211,0.0
02/26/2019,75.0999984741211,0.0
02/27/2019,74.80000305175781,0.0
02/27/2019,76.1500015258789,0.0
02/28/2019,76.11000061035156,0.0
02/28/2019,74.6500015258789,0.0
03/01/2019,75.05000305175781,0.0
03/01/2019,74.94999694824219,0.0
03/04/2019,75.12999725341797,0.0
03/04/2019,73.69999694824219,0.0
03/05/2019,73.72000122070312,0.0
03/05/2019,74.19000244140625,0.0
03/06/2019,73.93000030517578,0.0
03/06/2019,73.66999816894531,0.0
03/07/2019,73.41999816894531,0.0
03/07/2019,73.2699966430664,0.0
03/08/2019,72.43000030517578,0.0
03/08/2019,73.12000274658203,0.0
03/11/2019,73.41999816894531,0.0
03/11/2019,74.2699966430664,0.0
03/12/2019,74.62000274658203,0.0
03/12/2019,75.02999877929688,0.0
03/13/2019,75.41999816894531,0.0
03/13/2019,75.43000030517578,0.0
03/14/2019,75.3499984741211,0.0
03/14/2019,75.16999816894531,0.0
03/15/2019,75.33000183105469,0.0
03/15/2019,75.38999938964844,0.0
03/18/2019,75.51000213623047,0.0
03/18/2019,74.69999694824219,0.0
03/19/2019,75.12000274658203,0.0
03/19/2019,75.93000030517578,0.0
03/20/2019,75.73999786376953,0.0
03/20/2019,75.8499984741211,0.0
03/21/2019,75.70999908447266,0.0
03/21/2019,77.4800033569336,0.0
03/22/2019,77.12999725341797,0.0
03/22/2019,74.98999786376953,0.0
03/25/2019,73.52999877929688,0.0
03/25/2019,74.4800033569336,0.0
03/26/2019,75.3499984741211,0.0
03/26/2019,75.83999633789062,0.0
03/27/2019,76.0,0.0
03/27/2019,74.20999908447266,0.0
03/28/2019,74.62000274658203,0.0
03/28/2019,75.11000061035156,0.0
03/29/2019,75.63999938964844,0.0
03/29/2019,75.19000244140625,0.0
04/01/2019,75.9000015258789,0.0
04/01/2019,75.58000183105469,0.0
04/02/2019,75.69000244140625,0.0
04/02/2019,75.80000305175781,0.0
04/03/2019,75.87999725341797,0.0
04/03/2019,76.16000366210938,0.0
04/04/2019,76.37999725341797,0.0
04/04/2019,74.55999755859375,0.0
04/05/2019,74.55000305175781,0.0
04/05/2019,74.55000305175781,0.0
04/08/2019,74.81999969482422,0.0
04/08/2019,74.9800033569336,0.0
04/09/2019,74.44000244140625,0.0
04/09/2019,74.98999786376953,0.0
04/10/2019,75.31999969482422,0.0
04/10/2019,75.94999694824219,0.0
04/11/2019,76.05999755859375,0.0
04/11/2019,79.55000305175781,0.0
04/12/2019,79.69000244140625,0.0
04/12/2019,79.16999816894531,0.0
04/15/2019,79.16999816894531,0.0
04/15/2019,79.47000122070312,0.0
04/16/2019,79.72000122070312,0.0
04/16/2019,79.1500015258789,0.0
04/17/2019,79.55999755859375,0.0
04/17/2019,77.5,0.0
04/18/2019,77.47000122070312,0.0
04/18/2019,78.2699966430664,0.0
04/22/2019,77.80999755859375,0.0
04/22/2019,79.16000366210938,0.0
04/23/2019,79.4800033569336,0.0
04/23/2019,80.3499984741211,0.0
04/24/2019,80.4800033569336,0.0
04/24/2019,80.38999938964844,0.0
04/25/2019,80.66000366210938,0.0
04/25/2019,80.69999694824219,0.0
04/26/2019,80.94000244140625,0.0
04/26/2019,81.75,0.0
04/29/2019,81.8499984741211,0.0
04/29/2019,81.18000030517578,0.0
04/30/2019,81.0199966430664,0.0
04/30/2019,81.5,0.0
05/01/2019,82.08000183105469,0.0
05/01/2019,81.0999984741211,0.0
05/02/2019,80.95999908447266,0.0
05/02/2019,81.2300033569336,0.0
05/03/2019,78.66999816894531,0.0
05/03/2019,79.37999725341797,0.0
05/06/2019,78.06999969482422,0.0
05/06/2019,79.30999755859375,0.0
05/07/2019,78.66000366210938,0.0
05/07/2019,78.58999633789062,0.0
05/08/2019,78.47000122070312,0.0
05/08/2019,78.69999694824219,0.0
05/09/2019,77.61000061035156,0.0
05/09/2019,78.31999969482422,0.0
05/10/2019,78.01000213623047,0.0
05/10/2019,77.91000366210938,0.0
05/13/2019,76.19000244140625,0.0
05/13/2019,74.83999633789062,0.0
05/14/2019,75.08000183105469,0.0
05/14/2019,74.3499984741211,0.0
05/15/2019,73.76000213623047,0.0
05/15/2019,75.5,0.0
05/16/2019,75.6500015258789,0.0
05/16/2019,76.27999877929688,0.0
05/17/2019,75.31999969482422,0.0
05/17/2019,74.95999908447266,0.0
05/20/2019,74.0999984741211,0.0
05/20/2019,74.20999908447266,0.0
05/21/2019,75.08000183105469,0.0
05/21/2019,75.5999984741211,0.0
05/22/2019,75.30999755859375,0.0
05/22/2019,75.43000030517578,0.0
05/23/2019,74.5,0.0
05/23/2019,74.52999877929688,0.0
05/24/2019,75.23999786376953,0.0
05/24/2019,74.79000091552734,0.0
05/28/2019,75.0,0.0
05/28/2019,75.27999877929688,0.0
05/29/2019,74.52999877929688,0.0
05/29/2019,74.04000091552734,0.0
05/30/2019,74.13999938964844,0.0
05/30/2019,73.81999969482422,0.0
05/31/2019,73.2300033569336,0.0
05/31/2019,74.4000015258789,0.0
06/03/2019,73.95999908447266,0.0
06/03/2019,70.29000091552734,0.0
06/04/2019,70.5,0.0
06/04/2019,71.48999786376953,0.0
06/05/2019,72.23999786376953,0.0
06/05/2019,72.41000366210938,0.0
06/06/2019,72.4000015258789,0.0
06/06/2019,72.30999755859375,0.0
06/07/2019,72.8499984741211,0.0
06/07/2019,73.19999694824219,0.0
06/10/2019,73.62999725341797,0.0
06/10/2019,73.36000061035156,0.0
06/11/2019,74.26000213623047,0.0
06/11/2019,72.33999633789062,0.0
06/12/2019,72.41999816894531,0.0
06/12/2019,71.80000305175781,0.0
06/13/2019,71.81999969482422,0.0
06/13/2019,71.05000305175781,0.0
06/14/2019,70.94999694824219,0.0
06/14/2019,70.04000091552734,0.0
06/17/2019,70.27999877929688,0.0
06/17/2019,71.25,0.0
06/18/2019,72.01000213623047,0.0
06/18/2019,71.4000015258789,0.0
06/19/2019,71.27999877929688,0.0
06/19/2019,72.33999633789062,0.0
06/20/2019,73.5999984741211,0.0
06/20/2019,72.58999633789062,0.0
06/21/2019,72.37999725341797,0.0
06/21/2019,72.13999938964844,0.0
06/24/2019,72.44000244140625,0.0
06/24/2019,72.02999877929688,0.0
06/25/2019,72.12000274658203,0.0
06/25/2019,69.70999908447266,0.0
06/26/2019,70.0,0.0
06/26/2019,68.18000030517578,0.0
06/27/2019,68.30000305175781,0.0
06/27/2019,69.7300033569336,0.0
06/28/2019,70.13999938964844,0.0
06/28/2019,70.1500015258789,0.0
07/01/2019,71.19999694824219,0.0
07/01/2019,70.80000305175781,0.0
07/02/2019,70.56999969482422,0.0
07/02/2019,70.79000091552734,0.0
07/03/2019,70.94000244140625,0.0
07/03/2019,71.81999969482422,0.0
07/05/2019,71.20999908447266,0.0
07/05/2019,71.70999908447266,0.0
07/08/2019,71.45999908447266,0.0
07/08/2019,70.33000183105469,0.0
07/09/2019,70.33999633789062,0.0
07/09/2019,70.56999969482422,0.0
07/10/2019,71.13999938964844,0.0
07/10/2019,70.06999969482422,0.0
07/11/2019,70.05999755859375,0.0
07/11/2019,71.36000061035156,0.0
07/12/2019,71.72000122070312,0.0
07/12/2019,73.0,0.0
07/15/2019,73.0,0.0
07/15/2019,73.06999969482422,0.0
07/16/2019,73.0,0.0
07/16/2019,73.62000274658203,0.0
07/17/2019,73.62000274658203,0.0
07/17/2019,74.77999877929688,0.0
07/18/2019,74.31999969482422,0.0
07/18/2019,74.05999755859375,0.0
07/19/2019,74.2300033569336,0.0
07/19/2019,72.4000015258789,0.0
07/22/2019,72.87999725341797,0.0
07/22/2019,74.31999969482422,0.0
07/23/2019,74.62000274658203,0.0
07/23/2019,74.9000015258789,0.0
07/24/2019,74.9000015258789,0.0
07/24/2019,75.33000183105469,0.0
07/25/2019,75.45999908447266,0.0
07/25/2019,74.23999786376953,0.0
07/26/2019,74.54000091552734,0.0
07/26/2019,74.80000305175781,0.0
07/29/2019,74.80000305175781,0.0
07/29/2019,73.80999755859375,0.0
07/30/2019,73.08999633789062,0.0
07/30/2019,73.22000122070312,0.0
07/31/2019,73.38999938964844,0.0
07/31/2019,73.37999725341797,0.0
08/01/2019,73.7699966430664,0.0
08/01/2019,74.2300033569336,0.0
08/02/2019,72.7300033569336,0.0
08/02/2019,70.41999816894531,0.0
08/05/2019,68.54000091552734,0.0
08/05/2019,65.16999816894531,0.0
08/06/2019,65.75,0.0
08/06/2019,65.0,0.0
08/07/2019,64.30999755859375,0.0
08/07/2019,64.5999984741211,0.0
08/08/2019,64.87999725341797,0.0
08/08/2019,65.97000122070312,0.0
08/09/2019,65.37999725341797,0.0
08/09/2019,63.59000015258789,0.0
08/12/2019,63.119998931884766,0.0
08/12/2019,62.599998474121094,0.0
08/13/2019,62.2599983215332,0.0
08/13/2019,64.05000305175781,0.0
08/14/2019,62.9900016784668,0.0
08/14/2019,62.47999954223633,0.0
08/15/2019,62.86000061035156,0.0
08/15/2019,62.779998779296875,0.0
08/16/2019,63.38999938964844,0.0
08/16/2019,63.54999923706055,0.0
08/19/2019,64.27999877929688,0.0
08/19/2019,64.16999816894531,0.0
08/20/2019,64.0199966430664,0.0
08/20/2019,63.22999954223633,0.0
08/21/2019,63.900001525878906,0.0
08/21/2019,64.22000122070312,0.0
08/22/2019,64.41999816894531,0.0
08/22/2019,63.81999969482422,0.0
08/23/2019,63.58000183105469,0.0
08/23/2019,62.79999923706055,0.0
08/26/2019,63.16999816894531,0.0
08/26/2019,63.33000183105469,0.0
08/27/2019,63.849998474121094,0.0
08/27/2019,64.0,0.0
08/28/2019,63.599998474121094,0.0
08/28/2019,63.279998779296875,0.0
08/29/2019,64.0,0.0
08/29/2019,63.630001068115234,0.0
08/30/2019,64.22000122070312,0.0
08/30/2019,63.34000015258789,0.0
09/03/2019,62.849998474121094,0.0
09/03/2019,62.68000030517578,0.0
09/04/2019,63.54999923706055,0.0
09/04/2019,63.540000915527344,0.0
09/05/2019,64.25,0.0
09/05/2019,65.12000274658203,0.0
09/06/2019,65.30000305175781,0.0
09/06/2019,64.52999877929688,0.0
09/09/2019,64.66000366210938,0.0
09/09/2019,65.68000030517578,0.0
09/10/2019,65.56999969482422,0.0
09/10/2019,65.37999725341797,0.0
09/11/2019,65.44999694824219,0.0
09/11/2019,66.06999969482422,0.0
09/12/2019,66.5,0.0
09/12/2019,65.69999694824219,0.0
09/13/2019,65.5199966430664,0.0
09/13/2019,66.18000030517578,0.0
09/16/2019,65.7300033569336,0.0
09/16/2019,66.62000274658203,0.0
09/17/2019,66.48999786376953,0.0
09/17/2019,67.06999969482422,0.0
09/18/2019,67.0,0.0
09/18/2019,66.30999755859375,0.0
09/19/2019,66.41000366210938,0.0
09/19/2019,67.08999633789062,0.0
09/20/2019,67.31999969482422,0.0
09/20/2019,66.62000274658203,0.0
09/23/2019,66.41999816894531,0.0
09/23/2019,66.52999877929688,0.0
09/24/2019,67.06999969482422,0.0
09/24/2019,65.62999725341797,0.0
09/25/2019,65.73999786376953,0.0
09/25/2019,66.55000305175781,0.0
09/26/2019,66.37000274658203,0.0
09/26/2019,65.94999694824219,0.0
09/27/2019,66.29000091552734,0.0
09/27/2019,65.41999816894531,0.0
09/30/2019,65.61000061035156,0.0
09/30/2019,65.9800033569336,0.0
10/01/2019,66.1500015258789,0.0
10/01/2019,62.95000076293945,0.0
10/02/2019,62.150001525878906,0.0
10/02/2019,62.619998931884766,0.0
10/03/2019,62.65999984741211,0.0
10/03/2019,63.4900016784668,0.0
10/04/2019,63.880001068115234,0.0
10/04/2019,64.41000366210938,0.0
10/07/2019,64.38999938964844,0.0
10/07/2019,64.27999877929688,0.0
10/08/2019,63.689998626708984,0.0
10/08/2019,61.529998779296875,0.0
10/09/2019,62.0099983215332,0.0
10/09/2019,61.58000183105469,0.0
10/10/2019,61.45000076293945,0.0
10/10/2019,60.349998474121094,0.0
10/11/2019,60.849998474121094,0.0
10/11/2019,61.900001525878906,0.0
10/14/2019,61.849998474121094,0.0
10/14/2019,62.279998779296875,0.0
10/15/2019,62.2599983215332,0.0
10/15/2019,63.5099983215332,0.0
10/16/2019,63.310001373291016,0.0
10/16/2019,64.23999786376953,0.0
10/17/2019,64.43000030517578,0.0
10/17/2019,64.5199966430664,0.0
10/18/2019,64.30000305175781,0.0
10/18/2019,63.45000076293945,0.0
10/21/2019,63.86000061035156,0.0
10/21/2019,62.52000045776367,0.0
10/22/2019,62.65999984741211,0.0
10/22/2019,62.790000915527344,0.0
10/23/2019,62.709999084472656,0.0
10/23/2019,63.18000030517578,0.0
10/24/2019,63.66999816894531,0.0
10/24/2019,64.80000305175781,0.0
10/25/2019,64.73999786376953,0.0
10/25/2019,65.4000015258789,0.0
10/28/2019,65.55000305175781,0.0
10/28/2019,65.62000274658203,0.0
10/29/2019,65.41999816894531,0.0
10/29/2019,64.61000061035156,0.0
10/30/2019,64.80000305175781,0.0
10/30/2019,65.33999633789062,0.0
10/31/2019,65.19000244140625,0.0
10/31/2019,65.02999877929688,0.0
11/01/2019,65.18000030517578,0.0
11/01/2019,65.3499984741211,0.0
11/04/2019,66.11000061035156,0.0
11/04/2019,64.83999633789062,0.0
11/05/2019,64.68000030517578,0.0
11/05/2019,62.15999984741211,0.0
11/06/2019,61.93000030517578,0.0
11/06/2019,62.959999084472656,0.0
11/07/2019,70.55000305175781,0.0
11/07/2019,73.02999877929688,0.0
11/08/2019,72.27999877929688,0.0
11/08/2019,69.0,0.0
11/11/2019,68.79000091552734,0.0
11/11/2019,68.98999786376953,0.0
11/12/2019,69.0,0.0
11/12/2019,68.08000183105469,0.0
11/13/2019,67.66000366210938,0.0
11/13/2019,68.20999908447266,0.0
11/14/2019,67.97000122070312,0.0
11/14/2019,67.70999908447266,0.0
11/15/2019,68.0,0.0
11/15/2019,68.0999984741211,0.0
11/18/2019,68.01000213623047,0.0
11/18/2019,68.36000061035156,0.0
11/19/2019,68.70999908447266,0.0
11/19/2019,68.23999786376953,0.0
11/20/2019,68.23999786376953,0.0
11/20/2019,69.36000061035156,0.0
11/21/2019,69.36000061035156,0.0
11/21/2019,68.75,0.0
11/22/2019,69.23999786376953,0.0
11/22/2019,69.0999984741211,0.0
11/25/2019,69.19999694824219,0.0
11/25/2019,69.30000305175781,0.0
11/26/2019,69.44999694824219,0.0
11/26/2019,68.44000244140625,0.0
11/27/2019,68.31999969482422,0.0
11/27/2019,66.58000183105469,0.0
11/29/2019,66.81999969482422,0.0
11/29/2019,66.37999725341797,0.0
12/02/2019,66.25,0.0
12/02/2019,65.63999938964844,0.0
12/03/2019,64.23999786376953,0.0
12/03/2019,65.91999816894531,0.0
12/04/2019,66.18000030517578,0.0
12/04/2019,66.87000274658203,0.0
12/05/2019,66.87000274658203,0.0
12/05/2019,67.6500015258789,0.0
12/06/2019,67.95999908447266,0.0
12/06/2019,67.31999969482422,0.0
12/09/2019,67.31999969482422,0.0
12/09/2019,66.80000305175781,0.0
12/10/2019,66.77999877929688,0.0
12/10/2019,66.0199966430664,0.0
12/11/2019,66.0,0.0
12/11/2019,66.1500015258789,0.0
12/12/2019,65.88999938964844,0.0
12/12/2019,67.61000061035156,0.0
12/13/2019,67.43000030517578,0.0
12/13/2019,67.25,0.0
12/16/2019,67.52999877929688,0.0
12/16/2019,67.97000122070312,0.0
12/17/2019,68.08000183105469,0.0
12/17/2019,67.4800033569336,0.0
12/18/2019,67.5,0.0
12/18/2019,67.48999786376953,0.0
12/19/2019,67.5199966430664,0.0
12/19/2019,68.4800033569336,0.0
12/20/2019,68.97000122070312,0.0
12/20/2019,68.93000030517578,0.0
12/23/2019,68.93000030517578,0.0
12/23/2019,68.41999816894531,0.0
12/24/2019,68.18000030517578,0.0
12/24/2019,68.4000015258789,0.0
12/26/2019,68.41999816894531,0.0
12/26/2019,68.98999786376953,0.0
12/27/2019,69.02999877929688,0.0
12/27/2019,68.87000274658203,0.0
12/30/2019,68.66999816894531,0.0
12/30/2019,67.54000091552734,0.0
12/31/2019,67.2300033569336,0.0
12/31/2019,67.91999816894531,0.0
01/02/2020,68.79000091552734,0.0
01/02/2020,68.55999755859375,0.0
01/03/2020,67.48999786376953,0.0
01/03/2020,68.76000213623047,0.0
01/06/2020,68.16000366210938,0.0
01/06/2020,69.31999969482422,0.0
01/07/2020,69.62999725341797,0.0
01/07/2020,69.02999877929688,0.0
01/08/2020,69.19000244140625,0.0
01/08/2020,69.58000183105469,0.0
01/09/2020,69.95999908447266,0.0
01/09/2020,70.33999633789062,0.0
01/10/2020,70.75,0.0
01/10/2020,70.73999786376953,0.0
01/13/2020,71.08999633789062,0.0
01/13/2020,72.66000366210938,0.0
01/14/2020,72.80000305175781,0.0
01/14/2020,72.5999984741211,0.0
01/15/2020,72.79000091552734,0.0
01/15/2020,72.16999816894531,0.0
01/16/2020,72.55000305175781,0.0
01/16/2020,72.41999816894531,0.0
01/17/2020,72.54000091552734,0.0
01/17/2020,72.05999755859375,0.0
01/21/2020,71.9000015258789,0.0
01/21/2020,71.88999938964844,0.0
01/22/2020,72.36000061035156,0.0
01/22/2020,71.95999908447266,0.0
01/23/2020,71.9800033569336,0.0
01/23/2020,71.83000183105469,0.0
01/24/2020,72.1500015258789,0.0
01/24/2020,71.29000091552734,0.0
01/27/2020,69.62000274658203,0.0
01/27/2020,69.98999786376953,0.0
01/28/2020,70.44999694824219,0.0
01/28/2020,70.36000061035156,0.0
01/29/2020,70.95999908447266,0.0
01/29/2020,71.22000122070312,0.0
01/30/2020,70.70999908447266,0.0
01/30/2020,69.80000305175781,0.0
01/31/2020,69.68000030517578,0.0
01/31/2020,67.20999908447266,0.0
02/03/2020,67.58999633789062,0.0
02/03/2020,69.19999694824219,0.0
02/04/2020,69.91000366210938,0.0
02/04/2020,68.5999984741211,0.0
02/05/2020,69.47000122070312,0.0
02/05/2020,68.54000091552734,0.0
02/06/2020,68.70999908447266,0.0
02/06/2020,68.86000061035156,0.0
02/07/2020,68.72000122070312,0.0
02/07/2020,69.1500015258789,0.0
02/10/2020,69.0,0.0
02/10/2020,69.4800033569336,0.0
02/11/2020,69.80999755859375,0.0
02/11/2020,69.94000244140625,0.0
02/12/2020,70.62999725341797,0.0
02/12/2020,70.9000015258789,0.0
02/13/2020,70.2300033569336,0.0
02/13/2020,70.87000274658203,0.0
02/14/2020,75.12999725341797,0.0
02/14/2020,78.38999938964844,0.0
02/18/2020,76.5,0.0
02/18/2020,77.62999725341797,0.0
02/19/2020,78.11000061035156,0.0
02/19/2020,76.29000091552734,0.0
02/20/2020,75.54000091552734,0.0
02/20/2020,77.19999694824219,0.0
02/21/2020,77.25,0.0
02/21/2020,77.3499984741211,0.0
02/24/2020,74.73999786376953,0.0
02/24/2020,75.06999969482422,0.0
02/25/2020,75.30000305175781,0.0
02/25/2020,72.51000213623047,0.0
02/26/2020,72.91999816894531,0.0
02/26/2020,71.56999969482422,0.0
02/27/2020,70.06999969482422,0.0
02/27/2020,70.16999816894531,0.0
02/28/2020,68.55000305175781,0.0
02/28/2020,69.9800033569336,0.0
03/02/2020,70.4000015258789,0.0
03/02/2020,70.01000213623047,0.0
03/03/2020,70.0,0.0
03/03/2020,67.5,0.0
03/04/2020,68.33000183105469,0.0
03/04/2020,68.52999877929688,0.0
03/05/2020,67.6500015258789,0.0
03/05/2020,66.73999786376953,0.0
03/06/2020,65.16999816894531,0.0
03/06/2020,64.91999816894531,0.0
03/09/2020,61.61000061035156,0.0
03/09/2020,59.720001220703125,0.0
03/10/2020,61.25,0.0
03/10/2020,62.189998626708984,0.0
03/11/2020,61.029998779296875,0.0
03/11/2020,58.18000030517578,0.0
03/12/2020,53.5,0.0
03/12/2020,51.790000915527344,0.0
03/13/2020,54.2599983215332,0.0
03/13/2020,54.95000076293945,0.0
03/16/2020,48.25,0.0
03/16/2020,44.41999816894531,0.0
03/17/2020,44.86000061035156,0.0
03/17/2020,44.77000045776367,0.0
03/18/2020,41.59000015258789,0.0
03/18/2020,41.91999816894531,0.0
03/19/2020,41.36000061035156,0.0
03/19/2020,47.880001068115234,0.0
03/20/2020,48.04999923706055,0.0
03/20/2020,48.709999084472656,0.0
03/23/2020,48.400001525878906,0.0
03/23/2020,48.77000045776367,0.0
03/24/2020,51.470001220703125,0.0
03/24/2020,57.310001373291016,0.0
03/25/2020,57.310001373291016,0.0
03/25/2020,57.470001220703125,0.0
03/26/2020,57.91999816894531,0.0
03/26/2020,58.560001373291016,0.0
03/27/2020,55.56999969482422,0.0
03/27/2020,56.66999816894531,0.0
03/30/2020,56.93000030517578,0.0
03/30/2020,59.15999984741211,0.0
03/31/2020,58.790000915527344,0.0
03/31/2020,57.11000061035156,0.0
04/01/2020,54.97999954223633,0.0
04/01/2020,52.86000061035156,0.0
04/02/2020,53.2599983215332,0.0
04/02/2020,56.2400016784668,0.0
04/03/2020,55.369998931884766,0.0
04/03/2020,52.06999969482422,0.0
04/06/2020,55.400001525878906,0.0
04/06/2020,58.81999969482422,0.0
04/07/2020,60.91999816894531,0.0
04/07/2020,58.0099983215332,0.0
04/08/2020,58.790000915527344,0.0
04/08/2020,61.15999984741211,0.0
04/09/2020,61.95000076293945,0.0
04/09/2020,62.540000915527344,0.0
04/13/2020,62.33000183105469,0.0
04/13/2020,62.310001373291016,0.0
04/14/2020,63.68000030517578,0.0
04/14/2020,63.84000015258789,0.0
04/15/2020,62.099998474121094,0.0
04/15/2020,63.66999816894531,0.0
04/16/2020,64.02999877929688,0.0
04/16/2020,64.45999908447266,0.0
04/17/2020,65.0,0.0
04/17/2020,66.81999969482422,0.0
04/20/2020,65.80999755859375,0.0
04/20/2020,67.16000366210938,0.0
04/21/2020,65.8499984741211,0.0
04/21/2020,64.41000366210938,0.0
04/22/2020,65.16000366210938,0.0
04/22/2020,65.2300033569336,0.0
04/23/2020,65.2300033569336,0.0
04/23/2020,66.26000213623047,0.0
04/24/2020,66.4800033569336,0.0
04/24/2020,67.38999938964844,0.0
04/27/2020,68.44000244140625,0.0
04/27/2020,67.48999786376953,0.0
04/28/2020,68.04000091552734,0.0
04/28/2020,66.05000305175781,0.0
04/29/2020,67.3499984741211,0.0
04/29/2020,68.12000274658203,0.0
04/30/2020,68.26000213623047,0.0
04/30/2020,69.43000030517578,0.0
05/01/2020,67.66000366210938,0.0
05/01/2020,65.81999969482422,0.0
05/04/2020,65.2699966430664,0.0
05/04/2020,66.80999755859375,0.0
05/05/2020,67.4000015258789,0.0
05/05/2020,68.62000274658203,0.0
05/06/2020,69.19999694824219,0.0
05/06/2020,70.0,0.0
05/07/2020,72.8499984741211,0.0
05/07/2020,73.04000091552734,0.0
05/08/2020,73.43000030517578,0.0
05/08/2020,75.05000305175781,0.0
05/11/2020,74.52999877929688,0.0
05/11/2020,75.47000122070312,0.0
05/12/2020,76.0,0.0
05/12/2020,75.54000091552734,0.0
05/13/2020,75.80999755859375,0.0
05/13/2020,76.79000091552734,0.0
05/14/2020,76.01000213623047,0.0
05/14/2020,76.20999908447266,0.0
05/15/2020,75.30000305175781,0.0
05/15/2020,76.51000213623047,0.0
05/18/2020,76.51000213623047,0.0
05/18/2020,75.06999969482422,0.0
05/19/2020,75.69000244140625,0.0
05/19/2020,74.4800033569336,0.0
05/20/2020,75.88999938964844,0.0
05/20/2020,75.1500015258789,0.0
05/21/2020,75.30999755859375,0.0
05/21/2020,74.37000274658203,0.0
05/22/2020,74.75,0.0
05/22/2020,75.66000366210938,0.0
05/26/2020,77.0,0.0
05/26/2020,75.23999786376953,0.0
05/27/2020,74.5199966430664,0.0
05/27/2020,77.4800033569336,0.0
05/28/2020,77.36000061035156,0.0
05/28/2020,76.5,0.0
05/29/2020,76.4000015258789,0.0
05/29/2020,77.25,0.0
06/01/2020,77.0,0.0
06/01/2020,77.95999908447266,0.0
06/02/2020,78.38999938964844,0.0
06/02/2020,80.31999969482422,0.0
06/03/2020,80.56999969482422,0.0
06/03/2020,81.47000122070312,0.0
06/04/2020,81.20999908447266,0.0
06/04/2020,79.13999938964844,0.0
06/05/2020,79.62000274658203,0.0
06/05/2020,78.58999633789062,0.0
06/08/2020,78.63999938964844,0.0
06/08/2020,80.86000061035156,0.0
06/09/2020,80.98999786376953,0.0
06/09/2020,79.62999725341797,0.0
06/10/2020,80.0,0.0
06/10/2020,79.44000244140625,0.0
06/11/2020,77.3499984741211,0.0
06/11/2020,75.2699966430664,0.0
06/12/2020,77.8499984741211,0.0
06/12/2020,76.26000213623047,0.0
06/15/2020,74.69999694824219,0.0
06/15/2020,77.41999816894531,0.0
06/16/2020,79.48999786376953,0.0
06/16/2020,78.48999786376953,0.0
06/17/2020,79.0,0.0
06/17/2020,79.91999816894531,0.0
06/18/2020,79.98999786376953,0.0
06/18/2020,80.1500015258789,0.0
06/19/2020,80.94000244140625,0.0
06/19/2020,81.19999694824219,0.0
06/22/2020,81.66000366210938,0.0
06/22/2020,82.41000366210938,0.0
06/23/2020,83.1500015258789,0.0
06/23/2020,82.70999908447266,0.0
06/24/2020,82.54000091552734,0.0
06/24/2020,75.58999633789062,0.0
06/25/2020,75.0,0.0
06/25/2020,74.79000091552734,0.0
06/26/2020,74.69999694824219,0.0
06/26/2020,71.55999755859375,0.0
06/29/2020,71.94000244140625,0.0
06/29/2020,72.58999633789062,0.0
06/30/2020,72.62000274658203,0.0
06/30/2020,73.33000183105469,0.0
07/01/2020,73.30000305175781,0.0
07/01/2020,73.8499984741211,0.0
07/02/2020,74.68000030517578,0.0
07/02/2020,71.30000305175781,0.0
07/06/2020,72.26000213623047,0.0
07/06/2020,70.56999969482422,0.0
07/07/2020,70.68000030517578,0.0
07/07/2020,69.73999786376953,0.0
07/08/2020,70.31999969482422,0.0
07/08/2020,70.87999725341797,0.0
07/09/2020,70.98999786376953,0.0
07/09/2020,70.6500015258789,0.0
07/10/2020,70.91000366210938,0.0
07/10/2020,72.44999694824219,0.0
07/13/2020,72.94999694824219,0.0
07/13/2020,69.41000366210938,0.0
07/14/2020,69.19000244140625,0.0
07/14/2020,72.3499984741211,0.0
07/15/2020,73.27999877929688,0.0
07/15/2020,72.19999694824219,0.0
07/16/2020,71.19000244140625,0.0
07/16/2020,70.37000274658203,0.0
07/17/2020,70.63999938964844,0.0
07/17/2020,69.23999786376953,0.0
07/20/2020,69.5,0.0
07/20/2020,71.27999877929688,0.0
07/21/2020,71.79000091552734,0.0
07/21/2020,69.7300033569336,0.0
07/22/2020,69.93000030517578,0.0
07/22/2020,69.58999633789062,0.0
07/23/2020,69.55999755859375,0.0
07/23/2020,69.36000061035156,0.0
07/24/2020,69.0,0.0
07/24/2020,68.61000061035156,0.0
07/27/2020,68.86000061035156,0.0
07/27/2020,68.55000305175781,0.0
07/28/2020,68.52999877929688,0.0
07/28/2020,66.97000122070312,0.0
07/29/2020,67.4800033569336,0.0
07/29/2020,67.62000274658203,0.0
07/30/2020,66.98999786376953,0.0
07/30/2020,68.88999938964844,0.0
07/31/2020,69.5,0.0
07/31/2020,70.27999877929688,0.0
08/03/2020,70.72000122070312,0.0
08/03/2020,70.19000244140625,0.0
08/04/2020,70.20999908447266,0.0
08/04/2020,73.2300033569336,0.0
08/05/2020,73.4800033569336,0.0
08/05/2020,74.44999694824219,0.0
08/06/2020,83.58000183105469,0.0
08/06/2020,79.0,0.0
08/07/2020,76.1500015258789,0.0
08/07/2020,77.87999725341797,0.0
08/10/2020,77.83999633789062,0.0
08/10/2020,77.66000366210938,0.0
08/11/2020,77.54000091552734,0.0
08/11/2020,79.04000091552734,0.0
08/12/2020,79.37999725341797,0.0
08/12/2020,78.98999786376953,0.0
08/13/2020,79.12999725341797,0.0
08/13/2020,80.37999725341797,0.0
08/14/2020,80.55000305175781,0.0
08/14/2020,80.72000122070312,0.0
08/17/2020,81.19999694824219,0.0
08/17/2020,80.69000244140625,0.0
08/18/2020,80.73999786376953,0.0
08/18/2020,81.62999725341797,0.0
08/19/2020,81.62000274658203,0.0
08/19/2020,81.68000030517578,0.0
08/20/2020,81.13999938964844,0.0
08/20/2020,82.62999725341797,0.0
08/21/2020,82.77999877929688,0.0
08/21/2020,83.6500015258789,0.0
08/24/2020,83.94000244140625,0.0
08/24/2020,82.29000091552734,0.0
08/25/2020,82.11000061035156,0.0
08/25/2020,83.0199966430664,0.0
08/26/2020,82.98999786376953,0.0
08/26/2020,83.63999938964844,0.0
08/27/2020,83.93000030517578,0.0
08/27/2020,83.31999969482422,0.0
08/28/2020,83.38999938964844,0.0
08/28/2020,83.5,0.0
08/31/2020,84.44999694824219,0.0
08/31/2020,83.68000030517578,0.0
09/01/2020,84.41999816894531,0.0
09/01/2020,84.23999786376953,0.0
09/02/2020,84.79000091552734,0.0
09/02/2020,85.2300033569336,0.0
09/03/2020,84.2699966430664,0.0
09/03/2020,81.86000061035156,0.0
09/04/2020,81.0,0.0
09/04/2020,79.5199966430664,0.0
09/08/2020,76.9800033569336,0.0
09/08/2020,76.43000030517578,0.0
09/09/2020,77.58999633789062,0.0
09/09/2020,77.05000305175781,0.0
09/10/2020,77.80000305175781,0.0
09/10/2020,76.01000213623047,0.0
09/11/2020,76.43000030517578,0.0
09/11/2020,75.26000213623047,0.0
09/14/2020,76.12000274658203,0.0
09/14/2020,74.7300033569336,0.0
09/15/2020,75.37999725341797,0.0
09/15/2020,73.93000030517578,0.0
09/16/2020,74.5,0.0
09/16/2020,73.5199966430664,0.0
09/17/2020,72.01000213623047,0.0
09/17/2020,72.48999786376953,0.0
09/18/2020,73.08999633789062,0.0
09/18/2020,71.87000274658203,0.0
09/21/2020,70.94000244140625,0.0
09/21/2020,73.51000213623047,0.0
09/22/2020,74.01000213623047,0.0
09/22/2020,74.5,0.0
09/23/2020,75.0,0.0
09/23/2020,73.55000305175781,0.0
09/24/2020,72.8499984741211,0.0
09/24/2020,73.3499984741211,0.0
09/25/2020,73.62999725341797,0.0
09/25/2020,75.56999969482422,0.0
09/28/2020,76.37000274658203,0.0
09/28/2020,74.93000030517578,0.0
09/29/2020,74.9800033569336,0.0
09/29/2020,76.13999938964844,0.0
09/30/2020,75.80000305175781,0.0
09/30/2020,75.97000122070312,0.0
10/01/2020,76.98999786376953,0.0
10/01/2020,77.38999938964844,0.0
10/02/2020,75.62000274658203,0.0
10/02/2020,75.16000366210938,0.0
10/05/2020,75.62000274658203,0.0
10/05/2020,77.08999633789062,0.0
10/06/2020,77.5,0.0
10/06/2020,74.80999755859375,0.0
10/07/2020,75.36000061035156,0.0
10/07/2020,75.4000015258789,0.0
10/08/2020,76.5,0.0
10/08/2020,75.05000305175781,0.0
10/09/2020,75.43000030517578,0.0
10/09/2020,76.83000183105469,0.0
10/12/2020,78.0999984741211,0.0
10/12/2020,77.08000183105469,0.0
10/13/2020,77.52999877929688,0.0
10/13/2020,77.94999694824219,0.0
10/14/2020,78.26000213623047,0.0
10/14/2020,77.01000213623047,0.0
10/15/2020,75.52999877929688,0.0
10/15/2020,76.41000366210938,0.0
10/16/2020,76.91999816894531,0.0
10/16/2020,75.98999786376953,0.0
10/19/2020,76.63999938964844,0.0
10/19/2020,77.48999786376953,0.0
10/20/2020,78.19000244140625,0.0
10/20/2020,77.79000091552734,0.0
10/21/2020,78.22000122070312,0.0
10/21/2020,78.55999755859375,0.0
10/22/2020,78.86000061035156,0.0
10/22/2020,75.16000366210938,0.0
10/23/2020,75.91000366210938,0.0
10/23/2020,74.87000274658203,0.0
10/26/2020,74.58999633789062,0.0
10/26/2020,72.91000366210938,0.0
10/27/2020,73.5,0.0
10/27/2020,72.23999786376953,0.0
10/28/2020,71.20999908447266,0.0
10/28/2020,71.16000366210938,0.0
10/29/2020,71.70999908447266,0.0
10/29/2020,72.77999877929688,0.0
10/30/2020,72.36000061035156,0.0
10/30/2020,70.73999786376953,0.0
11/02/2020,71.3499984741211,0.0
11/02/2020,72.08999633789062,0.0
11/03/2020,72.62999725341797,0.0
11/03/2020,74.13999938964844,0.0
11/04/2020,76.16999816894531,0.0
11/04/2020,79.77999877929688,0.0
11/05/2020,81.0,0.0
11/05/2020,75.76000213623047,0.0
11/06/2020,75.75,0.0
11/06/2020,75.0,0.0
11/09/2020,75.0,0.0
11/09/2020,70.62999725341797,0.0
11/10/2020,70.0,0.0
11/10/2020,70.18000030517578,0.0
11/11/2020,71.0,0.0
11/11/2020,74.62000274658203,0.0
11/12/2020,74.83999633789062,0.0
11/12/2020,72.51000213623047,0.0
11/13/2020,72.55000305175781,0.0
11/13/2020,73.69999694824219,0.0
11/16/2020,72.91000366210938,0.0
11/16/2020,74.4000015258789,0.0
11/17/2020,74.27999877929688,0.0
11/17/2020,76.33000183105469,0.0
11/18/2020,76.0999984741211,0.0
11/18/2020,75.38999938964844,0.0
11/19/2020,75.47000122070312,0.0
11/19/2020,76.33999633789062,0.0
11/20/2020,76.2300033569336,0.0
11/20/2020,75.98999786376953,0.0
11/23/2020,76.56999969482422,0.0
11/23/2020,77.27999877929688,0.0
11/24/2020,77.61000061035156,0.0
11/24/2020,76.80000305175781,0.0
11/25/2020,77.12000274658203,0.0
11/25/2020,78.05000305175781,0.0
11/27/2020,78.33999633789062,0.0
11/27/2020,79.5,0.0
11/30/2020,79.5,0.0
11/30/2020,79.54000091552734,0.0
12/01/2020,80.54000091552734,0.0
12/01/2020,81.55000305175781,0.0
12/02/2020,80.8499984741211,0.0
12/02/2020,81.37999725341797,0.0
12/03/2020,81.2699966430664,0.0
12/03/2020,81.66999816894531,0.0
12/04/2020,81.75,0.0
12/04/2020,83.87000274658203,0.0
12/07/2020,84.25,0.0
12/07/2020,85.0199966430664,0.0
12/08/2020,85.22000122070312,0.0
12/08/2020,87.30999755859375,0.0
12/09/2020,87.11000061035156,0.0
12/09/2020,83.81999969482422,0.0
12/10/2020,83.25,0.0
12/10/2020,84.4800033569336,0.0
12/11/2020,84.33999633789062,0.0
12/11/2020,85.66999816894531,0.0
12/14/2020,85.81999969482422,0.0
12/14/2020,84.5999984741211,0.0
12/15/2020,85.4000015258789,0.0
12/15/2020,85.83999633789062,0.0
12/16/2020,87.05000305175781,0.0
12/16/2020,88.0,0.0
12/17/2020,88.62000274658203,0.0
12/17/2020,86.81999969482422,0.0
12/18/2020,86.38999938964844,0.0
12/18/2020,85.02999877929688,0.0
12/21/2020,84.06999969482422,0.0
12/21/2020,84.19000244140625,0.0
12/22/2020,84.58000183105469,0.0
12/22/2020,85.30000305175781,0.0
12/23/2020,84.69999694824219,0.0
12/23/2020,84.66000366210938,0.0
12/24/2020,84.94000244140625,0.0
12/24/2020,84.95999908447266,0.0
12/28/2020,85.0999984741211,0.0
12/28/2020,83.58999633789062,0.0
12/29/2020,84.5199966430664,0.0
12/29/2020,83.29000091552734,0.0
12/30/2020,84.0,0.0
12/30/2020,83.31999969482422,0.0
12/31/2020,83.27999877929688,0.0
12/31/2020,82.94999694824219,0.0
01/04/2021,83.27999877929688,0.0
01/04/2021,81.77999877929688,0.0
01/05/2021,81.5199966430664,0.0
01/05/2021,82.37000274658203,0.0
01/06/2021,81.5,0.0
01/06/2021,80.2300033569336,0.0
01/07/2021,80.62999725341797,0.0
01/07/2021,81.66999816894531,0.0
01/08/2021,82.95999908447266,0.0
01/08/2021,82.05000305175781,0.0
01/11/2021,81.5,0.0
01/11/2021,81.22000122070312,0.0
01/12/2021,81.20999908447266,0.0
01/12/2021,81.26000213623047,0.0
01/13/2021,81.91999816894531,0.0
01/13/2021,81.81999969482422,0.0
01/14/2021,82.4800033569336,0.0
01/14/2021,81.81999969482422,0.0
01/15/2021,81.86000061035156,0.0
01/15/2021,80.91000366210938,0.0
01/19/2021,81.38999938964844,0.0
01/19/2021,80.41000366210938,0.0
01/20/2021,81.33999633789062,0.0
01/20/2021,82.91000366210938,0.0
01/21/2021,83.37000274658203,0.0
01/21/2021,83.18000030517578,0.0
01/22/2021,82.88999938964844,0.0
01/22/2021,83.75,0.0
