KREF,KKR Real Estate Finance Trust I,
Date,Price,Annualized Dividend
05/05/2017,14.707722900586969,0.0
05/05/2017,15.499137878417969,0.0
05/08/2017,15.478125519498079,0.0
05/08/2017,15.485129356384277,0.0
05/09/2017,15.415095488559565,0.0
05/09/2017,15.34505844116211,0.0
05/10/2017,15.303035951205466,0.0
05/10/2017,15.275020599365234,0.0
05/11/2017,15.275016562352242,0.0
05/11/2017,15.408086776733398,0.0
05/12/2017,15.44310462143337,0.0
05/12/2017,15.408086776733398,0.0
05/15/2017,15.471121762077743,0.0
05/15/2017,15.37307071685791,0.0
05/16/2017,15.373076299356365,0.0
05/16/2017,15.68123722076416,0.0
05/17/2017,15.408794144030951,0.0
05/17/2017,15.68123722076416,0.0
05/18/2017,15.59018027044294,0.0
05/18/2017,15.76527214050293,0.0
05/19/2017,15.660219192504883,0.0
05/19/2017,15.660219192504883,0.0
05/22/2017,15.723253163161951,0.0
05/22/2017,15.786286354064941,0.0
05/23/2017,15.78628635406494,0.0
05/23/2017,15.786286354064941,0.0
05/24/2017,16.801821797319086,0.0
05/24/2017,15.814303398132324,0.0
05/25/2017,15.912352284809948,0.0
05/25/2017,15.898345947265625,0.0
05/26/2017,16.10145691732577,0.0
05/26/2017,15.96838665008545,0.0
05/30/2017,15.968379167010347,0.0
05/30/2017,15.688232421875,0.0
05/31/2017,15.625202086572386,0.0
05/31/2017,15.485129356384277,0.0
06/01/2017,15.443108070026836,0.0
06/01/2017,15.807299613952637,0.0
06/02/2017,15.842315536919916,0.0
06/02/2017,16.06643295288086,0.0
06/05/2017,16.024410232323852,0.0
06/05/2017,15.821304321289062,0.0
06/06/2017,15.625205133460527,0.0
06/06/2017,15.415095329284668,0.0
06/07/2017,15.422096611027579,0.0
06/07/2017,15.324044227600098,0.0
06/08/2017,15.21198529612228,0.0
06/08/2017,15.352059364318848,0.0
06/09/2017,15.401083041470732,0.0
06/09/2017,15.239998817443848,0.0
06/12/2017,15.204982518216173,0.0
06/12/2017,15.387078285217285,0.0
06/13/2017,15.359063216886332,0.0
06/13/2017,15.197978973388672,0.0
06/14/2017,15.099925128316974,0.0
06/14/2017,15.03689193725586,0.0
06/15/2017,14.966156469115138,0.0
06/15/2017,15.1349458694458,0.0
06/16/2017,15.099927171869487,0.0
06/16/2017,14.868805885314941,0.0
06/19/2017,14.868805885314941,0.0
06/19/2017,14.868805885314941,0.0
06/20/2017,14.798768742869845,0.0
06/20/2017,14.882813453674316,0.0
06/21/2017,14.868806617125584,0.0
06/21/2017,14.847796440124512,0.0
06/22/2017,14.840791957677428,0.0
06/22/2017,14.756747245788574,0.0
06/23/2017,14.742738242754998,0.0
06/23/2017,14.959853172302246,0.0
06/26/2017,14.924833280735216,0.0
06/26/2017,14.875807762145996,0.0
06/27/2017,14.987867183177379,0.0
06/27/2017,14.959853172302246,0.0
06/28/2017,15.030720552383336,0.25
06/28/2017,15.427572250366211,0.25
06/29/2017,15.455917535329535,0.25
06/29/2017,15.151192665100098,0.25
06/30/2017,15.059067260387332,0.25
06/30/2017,15.23623275756836,0.25
07/03/2017,15.172451606977129,0.25
07/03/2017,15.328356742858887,0.25
07/05/2017,15.243318897465448,0.25
07/05/2017,14.99528694152832,0.25
07/06/2017,14.910249352699953,0.25
07/06/2017,15.059067726135254,0.25
07/07/2017,15.023637450672245,0.25
07/07/2017,15.158282279968262,0.25
07/10/2017,15.1511892459263,0.25
07/10/2017,15.363788604736328,0.25
07/11/2017,15.363791318569083,0.25
07/11/2017,15.30001163482666,0.25
07/12/2017,15.342530344902713,0.25
07/12/2017,15.051979064941406,0.25
07/13/2017,15.087412710713386,0.25
07/13/2017,15.016546249389648,0.25
07/14/2017,14.988199124194026,0.25
07/14/2017,15.016546249389648,0.25
07/17/2017,15.037806161135522,0.25
07/17/2017,14.924420356750488,0.25
07/18/2017,14.896074462025098,0.25
07/18/2017,14.853553771972656,0.25
07/19/2017,14.769931758984622,0.25
07/19/2017,14.924420356750488,0.25
07/20/2017,14.888985687613498,0.25
07/20/2017,14.874812126159668,0.25
07/21/2017,14.995285365044904,0.25
07/21/2017,14.846467018127441,0.25
07/24/2017,14.846468836212225,0.25
07/24/2017,14.768515586853027,0.25
07/25/2017,14.860638461972721,0.25
07/25/2017,14.796858787536621,0.25
07/26/2017,14.83938008328991,0.25
07/26/2017,14.782687187194824,0.25
07/27/2017,14.754341849066838,0.25
07/27/2017,14.711822509765625,0.25
07/28/2017,14.449615396910167,0.25
07/28/2017,14.47087574005127,0.25
07/31/2017,14.690564585744585,0.25
07/31/2017,14.527572631835938,0.25
08/01/2017,14.520486250260165,0.25
08/01/2017,14.718912124633789,0.25
08/02/2017,14.640958456438966,0.25
08/02/2017,14.527572631835938,0.25
08/03/2017,14.293714199633985,0.25
08/03/2017,14.527572631835938,0.25
08/04/2017,14.456705261667226,0.25
08/04/2017,14.513398170471191,0.25
08/07/2017,14.534654140977173,0.25
08/07/2017,14.343315124511719,0.25
08/08/2017,14.364576366745434,0.25
08/08/2017,14.357489585876465,0.25
08/09/2017,14.307885013109647,0.25
08/09/2017,14.144891738891602,0.25
08/10/2017,14.04567877668436,0.25
08/10/2017,14.024419784545898,0.25
08/11/2017,14.066938427342068,0.25
08/11/2017,14.05985164642334,0.25
08/14/2017,14.017333078396593,0.25
08/14/2017,14.27245044708252,0.25
08/15/2017,14.23701791962445,0.25
08/15/2017,14.265363693237305,0.25
08/16/2017,14.350406421595833,0.25
08/16/2017,14.307887077331543,0.25
08/17/2017,14.251191454830133,0.25
08/17/2017,14.27245044708252,0.25
08/18/2017,14.173239131449265,0.25
08/18/2017,14.27953815460205,0.25
08/21/2017,14.26536672042607,0.25
08/21/2017,14.322059631347656,0.25
08/22/2017,14.450325465745749,0.25
08/22/2017,14.293710708618164,0.25
08/23/2017,14.229929341050374,0.25
08/23/2017,14.343315124511719,0.25
08/24/2017,14.378750828553793,0.25
08/24/2017,14.371664047241211,0.25
08/25/2017,14.485049356655653,0.25
08/25/2017,14.45670223236084,0.25
08/28/2017,14.456705261667226,0.25
08/28/2017,14.513398170471191,0.25
08/29/2017,14.527571480292972,0.25
08/29/2017,14.477965354919434,0.25
08/30/2017,14.477965412153342,0.25
08/30/2017,14.463791847229004,0.25
08/31/2017,14.534659816643785,0.25
08/31/2017,14.718912124633789,0.25
09/01/2017,14.782689148546433,0.25
09/01/2017,15.030719757080078,0.25
09/05/2017,14.995285209635076,0.25
09/05/2017,14.782687187194824,0.25
09/06/2017,14.846466864259954,0.25
09/06/2017,14.782687187194824,0.25
09/07/2017,14.796860379679957,0.25
09/07/2017,14.775601387023926,0.25
09/08/2017,14.811032348892466,0.25
09/08/2017,14.796858787536621,0.25
09/11/2017,14.896077922687777,0.25
09/11/2017,15.094502449035645,0.25
09/12/2017,15.108671826572827,0.25
09/12/2017,15.08741283416748,0.25
09/13/2017,15.037805364669218,0.25
09/13/2017,15.08741283416748,0.25
09/14/2017,15.05197831868242,0.25
09/14/2017,15.101584434509277,0.25
09/15/2017,15.144109932288321,0.25
09/15/2017,15.094502449035645,0.25
09/18/2017,15.122845527492656,0.25
09/18/2017,15.051979064941406,0.25
09/19/2017,15.059065045506763,0.25
09/19/2017,15.115757942199707,0.25
09/20/2017,15.037804756541806,0.25
09/20/2017,15.101584434509277,0.25
09/21/2017,15.243322195462255,0.25
09/21/2017,15.094502449035645,0.25
09/22/2017,15.144105066378817,0.25
09/22/2017,15.115757942199707,0.25
09/25/2017,15.250403841166664,0.25
09/25/2017,15.073238372802734,0.25
09/26/2017,15.151192057659372,0.25
09/26/2017,15.002373695373535,0.25
09/27/2017,15.051978927383008,0.25
09/27/2017,15.08741283416748,0.25
09/28/2017,15.087413062341028,0.62
09/28/2017,15.137896537780762,0.62
09/29/2017,15.051351665715424,0.62
09/29/2017,15.173954963684082,0.62
10/02/2017,15.217229081771535,0.62
10/02/2017,15.462435722351074,0.62
10/03/2017,15.527344161081837,0.62
10/03/2017,15.419163703918457,0.62
10/04/2017,15.325408855865712,0.62
10/04/2017,15.31098461151123,0.62
10/05/2017,15.354253487058656,0.62
10/05/2017,15.3975248336792,0.62
10/06/2017,15.31098528596282,0.62
10/06/2017,15.3470458984375,0.62
10/09/2017,15.393920865382121,0.62
10/09/2017,15.383103370666504,0.62
10/10/2017,15.361463112094006,0.62
10/10/2017,15.368675231933594,0.62
10/11/2017,15.361468102031427,0.62
10/11/2017,15.419163703918457,0.62
10/12/2017,15.375891845767073,0.62
10/12/2017,15.404740333557129,0.62
10/13/2017,15.397529307615526,0.62
10/13/2017,15.440800666809082,0.62
10/16/2017,15.491279647285598,0.62
10/16/2017,15.3975248336792,0.62
10/17/2017,15.484071427987825,0.62
10/17/2017,15.419163703918457,0.62
10/18/2017,15.440799619064068,0.62
10/18/2017,15.318196296691895,0.62
10/19/2017,15.217231672606456,0.62
10/19/2017,15.202807426452637,0.62
10/20/2017,15.260500907897951,0.62
10/20/2017,15.26050090789795,0.62
10/23/2017,15.181168807650483,0.62
10/23/2017,14.813360214233398,0.62
10/24/2017,14.806148092225193,0.62
10/24/2017,14.813360214233398,0.62
10/25/2017,14.889085026194886,0.62
10/25/2017,14.625848770141602,0.62
10/26/2017,14.719601397097282,0.62
10/26/2017,14.66911792755127,0.62
10/27/2017,14.66911792755127,0.62
10/27/2017,14.66911792755127,0.62
10/30/2017,14.633059856335347,0.62
10/30/2017,14.61142349243164,0.62
10/31/2017,14.63306064988109,0.62
10/31/2017,14.582575798034668,0.62
11/01/2017,14.66912130503759,0.62
11/01/2017,14.6763334274292,0.62
11/02/2017,14.640269526957235,0.62
11/02/2017,14.683542251586914,0.62
11/03/2017,14.553726828840643,0.62
11/03/2017,14.683542251586914,0.62
11/06/2017,14.748450523346733,0.62
11/06/2017,14.60421085357666,0.62
11/07/2017,14.625849193739013,0.62
11/07/2017,14.510457992553711,0.62
11/08/2017,14.423912609866738,0.62
11/08/2017,14.34458065032959,0.62
11/09/2017,14.243616030460014,0.62
11/09/2017,14.337370872497559,0.62
11/10/2017,14.423910338528527,0.62
11/10/2017,14.366214752197266,0.62
11/13/2017,14.35179206367365,0.62
11/13/2017,14.387852668762207,0.62
11/14/2017,14.40948765624391,0.62
11/14/2017,14.387852668762207,0.62
11/15/2017,14.286882844617107,0.62
11/15/2017,14.474393844604492,0.62
11/16/2017,14.54651722708476,0.62
11/16/2017,14.510457992553711,0.62
11/17/2017,14.459972208185127,0.62
11/17/2017,14.618636131286621,0.62
11/20/2017,14.625850523530753,0.62
11/20/2017,14.705181121826172,0.62
11/21/2017,14.770088195800781,0.62
11/21/2017,14.770088195800781,0.62
11/22/2017,14.78451223631894,0.62
11/22/2017,14.935962677001953,0.62
11/24/2017,14.964809854168756,0.62
11/24/2017,14.957597732543945,0.62
11/27/2017,14.943171586874593,0.62
11/27/2017,14.762872695922852,0.62
11/28/2017,14.827782421791879,0.62
11/28/2017,14.885478019714355,0.62
11/29/2017,14.899902927188611,0.62
11/29/2017,14.813360214233398,0.62
11/30/2017,14.89990180478344,0.62
11/30/2017,14.784510612487793,0.62
12/01/2017,14.697968347805888,0.62
12/01/2017,14.770088195800781,0.62
12/04/2017,14.899900660595796,0.62
12/04/2017,15.14510726928711,0.62
12/05/2017,15.188379426479527,0.62
12/05/2017,15.109048843383789,0.62
12/06/2017,15.087414741516115,0.62
12/06/2017,15.087414741516113,0.62
12/07/2017,15.065778002426804,0.62
12/07/2017,15.11626148223877,0.62
12/08/2017,15.188380013220494,0.62
12/08/2017,15.137896537780762,0.62
12/11/2017,15.166747392129446,0.62
12/11/2017,15.23165512084961,0.62
12/12/2017,15.231655558575309,0.62
12/12/2017,15.224443435668945,0.62
12/13/2017,15.253289429442649,0.62
12/13/2017,15.087414741516113,0.62
12/14/2017,15.137894914901558,0.62
12/14/2017,15.094623565673828,0.62
12/15/2017,15.130684232901167,0.62
12/15/2017,15.000868797302246,0.62
12/18/2017,15.101836765413363,0.62
12/18/2017,15.022504806518555,0.62
12/19/2017,15.022507882158674,0.62
12/19/2017,14.748454093933105,0.62
12/20/2017,14.755660422227654,0.62
12/20/2017,14.921536445617676,0.62
12/21/2017,14.943172019099407,0.62
12/21/2017,14.950384140014648,0.62
12/22/2017,14.943172071788288,0.62
12/22/2017,14.856629371643066,0.62
12/26/2017,14.820565479754594,0.62
12/26/2017,14.863838195800781,0.62
12/27/2017,14.849418270686641,0.62
12/27/2017,14.878265380859375,0.62
12/28/2017,14.907638611797683,0.99
12/28/2017,14.848889350891113,0.99
12/29/2017,14.885612856723286,0.99
12/29/2017,14.694677352905273,0.99
01/02/2018,14.746077943916072,0.99
01/02/2018,14.65061092376709,0.99
01/03/2018,14.613890886273856,0.99
01/03/2018,14.481704711914062,0.99
01/04/2018,14.467022059233868,0.99
01/04/2018,14.555145263671875,0.99
01/05/2018,14.569832389453763,0.99
01/05/2018,14.562488555908203,0.99
01/08/2018,14.555145322042772,0.99
01/08/2018,14.599206924438477,0.99
01/09/2018,14.591863482398576,0.99
01/09/2018,14.452333450317383,0.99
01/10/2018,14.437645051722098,0.99
01/10/2018,14.533113479614258,0.99
01/11/2018,14.540456986893506,0.99
01/11/2018,14.621237754821777,0.99
01/12/2018,14.657951459380175,0.99
01/12/2018,14.54045295715332,0.99
01/16/2018,14.577175686205358,0.99
01/16/2018,14.467020988464355,0.99
01/17/2018,14.547801087320751,0.99
01/17/2018,14.489051818847656,0.99
01/18/2018,14.503736611805,0.99
01/18/2018,14.386238098144531,0.99
01/19/2018,14.415614754723144,0.99
01/19/2018,14.503739356994629,0.99
01/22/2018,14.503738754147031,0.99
01/22/2018,14.467020988464355,0.99
01/23/2018,14.437643120691709,0.99
01/23/2018,14.481704711914062,0.99
01/24/2018,14.525770797484235,0.99
01/24/2018,14.459677696228027,0.99
01/25/2018,14.52577085773576,0.99
01/25/2018,14.503739356994629,0.99
01/26/2018,14.562488754612286,0.99
01/26/2018,14.489051818847656,0.99
01/29/2018,14.430300581391146,0.99
01/29/2018,14.342177391052246,0.99
01/30/2018,14.320147035432438,0.99
01/30/2018,14.371552467346191,0.99
01/31/2018,14.43030064356729,0.99
01/31/2018,14.283428192138672,0.99
02/01/2018,14.232021363411151,0.99
02/01/2018,14.283428192138672,0.99
02/02/2018,14.187961458051335,0.99
02/02/2018,14.099838256835938,0.99
02/05/2018,14.077805260367866,0.99
02/05/2018,13.739995956420898,0.99
02/06/2018,13.343440052257662,0.99
02/06/2018,13.806090354919434,0.99
02/07/2018,13.798747665272002,0.99
02/07/2018,13.835465431213379,0.99
02/08/2018,13.784056477813454,0.99
02/08/2018,13.644526481628418,0.99
02/09/2018,13.703278193264715,0.99
02/09/2018,13.739995956420898,0.99
02/12/2018,13.78406025522169,0.99
02/12/2018,13.806090354919434,0.99
02/13/2018,13.739995440065446,0.99
02/13/2018,14.217334747314453,0.99
02/14/2018,14.10718168504604,0.99
02/14/2018,14.246711730957031,0.99
02/15/2018,14.342178472975009,0.99
02/15/2018,14.32749080657959,0.99
02/16/2018,14.320144610303611,0.99
02/16/2018,14.481704711914062,0.99
02/20/2018,14.4596766499837,0.99
02/20/2018,14.364208221435547,0.99
02/21/2018,14.349521285524052,0.99
02/21/2018,14.283428192138672,0.99
02/22/2018,14.283427441631765,0.99
02/22/2018,14.41561222076416,0.99
02/23/2018,14.47436342104651,0.99
02/23/2018,14.467020988464355,0.99
02/26/2018,14.459678691322353,0.99
02/26/2018,14.606551170349121,0.99
02/27/2018,14.643266087117699,0.99
02/27/2018,14.496392250061035,0.99
02/28/2018,14.518426617386378,0.99
02/28/2018,14.393584251403809,0.99
03/01/2018,14.56983355957054,0.99
03/01/2018,14.232024192810059,0.99
03/02/2018,14.136554530256431,0.99
03/02/2018,14.3128023147583,0.99
03/05/2018,14.195302267929664,0.99
03/05/2018,14.481704711914062,0.99
03/06/2018,14.48170879279515,0.99
03/06/2018,14.606551170349121,0.99
03/07/2018,14.489050198605392,0.99
03/07/2018,14.613892555236816,0.99
03/08/2018,14.599206452342766,0.99
03/08/2018,14.54780101776123,0.99
03/09/2018,14.591863618880646,0.99
03/09/2018,14.7974853515625,0.99
03/12/2018,14.870921738475998,0.99
03/12/2018,14.907639503479004,0.99
03/13/2018,14.981076113403855,0.99
03/13/2018,14.892952919006348,0.99
03/14/2018,14.92232910073172,0.99
03/14/2018,14.9590482711792,0.99
03/15/2018,14.995763906628087,0.99
03/15/2018,14.98107624053955,0.99
03/16/2018,14.981081309967136,0.99
03/16/2018,15.20139217376709,0.99
03/19/2018,15.113262304329266,0.99
03/19/2018,15.0985746383667,0.99
03/20/2018,15.091232170660328,0.99
03/20/2018,15.10591983795166,0.99
03/21/2018,15.017794573030558,0.99
03/21/2018,14.863576889038086,0.99
03/22/2018,14.790141870349286,0.99
03/22/2018,14.760767936706543,0.99
03/23/2018,14.80482829596873,0.99
03/23/2018,14.533113479614258,0.99
03/26/2018,14.702016610179134,0.99
03/26/2018,14.72404670715332,0.99
03/27/2018,14.841547836456304,0.99
03/27/2018,14.85623550415039,0.99
03/28/2018,14.893689814796467,1.3900000000000001
03/28/2018,15.163394927978516,1.3900000000000001
03/29/2018,15.17088896948689,1.3900000000000001
03/29/2018,15.028544425964355,1.3900000000000001
04/02/2018,15.028544685136236,1.3900000000000001
04/02/2018,14.863725662231445,1.3900000000000001
04/03/2018,14.871218893890845,1.3900000000000001
04/03/2018,15.148414611816406,1.3900000000000001
04/04/2018,14.98359517003275,1.3900000000000001
04/04/2018,14.893692970275879,1.3900000000000001
04/05/2018,14.946137428283691,1.3900000000000001
04/05/2018,14.946137428283691,1.3900000000000001
04/06/2018,14.893695068255884,1.3900000000000001
04/06/2018,14.908679008483887,1.3900000000000001
04/09/2018,14.968610559864398,1.3900000000000001
04/09/2018,14.87870979309082,1.3900000000000001
04/10/2018,14.983593552014622,1.3900000000000001
04/10/2018,14.953625679016113,1.3900000000000001
04/11/2018,14.976100716736132,1.3900000000000001
04/11/2018,14.92365837097168,1.3900000000000001
04/12/2018,15.028544292831965,1.3900000000000001
04/12/2018,14.833757400512695,1.3900000000000001
04/13/2018,14.863725636350486,1.3900000000000001
04/13/2018,14.713889122009277,1.3900000000000001
04/16/2018,14.931151554485062,1.3900000000000001
04/16/2018,14.79629898071289,1.3900000000000001
04/17/2018,14.833759977752894,1.3900000000000001
04/17/2018,14.88620376586914,1.3900000000000001
04/18/2018,14.931153577636382,1.3900000000000001
04/18/2018,14.841251373291016,1.3900000000000001
04/19/2018,14.818776137583306,1.3900000000000001
04/19/2018,14.893692970275879,1.3900000000000001
04/20/2018,14.89369497616934,1.3900000000000001
04/20/2018,14.82627010345459,1.3900000000000001
04/23/2018,14.86372861674707,1.3900000000000001
04/23/2018,14.908679008483887,1.3900000000000001
04/24/2018,14.998577488513876,1.3900000000000001
04/24/2018,14.953625679016113,1.3900000000000001
04/25/2018,14.93864612503827,1.3900000000000001
04/25/2018,14.88620376586914,1.3900000000000001
04/26/2018,14.946135498004217,1.3900000000000001
04/26/2018,14.833757400512695,1.3900000000000001
04/27/2018,14.84874191820168,1.3900000000000001
04/27/2018,14.87870979309082,1.3900000000000001
04/30/2018,14.89369035909395,1.3900000000000001
04/30/2018,14.766329765319824,1.3900000000000001
05/01/2018,14.736365245261247,1.3900000000000001
05/01/2018,14.87870979309082,1.3900000000000001
05/02/2018,14.84874153137207,1.3900000000000001
05/02/2018,14.84874153137207,1.3900000000000001
05/03/2018,14.893694306652916,1.3900000000000001
05/03/2018,14.88620376586914,1.3900000000000001
05/04/2018,14.87122020632515,1.3900000000000001
05/04/2018,14.9910888671875,1.3900000000000001
05/07/2018,14.991087815717478,1.3900000000000001
05/07/2018,14.946137428283691,1.3900000000000001
05/08/2018,14.908679008483887,1.3900000000000001
05/08/2018,14.908679008483887,1.3900000000000001
05/09/2018,14.90868042441777,1.3900000000000001
05/09/2018,15.02105712890625,1.3900000000000001
05/10/2018,15.043529895182106,1.3900000000000001
05/10/2018,15.073497772216797,1.3900000000000001
05/11/2018,15.125939473844003,1.3900000000000001
05/11/2018,15.208348274230957,1.3900000000000001
05/14/2018,15.208351129505544,1.3900000000000001
05/14/2018,15.32072925567627,1.3900000000000001
05/15/2018,15.298251356832951,1.3900000000000001
05/15/2018,15.500530242919922,1.3900000000000001
05/16/2018,15.208345946898397,1.3900000000000001
05/16/2018,15.06600284576416,1.3900000000000001
05/17/2018,15.043526659984213,1.3900000000000001
05/17/2018,15.080985069274902,1.3900000000000001
05/18/2018,15.080988410908557,1.3900000000000001
05/18/2018,15.118448257446289,1.3900000000000001
05/21/2018,15.178383447781604,1.3900000000000001
05/21/2018,15.260793685913086,1.3900000000000001
05/22/2018,15.215839509491008,1.3900000000000001
05/22/2018,15.373167991638184,1.3900000000000001
05/23/2018,15.298247435323757,1.3900000000000001
05/23/2018,15.305739402770996,1.3900000000000001
05/24/2018,15.283265501835947,1.3900000000000001
05/24/2018,15.313233375549316,1.3900000000000001
05/25/2018,15.313233845366192,1.3900000000000001
05/25/2018,15.275774002075195,1.3900000000000001
05/29/2018,15.268282033416995,1.3900000000000001
05/29/2018,15.275774002075195,1.3900000000000001
05/30/2018,15.283265965261583,1.3900000000000001
05/30/2018,15.23831558227539,1.3900000000000001
05/31/2018,15.290758987462704,1.3900000000000001
05/31/2018,15.245808601379395,1.3900000000000001
06/01/2018,15.260788610447786,1.3900000000000001
06/01/2018,15.200854301452637,1.3900000000000001
06/04/2018,15.208346658754968,1.3900000000000001
06/04/2018,15.230822563171387,1.3900000000000001
06/05/2018,15.193366427383005,1.3900000000000001
06/05/2018,15.148414611816406,1.3900000000000001
06/06/2018,15.133430686586626,1.3900000000000001
06/06/2018,15.223331451416016,1.3900000000000001
06/07/2018,15.268284607511067,1.3900000000000001
06/07/2018,15.215842247009277,1.3900000000000001
06/08/2018,15.18587579627132,1.3900000000000001
06/08/2018,15.215842247009277,1.3900000000000001
06/11/2018,15.223334216930555,1.3900000000000001
06/11/2018,15.215842247009277,1.3900000000000001
06/12/2018,15.215839851181684,1.3900000000000001
06/12/2018,15.140921592712402,1.3900000000000001
06/13/2018,15.133431434631348,1.3900000000000001
06/13/2018,15.133431434631348,1.3900000000000001
06/14/2018,15.170890338609206,1.3900000000000001
06/14/2018,15.245808601379395,1.3900000000000001
06/15/2018,15.24580578583905,1.3900000000000001
06/15/2018,15.06600284576416,1.3900000000000001
06/18/2018,15.066007707079157,1.3900000000000001
06/18/2018,15.110958099365234,1.3900000000000001
06/19/2018,15.110956112162789,1.3900000000000001
06/19/2018,15.290759086608887,1.3900000000000001
06/20/2018,15.29075701112613,1.3900000000000001
06/20/2018,15.388151168823242,1.3900000000000001
06/21/2018,15.388151442847295,1.3900000000000001
06/21/2018,15.335707664489746,1.3900000000000001
06/22/2018,15.388154600674476,1.3900000000000001
06/22/2018,15.395645141601562,1.3900000000000001
06/25/2018,15.3806580624402,1.3900000000000001
06/25/2018,15.410624504089355,1.3900000000000001
06/26/2018,15.39563973397689,1.3900000000000001
06/26/2018,15.200854301452637,1.3900000000000001
06/27/2018,15.178380833438041,1.3900000000000001
06/27/2018,14.983593940734863,1.3900000000000001
06/28/2018,14.991252234934306,1.57
06/28/2018,15.152037620544434,1.57
06/29/2018,15.175003541024378,1.57
06/29/2018,15.144378662109375,1.57
07/02/2018,15.090783399864995,1.57
07/02/2018,15.289850234985352,1.57
07/03/2018,15.320476507050389,1.57
07/03/2018,15.358757972717285,1.57
07/05/2018,15.412352887714324,1.57
07/05/2018,15.557825088500977,1.57
07/06/2018,15.57313479916749,1.57
07/06/2018,15.703293800354004,1.57
07/09/2018,15.70253380712379,1.57
07/09/2018,15.73392391204834,1.57
07/10/2018,15.772202119239688,1.57
07/10/2018,15.642043113708496,1.57
07/11/2018,15.611421969830785,1.57
07/11/2018,15.687986373901367,1.57
07/12/2018,15.726267349038487,1.57
07/12/2018,15.718610763549805,1.57
07/13/2018,15.772205763719102,1.57
07/13/2018,15.856425285339355,1.57
07/16/2018,15.818142912884957,1.57
07/16/2018,15.80282974243164,1.57
07/17/2018,15.802831727399342,1.57
07/17/2018,15.73392391204834,1.57
07/18/2018,15.710952270545398,1.57
07/18/2018,15.7415771484375,1.57
07/19/2018,15.741576581027159,1.57
07/19/2018,15.833454132080078,1.57
07/20/2018,15.864080963900589,1.57
07/20/2018,15.80282974243164,1.57
07/23/2018,15.749232720305242,1.57
07/23/2018,15.810483932495117,1.57
07/24/2018,15.825798118243103,1.57
07/24/2018,15.7415771484375,1.57
07/25/2018,15.741577550055926,1.57
07/25/2018,15.81814193725586,1.57
07/26/2018,15.802831189824794,1.57
07/26/2018,15.77220630645752,1.57
07/27/2018,15.772205914672137,1.57
07/27/2018,15.69564151763916,1.57
07/30/2018,15.726266813942495,1.57
07/30/2018,15.779861450195312,1.57
07/31/2018,15.802830159665334,1.57
07/31/2018,15.864081382751465,1.57
08/01/2018,15.85642526691273,1.57
08/01/2018,15.848770141601562,1.57
08/02/2018,15.848770114468552,1.57
08/02/2018,15.887051582336426,1.57
08/03/2018,15.963615136873308,1.57
08/03/2018,15.764548301696777,1.57
08/06/2018,15.756889749593334,1.57
08/06/2018,15.833454132080078,1.57
08/07/2018,16.07845853345485,1.57
08/07/2018,15.810483932495117,1.57
08/08/2018,15.121408907664946,1.57
08/08/2018,15.144378662109375,1.57
08/09/2018,15.144379496521653,1.57
08/09/2018,15.289850234985352,1.57
08/10/2018,15.19797603468895,1.57
08/10/2018,15.266883850097656,1.57
08/13/2018,15.305165320727165,1.57
08/13/2018,15.266883850097656,1.57
08/14/2018,15.274538922985633,1.57
08/14/2018,15.343446731567383,1.57
08/15/2018,15.389380524933257,1.57
08/15/2018,15.305159568786621,1.57
08/16/2018,15.351100370170856,1.57
08/16/2018,15.427664756774902,1.57
08/17/2018,15.435320407296356,1.57
08/17/2018,15.41235065460205,1.57
08/20/2018,15.458290990064919,1.57
08/20/2018,15.527198791503906,1.57
08/21/2018,15.527202931314962,1.57
08/21/2018,15.65736198425293,1.57
08/22/2018,15.925333095975088,1.57
08/22/2018,15.856425285339355,1.57
08/23/2018,15.925332442852799,1.57
08/23/2018,16.017210006713867,1.57
08/24/2018,16.040177129896264,1.57
08/24/2018,16.300495147705078,1.57
08/27/2018,16.36940530959296,1.57
08/27/2018,16.323467254638672,1.57
08/28/2018,16.331122908804723,1.57
08/28/2018,16.30815315246582,1.57
08/29/2018,16.346435590747046,1.57
08/29/2018,16.31580924987793,1.57
08/30/2018,16.26987075805664,1.57
08/30/2018,16.26987075805664,1.57
08/31/2018,16.2698717380066,1.57
08/31/2018,16.231590270996094,1.57
09/04/2018,16.231592331416017,1.57
09/04/2018,16.116744995117188,1.57
09/05/2018,16.124398297380917,1.57
09/05/2018,16.055490493774414,1.57
09/06/2018,16.10143044864526,1.57
09/06/2018,16.078460693359375,1.57
09/07/2018,16.078461842364575,1.57
09/07/2018,15.887051582336426,1.57
09/10/2018,15.97127391111733,1.57
09/10/2018,15.963617324829102,1.57
09/11/2018,15.963616859807868,1.57
09/11/2018,15.955960273742676,1.57
09/12/2018,15.94830194104951,1.57
09/12/2018,15.80282974243164,1.57
09/13/2018,15.841113725967373,1.57
09/13/2018,15.69564151763916,1.57
09/14/2018,15.687984931901424,1.57
09/14/2018,15.69564151763916,1.57
09/17/2018,15.726270021238388,1.57
09/17/2018,15.488920211791992,1.57
09/18/2018,15.511888551384839,1.57
09/18/2018,15.48126220703125,1.57
09/19/2018,15.473602336587032,1.57
09/19/2018,15.420007705688477,1.57
09/20/2018,15.473602336587032,1.57
09/20/2018,15.420007705688477,1.57
09/21/2018,15.42766776623527,1.57
09/21/2018,15.73392391204834,1.57
09/24/2018,15.749232367553928,1.57
09/24/2018,15.642043113708496,1.57
09/25/2018,15.672671936886045,1.57
09/25/2018,15.51954460144043,1.57
09/26/2018,15.550167637397161,1.57
09/26/2018,15.473603248596191,1.57
09/27/2018,15.504893719170546,1.63
09/27/2018,15.630059242248535,1.63
09/28/2018,15.637887289555108,1.63
09/28/2018,15.778698921203613,1.63
10/01/2018,15.794341093175133,1.63
10/01/2018,15.692643165588379,1.63
10/02/2018,15.669177311796506,1.63
10/02/2018,15.622239112854004,1.63
10/03/2018,15.630061138951513,1.63
10/03/2018,15.731759071350098,1.63
10/04/2018,15.739584584923879,1.63
10/04/2018,15.606595993041992,1.63
10/05/2018,15.630061033005891,1.63
10/05/2018,15.55183219909668,1.63
10/08/2018,15.544008836650729,1.63
10/08/2018,15.637882232666016,1.63
10/09/2018,15.61441313761683,1.63
10/09/2018,15.637882232666016,1.63
10/10/2018,15.63005970160955,1.63
10/10/2018,15.418842315673828,1.63
10/11/2018,15.418844413052684,1.63
10/11/2018,15.262388229370117,1.63
10/12/2018,15.317147212749422,1.63
10/12/2018,15.324970245361328,1.63
10/15/2018,15.324970319224482,1.63
10/15/2018,15.411022186279297,1.63
10/16/2018,15.504896303786943,1.63
10/16/2018,15.677000045776367,1.63
10/17/2018,15.825631224893833,1.63
10/17/2018,15.809985160827637,1.63
10/18/2018,15.794344844580248,1.63
10/18/2018,15.708292961120605,1.63
10/19/2018,15.716113006044022,1.63
10/19/2018,15.731759071350098,1.63
10/22/2018,15.76305188141023,1.63
10/22/2018,15.684823036193848,1.63
10/23/2018,15.56748109969022,1.63
10/23/2018,15.653532981872559,1.63
10/24/2018,15.731755865034957,1.63
10/24/2018,15.590944290161133,1.63
10/25/2018,15.637884213608968,1.63
10/25/2018,15.723936080932617,1.63
10/26/2018,15.62224042070881,1.63
10/26/2018,15.536190032958984,1.63
10/29/2018,15.661354321507504,1.63
10/29/2018,15.614416122436523,1.63
10/30/2018,15.637885051013473,1.63
10/30/2018,15.645708084106445,1.63
10/31/2018,15.645710180083917,1.63
10/31/2018,15.708292961120605,1.63
11/01/2018,15.723938368173785,1.63
11/01/2018,15.536190032958984,1.63
11/02/2018,15.583126891383605,1.63
11/02/2018,15.606595993041992,1.63
11/05/2018,15.637885940149445,1.63
11/05/2018,15.559657096862793,1.63
11/06/2018,15.68482476683667,1.63
11/06/2018,15.716116905212402,1.63
11/07/2018,15.79434066898099,1.63
11/07/2018,15.896037101745605,1.63
11/08/2018,15.896039833769047,1.63
11/08/2018,15.919508934020996,1.63
11/09/2018,15.935154013268898,1.63
11/09/2018,16.14636993408203,1.63
11/12/2018,16.193309571311836,1.63
11/12/2018,16.03685188293457,1.63
11/13/2018,16.09160928713629,1.63
11/13/2018,16.138545989990234,1.63
11/14/2018,16.201131437722918,1.63
11/14/2018,16.075965881347656,1.63
11/15/2018,15.1763350541961,1.63
11/15/2018,15.027700424194336,1.63
11/16/2018,14.980765135391026,1.63
11/16/2018,15.238919258117676,1.63
11/19/2018,15.254563673208793,1.63
11/19/2018,15.066815376281738,1.63
11/20/2018,14.957298581184512,1.63
11/20/2018,14.90253734588623,1.63
11/21/2018,14.941651906590035,1.63
11/21/2018,15.03552532196045,1.63
11/23/2018,14.980767060855039,1.63
11/23/2018,14.918184280395508,1.63
11/26/2018,14.957297735288565,1.63
11/26/2018,14.980765342712402,1.63
11/27/2018,14.996412450411158,1.63
11/27/2018,14.965120315551758,1.63
11/28/2018,14.957297291980595,1.63
11/28/2018,15.184159278869629,1.63
11/29/2018,15.121577894334813,1.63
11/29/2018,15.082464218139648,1.63
11/30/2018,15.21545156594556,1.63
11/30/2018,15.254565238952637,1.63
12/03/2018,15.340618560253688,1.63
12/03/2018,15.457961082458496,1.63
12/04/2018,15.520542636771227,1.63
12/04/2018,15.309325218200684,1.63
12/06/2018,15.23109687411439,1.63
12/06/2018,15.512720108032227,1.63
12/07/2018,15.465780507275616,1.63
12/07/2018,15.418842315673828,1.63
12/10/2018,15.622237797724155,1.63
12/10/2018,15.489249229431152,1.63
12/11/2018,15.536186301292718,1.63
12/11/2018,15.520540237426758,1.63
12/12/2018,15.536192023445953,1.63
12/12/2018,15.426671028137207,1.63
12/13/2018,15.379731024390864,1.63
12/13/2018,15.309325218200684,1.63
12/14/2018,15.254564201138507,1.63
12/14/2018,15.270210266113281,1.63
12/17/2018,15.270210095778255,1.63
12/17/2018,14.777369499206543,1.63
12/18/2018,14.894713971818819,1.63
12/18/2018,14.988587379455566,1.63
12/19/2018,15.08246477536982,1.63
12/19/2018,14.863424301147461,1.63
12/20/2018,14.871247335093742,1.63
12/20/2018,14.863424301147461,1.63
12/21/2018,14.855598533885875,1.63
12/21/2018,14.83995246887207,1.63
12/24/2018,14.800840946242865,1.63
12/24/2018,14.675675392150879,1.63
12/26/2018,14.66785024232088,1.63
12/26/2018,15.160689353942871,1.63
12/27/2018,15.080689382936601,1.69
12/27/2018,15.248696327209473,1.69
12/28/2018,15.16868943483383,1.69
12/28/2018,15.296696662902832,1.69
12/31/2018,15.304697641799178,1.69
12/31/2018,15.320698738098145,1.69
01/02/2019,15.176690291320238,1.69
01/02/2019,15.352699279785156,1.69
01/03/2019,15.312697505305936,1.69
01/03/2019,15.44870376586914,1.69
01/04/2019,15.520707529002264,1.69
01/04/2019,15.712716102600098,1.69
01/07/2019,15.832720291579943,1.69
01/07/2019,15.880722045898438,1.69
01/08/2019,15.936723536642432,1.69
01/08/2019,15.944724082946777,1.69
01/09/2019,15.976729646999104,1.69
01/09/2019,16.008731842041016,1.69
01/10/2019,16.00072718857089,1.69
01/10/2019,16.048728942871094,1.69
01/11/2019,16.048733059894758,1.69
01/11/2019,16.008731842041016,1.69
01/14/2019,15.96072895077845,1.69
01/14/2019,16.01673126220703,1.69
01/15/2019,16.01673186887212,1.69
01/15/2019,16.12873649597168,1.69
01/16/2019,16.232741398769576,1.69
01/16/2019,16.160737991333008,1.69
01/17/2019,16.19273693737569,1.69
01/17/2019,16.24873924255371,1.69
01/18/2019,16.248740969128843,1.69
01/18/2019,16.160737991333008,1.69
01/22/2019,16.176736645909596,1.69
01/22/2019,16.088733673095703,1.69
01/23/2019,16.12873714857944,1.69
01/23/2019,16.072734832763672,1.69
01/24/2019,16.088734850152317,1.69
01/24/2019,16.104734420776367,1.69
01/25/2019,16.144734120710087,1.69
01/25/2019,16.11273193359375,1.69
01/28/2019,16.12073305481829,1.69
01/28/2019,16.20073699951172,1.69
01/29/2019,16.20073630798236,1.69
01/29/2019,16.232738494873047,1.69
01/30/2019,16.224740252618126,1.69
01/30/2019,16.240739822387695,1.69
01/31/2019,16.20073763606624,1.69
01/31/2019,16.49675178527832,1.69
02/01/2019,16.504750232666904,1.69
02/01/2019,16.40874671936035,1.69
02/04/2019,16.42474963989387,1.69
02/04/2019,16.55275535583496,1.69
02/05/2019,16.592756786953125,1.69
02/05/2019,16.47275161743164,1.69
02/06/2019,16.48074933948282,1.69
02/06/2019,16.232738494873047,1.69
02/07/2019,16.24873924255371,1.69
02/07/2019,16.24873924255371,1.69
02/08/2019,16.16073683947641,1.69
02/08/2019,16.33674430847168,1.69
02/11/2019,16.344746892428503,1.69
02/11/2019,16.40074920654297,1.69
02/12/2019,16.44874792891336,1.69
02/12/2019,16.40874671936035,1.69
02/13/2019,16.45674710988139,1.69
02/13/2019,16.312740325927734,1.69
02/14/2019,16.296743392944336,1.69
02/14/2019,16.296743392944336,1.69
02/15/2019,16.376743464031456,1.69
02/15/2019,16.27273941040039,1.69
02/19/2019,16.160736274108984,1.69
02/19/2019,16.24873924255371,1.69
02/20/2019,16.288742189307463,1.69
02/20/2019,16.16873550415039,1.69
02/21/2019,16.088731617072185,1.69
02/21/2019,16.19273567199707,1.69
02/22/2019,16.2247400677808,1.69
02/22/2019,16.15273666381836,1.69
02/25/2019,16.200739206153976,1.69
02/25/2019,16.160737991333008,1.69
02/26/2019,16.168737013538376,1.69
02/26/2019,16.160737991333008,1.69
02/27/2019,16.120736502535415,1.69
02/27/2019,16.21674156188965,1.69
02/28/2019,16.20873889387166,1.69
02/28/2019,16.296743392944336,1.69
03/01/2019,16.28874310954183,1.69
03/01/2019,16.240739822387695,1.69
03/04/2019,16.240741507198308,1.69
03/04/2019,16.32074546813965,1.69
03/05/2019,16.368745270610173,1.69
03/05/2019,16.296743392944336,1.69
03/06/2019,16.32074293942119,1.69
03/06/2019,16.208738327026367,1.69
03/07/2019,16.200738289012534,1.69
03/07/2019,16.088733673095703,1.69
03/08/2019,16.152738315197507,1.69
03/08/2019,16.02473258972168,1.69
03/11/2019,16.04073044345551,1.69
03/11/2019,16.296743392944336,1.69
03/12/2019,16.33674196523608,1.69
03/12/2019,16.312740325927734,1.69
03/13/2019,16.36074595122266,1.69
03/13/2019,16.33674430847168,1.69
03/14/2019,16.34474485605534,1.69
03/14/2019,16.33674430847168,1.69
03/15/2019,16.336745004809057,1.69
03/15/2019,16.30474281311035,1.69
03/18/2019,16.296746429346804,1.69
03/18/2019,16.288745880126953,1.69
03/19/2019,16.296745749309014,1.69
03/19/2019,16.136737823486328,1.69
03/20/2019,16.120732480372833,1.69
03/20/2019,16.11273193359375,1.69
03/21/2019,16.200738692211203,1.69
03/21/2019,16.280742645263672,1.69
03/22/2019,16.28074229748595,1.69
03/22/2019,16.296743392944336,1.69
03/25/2019,16.160739470144332,1.69
03/25/2019,16.136737823486328,1.69
03/26/2019,16.096731963506187,1.69
03/26/2019,16.27273941040039,1.69
03/27/2019,16.304739779491623,1.69
03/27/2019,16.312740325927734,1.69
03/28/2019,16.337261284689703,1.72
03/28/2019,16.345434188842773,1.72
03/29/2019,16.48437061254769,1.72
03/29/2019,16.361780166625977,1.72
04/01/2019,16.378124486311474,1.72
04/01/2019,16.435333251953125,1.72
04/02/2019,16.451680829222145,1.72
04/02/2019,16.353609085083008,1.72
04/03/2019,16.38629384023546,1.72
04/03/2019,16.459848403930664,1.72
04/04/2019,16.410813063000152,1.72
04/04/2019,16.508886337280273,1.72
04/05/2019,16.541575870127758,1.72
04/05/2019,16.459848403930664,1.72
04/08/2019,16.451676185162896,1.72
04/08/2019,16.55792236328125,1.72
04/09/2019,16.525233905581086,1.72
04/09/2019,16.427162170410156,1.72
04/10/2019,16.427164396295737,1.72
04/10/2019,16.49254608154297,1.72
04/11/2019,16.50071575703821,1.72
04/11/2019,16.582443237304688,1.72
04/12/2019,16.63148084617585,1.72
04/12/2019,16.566099166870117,1.72
04/15/2019,16.615134940352164,1.72
04/15/2019,16.59061622619629,1.72
04/16/2019,16.63147709805459,1.72
04/16/2019,16.606958389282227,1.72
04/17/2019,16.615134709915456,1.72
04/17/2019,16.500717163085938,1.72
04/18/2019,16.459854459508186,1.72
04/18/2019,16.49254608154297,1.72
04/22/2019,16.451680899655514,1.72
04/22/2019,16.394472122192383,1.72
04/23/2019,16.394470383992733,1.72
04/23/2019,16.410816192626953,1.72
04/24/2019,16.41081677125008,1.72
04/24/2019,16.500717163085938,1.72
04/25/2019,16.4598502257942,1.72
04/25/2019,16.451677322387695,1.72
04/26/2019,16.451676185162896,1.72
04/26/2019,16.55792236328125,1.72
04/29/2019,16.54975286265416,1.72
04/29/2019,16.484371185302734,1.72
04/30/2019,16.484371185302734,1.72
04/30/2019,16.484371185302734,1.72
05/01/2019,16.476194208934437,1.72
05/01/2019,16.459848403930664,1.72
05/02/2019,16.459850899409503,1.72
05/02/2019,16.54975128173828,1.72
05/03/2019,16.631481396011093,1.72
05/03/2019,16.72138023376465,1.72
05/06/2019,16.62330834961253,1.72
05/06/2019,16.6396541595459,1.72
05/07/2019,16.60696235953451,1.72
05/07/2019,16.65599822998047,1.72
05/08/2019,16.615135036643867,1.72
05/08/2019,16.566099166870117,1.72
05/09/2019,16.525235740234802,1.72
05/09/2019,16.418991088867188,1.72
05/10/2019,16.418987939526602,1.72
05/10/2019,16.54975128173828,1.72
05/13/2019,16.45985254477058,1.72
05/13/2019,16.52523422241211,1.72
05/14/2019,16.533405303955078,1.72
05/14/2019,16.533405303955078,1.72
05/15/2019,16.549753261425348,1.72
05/15/2019,16.59061622619629,1.72
05/16/2019,16.590614582391506,1.72
05/16/2019,16.582443237304688,1.72
05/17/2019,16.549751196545586,1.72
05/17/2019,16.54157829284668,1.72
05/20/2019,16.476196537179494,1.72
05/20/2019,16.533405303955078,1.72
05/21/2019,16.533405303955078,1.72
05/21/2019,16.533405303955078,1.72
05/22/2019,16.549749292250933,1.72
05/22/2019,16.508886337280273,1.72
05/23/2019,16.45167964021262,1.72
05/23/2019,16.52523422241211,1.72
05/24/2019,16.574272059629873,1.72
05/24/2019,16.59878921508789,1.72
05/28/2019,16.615134709915456,1.72
05/28/2019,16.500717163085938,1.72
05/29/2019,16.468023129200706,1.72
05/29/2019,16.451677322387695,1.72
05/30/2019,16.492542840076002,1.72
05/30/2019,16.26370620727539,1.72
05/31/2019,16.18197840392979,1.72
05/31/2019,16.165634155273438,1.72
06/03/2019,16.157466167477306,1.72
06/03/2019,16.378129959106445,1.72
06/04/2019,16.394467257483164,1.72
06/04/2019,16.508886337280273,1.72
06/05/2019,16.508887646233234,1.72
06/05/2019,16.451677322387695,1.72
06/06/2019,16.45985296373443,1.72
06/06/2019,16.566099166870117,1.72
06/07/2019,16.59061599609963,1.72
06/07/2019,16.500717163085938,1.72
06/10/2019,16.53340712697007,1.72
06/10/2019,16.52523422241211,1.72
06/11/2019,16.574268000526416,1.72
06/11/2019,16.508886337280273,1.72
06/12/2019,16.525236628622338,1.72
06/12/2019,16.57427406311035,1.72
06/13/2019,16.615135444645844,1.72
06/13/2019,16.6396541595459,1.72
06/14/2019,16.655998410657034,1.72
06/14/2019,16.6396541595459,1.72
06/17/2019,16.672343967948752,1.72
06/17/2019,16.615135192871094,1.72
06/18/2019,16.63148115801736,1.72
06/18/2019,16.66417121887207,1.72
06/19/2019,16.705036247056068,1.72
06/19/2019,16.71320915222168,1.72
06/20/2019,16.70503582760526,1.72
06/20/2019,16.672344207763672,1.72
06/21/2019,16.62330751828548,1.72
06/21/2019,16.52523422241211,1.72
06/24/2019,16.62330794140986,1.72
06/24/2019,16.566099166870117,1.72
06/25/2019,16.557924100244495,1.72
06/25/2019,16.54157829284668,1.72
06/26/2019,16.53340680998235,1.72
06/26/2019,16.427162170410156,1.72
06/27/2019,16.569136643699984,1.72
06/27/2019,16.535730361938477,1.72
06/28/2019,16.53573092535236,1.72
06/28/2019,16.635948181152344,1.72
07/01/2019,16.711107740517814,1.72
07/01/2019,16.69440460205078,1.72
07/02/2019,16.702757720152892,1.72
07/02/2019,16.76121711730957,1.72
07/03/2019,16.76121614317429,1.72
07/03/2019,16.79462242126465,1.72
07/05/2019,16.786272410525847,1.72
07/05/2019,16.71946144104004,1.72
07/08/2019,16.727813845248217,1.72
07/08/2019,16.777921676635742,1.72
07/09/2019,16.744513977293632,1.72
07/09/2019,16.76121711730957,1.72
07/10/2019,16.777920967334047,1.72
07/10/2019,16.769569396972656,1.72
07/11/2019,16.78627253769544,1.72
07/11/2019,16.769569396972656,1.72
07/12/2019,16.78626885698623,1.72
07/12/2019,16.819673538208008,1.72
07/15/2019,16.83638022564956,1.72
07/15/2019,16.861434936523438,1.72
07/16/2019,16.861436135093935,1.72
07/16/2019,16.853084564208984,1.72
07/17/2019,16.86978414976442,1.72
07/17/2019,16.811323165893555,1.72
07/18/2019,16.802976388779125,1.72
07/18/2019,16.777921676635742,1.72
07/19/2019,16.75286696449236,1.72
07/19/2019,16.777921676635742,1.72
07/22/2019,16.828025106738156,1.72
07/22/2019,16.819673538208008,1.72
07/23/2019,16.786274631983765,1.72
07/23/2019,16.936599731445312,1.72
07/24/2019,16.936598334412025,1.72
07/24/2019,16.777921676635742,1.72
07/25/2019,16.7779194151135,1.72
07/25/2019,16.702756881713867,1.72
07/26/2019,16.744515174390077,1.72
07/26/2019,16.752866744995117,1.72
07/29/2019,16.727813845248217,1.72
07/29/2019,16.777921676635742,1.72
07/30/2019,16.75286696449236,1.72
07/30/2019,16.777921676635742,1.72
07/31/2019,16.777919638655522,1.72
07/31/2019,16.727811813354492,1.72
08/01/2019,16.71946024365448,1.72
08/01/2019,16.727811813354492,1.72
08/02/2019,16.661001565108233,1.72
08/02/2019,16.59419059753418,1.72
08/05/2019,16.49397365231394,1.72
08/05/2019,16.12651252746582,1.72
08/06/2019,16.143215517696273,1.72
08/06/2019,16.3603515625,1.72
08/07/2019,16.301891235119673,1.72
08/07/2019,16.32694435119629,1.72
08/08/2019,16.285190363098653,1.72
08/08/2019,16.260135650634766,1.72
08/09/2019,16.168268113798657,1.72
08/09/2019,16.193321228027344,1.72
08/12/2019,16.15991773963176,1.72
08/12/2019,16.18497085571289,1.72
08/13/2019,16.193323496265556,1.72
08/13/2019,16.12651252746582,1.72
08/14/2019,16.051350476589096,1.72
08/14/2019,15.750701904296875,1.72
08/15/2019,15.742347608960204,1.72
08/15/2019,15.800806999206543,1.72
08/16/2019,15.867621424481404,1.72
08/16/2019,15.976188659667969,1.72
08/19/2019,16.193324676963666,1.72
08/19/2019,16.260135650634766,1.72
08/20/2019,16.210025433212092,1.72
08/20/2019,16.134862899780273,1.72
08/21/2019,16.134865734194868,1.72
08/21/2019,16.168272018432617,1.72
08/22/2019,16.15156769575127,1.72
08/22/2019,16.034648895263672,1.72
08/23/2019,16.017945430241923,1.72
08/23/2019,15.926079750061035,1.72
08/26/2019,15.942780610296243,1.72
08/26/2019,16.026294708251953,1.72
08/27/2019,16.093106380661435,1.72
08/27/2019,15.89267349243164,1.72
08/28/2019,15.88432363263532,1.72
08/28/2019,15.834214210510254,1.72
08/29/2019,15.83421321346833,1.72
08/29/2019,15.901025772094727,1.72
08/30/2019,15.992887588325479,1.72
08/30/2019,15.792454719543457,1.72
09/03/2019,15.784106381284357,1.72
09/03/2019,15.834214210510254,1.72
09/04/2019,15.892675769364317,1.72
09/04/2019,15.934432029724121,1.72
09/05/2019,16.042999633528762,1.72
09/05/2019,15.976188659667969,1.72
09/06/2019,15.992889977697637,1.72
09/06/2019,16.093107223510742,1.72
09/09/2019,16.1348624155474,1.72
09/09/2019,16.29353904724121,1.72
09/10/2019,16.318593268311208,1.72
09/10/2019,16.31024169921875,1.72
09/11/2019,16.26013444063429,1.72
09/11/2019,16.410459518432617,1.72
09/12/2019,16.410459518432617,1.72
09/12/2019,16.410459518432617,1.72
09/13/2019,16.427164906854905,1.72
09/13/2019,16.485624313354492,1.72
09/16/2019,16.443863982403613,1.72
09/16/2019,16.52737808227539,1.72
09/17/2019,16.51067648984183,1.72
09/17/2019,16.59419059753418,1.72
09/18/2019,16.61089050261457,1.72
09/18/2019,16.69440460205078,1.72
09/19/2019,16.7027561712843,1.72
09/19/2019,16.69440460205078,1.72
09/20/2019,16.702757720152892,1.72
09/20/2019,16.76121711730957,1.72
09/23/2019,16.744513977293632,1.72
09/23/2019,16.76121711730957,1.72
09/24/2019,16.78627049311516,1.72
09/24/2019,16.577486038208008,1.72
09/25/2019,16.59418895704649,1.72
09/25/2019,16.69440460205078,1.72
09/26/2019,16.677703589549434,1.72
09/26/2019,16.71946144104004,1.72
09/27/2019,16.78773851988435,1.72
09/27/2019,16.642648696899414,1.72
09/30/2019,16.62557660862289,1.72
09/30/2019,16.668251037597656,1.72
10/01/2019,16.787740058412776,1.72
10/01/2019,16.565837860107422,1.72
10/02/2019,16.52316175473559,1.72
10/02/2019,16.471952438354492,1.72
10/03/2019,16.454884294090526,1.72
10/03/2019,16.471952438354492,1.72
10/04/2019,16.480489619689546,1.72
10/04/2019,16.54876708984375,1.72
10/07/2019,16.599977109774404,1.72
10/07/2019,16.523164749145508,1.72
10/08/2019,16.54876781562885,1.72
10/08/2019,16.420747756958008,1.72
10/09/2019,16.437817532211017,1.72
10/09/2019,16.420747756958008,1.72
10/10/2019,16.4463494966298,1.72
10/10/2019,16.506092071533203,1.72
10/11/2019,16.55730125971267,1.72
10/11/2019,16.53169822692871,1.72
10/14/2019,16.540231378150114,1.72
10/14/2019,16.5999755859375,1.72
10/15/2019,16.62557900791821,1.72
10/15/2019,16.676788330078125,1.72
10/16/2019,16.65971706094333,1.72
10/16/2019,16.651182174682617,1.72
10/17/2019,16.71092564380443,1.72
10/17/2019,16.736530303955078,1.72
10/18/2019,16.685323069112105,1.72
10/18/2019,16.847482681274414,1.72
10/21/2019,16.873085823843365,1.72
10/21/2019,16.924293518066406,1.72
10/22/2019,16.91575782715335,1.72
10/22/2019,16.873085021972656,1.72
10/23/2019,16.873084829619984,1.72
10/23/2019,16.907222747802734,1.72
10/24/2019,16.915760654791058,1.72
10/24/2019,16.85601806640625,1.72
10/25/2019,17.71801903168542,1.72
10/25/2019,17.257144927978516,1.72
10/28/2019,17.29982044438826,1.72
10/28/2019,17.3083553314209,1.72
10/29/2019,17.32542400343025,1.72
10/29/2019,17.214473724365234,1.72
10/30/2019,17.223006409750088,1.72
10/30/2019,17.069381713867188,1.72
10/31/2019,17.14619628139915,1.72
10/31/2019,17.112056732177734,1.72
11/01/2019,17.069383341584405,1.72
11/01/2019,16.924293518066406,1.72
11/04/2019,16.992573019246795,1.72
11/04/2019,16.85601806640625,1.72
11/05/2019,16.838948209216237,1.72
11/05/2019,16.82187843322754,1.72
11/06/2019,16.82187851426439,1.72
11/06/2019,16.85601806640625,1.72
11/07/2019,16.898689381381164,1.72
11/07/2019,16.830411911010742,1.72
11/08/2019,16.88161990858143,1.72
11/08/2019,16.873085021972656,1.72
11/11/2019,16.873084811678137,1.72
11/11/2019,17.009639739990234,1.72
11/12/2019,17.00963711440278,1.72
11/12/2019,16.890151977539062,1.72
11/13/2019,16.898690878720128,1.72
11/13/2019,16.85601806640625,1.72
11/14/2019,16.830410588928792,1.72
11/14/2019,16.873085021972656,1.72
11/15/2019,16.898690878720128,1.72
11/15/2019,16.85601806640625,1.72
11/18/2019,16.84577475165605,1.72
11/18/2019,16.94989776611328,1.72
11/19/2019,16.915757721315327,1.72
11/19/2019,16.941362380981445,1.72
11/20/2019,16.90722313942403,1.72
11/20/2019,16.98403549194336,1.72
11/21/2019,16.96696268847795,1.72
11/21/2019,16.890151977539062,1.72
11/22/2019,16.907222834759956,1.72
11/22/2019,16.941362380981445,1.72
11/25/2019,16.949900430802654,1.72
11/25/2019,17.103525161743164,1.72
11/26/2019,17.16326464297436,1.72
11/26/2019,17.120590209960938,1.72
11/27/2019,17.103523144135572,1.72
11/27/2019,17.17180061340332,1.72
11/29/2019,17.103522540405084,1.72
11/29/2019,17.231542587280273,1.72
12/02/2019,17.240077474120383,1.72
12/02/2019,17.231542587280273,1.72
12/03/2019,17.25714691857635,1.72
12/03/2019,17.29128646850586,1.72
12/04/2019,17.29128555735562,1.72
12/04/2019,17.3083553314209,1.72
12/05/2019,17.32542047061211,1.72
12/05/2019,17.359560012817383,1.72
12/06/2019,17.436375465819253,1.72
12/06/2019,17.48758316040039,1.72
12/09/2019,17.49611704989902,1.72
12/09/2019,17.47051239013672,1.72
12/10/2019,17.44490864098516,1.72
12/10/2019,17.45344352722168,1.72
12/11/2019,17.436374288707807,1.72
12/11/2019,17.257144927978516,1.72
12/12/2019,17.248612560051495,1.72
12/12/2019,17.197404861450195,1.72
12/13/2019,17.188869035244018,1.72
12/13/2019,17.316890716552734,1.72
12/16/2019,17.436375381183975,1.72
12/16/2019,17.3083553314209,1.72
12/17/2019,17.385167771238113,1.72
12/17/2019,17.48758316040039,1.72
12/18/2019,17.547325328074884,1.72
12/18/2019,17.513187408447266,1.72
12/19/2019,17.555857605804764,1.72
12/19/2019,17.641204833984375,1.72
12/20/2019,17.70094831760336,1.72
12/20/2019,17.624135971069336,1.72
12/23/2019,17.69241343155924,1.72
12/23/2019,17.624135971069336,1.72
12/24/2019,17.65827460519289,1.72
12/24/2019,17.641204833984375,1.72
12/26/2019,17.69241532277966,1.72
12/26/2019,17.72655487060547,1.72
12/27/2019,17.76069389312049,1.72
12/27/2019,17.820436477661133,1.72
12/30/2019,17.82043805887245,1.72
12/30/2019,17.811723709106445,1.72
12/31/2019,17.82043549548863,1.72
12/31/2019,17.794292449951172,1.72
01/02/2020,17.846577808193864,1.72
01/02/2020,17.768150329589844,1.72
01/03/2020,17.698436278405843,1.72
01/03/2020,17.794292449951172,1.72
01/06/2020,17.768150982823254,1.72
01/06/2020,17.785579681396484,1.72
01/07/2020,17.768150982823254,1.72
01/07/2020,17.785579681396484,1.72
01/08/2020,17.794292777181752,1.72
01/08/2020,17.803007125854492,1.72
01/09/2020,17.811723709106445,1.72
01/09/2020,17.811723709106445,1.72
01/10/2020,17.82914878432232,1.72
01/10/2020,17.925004959106445,1.72
01/13/2020,17.916293619904827,1.72
01/13/2020,18.012149810791016,1.72
01/14/2020,18.00343303577122,1.72
01/14/2020,18.05571746826172,1.72
01/15/2020,18.073144585151052,1.72
01/15/2020,18.064430236816406,1.72
01/16/2020,18.10800244575919,1.72
01/16/2020,18.134143829345703,1.72
01/17/2020,18.14285961915935,1.72
01/17/2020,18.23000144958496,1.72
01/21/2020,18.238715798836736,1.72
01/21/2020,18.23000144958496,1.72
01/22/2020,18.25614254059147,1.72
01/22/2020,18.34328269958496,1.72
01/23/2020,18.447854341618594,1.72
01/23/2020,18.4304256439209,1.72
01/24/2020,18.430426959996634,1.72
01/24/2020,18.299715042114258,1.72
01/27/2020,18.291000692643138,1.72
01/27/2020,18.299715042114258,1.72
01/28/2020,18.282287124360902,1.72
01/28/2020,18.378143310546875,1.72
01/29/2020,18.39556977364681,1.72
01/29/2020,18.369426727294922,1.72
01/30/2020,18.343284659511777,1.72
01/30/2020,18.395570755004883,1.72
01/31/2020,18.3868544411737,1.72
01/31/2020,18.34328269958496,1.72
02/03/2020,18.334571130767763,1.72
02/03/2020,18.4304256439209,1.72
02/04/2020,18.447854151699094,1.72
02/04/2020,18.482709884643555,1.72
02/05/2020,18.5262818206366,1.72
02/05/2020,18.59599494934082,1.72
02/06/2020,18.630852920188847,1.72
02/06/2020,18.604711532592773,1.72
02/07/2020,18.56985236689671,1.72
02/07/2020,18.500139236450195,1.72
02/10/2020,18.4914252725579,1.72
02/10/2020,18.395570755004883,1.72
02/11/2020,18.412996031899194,1.72
02/11/2020,18.62213706970215,1.72
02/12/2020,18.63085002669851,1.72
02/12/2020,18.57856559753418,1.72
02/13/2020,18.58727967603765,1.72
02/13/2020,18.62213706970215,1.72
02/14/2020,18.587281986604626,1.72
02/14/2020,18.63956642150879,1.72
02/18/2020,18.59599541143359,1.72
02/18/2020,18.665708541870117,1.72
02/19/2020,18.70056362053512,1.72
02/19/2020,18.648279190063477,1.72
02/20/2020,18.717994087867762,1.72
02/20/2020,18.752851486206055,1.72
02/21/2020,18.770279010135994,1.72
02/21/2020,18.944561004638672,1.72
02/24/2020,18.90970387074387,1.72
02/24/2020,18.73542022705078,1.72
02/25/2020,18.691851513286654,1.72
02/25/2020,18.160287857055664,1.72
02/26/2020,18.186431042626175,1.72
02/26/2020,18.05571746826172,1.72
02/27/2020,17.916288538415728,1.72
02/27/2020,17.698434829711914,1.72
02/28/2020,17.50672709736172,1.72
02/28/2020,17.11458969116211,1.72
03/02/2020,17.175587501244458,1.72
03/02/2020,17.750722885131836,1.72
03/03/2020,17.768150523706908,1.72
03/03/2020,17.550296783447266,1.72
03/04/2020,17.803007451128963,1.72
03/04/2020,17.64615249633789,1.72
03/05/2020,17.45444251676914,1.72
03/05/2020,17.384729385375977,1.72
03/06/2020,17.123304756920763,1.72
03/06/2020,17.018735885620117,1.72
03/09/2020,16.452314011193625,1.72
03/09/2020,15.964322090148926,1.72
03/10/2020,16.147319093061032,1.72
03/10/2020,16.408742904663086,1.72
03/11/2020,16.426172459437804,1.72
03/11/2020,15.877180099487305,1.72
03/12/2020,15.14519120318397,1.72
03/12/2020,14.055922508239746,1.72
03/13/2020,14.831483968464774,1.72
03/13/2020,14.247635841369629,1.72
03/16/2020,12.025527241566408,1.72
03/16/2020,10.857831001281738,1.72
03/17/2020,11.032114746559603,1.72
03/17/2020,10.239127159118652,1.72
03/18/2020,9.672706854678838,1.72
03/18/2020,9.149857521057129,1.72
03/19/2020,9.149856416283539,1.72
03/19/2020,10.064842224121094,1.72
03/20/2020,10.117127320969356,1.72
03/20/2020,8.661864280700684,1.72
03/23/2020,8.513724723650194,1.72
03/23/2020,8.47015380859375,1.72
03/24/2020,8.836147584716038,1.72
03/24/2020,8.958145141601562,1.72
03/25/2020,9.001717475060849,1.72
03/25/2020,9.951560020446777,1.72
03/26/2020,10.1084146442563,1.72
03/26/2020,11.816388130187988,1.72
03/27/2020,11.772815927519234,1.72
03/27/2020,13.567930221557617,1.72
03/30/2020,13.442467965362026,1.72
03/30/2020,13.084002494812012,1.72
03/31/2020,12.913730324528268,1.72
03/31/2020,13.45142936706543,1.72
04/01/2020,12.743459720105944,1.72
04/01/2020,13.003347396850586,1.72
04/02/2020,12.949577121463912,1.72
04/02/2020,12.788268089294434,1.72
04/03/2020,12.698651943051841,1.72
04/03/2020,11.497791290283203,1.72
04/06/2020,11.802487519282588,1.72
04/06/2020,12.707613945007324,1.72
04/07/2020,13.361813558180607,1.72
04/07/2020,12.752421379089355,1.72
04/08/2020,13.12881068798883,1.72
04/08/2020,13.487277030944824,1.72
04/09/2020,14.150438754564853,1.72
04/09/2020,14.652291297912598,1.72
04/13/2020,14.544749049392749,1.72
04/13/2020,14.338631629943848,1.72
04/14/2020,14.5089046354422,1.72
04/14/2020,13.89055061340332,1.72
04/15/2020,13.908474799542375,1.72
04/15/2020,13.478315353393555,1.72
04/16/2020,13.433506479102247,1.72
04/16/2020,13.325966835021973,1.72
04/17/2020,13.684433476838164,1.72
04/17/2020,13.487277030944824,1.72
04/20/2020,13.254273419613217,1.72
04/20/2020,12.904768943786621,1.72
04/21/2020,12.54630378743073,1.72
04/21/2020,12.976462364196777,1.72
04/22/2020,13.263236227469765,1.72
04/22/2020,12.734498977661133,1.72
04/23/2020,12.7524210228448,1.72
04/23/2020,12.815153121948242,1.72
04/24/2020,12.895806828933315,1.72
04/24/2020,12.868921279907227,1.72
04/27/2020,12.931654495145736,1.72
04/27/2020,12.904768943786621,1.72
04/28/2020,13.101925693805617,1.72
04/28/2020,13.63066291809082,1.72
04/29/2020,14.132514684341315,1.72
04/29/2020,14.885293006896973,1.72
04/30/2020,14.70605941931168,1.72
04/30/2020,14.141475677490234,1.72
05/01/2020,13.666508720005194,1.72
05/01/2020,14.186284065246582,1.72
05/04/2020,13.845742548245628,1.72
05/04/2020,13.917435646057129,1.72
05/05/2020,14.213168416253577,1.72
05/05/2020,13.76508617401123,1.72
05/06/2020,14.437212040411467,1.72
05/06/2020,14.257978439331055,1.72
05/07/2020,13.998090084344218,1.72
05/07/2020,14.204208374023438,1.72
05/08/2020,14.44617304029487,1.72
05/08/2020,14.517866134643555,1.72
05/11/2020,14.356556076132325,1.72
05/11/2020,13.827818870544434,1.72
05/12/2020,13.890549426262389,1.72
05/12/2020,13.379735946655273,1.72
05/13/2020,13.263234427720947,1.72
05/13/2020,12.680727005004883,1.72
05/14/2020,12.37603238543265,1.72
05/14/2020,12.743459701538086,1.72
05/15/2020,12.600073967105796,1.72
05/15/2020,12.376032829284668,1.72
05/18/2020,12.931653066201713,1.72
05/18/2020,13.191540718078613,1.72
05/19/2020,13.092963382135968,1.72
05/19/2020,13.128809928894043,1.72
05/20/2020,13.352850603372545,1.72
05/20/2020,13.585853576660156,1.72
05/21/2020,13.53208461960439,1.72
05/21/2020,13.263235092163086,1.72
05/22/2020,13.308044015190271,1.72
05/22/2020,13.800933837890625,1.72
05/26/2020,14.150436612759172,1.72
05/26/2020,14.401362419128418,1.72
05/27/2020,14.78671436728929,1.72
05/27/2020,14.49098014831543,1.72
05/28/2020,14.768791592653326,1.72
05/28/2020,14.670214653015137,1.72
05/29/2020,14.44617226290091,1.72
05/29/2020,14.508903503417969,1.72
06/01/2020,14.508904820128874,1.72
06/01/2020,14.706060409545898,1.72
06/02/2020,14.616443610975155,1.72
06/02/2020,14.706060409545898,1.72
06/03/2020,15.010755293312197,1.72
06/03/2020,15.279603958129883,1.72
06/04/2020,15.163105308916753,1.72
06/04/2020,15.539494514465332,1.72
06/05/2020,16.480465232054442,1.72
06/05/2020,16.03238296508789,1.72
06/08/2020,16.372923813751687,1.72
06/08/2020,16.543193817138672,1.72
06/09/2020,16.157846123722006,1.72
06/09/2020,15.60222339630127,1.72
06/10/2020,15.512605598472003,1.72
06/10/2020,15.476759910583496,1.72
06/11/2020,14.679173540216114,1.72
06/11/2020,14.419286727905273,1.72
06/12/2020,15.03764268687918,1.72
06/12/2020,15.154143333435059,1.72
06/15/2020,14.499943250186304,1.72
06/15/2020,15.172066688537598,1.72
06/16/2020,15.817302876304737,1.72
06/16/2020,15.808341026306152,1.72
06/17/2020,15.844188094327691,1.72
06/17/2020,15.736647605895996,1.72
06/18/2020,15.467800036815227,1.72
06/18/2020,15.817303657531738,1.72
06/19/2020,16.01446143342935,1.72
06/19/2020,15.664956092834473,1.72
06/22/2020,15.47676184340307,1.72
06/22/2020,15.691841125488281,1.72
06/23/2020,15.92484340225578,1.72
06/23/2020,16.023420333862305,1.72
06/24/2020,15.781456440327267,1.72
06/24/2020,15.14517879486084,1.72
06/25/2020,15.001793547945796,1.72
06/25/2020,15.629109382629395,1.72
06/26/2020,15.512605598472003,1.72
06/26/2020,15.476759910583496,1.72
06/29/2020,15.412427496507936,1.72
06/29/2020,15.256189346313477,1.72
06/30/2020,15.11833281797225,1.72
06/30/2020,15.237808227539062,1.72
07/01/2020,15.173475912350188,1.72
07/01/2020,14.95290470123291,1.72
07/02/2020,15.237808788075764,1.72
07/02/2020,14.658808708190918,1.72
07/06/2020,14.888572030086452,1.72
07/06/2020,14.925333023071289,1.72
07/07/2020,14.759903529147769,1.72
07/07/2020,14.364713668823242,1.72
07/08/2020,14.29118987501606,1.72
07/08/2020,14.125761032104492,1.72
07/09/2020,14.171713365457661,1.72
07/09/2020,13.776522636413574,1.72
07/10/2020,13.74895250841391,1.72
07/10/2020,14.190094947814941,1.72
07/13/2020,14.27280804189399,1.72
07/13/2020,14.153331756591797,1.72
07/14/2020,14.254428906842021,1.72
07/14/2020,14.49338150024414,1.72
07/15/2020,15.026427877243819,1.72
07/15/2020,15.283760070800781,1.72
07/16/2020,15.09076154181545,1.72
07/16/2020,15.19185733795166,1.72
07/17/2020,15.219427332718857,1.72
07/17/2020,14.971285820007324,1.72
07/20/2020,14.860999980783316,1.72
07/20/2020,15.109143257141113,1.72
07/21/2020,15.274572372436523,1.72
07/21/2020,15.274572372436523,1.72
07/22/2020,15.320521843171163,1.72
07/22/2020,15.715712547302246,1.72
07/23/2020,15.605426791283795,1.72
07/23/2020,15.430809020996094,1.72
07/24/2020,15.458381005832383,1.72
07/24/2020,15.136713981628418,1.72
07/27/2020,15.265380763179609,1.72
07/27/2020,14.971285820007324,1.72
07/28/2020,15.044809737770837,1.72
07/28/2020,15.201047897338867,1.72
07/29/2020,15.311331748962402,1.72
07/29/2020,15.311331748962402,1.72
07/30/2020,15.10914396454134,1.72
07/30/2020,15.357285499572754,1.72
07/31/2020,15.228617456496973,1.72
07/31/2020,15.302141189575195,1.72
08/03/2020,15.439998097559481,1.72
08/03/2020,15.292950630187988,1.72
08/04/2020,15.467569181241116,1.72
08/04/2020,15.42161750793457,1.72
08/05/2020,15.596237919872575,1.72
08/05/2020,15.853571891784668,1.72
08/06/2020,15.908712999754162,1.72
08/06/2020,15.991427421569824,1.72
08/07/2020,15.89952231366974,1.72
08/07/2020,15.991427421569824,1.72
08/10/2020,15.991429169064455,1.72
08/10/2020,16.542858123779297,1.72
08/11/2020,16.79099965883511,1.72
08/11/2020,16.4141902923584,1.72
08/12/2020,16.478524427557684,1.72
08/12/2020,16.405000686645508,1.72
08/13/2020,16.31309492841408,1.72
08/13/2020,16.26714324951172,1.72
08/14/2020,16.18443068801065,1.72
08/14/2020,16.441762924194336,1.72
08/17/2020,16.423382060109617,1.72
08/17/2020,16.405000686645508,1.72
08/18/2020,16.414191496927046,1.72
08/18/2020,16.211999893188477,1.72
08/19/2020,16.1660471347133,1.72
08/19/2020,16.221189498901367,1.72
08/20/2020,16.211999475450188,1.72
08/20/2020,16.184429168701172,1.72
08/21/2020,16.16604891221321,1.72
08/21/2020,16.046571731567383,1.72
08/24/2020,16.074141992992985,1.72
08/24/2020,16.52447509765625,1.72
08/25/2020,16.625570060168272,1.72
08/25/2020,16.515283584594727,1.72
08/26/2020,16.561237353421017,1.72
08/26/2020,16.43256950378418,1.72
08/27/2020,16.487713430651482,1.72
08/27/2020,16.689903259277344,1.72
08/28/2020,16.699096424145996,1.72
08/28/2020,16.717477798461914,1.72
08/31/2020,16.689904657919826,1.72
08/31/2020,16.726667404174805,1.72
09/01/2020,16.726665917017723,1.72
09/01/2020,16.754236221313477,1.72
09/02/2020,16.653142183988933,1.72
09/02/2020,16.754236221313477,1.72
09/03/2020,16.78180861875387,1.72
09/03/2020,16.67152214050293,1.72
09/04/2020,16.790997794458164,1.72
09/04/2020,16.9564266204834,1.72
09/08/2020,16.89209325670251,1.72
09/08/2020,16.735855102539062,1.72
09/09/2020,16.772616424245594,1.72
09/09/2020,16.9564266204834,1.72
09/10/2020,16.93804903141992,1.72
09/10/2020,16.717477798461914,1.72
09/11/2020,16.735857293810113,1.72
09/11/2020,16.542858123779297,1.72
09/14/2020,16.54285743062308,1.72
09/14/2020,16.70828628540039,1.72
09/15/2020,16.836949798523943,1.72
09/15/2020,16.87371253967285,1.72
09/16/2020,17.011570968982998,1.72
09/16/2020,17.066713333129883,1.72
09/17/2020,16.58880811529425,1.72
09/17/2020,16.827760696411133,1.72
09/18/2020,16.938048413853362,1.72
09/18/2020,16.450952529907227,1.72
09/21/2020,16.18443044825502,1.72
09/21/2020,15.862763404846191,1.72
09/22/2020,15.890334824816732,1.72
09/22/2020,15.541095733642578,1.72
09/23/2020,15.550284597192935,1.72
09/23/2020,14.989665031433105,1.72
09/24/2020,15.044809294878096,1.72
09/24/2020,15.164284706115723,1.72
09/25/2020,15.017236324807467,1.72
09/25/2020,15.34809398651123,1.72
09/28/2020,15.495142253813139,1.72
09/28/2020,15.835188865661621,1.72
09/29/2020,15.806913079986094,1.72
09/29/2020,15.59012222290039,1.72
09/30/2020,15.524140563043916,1.72
09/30/2020,15.580696105957031,1.72
10/01/2020,15.665526875455884,1.72
10/01/2020,15.74093246459961,1.72
10/02/2020,15.30734871745096,1.72
10/02/2020,15.929445266723633,1.72
10/05/2020,16.061408418942868,1.72
10/05/2020,16.033130645751953,1.72
10/06/2020,16.155662490531004,1.72
10/06/2020,15.703228950500488,1.72
10/07/2020,15.844615363808307,1.72
10/07/2020,15.712656021118164,1.72
10/08/2020,15.844616127791092,1.72
10/08/2020,16.353605270385742,1.72
10/09/2020,16.532691051153122,1.72
10/09/2020,16.287622451782227,1.72
10/12/2020,16.24992208837487,1.72
10/12/2020,16.3630313873291,1.72
10/13/2020,16.363031676598965,1.72
10/13/2020,16.080259323120117,1.72
10/14/2020,16.12738875643497,1.72
10/14/2020,16.268774032592773,1.72
10/15/2020,16.353604410415812,1.72
10/15/2020,16.410158157348633,1.72
10/16/2020,16.37245721392569,1.72
10/16/2020,16.259347915649414,1.72
10/19/2020,16.08968410067948,1.72
10/19/2020,15.665528297424316,1.72
10/20/2020,15.665527038928385,1.72
10/20/2020,15.552417755126953,1.72
10/21/2020,15.467586795979091,1.72
10/21/2020,15.382755279541016,1.72
10/22/2020,15.467586806044475,1.72
10/22/2020,15.53356647491455,1.72
10/23/2020,15.684376459996544,1.72
10/23/2020,15.816337585449219,1.72
10/26/2020,15.806912785468457,1.72
10/26/2020,15.627823829650879,1.72
10/27/2020,15.835190011773554,1.72
10/27/2020,15.844615936279297,1.72
10/28/2020,15.45816023712077,1.72
10/28/2020,15.646675109863281,1.72
10/29/2020,15.60897053897338,1.72
10/29/2020,16.09910774230957,1.72
10/30/2020,16.061408698625673,1.72
10/30/2020,15.750358581542969,1.72
11/02/2020,15.995427701501935,1.72
11/02/2020,16.174516677856445,1.72
11/03/2020,16.381878356738966,1.72
11/03/2020,16.202791213989258,1.72
11/04/2020,16.1650882664597,1.72
11/04/2020,16.146236419677734,1.72
11/05/2020,16.249920042848537,1.72
11/05/2020,15.91059398651123,1.72
11/06/2020,15.967149669787725,1.72
11/06/2020,15.31677532196045,1.72
11/09/2020,16.014277415850188,1.72
11/09/2020,16.56096839904785,1.72
11/10/2020,16.768334525721034,1.72
11/10/2020,17.126510620117188,1.72
11/11/2020,17.2961759527142,1.72
11/11/2020,16.645801544189453,1.72
11/12/2020,16.48556384214424,1.72
11/12/2020,16.315900802612305,1.72
11/13/2020,16.466710797244453,1.72
11/13/2020,16.749483108520508,1.72
11/16/2020,16.95684957853036,1.72
11/16/2020,17.333877563476562,1.72
11/17/2020,17.154787854460185,1.72
11/17/2020,17.39985466003418,1.72
11/18/2020,17.49411243980102,1.72
11/18/2020,17.117084503173828,1.72
11/19/2020,17.192490170158607,1.72
11/19/2020,17.0228271484375,1.72
11/20/2020,16.862592794714146,1.72
11/20/2020,16.966276168823242,1.72
11/23/2020,17.01340238118032,1.72
11/23/2020,17.18306541442871,1.72
11/24/2020,17.43756084251376,1.72
11/24/2020,17.42813491821289,1.72
11/25/2020,17.428133480389395,1.72
11/25/2020,17.35272789001465,1.72
11/27/2020,17.371580317006817,1.72
11/27/2020,17.381006240844727,1.72
11/30/2020,17.437559964301297,1.72
11/30/2020,17.18306541442871,1.72
12/01/2020,17.484686553067107,1.72
12/01/2020,17.315025329589844,1.72
12/02/2020,17.418708993912023,1.72
12/02/2020,17.42813491821289,1.72
12/03/2020,17.53181742662901,1.72
12/03/2020,17.381006240844727,1.72
12/04/2020,17.550669852599842,1.72
12/04/2020,17.51296615600586,1.72
12/07/2020,17.512964716988396,1.72
12/07/2020,17.437559127807617,1.72
12/08/2020,17.4281331237214,1.72
12/08/2020,17.531816482543945,1.72
12/09/2020,17.59779670423061,1.72
12/09/2020,17.362154006958008,1.72
12/10/2020,17.286749739537505,1.72
12/10/2020,17.333877563476562,1.72
12/11/2020,17.28674849956957,1.72
12/11/2020,17.26789665222168,1.72
12/14/2020,17.28674945813924,1.72
12/14/2020,17.41870880126953,1.72
12/15/2020,17.588370144131712,1.72
12/15/2020,17.626073837280273,1.72
12/16/2020,17.682627742097914,1.72
12/16/2020,17.437559127807617,1.72
12/17/2020,17.531816482543945,1.72
12/17/2020,17.531816482543945,1.72
12/18/2020,17.626073286580784,1.72
12/18/2020,17.201915740966797,1.72
12/21/2020,17.060531980548728,1.72
12/21/2020,16.88144302368164,1.72
12/22/2020,16.96627445465027,1.72
12/22/2020,16.97570037841797,1.72
12/23/2020,17.03225349151802,1.72
12/23/2020,17.34330177307129,1.72
12/24/2020,17.352727696489396,1.72
12/24/2020,17.34330177307129,1.72
12/28/2020,17.437560649662778,1.72
12/28/2020,17.41870880126953,1.72
12/29/2020,17.46583709170809,1.72
12/29/2020,17.446985244750977,1.72
12/30/2020,17.572432162825397,1.72
12/30/2020,17.23468780517578,1.72
12/31/2020,17.253986871785575,1.72
12/31/2020,17.292587280273438,1.72
01/04/2021,17.24433772914457,1.72
01/04/2021,16.83904266357422,1.72
01/05/2021,16.771493342006213,1.72
01/05/2021,16.800443649291992,1.72
01/06/2021,17.00309171010293,1.72
01/06/2021,17.379436492919922,1.72
01/07/2021,17.466285561500207,1.72
01/07/2021,17.225038528442383,1.72
01/08/2021,17.253985910128126,1.72
01/08/2021,17.21538734436035,1.72
01/11/2021,17.27328872680664,1.72
01/11/2021,17.27328872680664,1.72
01/12/2021,17.215388315375332,1.72
01/12/2021,17.446985244750977,1.72
01/13/2021,17.48558686526457,1.72
01/13/2021,17.543485641479492,1.72
01/14/2021,17.630334726086332,1.72
01/14/2021,17.543485641479492,1.72
01/15/2021,17.504884456087055,1.72
01/15/2021,17.331186294555664,1.72
01/19/2021,17.398737011149183,1.72
01/19/2021,17.331186294555664,1.72
01/20/2021,17.379435649964005,1.72
01/20/2021,17.23468780517578,1.72
01/21/2021,17.360136983633804,1.72
01/21/2021,17.28293800354004,1.72
01/22/2021,17.128539789703346,1.72
01/22/2021,17.26363754272461,1.72
01/25/2021,17.08994019779949,1.72
01/25/2021,17.25398826599121,1.72
01/26/2021,17.263636550422508,1.72
01/26/2021,16.877641677856445,1.72
01/27/2021,16.732895852738515,1.72
01/27/2021,16.655696868896484,1.72
01/28/2021,16.800443080535118,1.72
01/28/2021,16.82939338684082,1.72
01/29/2021,16.867991930206266,1.72
01/29/2021,16.520597457885742,1.72
02/01/2021,16.732893013107656,1.72
02/01/2021,16.887290954589844,1.72
02/02/2021,17.080289464753406,1.72
02/02/2021,17.128538131713867,1.72
02/03/2021,17.553135073602647,1.72
02/03/2021,16.800443649291992,1.72
02/04/2021,16.925891521797535,1.72
02/04/2021,17.128538131713867,1.72
02/05/2021,17.311887106124686,1.72
02/05/2021,17.340835571289062,1.72
02/08/2021,17.398737780657726,1.72
02/08/2021,17.543485641479492,1.72
02/09/2021,18.045279288745718,1.72
02/09/2021,17.572433471679688,1.72
02/10/2021,17.87158222527927,1.72
02/10/2021,17.58208465576172,1.72
02/11/2021,17.630333417932526,1.72
02/11/2021,17.97772789001465,1.72
02/12/2021,17.94878019059054,1.72
02/12/2021,18.035629272460938,1.72
02/16/2021,18.141775524816417,1.72
02/16/2021,18.2479248046875,1.72
02/17/2021,18.19967608720049,1.72
02/17/2021,17.784730911254883,1.72
02/18/2021,17.7750820153721,1.72
02/18/2021,17.72683334350586,1.72
02/19/2021,17.755780996658938,1.72
02/19/2021,17.890880584716797,1.72
02/22/2021,17.91018034665506,1.72
02/22/2021,17.85228157043457,1.72
02/23/2021,17.832979837416623,1.72
02/23/2021,17.804031372070312,1.72
02/24/2021,17.900529811812913,1.72
02/24/2021,18.27687644958496,1.72
02/25/2021,18.218974186580617,1.72
02/25/2021,17.765430450439453,1.72
02/26/2021,17.79438101308719,1.72
02/26/2021,17.784730911254883,1.72
03/01/2021,18.11282857115298,1.72
03/01/2021,18.14177703857422,1.72
03/02/2021,18.26722595915846,1.72
03/02/2021,18.170726776123047,1.72
03/03/2021,18.170726652459674,1.72
03/03/2021,18.2382755279541,1.72
03/04/2021,18.180376736706982,1.72
03/04/2021,17.929479598999023,1.72
03/05/2021,18.093527218883853,1.72
03/05/2021,18.045278549194336,1.72
03/08/2021,18.10317695795249,1.72
03/08/2021,18.2479248046875,1.72
03/09/2021,18.24792478866759,1.72
03/09/2021,18.09352684020996,1.72
03/10/2021,18.141775793652926,1.72
03/10/2021,18.42162322998047,1.72
03/11/2021,18.537422307375795,1.72
03/11/2021,18.469873428344727,1.72
03/12/2021,18.51812311455261,1.72
03/12/2021,18.479522705078125,1.72
03/15/2021,18.53741968340346,1.72
03/15/2021,18.411972045898438,1.72
03/16/2021,18.411972733896025,1.72
03/16/2021,18.315473556518555,1.72
03/17/2021,18.334775357771978,1.72
03/17/2021,18.518123626708984,1.72
03/18/2021,18.518123106754064,1.72
03/18/2021,18.325124740600586,1.72
03/19/2021,18.26722415977361,1.72
03/19/2021,18.10317611694336,1.72
03/22/2021,18.112827613426727,1.72
03/22/2021,18.064577102661133,1.72
03/23/2021,18.006679090302665,1.72
03/23/2021,17.968080520629883,1.72
03/24/2021,18.07422733808224,1.72
03/24/2021,18.151426315307617,1.72
03/25/2021,18.21897391209381,1.72
03/25/2021,18.12247657775879,1.72
03/26/2021,18.190026545591987,1.72
03/26/2021,18.28652572631836,1.72
03/29/2021,18.190026545591987,1.72
03/29/2021,18.28652572631836,1.72
03/30/2021,18.237155543882213,1.72
03/30/2021,18.424760818481445,1.72
03/31/2021,18.414885567206234,1.72
03/31/2021,18.15816307067871,1.72
04/01/2021,18.168037153431072,1.72
04/01/2021,18.464256286621094,1.72
04/05/2021,18.57286972757418,1.72
04/05/2021,18.543249130249023,1.72
04/06/2021,18.553121641275766,1.72
04/06/2021,18.661733627319336,1.72
04/07/2021,18.66173426930938,1.72
04/07/2021,18.59261703491211,1.72
04/08/2021,18.592616762624587,1.72
04/08/2021,18.681482315063477,1.72
04/09/2021,18.612366520941386,1.72
04/09/2021,18.760475158691406,1.72
04/12/2021,18.859213397754683,1.72
04/12/2021,19.303539276123047,1.72
04/13/2021,19.362785130506463,1.72
04/13/2021,19.56026268005371,1.72
04/14/2021,19.560262427170585,1.72
04/14/2021,19.441776275634766,1.72
04/15/2021,19.59975842041598,1.72
04/15/2021,19.510892868041992,1.72
04/16/2021,19.599758332589968,1.72
04/16/2021,19.60963249206543,1.72
04/19/2021,19.678750367447694,1.72
04/19/2021,19.333162307739258,1.72
04/20/2021,19.264045621865105,1.72
04/20/2021,19.36278533935547,1.72
04/21/2021,19.382532119750977,1.72
04/21/2021,19.382532119750977,1.72
04/22/2021,19.45165077931397,1.72
04/22/2021,19.461523056030273,1.72
04/23/2021,19.372658305038023,1.72
04/23/2021,19.402278900146484,1.72
04/26/2021,19.619508199249452,1.72
04/26/2021,19.382532119750977,1.72
04/27/2021,19.747868201637253,1.72
04/27/2021,19.8861026763916,1.72
04/28/2021,20.300807832001418,1.72
04/28/2021,20.814252853393555,1.72
04/29/2021,20.91299210928414,1.72
04/29/2021,20.89324378967285,1.72
04/30/2021,20.84387570133529,1.72
04/30/2021,20.834001541137695,1.72
05/03/2021,20.991983965245296,1.72
05/03/2021,21.0216064453125,1.72
05/04/2021,21.001857849167408,1.72
05/04/2021,20.903118133544922,1.72
05/05/2021,20.824126829393617,1.72
05/05/2021,20.804378509521484,1.72
05/06/2021,20.764883661655503,1.72
05/06/2021,20.903118133544922,1.72
05/07/2021,20.774757913016725,1.72
05/07/2021,20.804378509521484,1.72
05/10/2021,20.8438743222714,1.72
05/10/2021,20.86362075805664,1.72
05/11/2021,19.106061907843536,1.72
05/11/2021,19.728118896484375,1.72
05/12/2021,19.747867979599334,1.72
05/12/2021,19.145557403564453,1.72
05/13/2021,19.224547805735902,1.72
05/13/2021,19.60963249206543,1.72
05/14/2021,19.668875899038998,1.72
05/14/2021,20.044084548950195,1.72
05/17/2021,20.093456422891045,1.72
05/17/2021,20.31068229675293,1.72
05/18/2021,20.320555744436152,1.72
05/18/2021,20.27118682861328,1.72
05/19/2021,20.162573748977785,1.72
05/19/2021,20.419296264648438,1.72
05/20/2021,20.448916309039763,1.72
05/20/2021,20.597026824951172,1.72
05/21/2021,20.705637630641554,1.72
05/21/2021,20.429168701171875,1.72
05/24/2021,20.369924009834385,1.72
05/24/2021,20.755008697509766,1.72
05/25/2021,20.79450325665315,1.72
05/25/2021,20.53778076171875,1.72
05/26/2021,20.537782385120384,1.72
05/26/2021,20.834001541137695,1.72
05/27/2021,21.18000030517578,1.986
05/27/2021,21.219999313354492,1.986
05/28/2021,21.270000457763672,1.986
05/28/2021,21.3799991607666,1.986
06/01/2021,21.3799991607666,1.986
06/01/2021,21.65999984741211,1.986
06/02/2021,21.75,1.986
06/02/2021,21.59000015258789,1.986
06/03/2021,21.520000457763672,1.986
06/03/2021,21.649999618530273,1.986
06/04/2021,21.760000228881836,1.986
06/04/2021,21.719999313354492,1.986
06/07/2021,21.739999771118164,1.986
06/07/2021,22.1200008392334,1.986
06/08/2021,22.18000030517578,1.986
06/08/2021,22.329999923706055,1.986
06/09/2021,22.399999618530273,1.986
06/09/2021,22.639999389648438,1.986
06/10/2021,22.899999618530273,1.986
06/10/2021,22.229999542236328,1.986
06/11/2021,22.200000762939453,1.986
06/11/2021,22.309999465942383,1.986
06/14/2021,22.549999237060547,1.986
06/14/2021,22.8700008392334,1.986
06/15/2021,22.8799991607666,1.986
06/15/2021,22.770000457763672,1.986
06/16/2021,22.809999465942383,1.986
06/16/2021,23.15999984741211,1.986
06/17/2021,23.389999389648438,1.986
06/17/2021,22.68000030517578,1.986
06/18/2021,22.549999237060547,1.986
06/18/2021,22.170000076293945,1.986
