LTC-USD,Litecoin USD,
Date,Price,Dividend,Annualized Dividend
09/17/2014,5.08588981628418,0.0,0.0
09/18/2014,5.065430164337158,0.0,0.0
09/19/2014,4.687290191650391,0.0,0.0
09/20/2014,4.32919979095459,0.0,0.0
09/21/2014,4.263070106506348,0.0,0.0
09/22/2014,4.245930194854736,0.0,0.0
09/23/2014,4.239990234375,0.0,0.0
09/24/2014,4.744200229644775,0.0,0.0
09/25/2014,4.66588020324707,0.0,0.0
09/26/2014,4.50993013381958,0.0,0.0
09/27/2014,4.434390068054199,0.0,0.0
09/28/2014,4.424620151519775,0.0,0.0
09/29/2014,4.2376298904418945,0.0,0.0
09/30/2014,4.252190113067627,0.0,0.0
10/01/2014,4.4709601402282715,0.0,0.0
10/02/2014,4.430150032043457,0.0,0.0
10/03/2014,4.31935977935791,0.0,0.0
10/04/2014,4.173130035400391,0.0,0.0
10/05/2014,3.9420700073242188,0.0,0.0
10/06/2014,3.703049898147583,0.0,0.0
10/07/2014,3.8133299350738525,0.0,0.0
10/08/2014,3.8554699420928955,0.0,0.0
10/09/2014,3.9086201190948486,0.0,0.0
10/10/2014,3.898859977722168,0.0,0.0
10/11/2014,3.795919895172119,0.0,0.0
10/12/2014,3.7765800952911377,0.0,0.0
10/13/2014,3.846440076828003,0.0,0.0
10/14/2014,3.8645200729370117,0.0,0.0
10/15/2014,4.076990127563477,0.0,0.0
10/16/2014,4.057740211486816,0.0,0.0
10/17/2014,3.9914400577545166,0.0,0.0
10/18/2014,3.9916300773620605,0.0,0.0
10/19/2014,4.056429862976074,0.0,0.0
10/20/2014,3.983570098876953,0.0,0.0
10/21/2014,3.911799907684326,0.0,0.0
10/22/2014,3.9409499168395996,0.0,0.0
10/23/2014,3.8469700813293457,0.0,0.0
10/24/2014,3.739490032196045,0.0,0.0
10/25/2014,3.748729944229126,0.0,0.0
10/26/2014,3.668950080871582,0.0,0.0
10/27/2014,3.72406005859375,0.0,0.0
10/28/2014,3.812269926071167,0.0,0.0
10/29/2014,3.8528800010681152,0.0,0.0
10/30/2014,3.734499931335449,0.0,0.0
10/31/2014,3.7846500873565674,0.0,0.0
11/01/2014,3.756659984588623,0.0,0.0
11/02/2014,3.5768799781799316,0.0,0.0
11/03/2014,3.5859100818634033,0.0,0.0
11/04/2014,3.5804200172424316,0.0,0.0
11/05/2014,3.5903100967407227,0.0,0.0
11/06/2014,3.6421399116516113,0.0,0.0
11/07/2014,3.649669885635376,0.0,0.0
11/08/2014,3.556649923324585,0.0,0.0
11/09/2014,3.554840087890625,0.0,0.0
11/10/2014,3.632159948348999,0.0,0.0
11/11/2014,3.698509931564331,0.0,0.0
11/12/2014,3.67972993850708,0.0,0.0
11/13/2014,4.132989883422852,0.0,0.0
11/14/2014,4.0854997634887695,0.0,0.0
11/15/2014,3.992259979248047,0.0,0.0
11/16/2014,3.8411900997161865,0.0,0.0
11/17/2014,3.8805599212646484,0.0,0.0
11/18/2014,3.875149965286255,0.0,0.0
11/19/2014,3.7799599170684814,0.0,0.0
11/20/2014,3.806960105895996,0.0,0.0
11/21/2014,3.614300012588501,0.0,0.0
11/22/2014,3.5011401176452637,0.0,0.0
11/23/2014,3.522779941558838,0.0,0.0
11/24/2014,3.594640016555786,0.0,0.0
11/25/2014,3.6249799728393555,0.0,0.0
11/26/2014,3.5689098834991455,0.0,0.0
11/27/2014,3.5650699138641357,0.0,0.0
11/28/2014,3.5607900619506836,0.0,0.0
11/29/2014,3.604710102081299,0.0,0.0
11/30/2014,3.5859599113464355,0.0,0.0
12/01/2014,3.575589895248413,0.0,0.0
12/02/2014,3.5779900550842285,0.0,0.0
12/03/2014,3.628000020980835,0.0,0.0
12/04/2014,3.6117000579833984,0.0,0.0
12/05/2014,3.594089984893799,0.0,0.0
12/06/2014,3.615959882736206,0.0,0.0
12/07/2014,3.615600109100342,0.0,0.0
12/08/2014,3.7083699703216553,0.0,0.0
12/09/2014,3.655019998550415,0.0,0.0
12/10/2014,3.5238399505615234,0.0,0.0
12/11/2014,3.4939301013946533,0.0,0.0
12/12/2014,3.4788999557495117,0.0,0.0
12/13/2014,3.486569881439209,0.0,0.0
12/14/2014,3.4751999378204346,0.0,0.0
12/15/2014,3.481110095977783,0.0,0.0
12/16/2014,3.4518399238586426,0.0,0.0
12/17/2014,3.0105600357055664,0.0,0.0
12/18/2014,2.944430112838745,0.0,0.0
12/19/2014,2.8052799701690674,0.0,0.0
12/20/2014,2.8671000003814697,0.0,0.0
12/21/2014,2.9146299362182617,0.0,0.0
12/22/2014,2.8602499961853027,0.0,0.0
12/23/2014,2.887320041656494,0.0,0.0
12/24/2014,2.877700090408325,0.0,0.0
12/25/2014,2.735949993133545,0.0,0.0
12/26/2014,2.700700044631958,0.0,0.0
12/27/2014,2.7795801162719727,0.0,0.0
12/28/2014,2.7190001010894775,0.0,0.0
12/29/2014,2.733799934387207,0.0,0.0
12/30/2014,2.6961700916290283,0.0,0.0
12/31/2014,2.7038400173187256,0.0,0.0
01/01/2015,2.724210023880005,0.0,0.0
01/02/2015,2.697429895401001,0.0,0.0
01/03/2015,2.6664600372314453,0.0,0.0
01/04/2015,2.110219955444336,0.0,0.0
01/05/2015,1.9580299854278564,0.0,0.0
01/06/2015,2.0843400955200195,0.0,0.0
01/07/2015,2.1180999279022217,0.0,0.0
01/08/2015,2.115609884262085,0.0,0.0
01/09/2015,2.0100200176239014,0.0,0.0
01/10/2015,1.9699900150299072,0.0,0.0
01/11/2015,1.6535999774932861,0.0,0.0
01/12/2015,1.7176799774169922,0.0,0.0
01/13/2015,1.7101999521255493,0.0,0.0
01/14/2015,1.5496100187301636,0.0,0.0
01/15/2015,1.1532399654388428,0.0,0.0
01/16/2015,1.2771899700164795,0.0,0.0
01/17/2015,1.3977999687194824,0.0,0.0
01/18/2015,1.296030044555664,0.0,0.0
01/19/2015,1.328570008277893,0.0,0.0
01/20/2015,1.3409899473190308,0.0,0.0
01/21/2015,1.3238999843597412,0.0,0.0
01/22/2015,1.374269962310791,0.0,0.0
01/23/2015,1.412310004234314,0.0,0.0
01/24/2015,1.4306800365447998,0.0,0.0
01/25/2015,1.8420499563217163,0.0,0.0
01/26/2015,2.245490074157715,0.0,0.0
01/27/2015,2.0741798877716064,0.0,0.0
01/28/2015,2.0912699699401855,0.0,0.0
01/29/2015,1.8766299486160278,0.0,0.0
01/30/2015,1.9144599437713623,0.0,0.0
01/31/2015,1.8961299657821655,0.0,0.0
02/01/2015,1.8787800073623657,0.0,0.0
02/02/2015,1.812809944152832,0.0,0.0
02/03/2015,1.8741799592971802,0.0,0.0
02/04/2015,1.8208500146865845,0.0,0.0
02/05/2015,1.7947399616241455,0.0,0.0
02/06/2015,1.7403299808502197,0.0,0.0
02/07/2015,1.759559988975525,0.0,0.0
02/08/2015,1.7867900133132935,0.0,0.0
02/09/2015,1.7852699756622314,0.0,0.0
02/10/2015,1.7332500219345093,0.0,0.0
02/11/2015,1.7608100175857544,0.0,0.0
02/12/2015,1.7308100461959839,0.0,0.0
02/13/2015,1.7550899982452393,0.0,0.0
02/14/2015,1.8229299783706665,0.0,0.0
02/15/2015,1.9400299787521362,0.0,0.0
02/16/2015,1.844480037689209,0.0,0.0
02/17/2015,1.794119954109192,0.0,0.0
02/18/2015,1.856660008430481,0.0,0.0
02/19/2015,1.8252099752426147,0.0,0.0
02/20/2015,1.842020034790039,0.0,0.0
02/21/2015,1.848960041999817,0.0,0.0
02/22/2015,1.8498799800872803,0.0,0.0
02/23/2015,1.8030500411987305,0.0,0.0
02/24/2015,1.8135600090026855,0.0,0.0
02/25/2015,1.8300000429153442,0.0,0.0
02/26/2015,1.8080999851226807,0.0,0.0
02/27/2015,1.801169991493225,0.0,0.0
02/28/2015,1.849179983139038,0.0,0.0
03/01/2015,1.8457599878311157,0.0,0.0
03/02/2015,1.8924200534820557,0.0,0.0
03/03/2015,1.942199945449829,0.0,0.0
03/04/2015,1.9560500383377075,0.0,0.0
03/05/2015,1.9244799613952637,0.0,0.0
03/06/2015,1.9203300476074219,0.0,0.0
03/07/2015,1.893589973449707,0.0,0.0
03/08/2015,1.9135299921035767,0.0,0.0
03/09/2015,1.8925000429153442,0.0,0.0
03/10/2015,1.944000005722046,0.0,0.0
03/11/2015,2.008239984512329,0.0,0.0
03/12/2015,2.0235800743103027,0.0,0.0
03/13/2015,2.042109966278076,0.0,0.0
03/14/2015,2.0040900707244873,0.0,0.0
03/15/2015,1.9946199655532837,0.0,0.0
03/16/2015,2.0217599868774414,0.0,0.0
03/17/2015,2.0344700813293457,0.0,0.0
03/18/2015,1.9826500415802002,0.0,0.0
03/19/2015,1.743649959564209,0.0,0.0
03/20/2015,1.7632800340652466,0.0,0.0
03/21/2015,1.7669199705123901,0.0,0.0
03/22/2015,1.7458300590515137,0.0,0.0
03/23/2015,1.7996799945831299,0.0,0.0
03/24/2015,1.7755099534988403,0.0,0.0
03/25/2015,1.6546000242233276,0.0,0.0
03/26/2015,1.672719955444336,0.0,0.0
03/27/2015,1.6912000179290771,0.0,0.0
03/28/2015,1.682669997215271,0.0,0.0
03/29/2015,1.7045899629592896,0.0,0.0
03/30/2015,1.6564600467681885,0.0,0.0
03/31/2015,1.6696100234985352,0.0,0.0
04/01/2015,1.6510299444198608,0.0,0.0
04/02/2015,1.666890025138855,0.0,0.0
04/03/2015,1.6768200397491455,0.0,0.0
04/04/2015,1.6998300552368164,0.0,0.0
04/05/2015,1.6825100183486938,0.0,0.0
04/06/2015,1.701640009880066,0.0,0.0
04/07/2015,1.685979962348938,0.0,0.0
04/08/2015,1.6682699918746948,0.0,0.0
04/09/2015,1.6195900440216064,0.0,0.0
04/10/2015,1.585260033607483,0.0,0.0
04/11/2015,1.5228300094604492,0.0,0.0
04/12/2015,1.4587899446487427,0.0,0.0
04/13/2015,1.4717600345611572,0.0,0.0
04/14/2015,1.375849962234497,0.0,0.0
04/15/2015,1.3759599924087524,0.0,0.0
04/16/2015,1.383239984512329,0.0,0.0
04/17/2015,1.4215400218963623,0.0,0.0
04/18/2015,1.4098399877548218,0.0,0.0
04/19/2015,1.4098700284957886,0.0,0.0
04/20/2015,1.3842899799346924,0.0,0.0
04/21/2015,1.4081000089645386,0.0,0.0
04/22/2015,1.4321999549865723,0.0,0.0
04/23/2015,1.4553099870681763,0.0,0.0
04/24/2015,1.4582099914550781,0.0,0.0
04/25/2015,1.4204100370407104,0.0,0.0
04/26/2015,1.3995000123977661,0.0,0.0
04/27/2015,1.3218499422073364,0.0,0.0
04/28/2015,1.38264000415802,0.0,0.0
04/29/2015,1.36257004737854,0.0,0.0
04/30/2015,1.3609800338745117,0.0,0.0
05/01/2015,1.4428499937057495,0.0,0.0
05/02/2015,1.4072500467300415,0.0,0.0
05/03/2015,1.419800043106079,0.0,0.0
05/04/2015,1.4346100091934204,0.0,0.0
05/05/2015,1.4148800373077393,0.0,0.0
05/06/2015,1.4063299894332886,0.0,0.0
05/07/2015,1.3897299766540527,0.0,0.0
05/08/2015,1.4549000263214111,0.0,0.0
05/09/2015,1.4804799556732178,0.0,0.0
05/10/2015,1.4483000040054321,0.0,0.0
05/11/2015,1.4385199546813965,0.0,0.0
05/12/2015,1.4388099908828735,0.0,0.0
05/13/2015,1.443809986114502,0.0,0.0
05/14/2015,1.4500399827957153,0.0,0.0
05/15/2015,1.4478399753570557,0.0,0.0
05/16/2015,1.454699993133545,0.0,0.0
05/17/2015,1.446470022201538,0.0,0.0
05/18/2015,1.4536399841308594,0.0,0.0
05/19/2015,1.4467799663543701,0.0,0.0
05/20/2015,1.4535200595855713,0.0,0.0
05/21/2015,1.4607499837875366,0.0,0.0
05/22/2015,1.479490041732788,0.0,0.0
05/23/2015,1.8313000202178955,0.0,0.0
05/24/2015,1.7873799800872803,0.0,0.0
05/25/2015,1.8334100246429443,0.0,0.0
05/26/2015,1.8027000427246094,0.0,0.0
05/27/2015,1.8161200284957886,0.0,0.0
05/28/2015,1.847000002861023,0.0,0.0
05/29/2015,1.8406000137329102,0.0,0.0
05/30/2015,1.8301700353622437,0.0,0.0
05/31/2015,1.8120900392532349,0.0,0.0
06/01/2015,1.6385600566864014,0.0,0.0
06/02/2015,1.6160800457000732,0.0,0.0
06/03/2015,1.6705000400543213,0.0,0.0
06/04/2015,1.686669945716858,0.0,0.0
06/05/2015,1.6692899465560913,0.0,0.0
06/06/2015,1.7610599994659424,0.0,0.0
06/07/2015,1.7584999799728394,0.0,0.0
06/08/2015,1.731819987297058,0.0,0.0
06/09/2015,1.784909963607788,0.0,0.0
06/10/2015,1.7966500520706177,0.0,0.0
06/11/2015,1.7591500282287598,0.0,0.0
06/12/2015,1.7896000146865845,0.0,0.0
06/13/2015,1.8027399778366089,0.0,0.0
06/14/2015,1.8607800006866455,0.0,0.0
06/15/2015,2.002350091934204,0.0,0.0
06/16/2015,2.0180399417877197,0.0,0.0
06/17/2015,2.8964200019836426,0.0,0.0
06/18/2015,2.8903300762176514,0.0,0.0
06/19/2015,3.095329999923706,0.0,0.0
06/20/2015,2.8101999759674072,0.0,0.0
06/21/2015,3.0351901054382324,0.0,0.0
06/22/2015,3.0214500427246094,0.0,0.0
06/23/2015,3.0277700424194336,0.0,0.0
06/24/2015,2.9742300510406494,0.0,0.0
06/25/2015,2.772779941558838,0.0,0.0
06/26/2015,2.8467400074005127,0.0,0.0
06/27/2015,2.8614299297332764,0.0,0.0
06/28/2015,3.0935800075531006,0.0,0.0
06/29/2015,3.187730073928833,0.0,0.0
06/30/2015,3.744119882583618,0.0,0.0
07/01/2015,4.085999965667725,0.0,0.0
07/02/2015,3.926640033721924,0.0,0.0
07/03/2015,4.0623297691345215,0.0,0.0
07/04/2015,4.118319988250732,0.0,0.0
07/05/2015,4.1269001960754395,0.0,0.0
07/06/2015,4.947000026702881,0.0,0.0
07/07/2015,5.437069892883301,0.0,0.0
07/08/2015,5.246779918670654,0.0,0.0
07/09/2015,6.356450080871582,0.0,0.0
07/10/2015,7.527009963989258,0.0,0.0
07/11/2015,4.475769996643066,0.0,0.0
07/12/2015,4.387509822845459,0.0,0.0
07/13/2015,5.299920082092285,0.0,0.0
07/14/2015,4.682839870452881,0.0,0.0
07/15/2015,4.648960113525391,0.0,0.0
07/16/2015,4.197480201721191,0.0,0.0
07/17/2015,3.720789909362793,0.0,0.0
07/18/2015,3.782989978790283,0.0,0.0
07/19/2015,4.004380226135254,0.0,0.0
07/20/2015,3.770319938659668,0.0,0.0
07/21/2015,3.930530071258545,0.0,0.0
07/22/2015,3.782979965209961,0.0,0.0
07/23/2015,3.825540065765381,0.0,0.0
07/24/2015,3.7894599437713623,0.0,0.0
07/25/2015,4.597760200500488,0.0,0.0
07/26/2015,4.63254976272583,0.0,0.0
07/27/2015,4.683129787445068,0.0,0.0
07/28/2015,4.670010089874268,0.0,0.0
07/29/2015,5.049620151519775,0.0,0.0
07/30/2015,4.7926201820373535,0.0,0.0
07/31/2015,4.582200050354004,0.0,0.0
08/01/2015,4.639080047607422,0.0,0.0
08/02/2015,4.0873799324035645,0.0,0.0
08/03/2015,4.169469833374023,0.0,0.0
08/04/2015,4.183420181274414,0.0,0.0
08/05/2015,4.374330043792725,0.0,0.0
08/06/2015,4.348999977111816,0.0,0.0
08/07/2015,4.063340187072754,0.0,0.0
08/08/2015,4.220990180969238,0.0,0.0
08/09/2015,3.8433899879455566,0.0,0.0
08/10/2015,3.9007999897003174,0.0,0.0
08/11/2015,3.948740005493164,0.0,0.0
08/12/2015,4.143340110778809,0.0,0.0
08/13/2015,3.9722700119018555,0.0,0.0
08/14/2015,3.880690097808838,0.0,0.0
08/15/2015,4.02249002456665,0.0,0.0
08/16/2015,3.932029962539673,0.0,0.0
08/17/2015,3.963320016860962,0.0,0.0
08/18/2015,3.983680009841919,0.0,0.0
08/19/2015,3.4796500205993652,0.0,0.0
08/20/2015,3.4708099365234375,0.0,0.0
08/21/2015,3.6002299785614014,0.0,0.0
08/22/2015,3.5625600814819336,0.0,0.0
08/23/2015,3.513279914855957,0.0,0.0
08/24/2015,3.392580032348633,0.0,0.0
08/25/2015,2.9847700595855713,0.0,0.0
08/26/2015,2.949690103530884,0.0,0.0
08/27/2015,2.9461400508880615,0.0,0.0
08/28/2015,2.8423900604248047,0.0,0.0
08/29/2015,2.9161601066589355,0.0,0.0
08/30/2015,2.8715600967407227,0.0,0.0
08/31/2015,2.8532299995422363,0.0,0.0
09/01/2015,2.8474199771881104,0.0,0.0
09/02/2015,2.819809913635254,0.0,0.0
09/03/2015,2.796689987182617,0.0,0.0
09/04/2015,2.6381399631500244,0.0,0.0
09/05/2015,2.702049970626831,0.0,0.0
09/06/2015,2.9178199768066406,0.0,0.0
09/07/2015,3.0390000343322754,0.0,0.0
09/08/2015,3.047369956970215,0.0,0.0
09/09/2015,3.0482800006866455,0.0,0.0
09/10/2015,2.924649953842163,0.0,0.0
09/11/2015,2.948780059814453,0.0,0.0
09/12/2015,2.9625699520111084,0.0,0.0
09/13/2015,2.8247900009155273,0.0,0.0
09/14/2015,2.814919948577881,0.0,0.0
09/15/2015,2.8441998958587646,0.0,0.0
09/16/2015,2.8299400806427,0.0,0.0
09/17/2015,2.806220054626465,0.0,0.0
09/18/2015,2.9106199741363525,0.0,0.0
09/19/2015,2.9549100399017334,0.0,0.0
09/20/2015,2.875070095062256,0.0,0.0
09/21/2015,2.85371994972229,0.0,0.0
09/22/2015,2.7984700202941895,0.0,0.0
09/23/2015,2.8550500869750977,0.0,0.0
09/24/2015,2.8715100288391113,0.0,0.0
09/25/2015,2.9332399368286133,0.0,0.0
09/26/2015,2.8947200775146484,0.0,0.0
09/27/2015,2.8889899253845215,0.0,0.0
09/28/2015,2.8813300132751465,0.0,0.0
09/29/2015,3.1026499271392822,0.0,0.0
09/30/2015,2.966089963912964,0.0,0.0
10/01/2015,3.0139000415802,0.0,0.0
10/02/2015,2.9968299865722656,0.0,0.0
10/03/2015,2.9986701011657715,0.0,0.0
10/04/2015,3.0329198837280273,0.0,0.0
10/05/2015,3.021059989929199,0.0,0.0
10/06/2015,3.0201199054718018,0.0,0.0
10/07/2015,3.148969888687134,0.0,0.0
10/08/2015,3.061340093612671,0.0,0.0
10/09/2015,3.0691299438476562,0.0,0.0
10/10/2015,3.1123499870300293,0.0,0.0
10/11/2015,3.108680009841919,0.0,0.0
10/12/2015,3.1490299701690674,0.0,0.0
10/13/2015,3.139090061187744,0.0,0.0
10/14/2015,3.181529998779297,0.0,0.0
10/15/2015,3.1499500274658203,0.0,0.0
10/16/2015,3.10863995552063,0.0,0.0
10/17/2015,3.1112399101257324,0.0,0.0
10/18/2015,3.0741100311279297,0.0,0.0
10/19/2015,3.0306200981140137,0.0,0.0
10/20/2015,3.0525801181793213,0.0,0.0
10/21/2015,3.093440055847168,0.0,0.0
10/22/2015,3.0807900428771973,0.0,0.0
10/23/2015,3.1204299926757812,0.0,0.0
10/24/2015,3.1126599311828613,0.0,0.0
10/25/2015,3.10971999168396,0.0,0.0
10/26/2015,3.0710999965667725,0.0,0.0
10/27/2015,3.107029914855957,0.0,0.0
10/28/2015,3.099299907684326,0.0,0.0
10/29/2015,3.102479934692383,0.0,0.0
10/30/2015,3.7685699462890625,0.0,0.0
10/31/2015,4.083559989929199,0.0,0.0
11/01/2015,3.8150899410247803,0.0,0.0
11/02/2015,3.9828898906707764,0.0,0.0
11/03/2015,4.1749701499938965,0.0,0.0
11/04/2015,4.579899787902832,0.0,0.0
11/05/2015,4.199550151824951,0.0,0.0
11/06/2015,3.945240020751953,0.0,0.0
11/07/2015,3.5512399673461914,0.0,0.0
11/08/2015,3.6198699474334717,0.0,0.0
11/09/2015,3.4328598976135254,0.0,0.0
11/10/2015,3.4003899097442627,0.0,0.0
11/11/2015,3.117110013961792,0.0,0.0
11/12/2015,2.9721500873565674,0.0,0.0
11/13/2015,3.2686400413513184,0.0,0.0
11/14/2015,3.22337007522583,0.0,0.0
11/15/2015,3.1986401081085205,0.0,0.0
11/16/2015,3.0664501190185547,0.0,0.0
11/17/2015,3.1903700828552246,0.0,0.0
11/18/2015,3.1989099979400635,0.0,0.0
11/19/2015,3.191230058670044,0.0,0.0
11/20/2015,3.136039972305298,0.0,0.0
11/21/2015,3.1174399852752686,0.0,0.0
11/22/2015,3.163290023803711,0.0,0.0
11/23/2015,3.143889904022217,0.0,0.0
11/24/2015,3.1303598880767822,0.0,0.0
11/25/2015,3.113830089569092,0.0,0.0
11/26/2015,3.3513898849487305,0.0,0.0
11/27/2015,3.6013998985290527,0.0,0.0
11/28/2015,3.5754098892211914,0.0,0.0
11/29/2015,3.534359931945801,0.0,0.0
11/30/2015,3.664370059967041,0.0,0.0
12/01/2015,3.62608003616333,0.0,0.0
12/02/2015,3.4309298992156982,0.0,0.0
12/03/2015,3.346719980239868,0.0,0.0
12/04/2015,3.3823299407958984,0.0,0.0
12/05/2015,3.3699400424957275,0.0,0.0
12/06/2015,3.5253798961639404,0.0,0.0
12/07/2015,3.452549934387207,0.0,0.0
12/08/2015,3.647670030593872,0.0,0.0
12/09/2015,3.6828200817108154,0.0,0.0
12/10/2015,3.669640064239502,0.0,0.0
12/11/2015,3.672990083694458,0.0,0.0
12/12/2015,3.842519998550415,0.0,0.0
12/13/2015,3.596299886703491,0.0,0.0
12/14/2015,3.6368799209594727,0.0,0.0
12/15/2015,3.618419885635376,0.0,0.0
12/16/2015,3.8389101028442383,0.0,0.0
12/17/2015,3.7041099071502686,0.0,0.0
12/18/2015,3.7513198852539062,0.0,0.0
12/19/2015,3.765160083770752,0.0,0.0
12/20/2015,3.7405600547790527,0.0,0.0
12/21/2015,3.5462100505828857,0.0,0.0
12/22/2015,3.45878005027771,0.0,0.0
12/23/2015,3.432379961013794,0.0,0.0
12/24/2015,3.5901899337768555,0.0,0.0
12/25/2015,3.6488800048828125,0.0,0.0
12/26/2015,3.6411399841308594,0.0,0.0
12/27/2015,3.4203200340270996,0.0,0.0
12/28/2015,3.4778099060058594,0.0,0.0
12/29/2015,3.470629930496216,0.0,0.0
12/30/2015,3.51200008392334,0.0,0.0
12/31/2015,3.4593000411987305,0.0,0.0
01/01/2016,3.479520082473755,0.0,0.0
01/02/2016,3.51528000831604,0.0,0.0
01/03/2016,3.503999948501587,0.0,0.0
01/04/2016,3.479099988937378,0.0,0.0
01/05/2016,3.492000102996826,0.0,0.0
01/06/2016,3.467060089111328,0.0,0.0
01/07/2016,3.4500699043273926,0.0,0.0
01/08/2016,3.5968000888824463,0.0,0.0
01/09/2016,3.574350118637085,0.0,0.0
01/10/2016,3.559159994125366,0.0,0.0
01/11/2016,3.5262699127197266,0.0,0.0
01/12/2016,3.5530200004577637,0.0,0.0
01/13/2016,3.4899799823760986,0.0,0.0
01/14/2016,3.4709300994873047,0.0,0.0
01/15/2016,3.4640400409698486,0.0,0.0
01/16/2016,2.9657199382781982,0.0,0.0
01/17/2016,3.08732008934021,0.0,0.0
01/18/2016,3.019550085067749,0.0,0.0
01/19/2016,3.0476601123809814,0.0,0.0
01/20/2016,3.0148000717163086,0.0,0.0
01/21/2016,3.384229898452759,0.0,0.0
01/22/2016,3.2310500144958496,0.0,0.0
01/23/2016,3.0820300579071045,0.0,0.0
01/24/2016,3.1135098934173584,0.0,0.0
01/25/2016,3.1879498958587646,0.0,0.0
01/26/2016,3.1253700256347656,0.0,0.0
01/27/2016,3.1593499183654785,0.0,0.0
01/28/2016,3.2928600311279297,0.0,0.0
01/29/2016,3.138400077819824,0.0,0.0
01/30/2016,3.1181299686431885,0.0,0.0
01/31/2016,3.0969300270080566,0.0,0.0
02/01/2016,3.073430061340332,0.0,0.0
02/02/2016,3.08801007270813,0.0,0.0
02/03/2016,3.0863900184631348,0.0,0.0
02/04/2016,3.057529926300049,0.0,0.0
02/05/2016,3.1715099811553955,0.0,0.0
02/06/2016,3.149970054626465,0.0,0.0
02/07/2016,3.109600067138672,0.0,0.0
02/08/2016,3.091900110244751,0.0,0.0
02/09/2016,3.076080083847046,0.0,0.0
02/10/2016,3.088979959487915,0.0,0.0
02/11/2016,3.112139940261841,0.0,0.0
02/12/2016,3.09224009513855,0.0,0.0
02/13/2016,3.118119955062866,0.0,0.0
02/14/2016,3.1477301120758057,0.0,0.0
02/15/2016,3.2320399284362793,0.0,0.0
02/16/2016,3.202270030975342,0.0,0.0
02/17/2016,3.2273099422454834,0.0,0.0
02/18/2016,3.2451999187469482,0.0,0.0
02/19/2016,3.2604498863220215,0.0,0.0
02/20/2016,3.2681100368499756,0.0,0.0
02/21/2016,3.459969997406006,0.0,0.0
02/22/2016,3.4659199714660645,0.0,0.0
02/23/2016,3.4888100624084473,0.0,0.0
02/24/2016,3.4032700061798096,0.0,0.0
02/25/2016,3.3861100673675537,0.0,0.0
02/26/2016,3.369489908218384,0.0,0.0
02/27/2016,3.428809881210327,0.0,0.0
02/28/2016,3.4141600131988525,0.0,0.0
02/29/2016,3.441200017929077,0.0,0.0
03/01/2016,3.448349952697754,0.0,0.0
03/02/2016,3.4343600273132324,0.0,0.0
03/03/2016,3.3637399673461914,0.0,0.0
03/04/2016,3.321500062942505,0.0,0.0
03/05/2016,3.2517199516296387,0.0,0.0
03/06/2016,3.1914899349212646,0.0,0.0
03/07/2016,3.2216200828552246,0.0,0.0
03/08/2016,3.2714099884033203,0.0,0.0
03/09/2016,3.2505500316619873,0.0,0.0
03/10/2016,3.277909994125366,0.0,0.0
03/11/2016,3.2863199710845947,0.0,0.0
03/12/2016,3.391129970550537,0.0,0.0
03/13/2016,3.2894198894500732,0.0,0.0
03/14/2016,3.3090898990631104,0.0,0.0
03/15/2016,3.3032898902893066,0.0,0.0
03/16/2016,3.307110071182251,0.0,0.0
03/17/2016,3.3113598823547363,0.0,0.0
03/18/2016,3.307149887084961,0.0,0.0
03/19/2016,3.1707799434661865,0.0,0.0
03/20/2016,3.181529998779297,0.0,0.0
03/21/2016,3.2051899433135986,0.0,0.0
03/22/2016,3.200040102005005,0.0,0.0
03/23/2016,3.233839988708496,0.0,0.0
03/24/2016,3.2450199127197266,0.0,0.0
03/25/2016,3.227839946746826,0.0,0.0
03/26/2016,3.227720022201538,0.0,0.0
03/27/2016,3.2318201065063477,0.0,0.0
03/28/2016,3.302910089492798,0.0,0.0
03/29/2016,3.2617599964141846,0.0,0.0
03/30/2016,3.2266499996185303,0.0,0.0
03/31/2016,3.225480079650879,0.0,0.0
04/01/2016,3.2457499504089355,0.0,0.0
04/02/2016,3.2458999156951904,0.0,0.0
04/03/2016,3.2614500522613525,0.0,0.0
04/04/2016,3.2613000869750977,0.0,0.0
04/05/2016,3.246040105819702,0.0,0.0
04/06/2016,3.2585198879241943,0.0,0.0
04/07/2016,3.257009983062744,0.0,0.0
04/08/2016,3.241909980773926,0.0,0.0
04/09/2016,3.224020004272461,0.0,0.0
04/10/2016,3.221859931945801,0.0,0.0
04/11/2016,3.227449893951416,0.0,0.0
04/12/2016,3.240139961242676,0.0,0.0
04/13/2016,3.2629499435424805,0.0,0.0
04/14/2016,3.2457399368286133,0.0,0.0
04/15/2016,3.2432100772857666,0.0,0.0
04/16/2016,3.2798500061035156,0.0,0.0
04/17/2016,3.280050039291382,0.0,0.0
04/18/2016,3.2603700160980225,0.0,0.0
04/19/2016,3.2488999366760254,0.0,0.0
04/20/2016,3.291749954223633,0.0,0.0
04/21/2016,3.2809300422668457,0.0,0.0
04/22/2016,3.346790075302124,0.0,0.0
04/23/2016,3.320780038833618,0.0,0.0
04/24/2016,3.346359968185425,0.0,0.0
04/25/2016,3.6228599548339844,0.0,0.0
04/26/2016,3.7955899238586426,0.0,0.0
04/27/2016,4.048610210418701,0.0,0.0
04/28/2016,3.8788599967956543,0.0,0.0
04/29/2016,3.792069911956787,0.0,0.0
04/30/2016,3.8134799003601074,0.0,0.0
05/01/2016,3.6575000286102295,0.0,0.0
05/02/2016,3.708709955215454,0.0,0.0
05/03/2016,3.682110071182251,0.0,0.0
05/04/2016,3.74183988571167,0.0,0.0
05/05/2016,3.7418100833892822,0.0,0.0
05/06/2016,3.716130018234253,0.0,0.0
05/07/2016,3.8195199966430664,0.0,0.0
05/08/2016,3.9364099502563477,0.0,0.0
05/09/2016,3.9376299381256104,0.0,0.0
05/10/2016,4.05797004699707,0.0,0.0
05/11/2016,3.8203299045562744,0.0,0.0
05/12/2016,3.8813400268554688,0.0,0.0
05/13/2016,3.8552699089050293,0.0,0.0
05/14/2016,3.9272799491882324,0.0,0.0
05/15/2016,4.014090061187744,0.0,0.0
05/16/2016,4.063079833984375,0.0,0.0
05/17/2016,4.003640174865723,0.0,0.0
05/18/2016,3.97979998588562,0.0,0.0
05/19/2016,4.002439975738525,0.0,0.0
05/20/2016,3.82492995262146,0.0,0.0
05/21/2016,3.8835198879241943,0.0,0.0
05/22/2016,3.956589937210083,0.0,0.0
05/23/2016,3.9229300022125244,0.0,0.0
05/24/2016,3.9638800621032715,0.0,0.0
05/25/2016,3.950809955596924,0.0,0.0
05/26/2016,4.045259952545166,0.0,0.0
05/27/2016,4.089419841766357,0.0,0.0
05/28/2016,4.510950088500977,0.0,0.0
05/29/2016,4.688729763031006,0.0,0.0
05/30/2016,4.6326398849487305,0.0,0.0
05/31/2016,4.687600135803223,0.0,0.0
06/01/2016,4.653289794921875,0.0,0.0
06/02/2016,4.744649887084961,0.0,0.0
06/03/2016,4.719580173492432,0.0,0.0
06/04/2016,4.863190174102783,0.0,0.0
06/05/2016,4.7984299659729,0.0,0.0
06/06/2016,4.814459800720215,0.0,0.0
06/07/2016,4.954820156097412,0.0,0.0
06/08/2016,4.774290084838867,0.0,0.0
06/09/2016,4.7778801918029785,0.0,0.0
06/10/2016,4.751999855041504,0.0,0.0
06/11/2016,4.882339954376221,0.0,0.0
06/12/2016,5.067299842834473,0.0,0.0
06/13/2016,5.414649963378906,0.0,0.0
06/14/2016,5.305180072784424,0.0,0.0
06/15/2016,5.223100185394287,0.0,0.0
06/16/2016,5.253049850463867,0.0,0.0
06/17/2016,5.672430038452148,0.0,0.0
06/18/2016,5.603990077972412,0.0,0.0
06/19/2016,5.560369968414307,0.0,0.0
06/20/2016,5.625189781188965,0.0,0.0
06/21/2016,5.273550033569336,0.0,0.0
06/22/2016,4.8275299072265625,0.0,0.0
06/23/2016,3.918139934539795,0.0,0.0
06/24/2016,3.851830005645752,0.0,0.0
06/25/2016,4.274600028991699,0.0,0.0
06/26/2016,4.2430100440979,0.0,0.0
06/27/2016,4.051529884338379,0.0,0.0
06/28/2016,4.137750148773193,0.0,0.0
06/29/2016,4.10168981552124,0.0,0.0
06/30/2016,4.077380180358887,0.0,0.0
07/01/2016,4.193490028381348,0.0,0.0
07/02/2016,4.277770042419434,0.0,0.0
07/03/2016,4.660930156707764,0.0,0.0
07/04/2016,4.2726898193359375,0.0,0.0
07/05/2016,4.5577898025512695,0.0,0.0
07/06/2016,4.4644598960876465,0.0,0.0
07/07/2016,4.496560096740723,0.0,0.0
07/08/2016,4.115670204162598,0.0,0.0
07/09/2016,4.237390041351318,0.0,0.0
07/10/2016,4.121570110321045,0.0,0.0
07/11/2016,4.121180057525635,0.0,0.0
07/12/2016,4.092189788818359,0.0,0.0
07/13/2016,4.162829875946045,0.0,0.0
07/14/2016,4.140979766845703,0.0,0.0
07/15/2016,4.1544599533081055,0.0,0.0
07/16/2016,4.1527099609375,0.0,0.0
07/17/2016,4.137720108032227,0.0,0.0
07/18/2016,4.199389934539795,0.0,0.0
07/19/2016,4.152750015258789,0.0,0.0
07/20/2016,4.149990081787109,0.0,0.0
07/21/2016,4.133190155029297,0.0,0.0
07/22/2016,4.12578010559082,0.0,0.0
07/23/2016,4.042600154876709,0.0,0.0
07/24/2016,4.06374979019165,0.0,0.0
07/25/2016,4.072619915008545,0.0,0.0
07/26/2016,4.037189960479736,0.0,0.0
07/27/2016,3.9649100303649902,0.0,0.0
07/28/2016,3.9657599925994873,0.0,0.0
07/29/2016,3.974790096282959,0.0,0.0
07/30/2016,4.08266019821167,0.0,0.0
07/31/2016,4.079579830169678,0.0,0.0
08/01/2016,4.062910079956055,0.0,0.0
08/02/2016,3.871690034866333,0.0,0.0
08/03/2016,3.639430046081543,0.0,0.0
08/04/2016,3.711970090866089,0.0,0.0
08/05/2016,3.7420101165771484,0.0,0.0
08/06/2016,3.7211599349975586,0.0,0.0
08/07/2016,3.7586801052093506,0.0,0.0
08/08/2016,3.774509906768799,0.0,0.0
08/09/2016,3.7828400135040283,0.0,0.0
08/10/2016,3.7617599964141846,0.0,0.0
08/11/2016,3.717410087585449,0.0,0.0
08/12/2016,3.738460063934326,0.0,0.0
08/13/2016,3.708669900894165,0.0,0.0
08/14/2016,3.715709924697876,0.0,0.0
08/15/2016,3.648289918899536,0.0,0.0
08/16/2016,3.5850300788879395,0.0,0.0
08/17/2016,3.6451098918914795,0.0,0.0
08/18/2016,3.602799892425537,0.0,0.0
08/19/2016,3.6109800338745117,0.0,0.0
08/20/2016,3.6080000400543213,0.0,0.0
08/21/2016,3.6194100379943848,0.0,0.0
08/22/2016,3.617419958114624,0.0,0.0
08/23/2016,3.6644198894500732,0.0,0.0
08/24/2016,3.928809881210327,0.0,0.0
08/25/2016,3.856489896774292,0.0,0.0
08/26/2016,3.801919937133789,0.0,0.0
08/27/2016,3.8249399662017822,0.0,0.0
08/28/2016,3.7360799312591553,0.0,0.0
08/29/2016,3.7376599311828613,0.0,0.0
08/30/2016,3.767519950866699,0.0,0.0
08/31/2016,3.80607008934021,0.0,0.0
09/01/2016,3.7956299781799316,0.0,0.0
09/02/2016,3.836750030517578,0.0,0.0
09/03/2016,3.8270199298858643,0.0,0.0
09/04/2016,3.8931000232696533,0.0,0.0
09/05/2016,4.02154016494751,0.0,0.0
09/06/2016,3.9842400550842285,0.0,0.0
09/07/2016,3.9891300201416016,0.0,0.0
09/08/2016,3.969449996948242,0.0,0.0
09/09/2016,3.9837100505828857,0.0,0.0
09/10/2016,3.972219944000244,0.0,0.0
09/11/2016,3.9685299396514893,0.0,0.0
09/12/2016,3.87034010887146,0.0,0.0
09/13/2016,3.8317999839782715,0.0,0.0
09/14/2016,3.818809986114502,0.0,0.0
09/15/2016,3.830049991607666,0.0,0.0
09/16/2016,3.8153700828552246,0.0,0.0
09/17/2016,3.8002800941467285,0.0,0.0
09/18/2016,3.8101999759674072,0.0,0.0
09/19/2016,4.0426201820373535,0.0,0.0
09/20/2016,3.829360008239746,0.0,0.0
09/21/2016,3.8692100048065186,0.0,0.0
09/22/2016,3.8565099239349365,0.0,0.0
09/23/2016,3.765199899673462,0.0,0.0
09/24/2016,3.8147199153900146,0.0,0.0
09/25/2016,3.7960100173950195,0.0,0.0
09/26/2016,3.799989938735962,0.0,0.0
09/27/2016,3.856839895248413,0.0,0.0
09/28/2016,3.8505799770355225,0.0,0.0
09/29/2016,3.837830066680908,0.0,0.0
09/30/2016,3.8445000648498535,0.0,0.0
10/01/2016,3.847759962081909,0.0,0.0
10/02/2016,3.846290111541748,0.0,0.0
10/03/2016,3.8501501083374023,0.0,0.0
10/04/2016,3.8389101028442383,0.0,0.0
10/05/2016,3.832119941711426,0.0,0.0
10/06/2016,3.8463900089263916,0.0,0.0
10/07/2016,3.838520050048828,0.0,0.0
10/08/2016,3.8639700412750244,0.0,0.0
10/09/2016,3.844680070877075,0.0,0.0
10/10/2016,3.8232100009918213,0.0,0.0
10/11/2016,3.803999900817871,0.0,0.0
10/12/2016,3.8204400539398193,0.0,0.0
10/13/2016,3.7464499473571777,0.0,0.0
10/14/2016,3.91198992729187,0.0,0.0
10/15/2016,3.900360107421875,0.0,0.0
10/16/2016,3.8825700283050537,0.0,0.0
10/17/2016,3.892240047454834,0.0,0.0
10/18/2016,3.9541499614715576,0.0,0.0
10/19/2016,3.846179962158203,0.0,0.0
10/20/2016,3.8079700469970703,0.0,0.0
10/21/2016,3.7902700901031494,0.0,0.0
10/22/2016,3.809689998626709,0.0,0.0
10/23/2016,3.8937199115753174,0.0,0.0
10/24/2016,3.9202001094818115,0.0,0.0
10/25/2016,3.8713300228118896,0.0,0.0
10/26/2016,3.9114201068878174,0.0,0.0
10/27/2016,3.9602699279785156,0.0,0.0
10/28/2016,4.03587007522583,0.0,0.0
10/29/2016,3.9765100479125977,0.0,0.0
10/30/2016,4.095950126647949,0.0,0.0
10/31/2016,4.037079811096191,0.0,0.0
11/01/2016,3.9986000061035156,0.0,0.0
11/02/2016,4.0908098220825195,0.0,0.0
11/03/2016,4.112979888916016,0.0,0.0
11/04/2016,3.855710029602051,0.0,0.0
11/05/2016,3.878509998321533,0.0,0.0
11/06/2016,3.8602800369262695,0.0,0.0
11/07/2016,3.8883299827575684,0.0,0.0
11/08/2016,3.836970090866089,0.0,0.0
11/09/2016,3.8460299968719482,0.0,0.0
11/10/2016,3.8585400581359863,0.0,0.0
11/11/2016,3.8364100456237793,0.0,0.0
11/12/2016,3.8143699169158936,0.0,0.0
11/13/2016,3.7661800384521484,0.0,0.0
11/14/2016,3.878890037536621,0.0,0.0
11/15/2016,3.8888299465179443,0.0,0.0
11/16/2016,3.9004600048065186,0.0,0.0
11/17/2016,4.055570125579834,0.0,0.0
11/18/2016,3.958620071411133,0.0,0.0
11/19/2016,3.977370023727417,0.0,0.0
11/20/2016,3.9657399654388428,0.0,0.0
11/21/2016,3.9321200847625732,0.0,0.0
11/22/2016,3.952199935913086,0.0,0.0
11/23/2016,3.968869924545288,0.0,0.0
11/24/2016,3.932110071182251,0.0,0.0
11/25/2016,3.912909984588623,0.0,0.0
11/26/2016,3.920609951019287,0.0,0.0
11/27/2016,3.9079198837280273,0.0,0.0
11/28/2016,3.897739887237549,0.0,0.0
11/29/2016,3.892509937286377,0.0,0.0
11/30/2016,3.887809991836548,0.0,0.0
12/01/2016,3.909450054168701,0.0,0.0
12/02/2016,3.919219970703125,0.0,0.0
12/03/2016,3.9495999813079834,0.0,0.0
12/04/2016,3.9323599338531494,0.0,0.0
12/05/2016,3.8844399452209473,0.0,0.0
12/06/2016,3.4890499114990234,0.0,0.0
12/07/2016,3.5410799980163574,0.0,0.0
12/08/2016,3.6027801036834717,0.0,0.0
12/09/2016,3.6910901069641113,0.0,0.0
12/10/2016,3.694890022277832,0.0,0.0
12/11/2016,3.687969923019409,0.0,0.0
12/12/2016,3.6407299041748047,0.0,0.0
12/13/2016,3.6654999256134033,0.0,0.0
12/14/2016,3.657259941101074,0.0,0.0
12/15/2016,3.6128900051116943,0.0,0.0
12/16/2016,3.627150058746338,0.0,0.0
12/17/2016,3.6298699378967285,0.0,0.0
12/18/2016,3.703890085220337,0.0,0.0
12/19/2016,3.6772100925445557,0.0,0.0
12/20/2016,3.6598598957061768,0.0,0.0
12/21/2016,3.664520025253296,0.0,0.0
12/22/2016,3.6656100749969482,0.0,0.0
12/23/2016,3.715859889984131,0.0,0.0
12/24/2016,4.646490097045898,0.0,0.0
12/25/2016,4.555449962615967,0.0,0.0
12/26/2016,4.3465399742126465,0.0,0.0
12/27/2016,4.368569850921631,0.0,0.0
12/28/2016,4.487569808959961,0.0,0.0
12/29/2016,4.578859806060791,0.0,0.0
12/30/2016,4.562489986419678,0.0,0.0
12/31/2016,4.392330169677734,0.0,0.0
01/01/2017,4.32912015914917,0.0,0.0
01/02/2017,4.520450115203857,0.0,0.0
01/03/2017,4.655879974365234,0.0,0.0
01/04/2017,4.633749961853027,0.0,0.0
01/05/2017,4.914370059967041,0.0,0.0
01/06/2017,4.3024001121521,0.0,0.0
01/07/2017,3.8633899688720703,0.0,0.0
01/08/2017,3.959120035171509,0.0,0.0
01/09/2017,3.9969799518585205,0.0,0.0
01/10/2017,4.300920009613037,0.0,0.0
01/11/2017,4.5971598625183105,0.0,0.0
01/12/2017,3.836709976196289,0.0,0.0
01/13/2017,3.9484798908233643,0.0,0.0
01/14/2017,3.892580032348633,0.0,0.0
01/15/2017,3.888780117034912,0.0,0.0
01/16/2017,3.9220399856567383,0.0,0.0
01/17/2017,3.9056999683380127,0.0,0.0
01/18/2017,3.9422500133514404,0.0,0.0
01/19/2017,3.841900110244751,0.0,0.0
01/20/2017,3.859179973602295,0.0,0.0
01/21/2017,3.8925700187683105,0.0,0.0
01/22/2017,3.902479887008667,0.0,0.0
01/23/2017,3.8561298847198486,0.0,0.0
01/24/2017,3.8352699279785156,0.0,0.0
01/25/2017,3.791330099105835,0.0,0.0
01/26/2017,3.714440107345581,0.0,0.0
01/27/2017,3.840100049972534,0.0,0.0
01/28/2017,3.853529930114746,0.0,0.0
01/29/2017,3.852440118789673,0.0,0.0
01/30/2017,3.8562300205230713,0.0,0.0
01/31/2017,4.016499996185303,0.0,0.0
02/01/2017,4.076039791107178,0.0,0.0
02/02/2017,4.075150012969971,0.0,0.0
02/03/2017,4.081630229949951,0.0,0.0
02/04/2017,4.08450984954834,0.0,0.0
02/05/2017,4.065110206604004,0.0,0.0
02/06/2017,4.057980060577393,0.0,0.0
02/07/2017,4.05348014831543,0.0,0.0
02/08/2017,4.049739837646484,0.0,0.0
02/09/2017,4.0296502113342285,0.0,0.0
02/10/2017,3.8010900020599365,0.0,0.0
02/11/2017,3.7772200107574463,0.0,0.0
02/12/2017,3.795870065689087,0.0,0.0
02/13/2017,3.7682299613952637,0.0,0.0
02/14/2017,3.715290069580078,0.0,0.0
02/15/2017,3.7691800594329834,0.0,0.0
02/16/2017,3.796760082244873,0.0,0.0
02/17/2017,3.7783799171447754,0.0,0.0
02/18/2017,3.828000068664551,0.0,0.0
02/19/2017,3.7925798892974854,0.0,0.0
02/20/2017,3.7686500549316406,0.0,0.0
02/21/2017,3.763619899749756,0.0,0.0
02/22/2017,3.7875800132751465,0.0,0.0
02/23/2017,3.8000400066375732,0.0,0.0
02/24/2017,3.8309199810028076,0.0,0.0
02/25/2017,3.852220058441162,0.0,0.0
02/26/2017,3.815880060195923,0.0,0.0
02/27/2017,3.813430070877075,0.0,0.0
02/28/2017,3.803689956665039,0.0,0.0
03/01/2017,3.7730600833892822,0.0,0.0
03/02/2017,3.795289993286133,0.0,0.0
03/03/2017,3.9212899208068848,0.0,0.0
03/04/2017,3.911910057067871,0.0,0.0
03/05/2017,3.863100051879883,0.0,0.0
03/06/2017,3.8722400665283203,0.0,0.0
03/07/2017,3.894040107727051,0.0,0.0
03/08/2017,3.80757999420166,0.0,0.0
03/09/2017,3.766390085220337,0.0,0.0
03/10/2017,3.828279972076416,0.0,0.0
03/11/2017,3.7588000297546387,0.0,0.0
03/12/2017,3.786600112915039,0.0,0.0
03/13/2017,3.847440004348755,0.0,0.0
03/14/2017,4.173810005187988,0.0,0.0
03/15/2017,4.046860218048096,0.0,0.0
03/16/2017,4.14730978012085,0.0,0.0
03/17/2017,4.233170032501221,0.0,0.0
03/18/2017,4.040520191192627,0.0,0.0
03/19/2017,3.9565000534057617,0.0,0.0
03/20/2017,3.9504799842834473,0.0,0.0
03/21/2017,4.036369800567627,0.0,0.0
03/22/2017,3.9873499870300293,0.0,0.0
03/23/2017,3.9317400455474854,0.0,0.0
03/24/2017,3.973069906234741,0.0,0.0
03/25/2017,4.073470115661621,0.0,0.0
03/26/2017,4.066150188446045,0.0,0.0
03/27/2017,4.066390037536621,0.0,0.0
03/28/2017,4.069680213928223,0.0,0.0
03/29/2017,4.142370223999023,0.0,0.0
03/30/2017,4.178909778594971,0.0,0.0
03/31/2017,7.018730163574219,0.0,0.0
04/01/2017,6.653160095214844,0.0,0.0
04/02/2017,6.862919807434082,0.0,0.0
04/03/2017,7.744619846343994,0.0,0.0
04/04/2017,8.118430137634277,0.0,0.0
04/05/2017,8.24728012084961,0.0,0.0
04/06/2017,11.123100280761719,0.0,0.0
04/07/2017,10.22350025177002,0.0,0.0
04/08/2017,9.336039543151855,0.0,0.0
04/09/2017,9.888790130615234,0.0,0.0
04/10/2017,8.720999717712402,0.0,0.0
04/11/2017,8.911620140075684,0.0,0.0
04/12/2017,8.831009864807129,0.0,0.0
04/13/2017,10.764399528503418,0.0,0.0
04/14/2017,10.130900382995605,0.0,0.0
04/15/2017,10.342100143432617,0.0,0.0
04/16/2017,10.745499610900879,0.0,0.0
04/17/2017,10.59570026397705,0.0,0.0
04/18/2017,10.418899536132812,0.0,0.0
04/19/2017,10.313799858093262,0.0,0.0
04/20/2017,9.634750366210938,0.0,0.0
04/21/2017,10.291500091552734,0.0,0.0
04/22/2017,11.176600456237793,0.0,0.0
04/23/2017,13.065299987792969,0.0,0.0
04/24/2017,13.96399974822998,0.0,0.0
04/25/2017,14.978699684143066,0.0,0.0
04/26/2017,15.205900192260742,0.0,0.0
04/27/2017,14.843600273132324,0.0,0.0
04/28/2017,14.593099594116211,0.0,0.0
04/29/2017,14.397000312805176,0.0,0.0
04/30/2017,15.703100204467773,0.0,0.0
05/01/2017,15.708100318908691,0.0,0.0
05/02/2017,15.922699928283691,0.0,0.0
05/03/2017,15.875200271606445,0.0,0.0
05/04/2017,21.04450035095215,0.0,0.0
05/05/2017,23.471200942993164,0.0,0.0
05/06/2017,26.466800689697266,0.0,0.0
05/07/2017,28.201499938964844,0.0,0.0
05/08/2017,30.372400283813477,0.0,0.0
05/09/2017,28.964399337768555,0.0,0.0
05/10/2017,33.298099517822266,0.0,0.0
05/11/2017,32.657100677490234,0.0,0.0
05/12/2017,30.931299209594727,0.0,0.0
05/13/2017,27.218900680541992,0.0,0.0
05/14/2017,29.09000015258789,0.0,0.0
05/15/2017,28.894500732421875,0.0,0.0
05/16/2017,25.337600708007812,0.0,0.0
05/17/2017,23.242399215698242,0.0,0.0
05/18/2017,25.1653995513916,0.0,0.0
05/19/2017,28.287099838256836,0.0,0.0
05/20/2017,27.681299209594727,0.0,0.0
05/21/2017,27.476200103759766,0.0,0.0
05/22/2017,26.14150047302246,0.0,0.0
05/23/2017,25.303499221801758,0.0,0.0
05/24/2017,32.121700286865234,0.0,0.0
05/25/2017,34.46900177001953,0.0,0.0
05/26/2017,30.32509994506836,0.0,0.0
05/27/2017,23.403099060058594,0.0,0.0
05/28/2017,24.007400512695312,0.0,0.0
05/29/2017,24.324899673461914,0.0,0.0
05/30/2017,25.318899154663086,0.0,0.0
05/31/2017,24.293500900268555,0.0,0.0
06/01/2017,25.343900680541992,0.0,0.0
06/02/2017,28.897300720214844,0.0,0.0
06/03/2017,29.036300659179688,0.0,0.0
06/04/2017,27.650299072265625,0.0,0.0
06/05/2017,28.09000015258789,0.0,0.0
06/06/2017,30.840700149536133,0.0,0.0
06/07/2017,30.568700790405273,0.0,0.0
06/08/2017,28.38129997253418,0.0,0.0
06/09/2017,30.187299728393555,0.0,0.0
06/10/2017,29.684499740600586,0.0,0.0
06/11/2017,30.500900268554688,0.0,0.0
06/12/2017,33.230499267578125,0.0,0.0
06/13/2017,29.491600036621094,0.0,0.0
06/14/2017,30.73900032043457,0.0,0.0
06/15/2017,30.21540069580078,0.0,0.0
06/16/2017,30.27910041809082,0.0,0.0
06/17/2017,36.18389892578125,0.0,0.0
06/18/2017,47.44219970703125,0.0,0.0
06/19/2017,46.1619987487793,0.0,0.0
06/20/2017,50.409000396728516,0.0,0.0
06/21/2017,47.29520034790039,0.0,0.0
06/22/2017,47.71879959106445,0.0,0.0
06/23/2017,47.747798919677734,0.0,0.0
06/24/2017,47.246700286865234,0.0,0.0
06/25/2017,44.490699768066406,0.0,0.0
06/26/2017,44.0369987487793,0.0,0.0
06/27/2017,41.13130187988281,0.0,0.0
06/28/2017,40.816001892089844,0.0,0.0
06/29/2017,42.830101013183594,0.0,0.0
06/30/2017,41.042999267578125,0.0,0.0
07/01/2017,40.40409851074219,0.0,0.0
07/02/2017,38.94919967651367,0.0,0.0
07/03/2017,41.47850036621094,0.0,0.0
07/04/2017,46.562599182128906,0.0,0.0
07/05/2017,55.274898529052734,0.0,0.0
07/06/2017,53.195499420166016,0.0,0.0
07/07/2017,51.10150146484375,0.0,0.0
07/08/2017,46.63930130004883,0.0,0.0
07/09/2017,52.36370086669922,0.0,0.0
07/10/2017,49.90879821777344,0.0,0.0
07/11/2017,46.274200439453125,0.0,0.0
07/12/2017,45.25590133666992,0.0,0.0
07/13/2017,48.7234001159668,0.0,0.0
07/14/2017,46.35919952392578,0.0,0.0
07/15/2017,42.805301666259766,0.0,0.0
07/16/2017,38.92100143432617,0.0,0.0
07/17/2017,41.18920135498047,0.0,0.0
07/18/2017,42.62300109863281,0.0,0.0
07/19/2017,44.3474006652832,0.0,0.0
07/20/2017,40.95539855957031,0.0,0.0
07/21/2017,45.06850051879883,0.0,0.0
07/22/2017,45.77299880981445,0.0,0.0
07/23/2017,46.62820053100586,0.0,0.0
07/24/2017,44.15959930419922,0.0,0.0
07/25/2017,44.4828987121582,0.0,0.0
07/26/2017,42.28799819946289,0.0,0.0
07/27/2017,42.35319900512695,0.0,0.0
07/28/2017,42.21620178222656,0.0,0.0
07/29/2017,40.55889892578125,0.0,0.0
07/30/2017,41.18450164794922,0.0,0.0
07/31/2017,40.340301513671875,0.0,0.0
08/01/2017,43.0192985534668,0.0,0.0
08/02/2017,43.07490158081055,0.0,0.0
08/03/2017,42.19300079345703,0.0,0.0
08/04/2017,42.89350128173828,0.0,0.0
08/05/2017,43.486000061035156,0.0,0.0
08/06/2017,46.845001220703125,0.0,0.0
08/07/2017,45.17169952392578,0.0,0.0
08/08/2017,45.898101806640625,0.0,0.0
08/09/2017,48.586700439453125,0.0,0.0
08/10/2017,48.049400329589844,0.0,0.0
08/11/2017,46.40489959716797,0.0,0.0
08/12/2017,47.05059814453125,0.0,0.0
08/13/2017,46.56869888305664,0.0,0.0
08/14/2017,45.832298278808594,0.0,0.0
08/15/2017,45.813499450683594,0.0,0.0
08/16/2017,43.37189865112305,0.0,0.0
08/17/2017,44.17879867553711,0.0,0.0
08/18/2017,43.89720153808594,0.0,0.0
08/19/2017,47.054298400878906,0.0,0.0
08/20/2017,45.37620162963867,0.0,0.0
08/21/2017,46.18980026245117,0.0,0.0
08/22/2017,47.895198822021484,0.0,0.0
08/23/2017,46.713600158691406,0.0,0.0
08/24/2017,52.82440185546875,0.0,0.0
08/25/2017,50.172298431396484,0.0,0.0
08/26/2017,51.16579818725586,0.0,0.0
08/27/2017,51.8047981262207,0.0,0.0
08/28/2017,61.363399505615234,0.0,0.0
08/29/2017,62.39459991455078,0.0,0.0
08/30/2017,63.16379928588867,0.0,0.0
08/31/2017,64.158203125,0.0,0.0
09/01/2017,70.8561019897461,0.0,0.0
09/02/2017,85.82990264892578,0.0,0.0
09/03/2017,78.97989654541016,0.0,0.0
09/04/2017,76.73210144042969,0.0,0.0
09/05/2017,65.25129699707031,0.0,0.0
09/06/2017,71.77729797363281,0.0,0.0
09/07/2017,79.87799835205078,0.0,0.0
09/08/2017,78.45279693603516,0.0,0.0
09/09/2017,67.21269989013672,0.0,0.0
09/10/2017,65.80280303955078,0.0,0.0
09/11/2017,61.64659881591797,0.0,0.0
09/12/2017,66.23880004882812,0.0,0.0
09/13/2017,64.32160186767578,0.0,0.0
09/14/2017,61.6422004699707,0.0,0.0
09/15/2017,41.685001373291016,0.0,0.0
09/16/2017,48.133399963378906,0.0,0.0
09/17/2017,48.23040008544922,0.0,0.0
09/18/2017,48.53020095825195,0.0,0.0
09/19/2017,55.68360137939453,0.0,0.0
09/20/2017,52.74489974975586,0.0,0.0
09/21/2017,51.66360092163086,0.0,0.0
09/22/2017,46.6526985168457,0.0,0.0
09/23/2017,48.157100677490234,0.0,0.0
09/24/2017,49.250099182128906,0.0,0.0
09/25/2017,47.61989974975586,0.0,0.0
09/26/2017,51.68790054321289,0.0,0.0
09/27/2017,51.57619857788086,0.0,0.0
09/28/2017,56.21220016479492,0.0,0.0
09/29/2017,54.10929870605469,0.0,0.0
09/30/2017,52.62649917602539,0.0,0.0
10/01/2017,55.136199951171875,0.0,0.0
10/02/2017,54.54690170288086,0.0,0.0
10/03/2017,53.39039993286133,0.0,0.0
10/04/2017,52.2843017578125,0.0,0.0
10/05/2017,51.40140151977539,0.0,0.0
10/06/2017,51.63600158691406,0.0,0.0
10/07/2017,52.13750076293945,0.0,0.0
10/08/2017,52.493499755859375,0.0,0.0
10/09/2017,53.08250045776367,0.0,0.0
10/10/2017,50.15420150756836,0.0,0.0
10/11/2017,50.753299713134766,0.0,0.0
10/12/2017,50.88669967651367,0.0,0.0
10/13/2017,60.55189895629883,0.0,0.0
10/14/2017,59.405601501464844,0.0,0.0
10/15/2017,64.12660217285156,0.0,0.0
10/16/2017,65.71829986572266,0.0,0.0
10/17/2017,64.67320251464844,0.0,0.0
10/18/2017,59.58689880371094,0.0,0.0
10/19/2017,60.821800231933594,0.0,0.0
10/20/2017,59.80979919433594,0.0,0.0
10/21/2017,60.30379867553711,0.0,0.0
10/22/2017,58.27190017700195,0.0,0.0
10/23/2017,56.77069854736328,0.0,0.0
10/24/2017,54.95949935913086,0.0,0.0
10/25/2017,55.951698303222656,0.0,0.0
10/26/2017,56.46860122680664,0.0,0.0
10/27/2017,55.673099517822266,0.0,0.0
10/28/2017,55.384300231933594,0.0,0.0
10/29/2017,54.6697998046875,0.0,0.0
10/30/2017,56.8401985168457,0.0,0.0
10/31/2017,56.3650016784668,0.0,0.0
11/01/2017,55.740699768066406,0.0,0.0
11/02/2017,53.559200286865234,0.0,0.0
11/03/2017,54.57820129394531,0.0,0.0
11/04/2017,56.21590042114258,0.0,0.0
11/05/2017,55.025699615478516,0.0,0.0
11/06/2017,54.75920104980469,0.0,0.0
11/07/2017,54.987701416015625,0.0,0.0
11/08/2017,61.112998962402344,0.0,0.0
11/09/2017,62.489601135253906,0.0,0.0
11/10/2017,64.43620300292969,0.0,0.0
11/11/2017,59.348899841308594,0.0,0.0
11/12/2017,62.309200286865234,0.0,0.0
11/13/2017,59.17580032348633,0.0,0.0
11/14/2017,61.64289855957031,0.0,0.0
11/15/2017,62.77519989013672,0.0,0.0
11/16/2017,63.80910110473633,0.0,0.0
11/17/2017,70.44840240478516,0.0,0.0
11/18/2017,67.40519714355469,0.0,0.0
11/19/2017,69.51190185546875,0.0,0.0
11/20/2017,71.41300201416016,0.0,0.0
11/21/2017,72.1968002319336,0.0,0.0
11/22/2017,70.18219757080078,0.0,0.0
11/23/2017,71.97509765625,0.0,0.0
11/24/2017,73.14189910888672,0.0,0.0
11/25/2017,77.90869903564453,0.0,0.0
11/26/2017,88.93930053710938,0.0,0.0
11/27/2017,85.88970184326172,0.0,0.0
11/28/2017,91.7239990234375,0.0,0.0
11/29/2017,96.01249694824219,0.0,0.0
11/30/2017,86.24669647216797,0.0,0.0
12/01/2017,88.00350189208984,0.0,0.0
12/02/2017,98.94149780273438,0.0,0.0
12/03/2017,100.19499969482422,0.0,0.0
12/04/2017,101.39600372314453,0.0,0.0
12/05/2017,104.2770004272461,0.0,0.0
12/06/2017,102.47799682617188,0.0,0.0
12/07/2017,99.98410034179688,0.0,0.0
12/08/2017,98.3281021118164,0.0,0.0
12/09/2017,127.47899627685547,0.0,0.0
12/10/2017,155.6269989013672,0.0,0.0
12/11/2017,148.25799560546875,0.0,0.0
12/12/2017,212.46400451660156,0.0,0.0
12/13/2017,315.36199951171875,0.0,0.0
12/14/2017,301.197998046875,0.0,0.0
12/15/2017,280.9679870605469,0.0,0.0
12/16/2017,299.3370056152344,0.0,0.0
12/17/2017,301.78399658203125,0.0,0.0
12/18/2017,318.9530029296875,0.0,0.0
12/19/2017,359.125,0.0,0.0
12/20/2017,349.60400390625,0.0,0.0
12/21/2017,314.6600036621094,0.0,0.0
12/22/2017,319.2569885253906,0.0,0.0
12/23/2017,269.2669982910156,0.0,0.0
12/24/2017,291.00799560546875,0.0,0.0
12/25/2017,277.4939880371094,0.0,0.0
12/26/2017,273.1080017089844,0.0,0.0
12/27/2017,286.5889892578125,0.0,0.0
12/28/2017,272.1260070800781,0.0,0.0
12/29/2017,250.3520050048828,0.0,0.0
12/30/2017,245.08700561523438,0.0,0.0
12/31/2017,216.97500610351562,0.0,0.0
01/01/2018,231.66600036621094,0.0,0.0
01/02/2018,228.99000549316406,0.0,0.0
01/03/2018,255.69500732421875,0.0,0.0
01/04/2018,245.47500610351562,0.0,0.0
01/05/2018,241.03399658203125,0.0,0.0
01/06/2018,249.76800537109375,0.0,0.0
01/07/2018,296.0530090332031,0.0,0.0
01/08/2018,287.7250061035156,0.0,0.0
01/09/2018,254.6060028076172,0.0,0.0
01/10/2018,248.072998046875,0.0,0.0
01/11/2018,251.52200317382812,0.0,0.0
01/12/2018,229.78700256347656,0.0,0.0
01/13/2018,236.8820037841797,0.0,0.0
01/14/2018,260.5790100097656,0.0,0.0
01/15/2018,237.28900146484375,0.0,0.0
01/16/2018,232.81700134277344,0.0,0.0
01/17/2018,190.14500427246094,0.0,0.0
01/18/2018,186.94900512695312,0.0,0.0
01/19/2018,191.19200134277344,0.0,0.0
01/20/2018,194.3780059814453,0.0,0.0
01/21/2018,211.23500061035156,0.0,0.0
01/22/2018,191.7899932861328,0.0,0.0
01/23/2018,180.2790069580078,0.0,0.0
01/24/2018,178.4250030517578,0.0,0.0
01/25/2018,181.56300354003906,0.0,0.0
01/26/2018,179.81900024414062,0.0,0.0
01/27/2018,176.66099548339844,0.0,0.0
01/28/2018,181.42100524902344,0.0,0.0
01/29/2018,193.75100708007812,0.0,0.0
01/30/2018,181.44500732421875,0.0,0.0
01/31/2018,165.29600524902344,0.0,0.0
02/01/2018,163.6820068359375,0.0,0.0
02/02/2018,142.56199645996094,0.0,0.0
02/03/2018,131.4010009765625,0.0,0.0
02/04/2018,160.38099670410156,0.0,0.0
02/05/2018,148.7270050048828,0.0,0.0
02/06/2018,127.52100372314453,0.0,0.0
02/07/2018,142.48199462890625,0.0,0.0
02/08/2018,138.33599853515625,0.0,0.0
02/09/2018,149.72999572753906,0.0,0.0
02/10/2018,163.48800659179688,0.0,0.0
02/11/2018,155.39199829101562,0.0,0.0
02/12/2018,150.10400390625,0.0,0.0
02/13/2018,161.77499389648438,0.0,0.0
02/14/2018,159.57899475097656,0.0,0.0
02/15/2018,212.3470001220703,0.0,0.0
02/16/2018,225.5,0.0,0.0
02/17/2018,229.5019989013672,0.0,0.0
02/18/2018,230.50900268554688,0.0,0.0
02/19/2018,215.4149932861328,0.0,0.0
02/20/2018,223.08700561523438,0.0,0.0
02/21/2018,230.947998046875,0.0,0.0
02/22/2018,212.84100341796875,0.0,0.0
02/23/2018,194.1929931640625,0.0,0.0
02/24/2018,210.63699340820312,0.0,0.0
02/25/2018,208.1320037841797,0.0,0.0
02/26/2018,222.13800048828125,0.0,0.0
02/27/2018,221.7100067138672,0.0,0.0
02/28/2018,217.2790069580078,0.0,0.0
03/01/2018,203.11900329589844,0.0,0.0
03/02/2018,209.55499267578125,0.0,0.0
03/03/2018,213.83799743652344,0.0,0.0
03/04/2018,210.23599243164062,0.0,0.0
03/05/2018,213.74000549316406,0.0,0.0
03/06/2018,210.51300048828125,0.0,0.0
03/07/2018,196.8260040283203,0.0,0.0
03/08/2018,185.697998046875,0.0,0.0
03/09/2018,176.4810028076172,0.0,0.0
03/10/2018,188.11300659179688,0.0,0.0
03/11/2018,177.51300048828125,0.0,0.0
03/12/2018,189.01600646972656,0.0,0.0
03/13/2018,177.5970001220703,0.0,0.0
03/14/2018,175.93699645996094,0.0,0.0
03/15/2018,161.20199584960938,0.0,0.0
03/16/2018,164.81700134277344,0.0,0.0
03/17/2018,165.18800354003906,0.0,0.0
03/18/2018,152.53700256347656,0.0,0.0
03/19/2018,155.47500610351562,0.0,0.0
03/20/2018,161.52099609375,0.0,0.0
03/21/2018,169.5570068359375,0.0,0.0
03/22/2018,168.72300720214844,0.0,0.0
03/23/2018,163.57699584960938,0.0,0.0
03/24/2018,168.53399658203125,0.0,0.0
03/25/2018,158.86399841308594,0.0,0.0
03/26/2018,160.1649932861328,0.0,0.0
03/27/2018,148.96099853515625,0.0,0.0
03/28/2018,135.49000549316406,0.0,0.0
03/29/2018,131.9250030517578,0.0,0.0
03/30/2018,114.80400085449219,0.0,0.0
03/31/2018,118.63700103759766,0.0,0.0
04/01/2018,116.90499877929688,0.0,0.0
04/02/2018,115.23699951171875,0.0,0.0
04/03/2018,119.50900268554688,0.0,0.0
04/04/2018,133.9080047607422,0.0,0.0
04/05/2018,118.20899963378906,0.0,0.0
04/06/2018,118.81500244140625,0.0,0.0
04/07/2018,113.13500213623047,0.0,0.0
04/08/2018,116.29100036621094,0.0,0.0
04/09/2018,117.78299713134766,0.0,0.0
04/10/2018,115.21299743652344,0.0,0.0
04/11/2018,114.28900146484375,0.0,0.0
04/12/2018,118.29199981689453,0.0,0.0
04/13/2018,129.2740020751953,0.0,0.0
04/14/2018,125.2239990234375,0.0,0.0
04/15/2018,126.66899871826172,0.0,0.0
04/16/2018,131.96800231933594,0.0,0.0
04/17/2018,128.7100067138672,0.0,0.0
04/18/2018,132.3769989013672,0.0,0.0
04/19/2018,140.04100036621094,0.0,0.0
04/20/2018,146.50100708007812,0.0,0.0
04/21/2018,155.68499755859375,0.0,0.0
04/22/2018,148.60800170898438,0.0,0.0
04/23/2018,146.6719970703125,0.0,0.0
04/24/2018,152.5749969482422,0.0,0.0
04/25/2018,165.08700561523438,0.0,0.0
04/26/2018,144.69900512695312,0.0,0.0
04/27/2018,153.44400024414062,0.0,0.0
04/28/2018,145.74200439453125,0.0,0.0
04/29/2018,152.1649932861328,0.0,0.0
04/30/2018,153.64700317382812,0.0,0.0
05/01/2018,148.343994140625,0.0,0.0
05/02/2018,148.44500732421875,0.0,0.0
05/03/2018,151.85899353027344,0.0,0.0
05/04/2018,160.468994140625,0.0,0.0
05/05/2018,168.35000610351562,0.0,0.0
05/06/2018,178.02099609375,0.0,0.0
05/07/2018,171.75900268554688,0.0,0.0
05/08/2018,164.8300018310547,0.0,0.0
05/09/2018,159.61700439453125,0.0,0.0
05/10/2018,157.1510009765625,0.0,0.0
05/11/2018,149.44500732421875,0.0,0.0
05/12/2018,137.2570037841797,0.0,0.0
05/13/2018,141.79800415039062,0.0,0.0
05/14/2018,144.62399291992188,0.0,0.0
05/15/2018,147.48800659179688,0.0,0.0
05/16/2018,139.64999389648438,0.0,0.0
05/17/2018,139.5590057373047,0.0,0.0
05/18/2018,132.70399475097656,0.0,0.0
05/19/2018,135.96499633789062,0.0,0.0
05/20/2018,135.27200317382812,0.0,0.0
05/21/2018,139.6439971923828,0.0,0.0
05/22/2018,134.25999450683594,0.0,0.0
05/23/2018,128.80799865722656,0.0,0.0
05/24/2018,119.19499969482422,0.0,0.0
05/25/2018,122.55899810791016,0.0,0.0
05/26/2018,119.3499984741211,0.0,0.0
05/27/2018,118.50399780273438,0.0,0.0
05/28/2018,117.93000030517578,0.0,0.0
05/29/2018,111.84400177001953,0.0,0.0
05/30/2018,119.54000091552734,0.0,0.0
05/31/2018,117.31800079345703,0.0,0.0
06/01/2018,118.02799987792969,0.0,0.0
06/02/2018,119.8280029296875,0.0,0.0
06/03/2018,123.28500366210938,0.0,0.0
06/04/2018,125.21099853515625,0.0,0.0
06/05/2018,119.89600372314453,0.0,0.0
06/06/2018,121.88800048828125,0.0,0.0
06/07/2018,121.33899688720703,0.0,0.0
06/08/2018,121.51599884033203,0.0,0.0
06/09/2018,120.10800170898438,0.0,0.0
06/10/2018,117.56199645996094,0.0,0.0
06/11/2018,106.54100036621094,0.0,0.0
06/12/2018,107.4280014038086,0.0,0.0
06/13/2018,100.79900360107422,0.0,0.0
06/14/2018,93.99369812011719,0.0,0.0
06/15/2018,101.11499786376953,0.0,0.0
06/16/2018,96.57839965820312,0.0,0.0
06/17/2018,97.71759796142578,0.0,0.0
06/18/2018,95.77349853515625,0.0,0.0
06/19/2018,98.72730255126953,0.0,0.0
06/20/2018,98.956298828125,0.0,0.0
06/21/2018,97.8812026977539,0.0,0.0
06/22/2018,96.94110107421875,0.0,0.0
06/23/2018,85.09300231933594,0.0,0.0
06/24/2018,82.73909759521484,0.0,0.0
06/25/2018,80.3666000366211,0.0,0.0
06/26/2018,81.81520080566406,0.0,0.0
06/27/2018,76.93199920654297,0.0,0.0
06/28/2018,80.62570190429688,0.0,0.0
06/29/2018,74.80889892578125,0.0,0.0
06/30/2018,78.94660186767578,0.0,0.0
07/01/2018,81.50399780273438,0.0,0.0
07/02/2018,80.2677001953125,0.0,0.0
07/03/2018,85.38780212402344,0.0,0.0
07/04/2018,85.17279815673828,0.0,0.0
07/05/2018,85.6531982421875,0.0,0.0
07/06/2018,83.8373031616211,0.0,0.0
07/07/2018,83.404296875,0.0,0.0
07/08/2018,86.26229858398438,0.0,0.0
07/09/2018,82.54409790039062,0.0,0.0
07/10/2018,80.78230285644531,0.0,0.0
07/11/2018,76.12989807128906,0.0,0.0
07/12/2018,78.59410095214844,0.0,0.0
07/13/2018,77.29209899902344,0.0,0.0
07/14/2018,76.97329711914062,0.0,0.0
07/15/2018,76.70459747314453,0.0,0.0
07/16/2018,78.95960235595703,0.0,0.0
07/17/2018,84.30149841308594,0.0,0.0
07/18/2018,89.82150268554688,0.0,0.0
07/19/2018,86.89820098876953,0.0,0.0
07/20/2018,86.68199920654297,0.0,0.0
07/21/2018,82.6583023071289,0.0,0.0
07/22/2018,84.2645034790039,0.0,0.0
07/23/2018,83.23149871826172,0.0,0.0
07/24/2018,82.68299865722656,0.0,0.0
07/25/2018,88.6572036743164,0.0,0.0
07/26/2018,86.2771987915039,0.0,0.0
07/27/2018,83.7300033569336,0.0,0.0
07/28/2018,84.53690338134766,0.0,0.0
07/29/2018,84.0541000366211,0.0,0.0
07/30/2018,84.15399932861328,0.0,0.0
07/31/2018,82.68930053710938,0.0,0.0
08/01/2018,80.39080047607422,0.0,0.0
08/02/2018,77.71420288085938,0.0,0.0
08/03/2018,76.30180358886719,0.0,0.0
08/04/2018,77.42230224609375,0.0,0.0
08/05/2018,73.37909698486328,0.0,0.0
08/06/2018,75.06159973144531,0.0,0.0
08/07/2018,74.00309753417969,0.0,0.0
08/08/2018,68.16280364990234,0.0,0.0
08/09/2018,62.472999572753906,0.0,0.0
08/10/2018,63.974998474121094,0.0,0.0
08/11/2018,59.48759841918945,0.0,0.0
08/12/2018,58.217498779296875,0.0,0.0
08/13/2018,59.483699798583984,0.0,0.0
08/14/2018,57.004798889160156,0.0,0.0
08/15/2018,54.67900085449219,0.0,0.0
08/16/2018,54.5359992980957,0.0,0.0
08/17/2018,55.32939910888672,0.0,0.0
08/18/2018,61.556800842285156,0.0,0.0
08/19/2018,57.22269821166992,0.0,0.0
08/20/2018,57.90840148925781,0.0,0.0
08/21/2018,53.77159881591797,0.0,0.0
08/22/2018,56.65909957885742,0.0,0.0
08/23/2018,55.19369888305664,0.0,0.0
08/24/2018,57.60419845581055,0.0,0.0
08/25/2018,57.92359924316406,0.0,0.0
08/26/2018,58.05160140991211,0.0,0.0
08/27/2018,57.259300231933594,0.0,0.0
08/28/2018,60.22600173950195,0.0,0.0
08/29/2018,63.02920150756836,0.0,0.0
08/30/2018,61.76559829711914,0.0,0.0
08/31/2018,60.42279815673828,0.0,0.0
09/01/2018,61.738800048828125,0.0,0.0
09/02/2018,65.98480224609375,0.0,0.0
09/03/2018,65.81759643554688,0.0,0.0
09/04/2018,65.31990051269531,0.0,0.0
09/05/2018,67.66790008544922,0.0,0.0
09/06/2018,58.32099914550781,0.0,0.0
09/07/2018,57.342201232910156,0.0,0.0
09/08/2018,56.12670135498047,0.0,0.0
09/09/2018,53.27470016479492,0.0,0.0
09/10/2018,54.99369812011719,0.0,0.0
09/11/2018,54.6068000793457,0.0,0.0
09/12/2018,52.388999938964844,0.0,0.0
09/13/2018,51.88330078125,0.0,0.0
09/14/2018,54.64759826660156,0.0,0.0
09/15/2018,56.33689880371094,0.0,0.0
09/16/2018,56.58100128173828,0.0,0.0
09/17/2018,57.02009963989258,0.0,0.0
09/18/2018,52.293800354003906,0.0,0.0
09/19/2018,54.01750183105469,0.0,0.0
09/20/2018,54.372798919677734,0.0,0.0
09/21/2018,56.78269958496094,0.0,0.0
09/22/2018,60.81460189819336,0.0,0.0
09/23/2018,60.548301696777344,0.0,0.0
09/24/2018,61.339298248291016,0.0,0.0
09/25/2018,58.020999908447266,0.0,0.0
09/26/2018,57.44919967651367,0.0,0.0
09/27/2018,57.45000076293945,0.0,0.0
09/28/2018,63.17150115966797,0.0,0.0
09/29/2018,61.64350128173828,0.0,0.0
09/30/2018,61.625301361083984,0.0,0.0
10/01/2018,61.09859848022461,0.0,0.0
10/02/2018,60.30120086669922,0.0,0.0
10/03/2018,59.57550048828125,0.0,0.0
10/04/2018,57.52149963378906,0.0,0.0
10/05/2018,58.33150100708008,0.0,0.0
10/06/2018,58.875701904296875,0.0,0.0
10/07/2018,57.934898376464844,0.0,0.0
10/08/2018,58.2318000793457,0.0,0.0
10/09/2018,59.44540023803711,0.0,0.0
10/10/2018,58.664100646972656,0.0,0.0
10/11/2018,57.97639846801758,0.0,0.0
10/12/2018,50.87459945678711,0.0,0.0
10/13/2018,53.45610046386719,0.0,0.0
10/14/2018,53.50920104980469,0.0,0.0
10/15/2018,52.17380142211914,0.0,0.0
10/16/2018,54.9650993347168,0.0,0.0
10/17/2018,54.26490020751953,0.0,0.0
10/18/2018,53.71689987182617,0.0,0.0
10/19/2018,52.55229949951172,0.0,0.0
10/20/2018,53.06700134277344,0.0,0.0
10/21/2018,53.43470001220703,0.0,0.0
10/22/2018,52.78459930419922,0.0,0.0
10/23/2018,52.23699951171875,0.0,0.0
10/24/2018,52.45650100708008,0.0,0.0
10/25/2018,52.48809814453125,0.0,0.0
10/26/2018,52.219600677490234,0.0,0.0
10/27/2018,52.12779998779297,0.0,0.0
10/28/2018,52.05229949951172,0.0,0.0
10/29/2018,51.832698822021484,0.0,0.0
10/30/2018,48.996498107910156,0.0,0.0
10/31/2018,49.337799072265625,0.0,0.0
11/01/2018,49.56230163574219,0.0,0.0
11/02/2018,50.339500427246094,0.0,0.0
11/03/2018,51.29759979248047,0.0,0.0
11/04/2018,50.98619842529297,0.0,0.0
11/05/2018,53.593299865722656,0.0,0.0
11/06/2018,53.70249938964844,0.0,0.0
11/07/2018,56.04399871826172,0.0,0.0
11/08/2018,54.19240188598633,0.0,0.0
11/09/2018,52.36470031738281,0.0,0.0
11/10/2018,51.92679977416992,0.0,0.0
11/11/2018,52.31890106201172,0.0,0.0
11/12/2018,51.47710037231445,0.0,0.0
11/13/2018,50.6348991394043,0.0,0.0
11/14/2018,49.57889938354492,0.0,0.0
11/15/2018,43.727699279785156,0.0,0.0
11/16/2018,43.96110153198242,0.0,0.0
11/17/2018,42.488800048828125,0.0,0.0
11/18/2018,42.088199615478516,0.0,0.0
11/19/2018,42.33940124511719,0.0,0.0
11/20/2018,36.5724983215332,0.0,0.0
11/21/2018,33.06520080566406,0.0,0.0
11/22/2018,34.69279861450195,0.0,0.0
11/23/2018,32.02220153808594,0.0,0.0
11/24/2018,32.259700775146484,0.0,0.0
11/25/2018,29.2268009185791,0.0,0.0
11/26/2018,30.86870002746582,0.0,0.0
11/27/2018,29.40959930419922,0.0,0.0
11/28/2018,31.116899490356445,0.0,0.0
11/29/2018,34.71944046020508,0.0,0.0
11/30/2018,33.79917526245117,0.0,0.0
12/01/2018,32.13059616088867,0.0,0.0
12/02/2018,34.26240921020508,0.0,0.0
12/03/2018,33.8102912902832,0.0,0.0
12/04/2018,31.005577087402344,0.0,0.0
12/05/2018,31.215850830078125,0.0,0.0
12/06/2018,29.248985290527344,0.0,0.0
12/07/2018,26.90794563293457,0.0,0.0
12/08/2018,25.128456115722656,0.0,0.0
12/09/2018,24.8035945892334,0.0,0.0
12/10/2018,25.911685943603516,0.0,0.0
12/11/2018,24.60049057006836,0.0,0.0
12/12/2018,23.795936584472656,0.0,0.0
12/13/2018,24.530656814575195,0.0,0.0
12/14/2018,23.646480560302734,0.0,0.0
12/15/2018,23.462881088256836,0.0,0.0
12/16/2018,23.787988662719727,0.0,0.0
12/17/2018,25.682781219482422,0.0,0.0
12/18/2018,29.26650619506836,0.0,0.0
12/19/2018,30.32775115966797,0.0,0.0
12/20/2018,29.604042053222656,0.0,0.0
12/21/2018,32.732635498046875,0.0,0.0
12/22/2018,30.82662010192871,0.0,0.0
12/23/2018,31.99216651916504,0.0,0.0
12/24/2018,33.47358322143555,0.0,0.0
12/25/2018,33.40159606933594,0.0,0.0
12/26/2018,31.093463897705078,0.0,0.0
12/27/2018,30.962173461914062,0.0,0.0
12/28/2018,28.30059814453125,0.0,0.0
12/29/2018,32.55842590332031,0.0,0.0
12/30/2018,31.423141479492188,0.0,0.0
12/31/2018,31.97723388671875,0.0,0.0
01/01/2019,30.458393096923828,0.0,0.0
01/02/2019,32.0212287902832,0.0,0.0
01/03/2019,33.353572845458984,0.0,0.0
01/04/2019,32.01652526855469,0.0,0.0
01/05/2019,32.34554672241211,0.0,0.0
01/06/2019,34.84721755981445,0.0,0.0
01/07/2019,39.27975082397461,0.0,0.0
01/08/2019,37.91899108886719,0.0,0.0
01/09/2019,39.44645309448242,0.0,0.0
01/10/2019,38.98713684082031,0.0,0.0
01/11/2019,33.683475494384766,0.0,0.0
01/12/2019,32.456207275390625,0.0,0.0
01/13/2019,32.39582443237305,0.0,0.0
01/14/2019,30.378097534179688,0.0,0.0
01/15/2019,32.38420486450195,0.0,0.0
01/16/2019,31.438589096069336,0.0,0.0
01/17/2019,31.850112915039062,0.0,0.0
01/18/2019,31.913450241088867,0.0,0.0
01/19/2019,31.480209350585938,0.0,0.0
01/20/2019,32.49004364013672,0.0,0.0
01/21/2019,31.188655853271484,0.0,0.0
01/22/2019,31.21330451965332,0.0,0.0
01/23/2019,31.669023513793945,0.0,0.0
01/24/2019,32.042972564697266,0.0,0.0
01/25/2019,32.8204345703125,0.0,0.0
01/26/2019,32.967960357666016,0.0,0.0
01/27/2019,33.08196258544922,0.0,0.0
01/28/2019,32.51712417602539,0.0,0.0
01/29/2019,31.235544204711914,0.0,0.0
01/30/2019,31.066558837890625,0.0,0.0
01/31/2019,31.89085578918457,0.0,0.0
02/01/2019,31.71952247619629,0.0,0.0
02/02/2019,32.8179817199707,0.0,0.0
02/03/2019,34.431209564208984,0.0,0.0
02/04/2019,33.464359283447266,0.0,0.0
02/05/2019,34.00916290283203,0.0,0.0
02/06/2019,34.34730529785156,0.0,0.0
02/07/2019,32.9053955078125,0.0,0.0
02/08/2019,33.23527145385742,0.0,0.0
02/09/2019,43.02186584472656,0.0,0.0
02/10/2019,44.763633728027344,0.0,0.0
02/11/2019,46.881832122802734,0.0,0.0
02/12/2019,43.16887283325195,0.0,0.0
02/13/2019,43.83333969116211,0.0,0.0
02/14/2019,41.87549591064453,0.0,0.0
02/15/2019,41.64327621459961,0.0,0.0
02/16/2019,42.759765625,0.0,0.0
02/17/2019,43.39625930786133,0.0,0.0
02/18/2019,43.88195037841797,0.0,0.0
02/19/2019,48.13616943359375,0.0,0.0
02/20/2019,47.82089614868164,0.0,0.0
02/21/2019,51.835323333740234,0.0,0.0
02/22/2019,49.132930755615234,0.0,0.0
02/23/2019,49.67182159423828,0.0,0.0
02/24/2019,51.68029022216797,0.0,0.0
02/25/2019,44.57594680786133,0.0,0.0
02/26/2019,46.17646026611328,0.0,0.0
02/27/2019,45.49864196777344,0.0,0.0
02/28/2019,45.61649703979492,0.0,0.0
03/01/2019,46.23541259765625,0.0,0.0
03/02/2019,47.48123550415039,0.0,0.0
03/03/2019,49.02194595336914,0.0,0.0
03/04/2019,48.33495330810547,0.0,0.0
03/05/2019,46.523563385009766,0.0,0.0
03/06/2019,53.020225524902344,0.0,0.0
03/07/2019,55.8377685546875,0.0,0.0
03/08/2019,57.435508728027344,0.0,0.0
03/09/2019,56.00178146362305,0.0,0.0
03/10/2019,58.09852981567383,0.0,0.0
03/11/2019,57.18770217895508,0.0,0.0
03/12/2019,55.41301727294922,0.0,0.0
03/13/2019,57.07566452026367,0.0,0.0
03/14/2019,55.86001205444336,0.0,0.0
03/15/2019,56.5416374206543,0.0,0.0
03/16/2019,58.99413299560547,0.0,0.0
03/17/2019,61.881492614746094,0.0,0.0
03/18/2019,61.28428268432617,0.0,0.0
03/19/2019,60.22429656982422,0.0,0.0
03/20/2019,60.677913665771484,0.0,0.0
03/21/2019,60.86749267578125,0.0,0.0
03/22/2019,59.3026123046875,0.0,0.0
03/23/2019,59.79153060913086,0.0,0.0
03/24/2019,61.242916107177734,0.0,0.0
03/25/2019,60.30268096923828,0.0,0.0
03/26/2019,59.50830841064453,0.0,0.0
03/27/2019,59.40789794921875,0.0,0.0
03/28/2019,62.22245788574219,0.0,0.0
03/29/2019,61.16759490966797,0.0,0.0
03/30/2019,61.25409698486328,0.0,0.0
03/31/2019,60.63848114013672,0.0,0.0
04/01/2019,60.76983642578125,0.0,0.0
04/02/2019,60.70470428466797,0.0,0.0
04/03/2019,76.25630187988281,0.0,0.0
04/04/2019,85.1739273071289,0.0,0.0
04/05/2019,85.03794860839844,0.0,0.0
04/06/2019,88.70777130126953,0.0,0.0
04/07/2019,92.42137145996094,0.0,0.0
04/08/2019,92.32789611816406,0.0,0.0
04/09/2019,89.49773406982422,0.0,0.0
04/10/2019,86.77433013916016,0.0,0.0
04/11/2019,88.3935317993164,0.0,0.0
04/12/2019,79.63264465332031,0.0,0.0
04/13/2019,78.94670867919922,0.0,0.0
04/14/2019,78.20467376708984,0.0,0.0
04/15/2019,83.014892578125,0.0,0.0
04/16/2019,79.03822326660156,0.0,0.0
04/17/2019,81.35240936279297,0.0,0.0
04/18/2019,79.39220428466797,0.0,0.0
04/19/2019,82.09881591796875,0.0,0.0
04/20/2019,82.55038452148438,0.0,0.0
04/21/2019,81.52201843261719,0.0,0.0
04/22/2019,77.2944107055664,0.0,0.0
04/23/2019,76.85350036621094,0.0,0.0
04/24/2019,74.75387573242188,0.0,0.0
04/25/2019,73.24531555175781,0.0,0.0
04/26/2019,71.3633041381836,0.0,0.0
04/27/2019,73.21337127685547,0.0,0.0
04/28/2019,72.12030792236328,0.0,0.0
04/29/2019,69.78425598144531,0.0,0.0
04/30/2019,67.9505844116211,0.0,0.0
05/01/2019,74.30335235595703,0.0,0.0
05/02/2019,73.68275451660156,0.0,0.0
05/03/2019,73.76445007324219,0.0,0.0
05/04/2019,79.30793762207031,0.0,0.0
05/05/2019,78.00423431396484,0.0,0.0
05/06/2019,76.02898406982422,0.0,0.0
05/07/2019,74.97994232177734,0.0,0.0
05/08/2019,74.64736938476562,0.0,0.0
05/09/2019,74.59397888183594,0.0,0.0
05/10/2019,74.18959045410156,0.0,0.0
05/11/2019,77.16275024414062,0.0,0.0
05/12/2019,89.53929901123047,0.0,0.0
05/13/2019,84.63257598876953,0.0,0.0
05/14/2019,88.05304718017578,0.0,0.0
05/15/2019,91.66155242919922,0.0,0.0
05/16/2019,101.5731430053711,0.0,0.0
05/17/2019,95.63260650634766,0.0,0.0
05/18/2019,89.01001739501953,0.0,0.0
05/19/2019,86.67533111572266,0.0,0.0
05/20/2019,95.33937072753906,0.0,0.0
05/21/2019,91.57208251953125,0.0,0.0
05/22/2019,91.5051040649414,0.0,0.0
05/23/2019,88.1976089477539,0.0,0.0
05/24/2019,88.97394561767578,0.0,0.0
05/25/2019,100.04553985595703,0.0,0.0
05/26/2019,102.70059204101562,0.0,0.0
05/27/2019,111.43529510498047,0.0,0.0
05/28/2019,117.89189147949219,0.0,0.0
05/29/2019,114.92544555664062,0.0,0.0
05/30/2019,115.14059448242188,0.0,0.0
05/31/2019,108.69622039794922,0.0,0.0
06/01/2019,114.46625518798828,0.0,0.0
06/02/2019,112.71016693115234,0.0,0.0
06/03/2019,114.66870880126953,0.0,0.0
06/04/2019,107.37293243408203,0.0,0.0
06/05/2019,102.11949920654297,0.0,0.0
06/06/2019,103.80683135986328,0.0,0.0
06/07/2019,110.97515106201172,0.0,0.0
06/08/2019,117.278076171875,0.0,0.0
06/09/2019,118.5860595703125,0.0,0.0
06/10/2019,114.99555969238281,0.0,0.0
06/11/2019,129.26412963867188,0.0,0.0
06/12/2019,136.08583068847656,0.0,0.0
06/13/2019,135.68211364746094,0.0,0.0
06/14/2019,131.3140106201172,0.0,0.0
06/15/2019,133.1798095703125,0.0,0.0
06/16/2019,138.14878845214844,0.0,0.0
06/17/2019,137.12994384765625,0.0,0.0
06/18/2019,134.4720916748047,0.0,0.0
06/19/2019,135.1526641845703,0.0,0.0
06/20/2019,136.60227966308594,0.0,0.0
06/21/2019,135.50851440429688,0.0,0.0
06/22/2019,139.03695678710938,0.0,0.0
06/23/2019,141.94515991210938,0.0,0.0
06/24/2019,136.92086791992188,0.0,0.0
06/25/2019,135.58094787597656,0.0,0.0
06/26/2019,136.4770050048828,0.0,0.0
06/27/2019,131.22300720214844,0.0,0.0
06/28/2019,114.4111099243164,0.0,0.0
06/29/2019,120.15509796142578,0.0,0.0
06/30/2019,133.72463989257812,0.0,0.0
07/01/2019,122.1141357421875,0.0,0.0
07/02/2019,122.55633544921875,0.0,0.0
07/03/2019,119.33422088623047,0.0,0.0
07/04/2019,122.50275421142578,0.0,0.0
07/05/2019,119.83766174316406,0.0,0.0
07/06/2019,118.37871551513672,0.0,0.0
07/07/2019,118.02600860595703,0.0,0.0
07/08/2019,120.28349304199219,0.0,0.0
07/09/2019,123.24710083007812,0.0,0.0
07/10/2019,119.5009994506836,0.0,0.0
07/11/2019,108.57040405273438,0.0,0.0
07/12/2019,102.82732391357422,0.0,0.0
07/13/2019,105.28663635253906,0.0,0.0
07/14/2019,101.10679626464844,0.0,0.0
07/15/2019,89.85773468017578,0.0,0.0
07/16/2019,90.90007019042969,0.0,0.0
07/17/2019,79.4073257446289,0.0,0.0
07/18/2019,89.69473266601562,0.0,0.0
07/19/2019,101.08193969726562,0.0,0.0
07/20/2019,98.45692443847656,0.0,0.0
07/21/2019,100.50656127929688,0.0,0.0
07/22/2019,99.55789184570312,0.0,0.0
07/23/2019,95.40665435791016,0.0,0.0
07/24/2019,90.46114349365234,0.0,0.0
07/25/2019,94.35980987548828,0.0,0.0
07/26/2019,93.41134643554688,0.0,0.0
07/27/2019,94.31610870361328,0.0,0.0
07/28/2019,88.8858871459961,0.0,0.0
07/29/2019,89.77179718017578,0.0,0.0
07/30/2019,90.47145080566406,0.0,0.0
07/31/2019,90.47100067138672,0.0,0.0
08/01/2019,98.56668853759766,0.0,0.0
08/02/2019,99.1995849609375,0.0,0.0
08/03/2019,95.01681518554688,0.0,0.0
08/04/2019,94.5982437133789,0.0,0.0
08/05/2019,93.08528137207031,0.0,0.0
08/06/2019,96.88960266113281,0.0,0.0
08/07/2019,93.03887176513672,0.0,0.0
08/08/2019,90.91156768798828,0.0,0.0
08/09/2019,90.08919525146484,0.0,0.0
08/10/2019,84.3909912109375,0.0,0.0
08/11/2019,85.45075225830078,0.0,0.0
08/12/2019,89.702392578125,0.0,0.0
08/13/2019,85.74642944335938,0.0,0.0
08/14/2019,84.42034912109375,0.0,0.0
08/15/2019,76.13327026367188,0.0,0.0
08/16/2019,76.31524658203125,0.0,0.0
08/17/2019,74.90509033203125,0.0,0.0
08/18/2019,72.839599609375,0.0,0.0
08/19/2019,76.33711242675781,0.0,0.0
08/20/2019,77.29838562011719,0.0,0.0
08/21/2019,75.24427795410156,0.0,0.0
08/22/2019,72.95076751708984,0.0,0.0
08/23/2019,73.57733154296875,0.0,0.0
08/24/2019,75.40780639648438,0.0,0.0
08/25/2019,73.47003936767578,0.0,0.0
08/26/2019,72.32022857666016,0.0,0.0
08/27/2019,73.93386840820312,0.0,0.0
08/28/2019,72.90277099609375,0.0,0.0
08/29/2019,67.35533905029297,0.0,0.0
08/30/2019,64.08373260498047,0.0,0.0
08/31/2019,64.35909271240234,0.0,0.0
09/01/2019,64.55860900878906,0.0,0.0
09/02/2019,66.1136245727539,0.0,0.0
09/03/2019,66.99076843261719,0.0,0.0
09/04/2019,69.17649841308594,0.0,0.0
09/05/2019,67.3087387084961,0.0,0.0
09/06/2019,65.38672637939453,0.0,0.0
09/07/2019,65.23687744140625,0.0,0.0
09/08/2019,69.01606750488281,0.0,0.0
09/09/2019,70.61939239501953,0.0,0.0
09/10/2019,70.1321029663086,0.0,0.0
09/11/2019,70.87614440917969,0.0,0.0
09/12/2019,69.95857238769531,0.0,0.0
09/13/2019,69.23320770263672,0.0,0.0
09/14/2019,69.02195739746094,0.0,0.0
09/15/2019,70.58721923828125,0.0,0.0
09/16/2019,70.32331848144531,0.0,0.0
09/17/2019,72.59107208251953,0.0,0.0
09/18/2019,74.22852325439453,0.0,0.0
09/19/2019,77.91927337646484,0.0,0.0
09/20/2019,76.95783996582031,0.0,0.0
09/21/2019,75.18181610107422,0.0,0.0
09/22/2019,73.5092544555664,0.0,0.0
09/23/2019,72.61321258544922,0.0,0.0
09/24/2019,66.8441162109375,0.0,0.0
09/25/2019,55.834205627441406,0.0,0.0
09/26/2019,57.65776062011719,0.0,0.0
09/27/2019,55.56645202636719,0.0,0.0
09/28/2019,56.41657638549805,0.0,0.0
09/29/2019,55.70661544799805,0.0,0.0
09/30/2019,54.31433868408203,0.0,0.0
10/01/2019,56.0892333984375,0.0,0.0
10/02/2019,56.01337814331055,0.0,0.0
10/03/2019,56.5347900390625,0.0,0.0
10/04/2019,56.523712158203125,0.0,0.0
10/05/2019,56.80954360961914,0.0,0.0
10/06/2019,56.835426330566406,0.0,0.0
10/07/2019,55.34202575683594,0.0,0.0
10/08/2019,57.79338455200195,0.0,0.0
10/09/2019,57.42048263549805,0.0,0.0
10/10/2019,59.401573181152344,0.0,0.0
10/11/2019,57.76942443847656,0.0,0.0
10/12/2019,56.404388427734375,0.0,0.0
10/13/2019,55.94187545776367,0.0,0.0
10/14/2019,56.71815872192383,0.0,0.0
10/15/2019,57.007320404052734,0.0,0.0
10/16/2019,54.986629486083984,0.0,0.0
10/17/2019,52.89723205566406,0.0,0.0
10/18/2019,54.934757232666016,0.0,0.0
10/19/2019,53.46513366699219,0.0,0.0
10/20/2019,54.0631217956543,0.0,0.0
10/21/2019,54.91608810424805,0.0,0.0
10/22/2019,54.928260803222656,0.0,0.0
10/23/2019,53.75372314453125,0.0,0.0
10/24/2019,49.683433532714844,0.0,0.0
10/25/2019,50.114280700683594,0.0,0.0
10/26/2019,56.94597625732422,0.0,0.0
10/27/2019,56.8026237487793,0.0,0.0
10/28/2019,59.9197998046875,0.0,0.0
10/29/2019,58.051361083984375,0.0,0.0
10/30/2019,59.865325927734375,0.0,0.0
10/31/2019,58.36344528198242,0.0,0.0
11/01/2019,58.746315002441406,0.0,0.0
11/02/2019,58.57908630371094,0.0,0.0
11/03/2019,58.59210205078125,0.0,0.0
11/04/2019,58.59573745727539,0.0,0.0
11/05/2019,61.57742691040039,0.0,0.0
11/06/2019,63.34542465209961,0.0,0.0
11/07/2019,64.23900604248047,0.0,0.0
11/08/2019,61.87755584716797,0.0,0.0
11/09/2019,60.48675537109375,0.0,0.0
11/10/2019,61.89714431762695,0.0,0.0
11/11/2019,63.77915573120117,0.0,0.0
11/12/2019,61.93345260620117,0.0,0.0
11/13/2019,61.37042236328125,0.0,0.0
11/14/2019,61.077152252197266,0.0,0.0
11/15/2019,59.480594635009766,0.0,0.0
11/16/2019,57.788299560546875,0.0,0.0
11/17/2019,58.6047477722168,0.0,0.0
11/18/2019,59.570045471191406,0.0,0.0
11/19/2019,56.80416488647461,0.0,0.0
11/20/2019,55.63376998901367,0.0,0.0
11/21/2019,55.2841911315918,0.0,0.0
11/22/2019,50.87967300415039,0.0,0.0
11/23/2019,47.62232971191406,0.0,0.0
11/24/2019,48.71485900878906,0.0,0.0
11/25/2019,44.76981735229492,0.0,0.0
11/26/2019,45.81410598754883,0.0,0.0
11/27/2019,47.1645622253418,0.0,0.0
11/28/2019,48.00212478637695,0.0,0.0
11/29/2019,47.091339111328125,0.0,0.0
11/30/2019,48.912784576416016,0.0,0.0
12/01/2019,47.463897705078125,0.0,0.0
12/02/2019,47.65147018432617,0.0,0.0
12/03/2019,45.77547073364258,0.0,0.0
12/04/2019,45.39994812011719,0.0,0.0
12/05/2019,45.142642974853516,0.0,0.0
12/06/2019,45.28791046142578,0.0,0.0
12/07/2019,45.67373275756836,0.0,0.0
12/08/2019,45.68227005004883,0.0,0.0
12/09/2019,45.8999137878418,0.0,0.0
12/10/2019,45.012054443359375,0.0,0.0
12/11/2019,44.610557556152344,0.0,0.0
12/12/2019,43.92269515991211,0.0,0.0
12/13/2019,44.01126480102539,0.0,0.0
12/14/2019,44.44956970214844,0.0,0.0
12/15/2019,43.84593963623047,0.0,0.0
12/16/2019,43.78416061401367,0.0,0.0
12/17/2019,40.35862350463867,0.0,0.0
12/18/2019,37.116275787353516,0.0,0.0
12/19/2019,40.793453216552734,0.0,0.0
12/20/2019,39.93990707397461,0.0,0.0
12/21/2019,40.30481719970703,0.0,0.0
12/22/2019,40.01009750366211,0.0,0.0
12/23/2019,41.95431137084961,0.0,0.0
12/24/2019,40.862876892089844,0.0,0.0
12/25/2019,40.73456954956055,0.0,0.0
12/26/2019,40.60842514038086,0.0,0.0
12/27/2019,40.26174545288086,0.0,0.0
12/28/2019,41.165157318115234,0.0,0.0
12/29/2019,42.7977409362793,0.0,0.0
12/30/2019,43.75393295288086,0.0,0.0
12/31/2019,42.76611328125,0.0,0.0
01/01/2020,41.326534271240234,0.0,0.0
01/02/2020,42.01808547973633,0.0,0.0
01/03/2020,39.863128662109375,0.0,0.0
01/04/2020,42.38352584838867,0.0,0.0
01/05/2020,43.2913818359375,0.0,0.0
01/06/2020,43.6038932800293,0.0,0.0
01/07/2020,45.838680267333984,0.0,0.0
01/08/2020,46.4483528137207,0.0,0.0
01/09/2020,45.62226867675781,0.0,0.0
01/10/2020,45.21154022216797,0.0,0.0
01/11/2020,48.63385772705078,0.0,0.0
01/12/2020,49.319156646728516,0.0,0.0
01/13/2020,51.122310638427734,0.0,0.0
01/14/2020,49.69736099243164,0.0,0.0
01/15/2020,58.39026641845703,0.0,0.0
01/16/2020,58.0479621887207,0.0,0.0
01/17/2020,57.642967224121094,0.0,0.0
01/18/2020,61.302833557128906,0.0,0.0
01/19/2020,59.445709228515625,0.0,0.0
01/20/2020,57.78152847290039,0.0,0.0
01/21/2020,57.2335205078125,0.0,0.0
01/22/2020,57.639591217041016,0.0,0.0
01/23/2020,58.35038757324219,0.0,0.0
01/24/2020,54.64381408691406,0.0,0.0
01/25/2020,54.564056396484375,0.0,0.0
01/26/2020,53.68706512451172,0.0,0.0
01/27/2020,56.27534103393555,0.0,0.0
01/28/2020,58.76856231689453,0.0,0.0
01/29/2020,60.66376876831055,0.0,0.0
01/30/2020,60.013916015625,0.0,0.0
01/31/2020,68.17903900146484,0.0,0.0
02/01/2020,67.90851593017578,0.0,0.0
02/02/2020,70.8023452758789,0.0,0.0
02/03/2020,69.99258422851562,0.0,0.0
02/04/2020,69.76948547363281,0.0,0.0
02/05/2020,68.11460876464844,0.0,0.0
02/06/2020,72.53237915039062,0.0,0.0
02/07/2020,73.4679183959961,0.0,0.0
02/08/2020,74.39537811279297,0.0,0.0
02/09/2020,76.4490966796875,0.0,0.0
02/10/2020,77.14305114746094,0.0,0.0
02/11/2020,74.34607696533203,0.0,0.0
02/12/2020,76.49352264404297,0.0,0.0
02/13/2020,81.22972106933594,0.0,0.0
02/14/2020,80.3755111694336,0.0,0.0
02/15/2020,83.02545166015625,0.0,0.0
02/16/2020,76.72930908203125,0.0,0.0
02/17/2020,74.96808624267578,0.0,0.0
02/18/2020,73.18562316894531,0.0,0.0
02/19/2020,77.07551574707031,0.0,0.0
02/20/2020,70.98194885253906,0.0,0.0
02/21/2020,69.57044219970703,0.0,0.0
02/22/2020,73.4858627319336,0.0,0.0
02/23/2020,75.07401275634766,0.0,0.0
02/24/2020,79.55951690673828,0.0,0.0
02/25/2020,75.49539947509766,0.0,0.0
02/26/2020,71.18038177490234,0.0,0.0
02/27/2020,61.02792739868164,0.0,0.0
02/28/2020,61.43793487548828,0.0,0.0
02/29/2020,59.74873733520508,0.0,0.0
03/01/2020,58.53054428100586,0.0,0.0
03/02/2020,57.9840087890625,0.0,0.0
03/03/2020,61.020572662353516,0.0,0.0
03/04/2020,61.14349365234375,0.0,0.0
03/05/2020,60.40277862548828,0.0,0.0
03/06/2020,62.049888610839844,0.0,0.0
03/07/2020,63.02201461791992,0.0,0.0
03/08/2020,60.57911682128906,0.0,0.0
03/09/2020,51.638126373291016,0.0,0.0
03/10/2020,50.479827880859375,0.0,0.0
03/11/2020,50.26376724243164,0.0,0.0
03/12/2020,48.4492301940918,0.0,0.0
03/13/2020,31.004512786865234,0.0,0.0
03/14/2020,37.536197662353516,0.0,0.0
03/15/2020,34.40990447998047,0.0,0.0
03/16/2020,36.4459114074707,0.0,0.0
03/17/2020,32.9030876159668,0.0,0.0
03/18/2020,33.5556640625,0.0,0.0
03/19/2020,33.721717834472656,0.0,0.0
03/20/2020,39.10809326171875,0.0,0.0
03/21/2020,38.07786560058594,0.0,0.0
03/22/2020,38.37173843383789,0.0,0.0
03/23/2020,35.577430725097656,0.0,0.0
03/24/2020,38.74799346923828,0.0,0.0
03/25/2020,40.47945785522461,0.0,0.0
03/26/2020,39.17296600341797,0.0,0.0
03/27/2020,40.18333435058594,0.0,0.0
03/28/2020,38.862178802490234,0.0,0.0
03/29/2020,38.86528015136719,0.0,0.0
03/30/2020,37.264854431152344,0.0,0.0
03/31/2020,39.119136810302734,0.0,0.0
04/01/2020,39.28468704223633,0.0,0.0
04/02/2020,39.36347961425781,0.0,0.0
04/03/2020,39.887630462646484,0.0,0.0
04/04/2020,40.34457778930664,0.0,0.0
04/05/2020,40.69003677368164,0.0,0.0
04/06/2020,40.65878677368164,0.0,0.0
04/07/2020,44.402137756347656,0.0,0.0
04/08/2020,44.67862319946289,0.0,0.0
04/09/2020,46.3480339050293,0.0,0.0
04/10/2020,46.40034103393555,0.0,0.0
04/11/2020,42.25674057006836,0.0,0.0
04/12/2020,42.32083511352539,0.0,0.0
04/13/2020,42.49925231933594,0.0,0.0
04/14/2020,41.22285842895508,0.0,0.0
04/15/2020,41.08009338378906,0.0,0.0
04/16/2020,39.643714904785156,0.0,0.0
04/18/2020,42.7515983581543,0.0,0.0
04/19/2020,44.34800338745117,0.0,0.0
04/20/2020,42.674625396728516,0.0,0.0
04/21/2020,40.80962371826172,0.0,0.0
04/22/2020,40.99327087402344,0.0,0.0
04/23/2020,41.87773513793945,0.0,0.0
04/24/2020,42.99470901489258,0.0,0.0
04/25/2020,44.81520462036133,0.0,0.0
04/26/2020,44.71991729736328,0.0,0.0
04/27/2020,44.677433013916016,0.0,0.0
04/28/2020,44.7381706237793,0.0,0.0
04/29/2020,46.091522216796875,0.0,0.0
04/30/2020,49.14785385131836,0.0,0.0
05/01/2020,46.714263916015625,0.0,0.0
05/02/2020,47.77035903930664,0.0,0.0
05/03/2020,49.46495819091797,0.0,0.0
05/04/2020,48.24302673339844,0.0,0.0
05/05/2020,47.45029067993164,0.0,0.0
05/06/2020,46.768917083740234,0.0,0.0
05/07/2020,46.01960372924805,0.0,0.0
05/08/2020,47.30772399902344,0.0,0.0
05/09/2020,47.83945846557617,0.0,0.0
05/10/2020,47.26059341430664,0.0,0.0
05/11/2020,42.35826873779297,0.0,0.0
05/12/2020,41.73921585083008,0.0,0.0
05/13/2020,42.07453536987305,0.0,0.0
05/14/2020,43.09492111206055,0.0,0.0
05/15/2020,43.945838928222656,0.0,0.0
05/16/2020,42.85136032104492,0.0,0.0
05/17/2020,43.180320739746094,0.0,0.0
05/18/2020,43.64307403564453,0.0,0.0
05/19/2020,45.21331024169922,0.0,0.0
05/20/2020,45.38744354248047,0.0,0.0
05/21/2020,44.15623474121094,0.0,0.0
05/22/2020,42.730369567871094,0.0,0.0
05/23/2020,44.208248138427734,0.0,0.0
05/24/2020,44.018592834472656,0.0,0.0
05/25/2020,42.40567398071289,0.0,0.0
05/26/2020,42.92720031738281,0.0,0.0
05/27/2020,42.409095764160156,0.0,0.0
05/28/2020,43.87184524536133,0.0,0.0
05/29/2020,44.77653503417969,0.0,0.0
05/30/2020,44.63286590576172,0.0,0.0
05/31/2020,47.53927993774414,0.0,0.0
06/01/2020,45.5742301940918,0.0,0.0
06/02/2020,48.094390869140625,0.0,0.0
06/03/2020,45.92983627319336,0.0,0.0
06/04/2020,47.20063018798828,0.0,0.0
06/05/2020,47.674434661865234,0.0,0.0
06/06/2020,47.06672668457031,0.0,0.0
06/07/2020,46.7440185546875,0.0,0.0
06/08/2020,46.6591682434082,0.0,0.0
06/09/2020,46.47144317626953,0.0,0.0
06/10/2020,46.06926727294922,0.0,0.0
06/11/2020,46.6835823059082,0.0,0.0
06/12/2020,43.50072479248047,0.0,0.0
06/13/2020,44.79370880126953,0.0,0.0
06/14/2020,45.10382843017578,0.0,0.0
06/15/2020,44.08452606201172,0.0,0.0
06/16/2020,43.908958435058594,0.0,0.0
06/17/2020,43.882442474365234,0.0,0.0
06/18/2020,44.03235626220703,0.0,0.0
06/19/2020,43.556365966796875,0.0,0.0
06/20/2020,42.64627456665039,0.0,0.0
06/21/2020,43.337345123291016,0.0,0.0
06/22/2020,43.1092529296875,0.0,0.0
06/23/2020,44.19498825073242,0.0,0.0
06/24/2020,44.188140869140625,0.0,0.0
06/25/2020,42.86283493041992,0.0,0.0
06/26/2020,42.56430435180664,0.0,0.0
06/27/2020,43.280906677246094,0.0,0.0
06/28/2020,41.55556106567383,0.0,0.0
06/29/2020,41.42753219604492,0.0,0.0
06/30/2020,41.74396514892578,0.0,0.0
07/01/2020,41.43354034423828,0.0,0.0
07/02/2020,41.736717224121094,0.0,0.0
07/03/2020,41.47185516357422,0.0,0.0
07/04/2020,41.17314910888672,0.0,0.0
07/05/2020,42.022159576416016,0.0,0.0
07/06/2020,41.59807586669922,0.0,0.0
07/07/2020,43.96349334716797,0.0,0.0
07/08/2020,43.318397521972656,0.0,0.0
07/09/2020,45.1884880065918,0.0,0.0
07/10/2020,44.505367279052734,0.0,0.0
07/11/2020,44.25065612792969,0.0,0.0
07/12/2020,44.687767028808594,0.0,0.0
07/13/2020,44.63610076904297,0.0,0.0
07/14/2020,43.96921920776367,0.0,0.0
07/15/2020,43.790374755859375,0.0,0.0
07/16/2020,43.26382827758789,0.0,0.0
07/17/2020,42.0412712097168,0.0,0.0
07/18/2020,41.908267974853516,0.0,0.0
07/19/2020,42.425865173339844,0.0,0.0
07/20/2020,42.5511589050293,0.0,0.0
07/21/2020,41.973995208740234,0.0,0.0
07/22/2020,43.606788635253906,0.0,0.0
07/23/2020,44.93959426879883,0.0,0.0
07/24/2020,44.85010528564453,0.0,0.0
07/25/2020,44.107261657714844,0.0,0.0
07/26/2020,48.836585998535156,0.0,0.0
07/27/2020,47.973758697509766,0.0,0.0
07/28/2020,53.06098556518555,0.0,0.0
07/29/2020,55.591705322265625,0.0,0.0
07/30/2020,55.1008415222168,0.0,0.0
07/31/2020,56.654850006103516,0.0,0.0
08/01/2020,57.998138427734375,0.0,0.0
08/02/2020,61.259525299072266,0.0,0.0
08/03/2020,56.624900817871094,0.0,0.0
08/04/2020,58.46235275268555,0.0,0.0
08/05/2020,57.57620620727539,0.0,0.0
08/06/2020,58.98693084716797,0.0,0.0
08/07/2020,59.14830017089844,0.0,0.0
08/08/2020,57.205867767333984,0.0,0.0
08/09/2020,58.22804641723633,0.0,0.0
08/10/2020,57.116756439208984,0.0,0.0
08/11/2020,58.28884506225586,0.0,0.0
08/12/2020,54.366390228271484,0.0,0.0
08/13/2020,54.98871612548828,0.0,0.0
08/14/2020,57.70130157470703,0.0,0.0
08/15/2020,56.72636032104492,0.0,0.0
08/16/2020,59.94212341308594,0.0,0.0
08/17/2020,63.826541900634766,0.0,0.0
08/18/2020,67.05615997314453,0.0,0.0
08/19/2020,65.55464935302734,0.0,0.0
08/20/2020,62.01996612548828,0.0,0.0
08/21/2020,62.90597152709961,0.0,0.0
08/22/2020,59.36305618286133,0.0,0.0
08/23/2020,60.26280212402344,0.0,0.0
08/24/2020,60.623260498046875,0.0,0.0
08/25/2020,62.2150993347168,0.0,0.0
08/26/2020,58.442039489746094,0.0,0.0
08/27/2020,58.298702239990234,0.0,0.0
08/28/2020,56.10396194458008,0.0,0.0
08/29/2020,57.438873291015625,0.0,0.0
08/30/2020,57.20773696899414,0.0,0.0
08/31/2020,62.844058990478516,0.0,0.0
09/01/2020,61.10507583618164,0.0,0.0
09/02/2020,62.8713264465332,0.0,0.0
09/03/2020,58.013084411621094,0.0,0.0
09/04/2020,47.77921676635742,0.0,0.0
09/05/2020,50.619232177734375,0.0,0.0
09/06/2020,47.5965576171875,0.0,0.0
09/07/2020,48.0339241027832,0.0,0.0
09/08/2020,48.80512619018555,0.0,0.0
09/09/2020,47.377357482910156,0.0,0.0
09/10/2020,47.923194885253906,0.0,0.0
09/11/2020,48.716854095458984,0.0,0.0
09/12/2020,49.0577278137207,0.0,0.0
09/13/2020,50.760929107666016,0.0,0.0
09/14/2020,48.049659729003906,0.0,0.0
09/15/2020,49.11736297607422,0.0,0.0
09/16/2020,48.459632873535156,0.0,0.0
09/17/2020,47.98067092895508,0.0,0.0
09/18/2020,48.82827377319336,0.0,0.0
09/19/2020,48.48158645629883,0.0,0.0
09/20/2020,48.667938232421875,0.0,0.0
09/21/2020,47.1291389465332,0.0,0.0
09/22/2020,43.35946273803711,0.0,0.0
09/23/2020,44.56575393676758,0.0,0.0
09/24/2020,43.042057037353516,0.0,0.0
09/25/2020,45.04814910888672,0.0,0.0
09/26/2020,45.9804801940918,0.0,0.0
09/27/2020,46.049644470214844,0.0,0.0
09/28/2020,46.06364440917969,0.0,0.0
09/29/2020,45.2511100769043,0.0,0.0
09/30/2020,45.72024154663086,0.0,0.0
10/01/2020,46.2331657409668,0.0,0.0
10/02/2020,46.283145904541016,0.0,0.0
10/03/2020,44.98576354980469,0.0,0.0
10/04/2020,45.661476135253906,0.0,0.0
10/05/2020,46.74441146850586,0.0,0.0
10/06/2020,46.361366271972656,0.0,0.0
10/07/2020,46.023780822753906,0.0,0.0
10/08/2020,46.6353874206543,0.0,0.0
10/10/2020,47.77711868286133,0.0,0.0
10/11/2020,48.91490936279297,0.0,0.0
10/14/2020,50.00718307495117,0.0,0.0
10/15/2020,49.82561111450195,0.0,0.0
10/16/2020,49.53493118286133,0.0,0.0
10/17/2020,47.747188568115234,0.0,0.0
10/18/2020,47.059417724609375,0.0,0.0
10/19/2020,47.641456604003906,0.0,0.0
10/20/2020,48.10254669189453,0.0,0.0
10/21/2020,47.062843322753906,0.0,0.0
10/22/2020,53.015892028808594,0.0,0.0
10/23/2020,54.29941177368164,0.0,0.0
10/24/2020,55.23872756958008,0.0,0.0
10/25/2020,59.095584869384766,0.0,0.0
10/26/2020,58.67481994628906,0.0,0.0
10/27/2020,56.745750427246094,0.0,0.0
10/28/2020,57.816078186035156,0.0,0.0
10/29/2020,55.742557525634766,0.0,0.0
10/30/2020,54.765960693359375,0.0,0.0
10/31/2020,53.83503723144531,0.0,0.0
11/01/2020,55.59025955200195,0.0,0.0
11/02/2020,55.58732223510742,0.0,0.0
11/03/2020,53.81740951538086,0.0,0.0
11/04/2020,53.8194694519043,0.0,0.0
11/05/2020,54.50187301635742,0.0,0.0
11/06/2020,58.67619323730469,0.0,0.0
11/07/2020,63.13111114501953,0.0,0.0
11/08/2020,59.143646240234375,0.0,0.0
11/09/2020,61.055015563964844,0.0,0.0
11/10/2020,59.3654670715332,0.0,0.0
11/11/2020,58.237266540527344,0.0,0.0
11/12/2020,59.514549255371094,0.0,0.0
11/13/2020,60.36493682861328,0.0,0.0
11/14/2020,65.45719909667969,0.0,0.0
11/15/2020,63.77415466308594,0.0,0.0
11/16/2020,62.2799186706543,0.0,0.0
11/17/2020,73.5011215209961,0.0,0.0
11/18/2020,75.84986114501953,0.0,0.0
11/19/2020,73.6956787109375,0.0,0.0
11/20/2020,81.68363189697266,0.0,0.0
11/21/2020,82.5831527709961,0.0,0.0
11/22/2020,86.41011810302734,0.0,0.0
11/23/2020,82.70428466796875,0.0,0.0
11/24/2020,89.03275299072266,0.0,0.0
11/25/2020,89.20350646972656,0.0,0.0
11/26/2020,81.87519836425781,0.0,0.0
11/27/2020,70.88436889648438,0.0,0.0
11/28/2020,69.13182830810547,0.0,0.0
11/29/2020,72.69962310791016,0.0,0.0
11/30/2020,79.21046447753906,0.0,0.0
12/01/2020,87.57659912109375,0.0,0.0
12/02/2020,85.43756103515625,0.0,0.0
12/03/2020,88.87646484375,0.0,0.0
12/04/2020,89.10392761230469,0.0,0.0
12/05/2020,80.00739288330078,0.0,0.0
12/06/2020,83.11591339111328,0.0,0.0
12/07/2020,83.54549407958984,0.0,0.0
12/08/2020,83.61647033691406,0.0,0.0
12/09/2020,76.7384033203125,0.0,0.0
12/10/2020,77.4122085571289,0.0,0.0
12/11/2020,74.82575225830078,0.0,0.0
12/12/2020,72.0787124633789,0.0,0.0
12/13/2020,76.71316528320312,0.0,0.0
12/14/2020,82.02944946289062,0.0,0.0
12/15/2020,82.36437225341797,0.0,0.0
12/16/2020,81.41154479980469,0.0,0.0
12/17/2020,92.79939270019531,0.0,0.0
12/18/2020,100.98905181884766,0.0,0.0
12/19/2020,109.36553192138672,0.0,0.0
12/20/2020,120.49281311035156,0.0,0.0
12/21/2020,114.6683120727539,0.0,0.0
12/22/2020,104.95057678222656,0.0,0.0
12/23/2020,113.67897033691406,0.0,0.0
12/24/2020,101.89503479003906,0.0,0.0
12/25/2020,111.51172637939453,0.0,0.0
12/26/2020,127.07919311523438,0.0,0.0
12/27/2020,129.4566192626953,0.0,0.0
12/28/2020,127.58830261230469,0.0,0.0
12/29/2020,130.03326416015625,0.0,0.0
12/30/2020,129.06185913085938,0.0,0.0
12/31/2020,129.48028564453125,0.0,0.0
01/01/2021,124.67276763916016,0.0,0.0
01/02/2021,126.27296447753906,0.0,0.0
01/03/2021,136.94940185546875,0.0,0.0
01/04/2021,160.2711639404297,0.0,0.0
01/05/2021,154.89755249023438,0.0,0.0
01/06/2021,158.6659698486328,0.0,0.0
01/07/2021,169.06822204589844,0.0,0.0
01/08/2021,169.6415252685547,0.0,0.0
01/09/2021,173.25375366210938,0.0,0.0
01/10/2021,177.47718811035156,0.0,0.0
01/11/2021,171.09483337402344,0.0,0.0
01/12/2021,139.07998657226562,0.0,0.0
01/13/2021,132.658935546875,0.0,0.0
01/14/2021,147.37974548339844,0.0,0.0
01/15/2021,152.1115264892578,0.0,0.0
01/16/2021,144.1881866455078,0.0,0.0
01/17/2021,144.22483825683594,0.0,0.0
01/18/2021,142.4346466064453,0.0,0.0
01/19/2021,152.1975555419922,0.0,0.0
01/20/2021,153.35609436035156,0.0,0.0
01/21/2021,149.944091796875,0.0,0.0
01/22/2021,130.07383728027344,0.0,0.0
01/23/2021,137.19769287109375,0.0,0.0
01/24/2021,137.73870849609375,0.0,0.0
01/25/2021,141.4382781982422,0.0,0.0
01/26/2021,137.43292236328125,0.0,0.0
01/27/2021,134.75144958496094,0.0,0.0
01/28/2021,122.94125366210938,0.0,0.0
01/29/2021,138.21852111816406,0.0,0.0
01/30/2021,134.99925231933594,0.0,0.0
01/31/2021,133.41802978515625,0.0,0.0
02/01/2021,129.57460021972656,0.0,0.0
02/02/2021,131.95291137695312,0.0,0.0
02/03/2021,142.4767303466797,0.0,0.0
02/04/2021,155.65647888183594,0.0,0.0
02/05/2021,145.150634765625,0.0,0.0
02/06/2021,154.8540802001953,0.0,0.0
02/07/2021,155.66954040527344,0.0,0.0
02/08/2021,151.10751342773438,0.0,0.0
02/09/2021,167.2139892578125,0.0,0.0
02/10/2021,181.98745727539062,0.0,0.0
02/11/2021,182.062744140625,0.0,0.0
02/12/2021,184.38714599609375,0.0,0.0
02/13/2021,197.2343292236328,0.0,0.0
02/14/2021,226.28587341308594,0.0,0.0
02/15/2021,214.3249969482422,0.0,0.0
02/16/2021,207.61044311523438,0.0,0.0
02/17/2021,210.56903076171875,0.0,0.0
02/18/2021,236.94924926757812,0.0,0.0
02/19/2021,226.8992919921875,0.0,0.0
02/20/2021,236.6549072265625,0.0,0.0
02/21/2021,227.51962280273438,0.0,0.0
02/22/2021,227.22381591796875,0.0,0.0
02/23/2021,208.1234130859375,0.0,0.0
02/24/2021,176.96676635742188,0.0,0.0
02/25/2021,181.3854217529297,0.0,0.0
02/26/2021,179.12852478027344,0.0,0.0
02/27/2021,170.43142700195312,0.0,0.0
02/28/2021,172.10218811035156,0.0,0.0
03/01/2021,164.98313903808594,0.0,0.0
03/02/2021,175.20968627929688,0.0,0.0
03/03/2021,177.974365234375,0.0,0.0
03/04/2021,188.45831298828125,0.0,0.0
03/05/2021,181.0399627685547,0.0,0.0
03/06/2021,180.70632934570312,0.0,0.0
03/07/2021,182.99069213867188,0.0,0.0
03/08/2021,190.77127075195312,0.0,0.0
03/09/2021,191.94004821777344,0.0,0.0
03/10/2021,203.64158630371094,0.0,0.0
03/11/2021,200.4497528076172,0.0,0.0
03/12/2021,201.27366638183594,0.0,0.0
03/13/2021,220.86453247070312,0.0,0.0
03/14/2021,226.50550842285156,0.0,0.0
03/15/2021,215.22727966308594,0.0,0.0
03/16/2021,201.1912078857422,0.0,0.0
03/17/2021,201.0641632080078,0.0,0.0
03/18/2021,206.03314208984375,0.0,0.0
03/19/2021,200.4992218017578,0.0,0.0
03/20/2021,201.0334014892578,0.0,0.0
03/21/2021,200.8138427734375,0.0,0.0
03/22/2021,196.42990112304688,0.0,0.0
03/23/2021,187.06910705566406,0.0,0.0
03/24/2021,187.33908081054688,0.0,0.0
03/25/2021,177.58641052246094,0.0,0.0
03/26/2021,173.02218627929688,0.0,0.0
03/27/2021,184.2672882080078,0.0,0.0
03/28/2021,184.82435607910156,0.0,0.0
03/29/2021,185.01560974121094,0.0,0.0
03/30/2021,194.4708251953125,0.0,0.0
03/31/2021,196.68894958496094,0.0,0.0
04/01/2021,197.5243682861328,0.0,0.0
04/02/2021,204.05361938476562,0.0,0.0
04/03/2021,213.1597442626953,0.0,0.0
04/04/2021,197.10977172851562,0.0,0.0
04/05/2021,204.0477752685547,0.0,0.0
04/06/2021,221.61463928222656,0.0,0.0
04/07/2021,237.5615692138672,0.0,0.0
04/08/2021,219.84661865234375,0.0,0.0
04/09/2021,227.0221710205078,0.0,0.0
04/10/2021,221.7160186767578,0.0,0.0
04/11/2021,256.92132568359375,0.0,0.0
04/12/2021,253.17601013183594,0.0,0.0
04/13/2021,244.71218872070312,0.0,0.0
04/14/2021,267.23248291015625,0.0,0.0
04/15/2021,279.3411560058594,0.0,0.0
04/16/2021,286.2806701660156,0.0,0.0
04/17/2021,309.556640625,0.0,0.0
04/18/2021,304.64703369140625,0.0,0.0
04/19/2021,273.6451416015625,0.0,0.0
04/20/2021,261.2803039550781,0.0,0.0
04/21/2021,261.0679016113281,0.0,0.0
04/22/2021,258.0594177246094,0.0,0.0
04/23/2021,253.10479736328125,0.0,0.0
04/24/2021,241.45779418945312,0.0,0.0
04/25/2021,224.92184448242188,0.0,0.0
04/26/2021,223.9871368408203,0.0,0.0
04/27/2021,247.57827758789062,0.0,0.0
04/28/2021,259.79095458984375,0.0,0.0
04/29/2021,258.5769958496094,0.0,0.0
04/30/2021,255.45057678222656,0.0,0.0
05/01/2021,271.1426696777344,0.0,0.0
05/02/2021,276.9604187011719,0.0,0.0
05/03/2021,269.00830078125,0.0,0.0
05/04/2021,294.7742614746094,0.0,0.0
05/05/2021,305.1773986816406,0.0,0.0
05/06/2021,356.0221252441406,0.0,0.0
05/07/2021,354.5068359375,0.0,0.0
05/08/2021,345.296875,0.0,0.0
05/09/2021,347.09002685546875,0.0,0.0
05/10/2021,387.8691711425781,0.0,0.0
05/11/2021,359.2580871582031,0.0,0.0
05/12/2021,377.6705322265625,0.0,0.0
05/13/2021,310.1023864746094,0.0,0.0
05/14/2021,317.5172119140625,0.0,0.0
05/15/2021,326.3979187011719,0.0,0.0
05/16/2021,299.8179626464844,0.0,0.0
05/17/2021,296.0924377441406,0.0,0.0
05/18/2021,281.10333251953125,0.0,0.0
05/19/2021,294.6055908203125,0.0,0.0
05/20/2021,186.86627197265625,0.0,0.0
05/21/2021,210.93597412109375,0.0,0.0
05/22/2021,180.5387420654297,0.0,0.0
05/23/2021,169.68450927734375,0.0,0.0
05/24/2021,142.80264282226562,0.0,0.0
05/25/2021,185.03749084472656,0.0,0.0
05/26/2021,183.976318359375,0.0,0.0
05/27/2021,199.2351837158203,0.0,0.0
05/28/2021,193.99053955078125,0.0,0.0
05/29/2021,177.3782196044922,0.0,0.0
05/30/2021,163.80166625976562,0.0,0.0
05/31/2021,170.66888427734375,0.0,0.0
06/01/2021,188.1175537109375,0.0,0.0
06/02/2021,183.00299072265625,0.0,0.0
06/03/2021,187.4100799560547,0.0,0.0
06/04/2021,193.54904174804688,0.0,0.0
06/05/2021,178.7062225341797,0.0,0.0
06/06/2021,173.1466522216797,0.0,0.0
06/07/2021,176.539306640625,0.0,0.0
06/08/2021,162.04898071289062,0.0,0.0
06/09/2021,160.8913116455078,0.0,0.0
06/10/2021,172.47857666015625,0.0,0.0
06/11/2021,168.2439727783203,0.0,0.0
06/12/2021,162.97703552246094,0.0,0.0
06/13/2021,161.9825897216797,0.0,0.0
06/14/2021,170.85440063476562,0.0,0.0
06/15/2021,178.63372802734375,0.0,0.0
06/16/2021,175.3293914794922,0.0,0.0
06/17/2021,166.6033172607422,0.0,0.0
06/18/2021,167.23403930664062,0.0,0.0
06/19/2021,156.55419921875,0.0,0.0
06/20/2021,153.0144500732422,0.0,0.0
06/21/2021,154.97198486328125,0.0,0.0
06/22/2021,124.59527587890625,0.0,0.0
06/23/2021,119.67530822753906,0.0,0.0
06/24/2021,129.06080627441406,0.0,0.0
06/25/2021,134.59622192382812,0.0,0.0
06/26/2021,125.3934326171875,0.0,0.0
06/27/2021,126.89379119873047,0.0,0.0
06/28/2021,132.5926971435547,0.0,0.0
06/29/2021,137.61309814453125,0.0,0.0
06/30/2021,144.05044555664062,0.0,0.0
07/01/2021,144.1366424560547,0.0,0.0
07/02/2021,137.2992706298828,0.0,0.0
07/03/2021,136.9305877685547,0.0,0.0
07/04/2021,140.3179931640625,0.0,0.0
07/05/2021,144.84933471679688,0.0,0.0
07/06/2021,137.95167541503906,0.0,0.0
07/07/2021,138.9601593017578,0.0,0.0
07/08/2021,137.5182647705078,0.0,0.0
07/09/2021,132.1701202392578,0.0,0.0
07/10/2021,134.65133666992188,0.0,0.0
07/11/2021,133.98126220703125,0.0,0.0
07/12/2021,134.29124450683594,0.0,0.0
07/13/2021,133.48373413085938,0.0,0.0
07/14/2021,131.39901733398438,0.0,0.0
07/15/2021,131.13238525390625,0.0,0.0
07/16/2021,125.62896728515625,0.0,0.0
07/17/2021,120.94344329833984,0.0,0.0
07/18/2021,120.080810546875,0.0,0.0
07/19/2021,119.38440704345703,0.0,0.0
07/20/2021,113.24037170410156,0.0,0.0
07/21/2021,107.33421325683594,0.0,0.0
07/22/2021,117.63249969482422,0.0,0.0
07/23/2021,120.74201202392578,0.0,0.0
07/24/2021,124.21847534179688,0.0,0.0
07/25/2021,126.11593627929688,0.0,0.0
07/26/2021,127.65141296386719,0.0,0.0
07/27/2021,131.23289489746094,0.0,0.0
07/28/2021,134.7672119140625,0.0,0.0
07/29/2021,140.29916381835938,0.0,0.0
07/30/2021,141.8256072998047,0.0,0.0
