NEXTX,Shelton Green Alpha Fd,
Date,Price,Dividend,Annualized Dividend
03/14/2013,9.758479118347168,0.0,0.0
03/15/2013,9.709977149963379,0.0,0.0
03/18/2013,9.661476135253906,0.0,0.0
03/21/2013,9.680875778198242,0.0,0.0
03/25/2013,9.690576553344727,0.0,0.0
03/26/2013,9.719677925109863,0.0,0.0
04/01/2013,9.651776313781738,0.0,0.0
04/02/2013,9.612975120544434,0.0,0.0
04/03/2013,9.477170944213867,0.0,0.0
04/04/2013,9.554773330688477,0.0,0.0
04/05/2013,9.515972137451172,0.0,0.0
04/08/2013,9.593574523925781,0.0,0.0
04/09/2013,9.826380729675293,0.0,0.0
04/10/2013,9.933083534240723,0.0,0.0
04/11/2013,9.962185859680176,0.0,0.0
04/15/2013,9.632375717163086,0.0,0.0
04/16/2013,9.80698013305664,0.0,0.0
04/17/2013,9.56447219848633,0.0,0.0
04/19/2013,9.603273391723633,0.0,0.0
04/23/2013,9.83608150482178,0.0,0.0
04/24/2013,10.030086517333984,0.0,0.0
04/25/2013,10.117388725280762,0.0,0.0
04/26/2013,10.088287353515625,0.0,0.0
04/29/2013,10.233792304992676,0.0,0.0
04/30/2013,10.243492126464844,0.0,0.0
05/02/2013,10.175590515136717,0.0,0.0
05/03/2013,10.321094512939451,0.0,0.0
05/06/2013,10.427797317504881,0.0,0.0
05/07/2013,10.330795288085938,0.0,0.0
05/08/2013,10.447197914123535,0.0,0.0
05/09/2013,10.553901672363281,0.0,0.0
05/10/2013,10.728507041931154,0.0,0.0
05/13/2013,10.912811279296875,0.0,0.0
05/14/2013,10.932211875915527,0.0,0.0
05/15/2013,11.058314323425295,0.0,0.0
05/16/2013,11.038915634155272,0.0,0.0
05/17/2013,11.281421661376953,0.0,0.0
05/20/2013,11.533629417419434,0.0,0.0
05/21/2013,11.44632625579834,0.0,0.0
05/22/2013,11.2620210647583,0.0,0.0
05/23/2013,11.329923629760742,0.0,0.0
05/24/2013,11.378423690795897,0.0,0.0
05/28/2013,11.562729835510254,0.0,0.0
05/29/2013,11.456027030944824,0.0,0.0
05/30/2013,11.591830253601074,0.0,0.0
05/31/2013,11.397825241088867,0.0,0.0
06/04/2013,11.291122436523436,0.0,0.0
06/05/2013,11.174718856811525,0.0,0.0
06/07/2013,11.349323272705078,0.0,0.0
06/10/2013,11.553029060363768,0.0,0.0
06/11/2013,11.339622497558594,0.0,0.0
06/12/2013,11.184417724609375,0.0,0.0
06/13/2013,11.310522079467773,0.0,0.0
06/18/2013,11.523929595947267,0.0,0.0
06/19/2013,11.388125419616697,0.0,0.0
06/20/2013,11.068014144897461,0.0,0.0
06/24/2013,10.815807342529297,0.0,0.0
06/25/2013,11.048614501953125,0.0,0.0
06/26/2013,11.106816291809082,0.0,0.0
06/27/2013,11.223218917846678,0.0,0.0
07/01/2013,11.359023094177248,0.0,0.0
07/09/2013,11.543329238891602,0.0,0.0
07/10/2013,11.64033317565918,0.0,0.0
07/11/2013,11.88283920288086,0.0,0.0
07/12/2013,11.970142364501953,0.0,0.0
07/15/2013,12.144746780395508,0.0,0.0
07/16/2013,12.018643379211426,0.0,0.0
07/17/2013,12.076845169067381,0.0,0.0
07/18/2013,12.105944633483887,0.0,0.0
07/22/2013,12.173847198486328,0.0,0.0
07/24/2013,12.047744750976562,0.0,0.0
07/26/2013,12.164146423339844,0.0,0.0
07/29/2013,12.086545944213867,0.0,0.0
07/30/2013,12.125345230102539,0.0,0.0
08/02/2013,12.19324779510498,0.0,0.0
08/05/2013,12.309650421142578,0.0,0.0
08/07/2013,11.921640396118164,0.0,0.0
08/08/2013,12.008943557739258,0.0,0.0
08/09/2013,12.028343200683594,0.0,0.0
08/12/2013,12.0671443939209,0.0,0.0
08/15/2013,11.611230850219727,0.0,0.0
08/16/2013,11.669432640075684,0.0,0.0
08/20/2013,11.620930671691895,0.0,0.0
08/21/2013,11.650032997131348,0.0,0.0
08/22/2013,11.863437652587889,0.0,0.0
08/23/2013,11.941040992736816,0.0,0.0
08/26/2013,11.90224075317383,0.0,0.0
08/27/2013,11.601531028747557,0.0,0.0
08/29/2013,11.717934608459473,0.0,0.0
09/05/2013,11.834338188171387,0.0,0.0
09/06/2013,11.795536994934084,0.0,0.0
09/09/2013,11.979842185974121,0.0,0.0
09/10/2013,12.183547973632812,0.0,0.0
09/12/2013,12.05744457244873,0.0,0.0
09/13/2013,12.115644454956055,0.0,0.0
09/17/2013,12.251448631286621,0.0,0.0
09/18/2013,12.416354179382322,0.0,0.0
09/19/2013,12.474555969238281,0.0,0.0
09/20/2013,12.435754776000977,0.0,0.0
09/23/2013,12.358152389526367,0.0,0.0
09/24/2013,12.464856147766113,0.0,0.0
09/25/2013,12.561857223510742,0.0,0.0
09/26/2013,12.590959548950195,0.0,0.0
09/27/2013,12.581259727478027,0.0,0.0
10/01/2013,12.755864143371582,0.0,0.0
10/02/2013,12.717062950134277,0.0,0.0
10/03/2013,12.639460563659668,0.0,0.0
10/04/2013,12.746164321899414,0.0,0.0
10/07/2013,12.678260803222656,0.0,0.0
10/08/2013,12.48425579071045,0.0,0.0
10/09/2013,12.455156326293947,0.0,0.0
10/10/2013,12.72676372528076,0.0,0.0
10/11/2013,12.940169334411623,0.0,0.0
10/14/2013,13.037171363830566,0.0,0.0
10/16/2013,13.134175300598145,0.0,0.0
10/17/2013,13.221476554870607,0.0,0.0
10/18/2013,13.473684310913086,0.0,0.0
10/21/2013,13.493083953857424,0.0,0.0
10/22/2013,13.560986518859865,0.0,0.0
10/23/2013,13.396082878112793,0.0,0.0
10/24/2013,13.502784729003906,0.0,0.0
10/28/2013,13.415482521057127,0.0,0.0
10/29/2013,13.570687294006348,0.0,0.0
10/30/2013,13.405781745910645,0.0,0.0
11/04/2013,13.832594871520996,0.0,0.0
11/05/2013,13.8713960647583,0.0,0.0
11/06/2013,13.735590934753418,0.0,0.0
11/07/2013,13.357280731201172,0.0,0.0
11/08/2013,13.61918830871582,0.0,0.0
11/11/2013,13.74529266357422,0.0,0.0
11/12/2013,13.648289680480957,0.0,0.0
11/13/2013,13.84229564666748,0.0,0.0
11/14/2013,13.861695289611816,0.0,0.0
11/15/2013,13.919898033142092,0.0,0.0
11/18/2013,13.764692306518556,0.0,0.0
11/19/2013,13.551286697387694,0.0,0.0
11/20/2013,13.531886100769043,0.0,0.0
11/25/2013,13.63858890533447,0.0,0.0
11/26/2013,13.72589111328125,0.0,0.0
12/02/2013,13.706491470336914,0.0,0.0
12/04/2013,13.71619129180908,0.0,0.0
12/05/2013,13.687090873718262,0.0,0.0
12/10/2013,13.677390098571776,0.0,0.0
12/11/2013,13.425182342529295,0.0,0.0
12/13/2013,13.454283714294432,0.0,0.0
12/17/2013,13.754992485046387,0.0,0.0
12/19/2013,13.900496482849121,0.0,0.0
12/20/2013,13.9975004196167,0.0,0.0
12/23/2013,14.143003463745117,0.0,0.0
12/24/2013,14.181804656982422,0.0,0.0
12/26/2013,14.249706268310547,0.0,0.0
12/27/2013,14.2691068649292,0.0,0.0
12/30/2013,14.356409072875977,0.0,0.0
12/31/2013,14.395210266113281,0.0,0.0
01/02/2014,14.501914024353027,0.0,0.0
01/03/2014,14.540714263916016,0.0,0.0
01/06/2014,14.434011459350588,0.0,0.0
01/07/2014,14.695919036865234,0.0,0.0
01/08/2014,14.744421005249023,0.0,0.0
01/09/2014,14.686219215393066,0.0,0.0
01/10/2014,14.754121780395508,0.0,0.0
01/13/2014,14.463112831115724,0.0,0.0
01/14/2014,14.822022438049318,0.0,0.0
01/15/2014,15.045129776000975,0.0,0.0
01/16/2014,15.180933952331543,0.0,0.0
01/17/2014,15.083930969238281,0.0,0.0
01/21/2014,15.151832580566406,0.0,0.0
01/22/2014,15.239135742187502,0.0,0.0
01/23/2014,15.03542900085449,0.0,0.0
01/24/2014,14.482513427734377,0.0,0.0
01/27/2014,14.298206329345705,0.0,0.0
01/28/2014,14.569815635681154,0.0,0.0
01/30/2014,14.618317604064943,0.0,0.0
01/31/2014,14.472812652587889,0.0,0.0
02/03/2014,13.94899845123291,0.0,0.0
02/04/2014,14.104202270507812,0.0,0.0
02/06/2014,14.113903045654299,0.0,0.0
02/07/2014,14.327309608459473,0.0,0.0
02/10/2014,14.385510444641112,0.0,0.0
02/11/2014,14.443712234497072,0.0,0.0
02/12/2014,14.521314620971681,0.0,0.0
02/13/2014,14.676519393920898,0.0,0.0
02/14/2014,14.666817665100098,0.0,0.0
02/18/2014,14.928727149963379,0.0,0.0
02/19/2014,14.734720230102539,0.0,0.0
02/20/2014,14.93842601776123,0.0,0.0
02/21/2014,14.851123809814453,0.0,0.0
02/25/2014,15.113031387329102,0.0,0.0
02/27/2014,15.316737174987793,0.0,0.0
02/28/2014,15.277935981750488,0.0,0.0
03/03/2014,15.093630790710447,0.0,0.0
03/04/2014,15.588343620300293,0.0,0.0
03/05/2014,15.617445945739746,0.0,0.0
03/06/2014,15.695048332214357,0.0,0.0
03/07/2014,15.598043441772463,0.0,0.0
03/10/2014,15.530142784118652,0.0,0.0
03/11/2014,15.219734191894531,0.0,0.0
03/12/2014,15.336137771606445,0.0,0.0
03/14/2014,15.01602840423584,0.0,0.0
03/17/2014,15.30703639984131,0.0,0.0
03/18/2014,15.510742187499998,0.0,0.0
03/19/2014,15.462240219116211,0.0,0.0
03/20/2014,15.539843559265137,0.0,0.0
03/21/2014,15.442840576171873,0.0,0.0
03/25/2014,15.287635803222656,0.0,0.0
03/26/2014,14.909325599670412,0.0,0.0
03/28/2014,14.98692798614502,0.0,0.0
03/31/2014,15.171234130859375,0.0,0.0
04/01/2014,15.433140754699709,0.0,0.0
04/02/2014,15.568943977355955,0.0,0.0
04/03/2014,15.3943395614624,0.0,0.0
04/08/2014,14.860824584960938,0.0,0.0
04/09/2014,15.122732162475584,0.0,0.0
04/10/2014,14.579515457153322,0.0,0.0
04/11/2014,14.337008476257326,0.0,0.0
04/16/2014,14.560115814208984,0.0,0.0
04/17/2014,14.589216232299803,0.0,0.0
04/22/2014,14.996628761291506,0.0,0.0
04/23/2014,14.831723213195803,0.0,0.0
04/25/2014,14.5504150390625,0.0,0.0
04/30/2014,14.37580966949463,0.0,0.0
05/01/2014,14.414609909057619,0.0,0.0
05/06/2014,14.172103881835938,0.0,0.0
05/07/2014,14.04599952697754,0.0,0.0
05/08/2014,13.978098869323732,0.0,0.0
05/09/2014,14.084802627563475,0.0,0.0
05/14/2014,14.123603820800781,0.0,0.0
05/15/2014,13.929597854614258,0.0,0.0
05/20/2014,13.822895050048828,0.0,0.0
05/21/2014,14.00719928741455,0.0,0.0
05/23/2014,14.317607879638674,0.0,0.0
05/27/2014,14.511613845825194,0.0,0.0
05/29/2014,14.608616828918457,0.0,0.0
06/02/2014,14.424310684204103,0.0,0.0
06/06/2014,14.637718200683596,0.0,0.0
06/09/2014,14.715319633483887,0.0,0.0
06/13/2014,14.657117843627931,0.0,0.0
06/16/2014,14.812323570251465,0.0,0.0
06/17/2014,15.13243293762207,0.0,0.0
06/18/2014,15.248835563659668,0.0,0.0
06/19/2014,15.200334548950194,0.0,0.0
06/24/2014,15.054830551147461,0.0,0.0
06/27/2014,15.326436996459961,0.0,0.0
06/30/2014,15.413740158081055,0.0,0.0
07/01/2014,15.52044200897217,0.0,0.0
07/02/2014,15.45254135131836,0.0,0.0
07/03/2014,15.471940994262695,0.0,0.0
07/07/2014,15.229434013366697,0.0,0.0
07/09/2014,14.977226257324219,0.0,0.0
07/10/2014,14.841423034667967,0.0,0.0
07/11/2014,14.87052536010742,0.0,0.0
07/14/2014,15.00632953643799,0.0,0.0
07/16/2014,14.880225181579592,0.0,0.0
07/18/2014,14.889925956726074,0.0,0.0
07/23/2014,14.899624824523928,0.0,0.0
07/31/2014,14.346709251403807,0.0,0.0
08/01/2014,14.24000644683838,0.0,0.0
08/07/2014,14.598917007446289,0.0,0.0
08/14/2014,15.025729179382326,0.0,0.0
08/15/2014,15.064530372619629,0.0,0.0
08/19/2014,15.365238189697264,0.0,0.0
08/21/2014,15.384637832641602,0.0,0.0
08/28/2014,15.355537414550781,0.0,0.0
08/29/2014,15.42343997955322,0.0,0.0
09/03/2014,15.48164176940918,0.0,0.0
09/04/2014,15.491342544555666,0.0,0.0
09/05/2014,15.559245109558105,0.0,0.0
09/09/2014,15.345836639404297,0.0,0.0
09/23/2014,14.773521423339844,0.0,0.0
09/26/2014,14.783221244812012,0.0,0.0
09/29/2014,14.725020408630371,0.0,0.0
10/03/2014,14.404911041259766,0.0,0.0
10/06/2014,14.13330364227295,0.0,0.0
10/08/2014,14.065402030944826,0.0,0.0
10/10/2014,13.202075958251953,0.0,0.0
10/13/2014,12.930468559265137,0.0,0.0
10/14/2014,13.06627368927002,0.0,0.0
10/16/2014,13.33788013458252,0.0,0.0
10/17/2014,13.366979598999023,0.0,0.0
10/20/2014,13.54158592224121,0.0,0.0
10/21/2014,13.793793678283691,0.0,0.0
10/24/2014,13.774392127990723,0.0,0.0
10/28/2014,14.075102806091309,0.0,0.0
11/04/2014,14.230305671691895,0.0,0.0
11/05/2014,14.16240406036377,0.0,0.0
11/26/2014,14.492213249206543,0.0,0.0
12/01/2014,13.890795707702638,0.0,0.0
12/02/2014,14.036300659179686,0.0,0.0
12/05/2014,14.21090507507324,0.0,0.0
12/08/2014,13.91019630432129,0.0,0.0
12/11/2014,13.784093856811523,0.0,0.0
12/17/2014,13.599787712097168,0.0,0.0
12/18/2014,13.881096839904785,0.0,0.0
12/30/2014,14.22060489654541,0.0,0.0
01/07/2015,13.667690277099611,0.0,0.0
01/14/2015,13.657989501953127,0.0,0.0
01/15/2015,13.37668228149414,0.0,0.0
01/21/2015,13.4639835357666,0.0,0.0
02/06/2015,14.259406089782715,0.0,0.0
02/18/2015,14.62801742553711,0.0,0.0
02/26/2015,14.948126792907715,0.0,0.0
03/02/2015,15.074230194091799,0.0,0.0
03/13/2015,14.647418022155762,0.0,0.0
03/18/2015,15.103330612182619,0.0,0.0
03/20/2015,15.16153335571289,0.0,0.0
03/24/2015,15.297337532043457,0.0,0.0
03/27/2015,14.919025421142578,0.0,0.0
03/31/2015,14.957826614379883,0.0,0.0
04/07/2015,15.210034370422362,0.0,0.0
04/13/2015,15.374938964843748,0.0,0.0
04/17/2015,15.190633773803713,0.0,0.0
04/23/2015,15.501041412353517,0.0,0.0
05/08/2015,15.268235206604002,0.0,0.0
05/21/2015,15.404039382934569,0.0,0.0
06/26/2015,15.142132759094237,0.0,0.0
06/30/2015,14.763821601867678,0.0,0.0
07/08/2015,14.152704238891602,0.0,0.0
07/30/2015,14.278806686401369,0.0,0.0
08/07/2015,14.055702209472656,0.0,0.0
08/13/2015,14.016900062561033,0.0,0.0
08/21/2015,12.96926975250244,0.0,0.0
08/24/2015,12.600659370422363,0.0,0.0
08/26/2015,12.891668319702148,0.0,0.0
08/27/2015,13.279678344726562,0.0,0.0
08/28/2015,13.328179359436035,0.0,0.0
08/31/2015,13.260278701782227,0.0,0.0
09/01/2015,12.872267723083494,0.0,0.0
09/02/2015,13.105073928833008,0.0,0.0
09/03/2015,13.114774703979492,0.0,0.0
09/04/2015,12.9110689163208,0.0,0.0
09/08/2015,13.231176376342775,0.0,0.0
09/09/2015,13.095373153686523,0.0,0.0
09/10/2015,13.124475479125978,0.0,0.0
09/11/2015,13.153574943542482,0.0,0.0
09/14/2015,13.085673332214355,0.0,0.0
09/17/2015,13.44458293914795,0.0,0.0
09/23/2015,12.765564918518065,0.0,0.0
09/24/2015,12.73646354675293,0.0,0.0
09/25/2015,12.668561935424805,0.0,0.0
09/28/2015,12.319352149963379,0.0,0.0
10/01/2015,12.542457580566406,0.0,0.0
10/02/2015,12.901369094848631,0.0,0.0
10/05/2015,13.1826753616333,0.0,0.0
10/06/2015,13.172974586486816,0.0,0.0
10/08/2015,13.512486457824705,0.0,0.0
10/09/2015,13.628889083862305,0.0,0.0
10/14/2015,13.483383178710936,0.0,0.0
10/16/2015,13.609487533569336,0.0,0.0
10/22/2015,13.522185325622557,0.0,0.0
10/26/2015,13.580387115478516,0.0,0.0
10/27/2015,13.386382102966309,0.0,0.0
11/12/2015,13.143876075744629,0.0,0.0
11/13/2015,13.00807189941406,0.0,0.0
11/16/2015,13.299078941345215,0.0,0.0
12/02/2015,13.939298629760742,0.0,0.0
12/04/2015,13.987798690795898,0.0,0.0
01/11/2016,13.046872138977049,0.0,0.0
01/12/2016,13.056571960449219,0.0,0.0
01/13/2016,12.687961578369139,0.0,0.0
01/14/2016,12.823766708374023,0.0,0.0
01/15/2016,12.40665340423584,0.0,0.0
01/21/2016,12.396953582763672,0.0,0.0
01/22/2016,12.707364082336426,0.0,0.0
01/28/2016,12.493956565856934,0.0,0.0
01/29/2016,12.862567901611328,0.0,0.0
02/02/2016,12.53275775909424,0.0,0.0
02/03/2016,12.610360145568846,0.0,0.0
02/05/2016,12.348451614379883,0.0,0.0
02/10/2016,11.844038009643555,0.0,0.0
02/12/2016,11.892539978027346,0.0,0.0
02/22/2016,12.81406593322754,0.0,0.0
02/23/2016,12.65886116027832,0.0,0.0
02/24/2016,12.920768737792969,0.0,0.0
02/25/2016,12.988671302795408,0.0,0.0
03/02/2016,13.3087797164917,0.0,0.0
03/08/2016,13.289378166198729,0.0,0.0
03/09/2016,13.434884071350098,0.0,0.0
03/14/2016,13.590087890625,0.0,0.0
04/20/2016,13.958699226379395,0.0,0.0
05/04/2016,13.240876197814943,0.0,0.0
05/06/2016,13.250577926635742,0.0,0.0
05/13/2016,13.027472496032717,0.0,0.0
05/23/2016,13.347579956054688,0.0,0.0
06/02/2016,13.803493499755858,0.0,0.0
06/24/2016,13.075972557067871,0.0,0.0
06/28/2016,13.01777172088623,0.0,0.0
07/20/2016,14.201205253601076,0.0,0.0
07/27/2016,14.366110801696777,0.0,0.0
07/29/2016,14.307908058166504,0.0,0.0
08/02/2016,14.288506507873535,0.0,0.0
08/16/2016,14.094502449035645,0.0,0.0
09/22/2016,13.968398094177246,0.0,0.0
10/07/2016,13.813194274902344,0.0,0.0
10/27/2016,13.69679069519043,0.0,0.0
11/04/2016,13.192376136779787,0.0,0.0
12/09/2016,13.85199451446533,0.0,0.0
01/10/2017,14.026599884033203,0.0,0.0
02/03/2017,14.191506385803223,0.0,0.0
02/17/2017,14.792922019958496,0.0,0.0
03/10/2017,14.7056188583374,0.0,0.0
03/31/2017,14.967527389526367,0.0,0.0
05/05/2017,15.782349586486818,0.0,0.0
05/08/2017,15.772649765014648,0.0,0.0
05/09/2017,15.84055233001709,0.0,0.0
05/10/2017,15.918154716491697,0.0,0.0
05/11/2017,15.869652748107912,0.0,0.0
05/12/2017,15.85025215148926,0.0,0.0
05/15/2017,15.976354598999023,0.0,0.0
05/16/2017,15.966654777526855,0.0,0.0
05/18/2017,15.675646781921385,0.0,0.0
05/19/2017,15.879354476928711,0.0,0.0
05/22/2017,15.995756149291992,0.0,0.0
05/24/2017,16.063655853271484,0.0,0.0
05/25/2017,16.17036247253418,0.0,0.0
05/26/2017,16.083059310913086,0.0,0.0
05/30/2017,16.150962829589844,0.0,0.0
05/31/2017,16.092758178710938,0.0,0.0
06/01/2017,16.27706527709961,0.0,0.0
06/02/2017,16.35466766357422,0.0,0.0
06/06/2017,16.30616569519043,0.0,0.0
06/08/2017,16.54867172241211,0.0,0.0
06/12/2017,16.218860626220703,0.0,0.0
06/13/2017,16.38376808166504,0.0,0.0
06/14/2017,16.267366409301758,0.0,0.0
06/15/2017,16.102458953857422,0.0,0.0
06/19/2017,16.247962951660156,0.0,0.0
06/20/2017,16.12186050415039,0.0,0.0
06/22/2017,16.422571182250977,0.0,0.0
06/27/2017,16.432268142700195,0.0,0.0
06/28/2017,16.645673751831055,0.0,0.0
06/30/2017,16.52927017211914,0.0,0.0
07/05/2017,16.4710693359375,0.0,0.0
07/06/2017,16.31586456298828,0.0,0.0
07/07/2017,16.490468978881836,0.0,0.0
07/10/2017,16.509870529174805,0.0,0.0
07/11/2017,16.5971736907959,0.0,0.0
07/12/2017,16.81058120727539,0.0,0.0
07/13/2017,16.80087661743164,0.0,0.0
07/14/2017,16.965784072875977,0.0,0.0
07/17/2017,16.956083297729492,0.0,0.0
07/18/2017,17.08218765258789,0.0,0.0
07/19/2017,17.29559326171875,0.0,0.0
07/20/2017,17.256793975830078,0.0,0.0
07/21/2017,17.1597900390625,0.0,0.0
07/24/2017,17.198589324951172,0.0,0.0
07/25/2017,17.140388488769535,0.0,0.0
07/26/2017,17.169490814208984,0.0,0.0
07/27/2017,17.062786102294922,0.0,0.0
08/03/2017,16.829978942871094,0.0,0.0
08/07/2017,17.101585388183594,0.0,0.0
08/08/2017,16.985183715820312,0.0,0.0
08/09/2017,16.849380493164062,0.0,0.0
08/11/2017,16.694177627563477,0.0,0.0
08/14/2017,16.83968162536621,0.0,0.0
08/15/2017,16.820281982421875,0.0,0.0
08/18/2017,16.587474822998047,0.0,0.0
08/21/2017,16.39346694946289,0.0,0.0
08/24/2017,16.568073272705078,0.0,0.0
08/30/2017,16.68447494506836,0.0,0.0
09/01/2017,16.89788246154785,0.0,0.0
09/06/2017,16.868778228759766,0.0,0.0
09/07/2017,16.97548484802246,0.0,0.0
09/08/2017,16.917282104492188,0.0,0.0
09/11/2017,17.11128807067871,0.0,0.0
09/13/2017,17.21799087524414,0.0,0.0
09/14/2017,17.324695587158203,0.0,0.0
09/15/2017,17.334394454956055,0.0,0.0
09/18/2017,17.382896423339844,0.0,0.0
09/19/2017,17.34409523010254,0.0,0.0
09/20/2017,17.227691650390625,0.0,0.0
09/22/2017,17.179187774658203,0.0,0.0
09/25/2017,16.946382522583008,0.0,0.0
09/27/2017,17.150089263916016,0.0,0.0
09/29/2017,17.247093200683594,0.0,0.0
10/04/2017,17.402297973632812,0.0,0.0
10/05/2017,17.431396484375,0.0,0.0
10/06/2017,17.470197677612305,0.0,0.0
10/09/2017,17.35379409790039,0.0,0.0
10/10/2017,17.421695709228516,0.0,0.0
10/11/2017,17.411996841430664,0.0,0.0
10/13/2017,17.53809928894043,0.0,0.0
10/16/2017,17.479900360107422,0.0,0.0
10/17/2017,17.441099166870117,0.0,0.0
10/18/2017,17.499300003051758,0.0,0.0
10/26/2017,17.31499481201172,0.0,0.0
10/27/2017,17.596302032470703,0.0,0.0
10/31/2017,17.71270751953125,0.0,0.0
11/01/2017,17.683603286743164,0.0,0.0
11/02/2017,17.664203643798828,0.0,0.0
11/03/2017,17.644804000854492,0.0,0.0
11/06/2017,17.72240447998047,0.0,0.0
11/08/2017,17.673904418945312,0.0,0.0
11/13/2017,17.363496780395508,0.0,0.0
11/16/2017,17.489599227905273,0.0,0.0
11/17/2017,17.509000778198242,0.0,0.0
11/20/2017,17.606000900268555,0.0,0.0
11/22/2017,17.63510513305664,0.0,0.0
11/27/2017,17.576902389526367,0.0,0.0
11/28/2017,17.761207580566406,0.0,0.0
11/30/2017,17.602588653564453,0.464,0.464
12/01/2017,17.423376083374023,0.0,0.464
12/04/2017,17.064950942993164,0.0,0.464
12/05/2017,17.045040130615234,0.0,0.464
12/06/2017,17.09482192993164,0.0,0.464
12/07/2017,17.333770751953125,0.0,0.464
12/08/2017,17.483112335205078,0.0,0.464
12/11/2017,17.552804946899414,0.0,0.464
12/13/2017,17.50302505493164,0.0,0.464
12/14/2017,17.562761306762695,0.0,0.464
12/15/2017,17.712106704711914,0.0,0.464
12/18/2017,17.921186447143555,0.0,0.464
12/19/2017,17.751930236816406,0.0,0.464
12/20/2017,17.79175567626953,0.0,0.464
12/21/2017,17.821624755859375,0.0,0.464
12/22/2017,17.78179931640625,0.0,0.464
12/26/2017,17.69219398498535,0.0,0.464
12/27/2017,17.80171012878418,0.0,0.464
12/28/2017,17.841537475585938,0.0,0.464
12/29/2017,17.728734970092773,0.047,0.511
01/02/2018,18.058155059814453,0.0,0.511
01/03/2018,18.088102340698242,0.0,0.511
01/04/2018,17.958332061767578,0.0,0.511
01/08/2018,18.237838745117188,0.0,0.511
01/10/2018,17.948347091674805,0.0,0.511
01/11/2018,18.267784118652344,0.0,0.511
01/12/2018,18.217872619628906,0.0,0.511
01/16/2018,18.15797996520996,0.0,0.511
01/17/2018,18.35762596130371,0.0,0.511
01/18/2018,18.327680587768555,0.0,0.511
01/19/2018,18.307714462280273,0.0,0.511
01/23/2018,18.347644805908203,0.0,0.511
01/24/2018,18.16796112060547,0.0,0.511
01/25/2018,18.128032684326172,0.0,0.511
01/26/2018,18.227855682373047,0.0,0.511
01/29/2018,18.1180477142334,0.0,0.511
01/30/2018,17.928382873535156,0.0,0.511
01/31/2018,17.838542938232422,0.0,0.511
02/01/2018,17.778648376464844,0.0,0.511
02/02/2018,17.399316787719727,0.0,0.511
02/05/2018,16.730497360229492,0.0,0.511
02/06/2018,16.930143356323242,0.0,0.511
02/07/2018,16.77042579650879,0.0,0.511
02/08/2018,16.26132583618164,0.0,0.511
02/09/2018,16.4310245513916,0.0,0.511
02/12/2018,16.67060279846191,0.0,0.511
02/13/2018,16.75046157836914,0.0,0.511
02/14/2018,17.05991554260254,0.0,0.511
02/15/2018,17.239599227905273,0.0,0.511
02/16/2018,17.27952766418457,0.0,0.511
02/20/2018,17.26954460144043,0.0,0.511
02/21/2018,17.229616165161133,0.0,0.511
02/22/2018,17.119810104370117,0.0,0.511
02/23/2018,17.169723510742188,0.0,0.511
02/26/2018,17.369369506835938,0.0,0.511
02/27/2018,17.1397762298584,0.0,0.511
02/28/2018,16.920164108276367,0.0,0.511
03/05/2018,17.039949417114258,0.0,0.511
03/06/2018,17.20965003967285,0.0,0.511
03/07/2018,17.219635009765625,0.0,0.511
03/09/2018,17.499141693115234,0.0,0.511
03/12/2018,17.64887619018555,0.0,0.511
03/13/2018,17.489158630371094,0.0,0.511
03/14/2018,17.449228286743164,0.0,0.511
03/19/2018,17.30947494506836,0.0,0.511
03/21/2018,17.52908706665039,0.0,0.511
03/23/2018,16.800373077392578,0.0,0.511
03/26/2018,17.199668884277344,0.0,0.511
03/28/2018,16.620689392089844,0.0,0.511
03/29/2018,16.850284576416016,0.0,0.511
04/02/2018,16.480937957763672,0.0,0.511
04/03/2018,16.660619735717773,0.0,0.511
04/04/2018,16.90019798278809,0.0,0.511
04/05/2018,17.01998519897461,0.0,0.511
04/06/2018,16.680583953857422,0.0,0.511
04/09/2018,16.740478515625,0.0,0.511
04/10/2018,16.970073699951172,0.0,0.511
04/12/2018,16.980056762695312,0.0,0.511
04/20/2018,16.870250701904297,0.0,0.511
04/23/2018,16.69056510925293,0.0,0.511
04/24/2018,16.5607967376709,0.0,0.511
04/25/2018,16.51088523864746,0.0,0.511
04/27/2018,16.72051239013672,0.0,0.511
04/30/2018,16.4709529876709,0.0,0.511
05/01/2018,16.530847549438477,0.0,0.511
05/02/2018,16.540830612182617,0.0,0.511
05/03/2018,16.42104148864746,0.0,0.511
05/07/2018,16.81035614013672,0.0,0.511
05/10/2018,17.379350662231445,0.0,0.511
05/16/2018,17.359386444091797,0.0,0.511
05/18/2018,17.149757385253906,0.0,0.511
05/23/2018,17.099843978881836,0.0,0.511
05/24/2018,17.089862823486328,0.0,0.511
05/29/2018,17.0499324798584,0.0,0.511
06/05/2018,16.82033920288086,0.0,0.511
06/07/2018,16.580760955810547,0.0,0.511
06/12/2018,16.830320358276367,0.0,0.511
06/13/2018,16.840303421020508,0.0,0.511
06/19/2018,16.78040885925293,0.0,0.511
06/20/2018,16.880231857299805,0.0,0.511
06/22/2018,16.76044464111328,0.0,0.511
06/25/2018,16.520864486694336,0.0,0.511
06/27/2018,16.291271209716797,0.0,0.511
06/28/2018,16.401077270507812,0.0,0.511
06/29/2018,16.46097183227539,0.0,0.511
07/02/2018,16.550813674926758,0.0,0.511
07/09/2018,17.109827041625977,0.0,0.511
07/11/2018,16.99003791809082,0.0,0.511
07/13/2018,16.96009063720703,0.0,0.511
07/17/2018,16.950109481811523,0.0,0.511
07/26/2018,16.86026573181152,0.0,0.511
07/27/2018,16.610706329345703,0.0,0.511
08/02/2018,16.910179138183594,0.0,0.511
08/06/2018,17.02996826171875,0.0,0.511
08/09/2018,17.179702758789062,0.0,0.511
08/14/2018,16.790390014648438,0.0,0.511
08/17/2018,16.600725173950195,0.0,0.511
08/22/2018,16.94012451171875,0.0,0.511
08/29/2018,17.259563446044922,0.0,0.511
08/30/2018,17.129791259765625,0.0,0.511
09/06/2018,16.71053123474121,0.0,0.511
09/07/2018,16.570777893066406,0.0,0.511
09/10/2018,16.640653610229492,0.0,0.511
09/17/2018,16.700550079345703,0.0,0.511
09/20/2018,17.06989860534668,0.0,0.511
09/27/2018,16.630672454833984,0.0,0.511
10/04/2018,16.24135971069336,0.0,0.511
10/05/2018,15.941887855529785,0.0,0.511
10/08/2018,15.852045059204102,0.0,0.511
10/09/2018,15.782169342041014,0.0,0.511
10/10/2018,15.303013801574709,0.0,0.511
10/11/2018,15.103365898132324,0.0,0.511
10/12/2018,15.332960128784181,0.0,0.511
10/15/2018,15.43278503417969,0.0,0.511
10/16/2018,15.872010231018066,0.0,0.511
10/17/2018,15.712291717529297,0.0,0.511
10/18/2018,15.422801971435547,0.0,0.511
10/19/2018,15.31299591064453,0.0,0.511
10/22/2018,15.193207740783691,0.0,0.511
10/23/2018,15.113348007202148,0.0,0.511
10/24/2018,14.604246139526369,0.0,0.511
10/25/2018,14.873770713806154,0.0,0.511
10/26/2018,14.63419246673584,0.0,0.511
10/29/2018,14.564315795898438,0.0,0.511
10/30/2018,14.903717994689941,0.0,0.511
10/31/2018,15.12333011627197,0.0,0.511
11/01/2018,15.502661705017088,0.0,0.511
11/02/2018,15.452749252319334,0.0,0.511
11/05/2018,15.532608985900877,0.0,0.511
11/06/2018,15.622450828552246,0.0,0.511
11/07/2018,15.91193962097168,0.0,0.511
11/08/2018,15.732256889343263,0.0,0.511
11/12/2018,15.133313179016115,0.0,0.511
11/13/2018,15.093383789062502,0.0,0.511
11/14/2018,15.053453445434572,0.0,0.511
11/15/2018,15.402837753295898,0.0,0.511
11/16/2018,15.492679595947266,0.0,0.511
11/19/2018,15.233137130737305,0.0,0.511
11/20/2018,15.013524055480957,0.0,0.511
11/26/2018,15.542591094970703,0.0,0.511
11/27/2018,15.672362327575684,0.0,0.511
11/28/2018,16.041711807250977,0.0,0.511
11/30/2018,15.722274780273438,0.0,0.511
12/03/2018,16.031726837158203,0.0,0.511
12/04/2018,15.482696533203123,0.0,0.511
12/06/2018,15.522625923156738,0.0,0.047
12/07/2018,15.223154067993164,0.0,0.047
12/10/2018,15.27306652069092,0.0,0.047
12/11/2018,15.213171958923342,0.0,0.047
12/13/2018,15.382872581481934,0.0,0.047
12/14/2018,15.043470382690431,0.0,0.047
12/17/2018,14.654158592224121,0.0,0.047
12/19/2018,14.354685783386232,0.0,0.047
12/20/2018,14.055213928222658,0.0,0.047
12/21/2018,13.67588233947754,0.0,0.047
12/24/2018,13.346463203430176,0.0,0.047
12/26/2018,13.995320320129395,0.0,0.047
12/27/2018,14.045230865478514,0.0,0.047
12/28/2018,14.085160255432127,0.0,0.047
12/31/2018,14.175003051757814,0.0,0.047
01/02/2019,14.274827003479004,0.0,0.047
01/03/2019,13.965373039245604,0.0,0.047
01/04/2019,14.544351577758789,0.0,0.0
01/07/2019,14.80389404296875,0.0,0.0
01/08/2019,14.863788604736326,0.0,0.0
01/09/2019,15.183224678039553,0.0,0.0
01/14/2019,15.2031888961792,0.0,0.0
01/15/2019,15.352926254272461,0.0,0.0
01/16/2019,15.372889518737795,0.0,0.0
01/18/2019,15.612468719482424,0.0,0.0
01/22/2019,15.283049583435059,0.0,0.0
01/23/2019,15.322978973388672,0.0,0.0
01/24/2019,15.702308654785158,0.0,0.0
01/28/2019,16.011764526367188,0.0,0.0
01/29/2019,15.991799354553223,0.0,0.0
01/30/2019,16.251340866088867,0.0,0.0
02/01/2019,16.321218490600586,0.0,0.0
02/05/2019,16.45098876953125,0.0,0.0
02/07/2019,16.351163864135742,0.0,0.0
02/22/2019,17.698787689208984,0.0,0.0
02/26/2019,17.60894775390625,0.0,0.0
02/27/2019,17.598962783813477,0.0,0.0
02/28/2019,17.549053192138672,0.0,0.0
03/01/2019,17.63889503479004,0.0,0.0
03/04/2019,17.559036254882812,0.0,0.0
03/05/2019,17.479175567626953,0.0,0.0
03/07/2019,17.000022888183594,0.0,0.0
03/08/2019,17.0100040435791,0.0,0.0
03/13/2019,17.618928909301758,0.0,0.0
03/15/2019,17.688806533813477,0.0,0.0
03/18/2019,17.748701095581055,0.0,0.0
03/20/2019,17.84852409362793,0.0,0.0
03/21/2019,17.768665313720703,0.0,0.0
03/29/2019,17.20475959777832,0.015,0.015
04/01/2019,17.504495620727536,0.0,0.015
04/02/2019,17.534467697143555,0.0,0.015
04/03/2019,17.804229736328125,0.0,0.015
04/04/2019,17.814220428466797,0.0,0.015
04/05/2019,18.004053115844727,0.0,0.015
04/08/2019,18.04401779174805,0.0,0.015
04/09/2019,17.86417579650879,0.0,0.015
04/10/2019,18.093975067138672,0.0,0.015
04/11/2019,18.01404571533203,0.0,0.015
04/12/2019,18.13393783569336,0.0,0.015
04/15/2019,18.113954544067383,0.0,0.015
04/16/2019,18.303787231445312,0.0,0.015
04/17/2019,18.24384117126465,0.0,0.015
04/18/2019,18.213867187499996,0.0,0.015
04/22/2019,18.223857879638672,0.0,0.015
04/23/2019,18.4136905670166,0.0,0.015
04/24/2019,18.493619918823242,0.0,0.015
04/25/2019,18.363733291625977,0.0,0.015
04/26/2019,18.45365333557129,0.0,0.015
05/01/2019,18.073991775512695,0.0,0.015
05/03/2019,18.443662643432617,0.0,0.015
05/07/2019,18.123947143554684,0.0,0.015
05/08/2019,17.844196319580078,0.0,0.015
05/09/2019,17.6243896484375,0.0,0.015
05/10/2019,17.644371032714844,0.0,0.015
05/13/2019,16.96497344970703,0.0,0.015
05/14/2019,17.224742889404297,0.0,0.015
05/15/2019,17.404584884643555,0.0,0.015
05/16/2019,17.514488220214844,0.0,0.015
05/17/2019,17.254716873168945,0.0,0.015
05/20/2019,16.974964141845703,0.0,0.015
05/21/2019,17.414575576782227,0.0,0.015
05/22/2019,17.324655532836914,0.0,0.015
05/23/2019,16.88504409790039,0.0,0.015
05/24/2019,16.954980850219727,0.0,0.015
05/29/2019,16.755159378051758,0.0,0.015
05/30/2019,16.865060806274414,0.0,0.015
05/31/2019,16.61528205871582,0.0,0.015
06/03/2019,16.72518539428711,0.0,0.015
06/04/2019,17.174787521362305,0.0,0.015
06/06/2019,17.18478012084961,0.0,0.015
06/07/2019,17.46453094482422,0.0,0.015
06/10/2019,17.724300384521484,0.0,0.015
06/11/2019,17.754274368286133,0.0,0.015
06/12/2019,17.564441680908203,0.0,0.015
06/17/2019,17.674345016479492,0.0,0.015
06/18/2019,18.153921127319336,0.0,0.015
06/19/2019,18.293796539306637,0.0,0.015
06/20/2019,18.423681259155273,0.0,0.015
06/21/2019,18.343753814697262,0.0,0.015
06/25/2019,18.024036407470703,0.0,0.015
06/28/2019,18.61351203918457,0.0,0.015
07/01/2019,18.92323875427246,0.0,0.015
07/02/2019,18.95321273803711,0.0,0.015
07/03/2019,19.033140182495117,0.0,0.015
07/05/2019,18.99317741394043,0.0,0.015
07/08/2019,18.87328338623047,0.0,0.015
07/11/2019,18.793354034423828,0.0,0.015
07/12/2019,18.863290786743164,0.0,0.015
07/17/2019,18.91324806213379,0.0,0.015
07/18/2019,19.053123474121094,0.0,0.015
07/22/2019,19.133052825927734,0.0,0.015
07/23/2019,19.173017501831055,0.0,0.015
07/24/2019,19.302902221679688,0.0,0.015
07/25/2019,19.023151397705078,0.0,0.015
07/26/2019,19.242956161499023,0.0,0.015
07/29/2019,19.272930145263672,0.0,0.015
07/30/2019,19.332876205444336,0.0,0.015
07/31/2019,19.083097457885742,0.0,0.015
08/01/2019,19.202991485595703,0.0,0.015
08/02/2019,19.043132781982422,0.0,0.015
08/06/2019,18.503610610961914,0.0,0.015
08/07/2019,18.843311309814453,0.0,0.015
08/08/2019,19.013160705566406,0.0,0.015
08/09/2019,18.623504638671875,0.0,0.015
08/12/2019,18.40369987487793,0.0,0.015
08/13/2019,18.653478622436523,0.0,0.015
08/14/2019,18.05400848388672,0.0,0.015
08/15/2019,18.034025192260742,0.0,0.015
08/16/2019,18.37372589111328,0.0,0.015
08/19/2019,18.583539962768555,0.0,0.015
08/21/2019,18.663469314575195,0.0,0.015
08/22/2019,18.543575286865234,0.0,0.015
08/23/2019,17.964088439941406,0.0,0.015
08/26/2019,18.233850479125977,0.0,0.015
08/28/2019,18.14392852783203,0.0,0.015
09/04/2019,18.463645935058597,0.0,0.015
09/05/2019,18.743398666381836,0.0,0.015
09/09/2019,18.52359390258789,0.0,0.015
09/10/2019,18.573549270629883,0.0,0.015
09/11/2019,18.94322013854981,0.0,0.015
09/12/2019,18.903257369995117,0.0,0.015
09/13/2019,18.933231353759766,0.0,0.015
09/16/2019,19.003168106079098,0.0,0.015
09/17/2019,19.23296546936035,0.0,0.015
09/19/2019,19.31289291381836,0.0,0.015
09/20/2019,19.21298217773438,0.0,0.015
09/23/2019,19.28291893005371,0.0,0.015
09/24/2019,18.89326477050781,0.0,0.015
09/27/2019,18.313777923583984,0.0,0.015
10/01/2019,17.984071731567383,0.0,0.015
10/03/2019,17.874168395996094,0.0,0.015
10/08/2019,17.764266967773438,0.0,0.015
10/09/2019,17.904142379760742,0.0,0.015
10/10/2019,17.974079132080078,0.0,0.015
10/18/2019,18.183895111083984,0.0,0.015
10/21/2019,18.383716583251953,0.0,0.015
10/24/2019,18.51360321044922,0.0,0.015
10/28/2019,18.763381958007812,0.0,0.015
10/29/2019,18.713424682617188,0.0,0.015
10/30/2019,18.703433990478516,0.0,0.015
10/31/2019,18.72341537475586,0.0,0.015
11/01/2019,18.96320343017578,0.0,0.015
11/06/2019,18.813335418701172,0.0,0.015
11/12/2019,18.973194122314453,0.0,0.015
11/14/2019,18.883274078369137,0.0,0.015
11/15/2019,19.12306213378906,0.0,0.015
11/25/2019,19.292911529541016,0.0,0.015
11/27/2019,19.47275161743164,0.0,0.015
11/29/2019,19.432788848876953,0.0,0.015
12/04/2019,19.402814865112305,0.0,0.015
12/05/2019,19.352859497070312,0.0,0.015
12/06/2019,19.58265495300293,0.0,0.015
12/09/2019,19.46276092529297,0.0,0.015
12/10/2019,19.512718200683597,0.0,0.015
12/11/2019,19.712539672851562,0.0,0.015
12/12/2019,20.01227569580078,0.0,0.015
12/13/2019,19.982301712036133,0.0,0.015
12/16/2019,20.202106475830078,0.0,0.015
12/17/2019,20.302017211914062,0.0,0.015
12/18/2019,20.312009811401367,0.0,0.015
12/19/2019,20.391937255859375,0.0,0.015
12/20/2019,20.451885223388672,0.0,0.015
12/23/2019,20.541805267333988,0.0,0.015
12/24/2019,20.6317253112793,0.0,0.015
12/26/2019,20.671689987182614,0.0,0.015
12/27/2019,20.52182388305664,0.0,0.015
12/30/2019,20.32200050354004,0.0,0.015
12/31/2019,20.360000610351562,0.018,0.033
01/02/2020,20.540000915527344,0.0,0.033
01/03/2020,20.360000610351562,0.0,0.033
01/06/2020,20.329999923706055,0.0,0.033
01/07/2020,20.450000762939453,0.0,0.033
01/08/2020,20.600000381469727,0.0,0.033
01/09/2020,20.639999389648438,0.0,0.033
01/10/2020,20.559999465942383,0.0,0.033
01/13/2020,20.959999084472656,0.0,0.033
01/14/2020,21.209999084472656,0.0,0.033
01/15/2020,21.09000015258789,0.0,0.033
01/16/2020,21.299999237060547,0.0,0.033
01/17/2020,21.290000915527344,0.0,0.033
01/22/2020,21.31999969482422,0.0,0.033
01/23/2020,21.329999923706055,0.0,0.033
01/24/2020,21.079999923706055,0.0,0.033
01/27/2020,20.549999237060547,0.0,0.033
01/28/2020,20.889999389648438,0.0,0.033
01/29/2020,20.8700008392334,0.0,0.033
01/30/2020,20.8799991607666,0.0,0.033
01/31/2020,20.520000457763672,0.0,0.033
02/03/2020,20.969999313354492,0.0,0.033
02/04/2020,21.639999389648438,0.0,0.033
02/05/2020,21.799999237060547,0.0,0.033
02/06/2020,21.93000030517578,0.0,0.033
02/07/2020,21.700000762939453,0.0,0.033
02/10/2020,22.079999923706055,0.0,0.033
02/11/2020,22.459999084472656,0.0,0.033
02/12/2020,22.8799991607666,0.0,0.033
02/13/2020,22.729999542236328,0.0,0.033
02/14/2020,22.559999465942383,0.0,0.033
02/18/2020,22.6299991607666,0.0,0.033
02/19/2020,23.260000228881836,0.0,0.033
02/20/2020,23.239999771118164,0.0,0.033
02/21/2020,22.690000534057617,0.0,0.033
02/24/2020,21.889999389648438,0.0,0.033
02/26/2020,21.280000686645508,0.0,0.033
02/28/2020,20.469999313354492,0.0,0.033
03/02/2020,21.059999465942383,0.0,0.033
03/03/2020,20.75,0.0,0.033
03/04/2020,21.479999542236328,0.0,0.033
03/06/2020,20.530000686645508,0.0,0.033
03/09/2020,18.479999542236328,0.0,0.033
03/10/2020,19.25,0.0,0.033
03/11/2020,18.219999313354492,0.0,0.033
03/12/2020,16.239999771118164,0.0,0.033
03/13/2020,16.93000030517578,0.0,0.033
03/16/2020,14.670000076293945,0.0,0.033
03/17/2020,15.649999618530273,0.0,0.033
03/18/2020,14.289999961853027,0.0,0.033
03/19/2020,14.880000114440918,0.0,0.033
03/20/2020,14.649999618530273,0.0,0.033
03/23/2020,14.5600004196167,0.0,0.033
03/24/2020,16.1200008392334,0.0,0.033
03/25/2020,16.639999389648438,0.0,0.033
03/26/2020,17.34000015258789,0.0,0.033
03/27/2020,16.489999771118164,0.0,0.033
03/30/2020,16.739999771118164,0.0,0.033
03/31/2020,16.6299991607666,0.0,0.033
04/01/2020,15.640000343322754,0.0,0.033
04/02/2020,15.949999809265137,0.0,0.033
04/03/2020,15.770000457763672,0.0,0.018
04/06/2020,16.829999923706055,0.0,0.018
04/07/2020,16.969999313354492,0.0,0.018
04/08/2020,17.530000686645508,0.0,0.018
04/09/2020,17.739999771118164,0.0,0.018
04/13/2020,17.790000915527344,0.0,0.018
04/14/2020,18.459999084472656,0.0,0.018
04/15/2020,18.0,0.0,0.018
04/16/2020,18.18000030517578,0.0,0.018
04/17/2020,18.799999237060547,0.0,0.018
04/20/2020,18.68000030517578,0.0,0.018
04/21/2020,17.959999084472656,0.0,0.018
04/22/2020,18.59000015258789,0.0,0.018
04/23/2020,18.510000228881836,0.0,0.018
04/24/2020,18.75,0.0,0.018
04/27/2020,19.200000762939453,0.0,0.018
04/28/2020,19.18000030517578,0.0,0.018
04/29/2020,19.920000076293945,0.0,0.018
04/30/2020,19.329999923706055,0.0,0.018
05/01/2020,18.579999923706055,0.0,0.018
05/04/2020,18.93000030517578,0.0,0.018
05/05/2020,19.1200008392334,0.0,0.018
05/06/2020,19.34000015258789,0.0,0.018
05/07/2020,19.65999984741211,0.0,0.018
05/08/2020,20.299999237060547,0.0,0.018
05/11/2020,20.6299991607666,0.0,0.018
05/12/2020,20.100000381469727,0.0,0.018
05/13/2020,19.670000076293945,0.0,0.018
05/14/2020,19.739999771118164,0.0,0.018
05/15/2020,19.850000381469727,0.0,0.018
05/18/2020,21.110000610351562,0.0,0.018
05/19/2020,20.93000030517578,0.0,0.018
05/20/2020,21.360000610351562,0.0,0.018
05/21/2020,21.010000228881836,0.0,0.018
05/22/2020,21.030000686645508,0.0,0.018
05/26/2020,21.06999969482422,0.0,0.018
05/27/2020,21.020000457763672,0.0,0.018
05/28/2020,20.780000686645508,0.0,0.018
05/29/2020,21.219999313354492,0.0,0.018
06/01/2020,21.59000015258789,0.0,0.018
06/02/2020,21.600000381469727,0.0,0.018
06/03/2020,22.049999237060547,0.0,0.018
06/05/2020,22.3700008392334,0.0,0.018
06/08/2020,22.68000030517578,0.0,0.018
06/09/2020,22.469999313354492,0.0,0.018
06/10/2020,22.450000762939453,0.0,0.018
06/12/2020,21.43000030517578,0.0,0.018
06/15/2020,21.920000076293945,0.0,0.018
06/16/2020,22.280000686645508,0.0,0.018
06/17/2020,22.100000381469727,0.0,0.018
06/18/2020,22.260000228881836,0.0,0.018
06/19/2020,22.350000381469727,0.0,0.018
06/22/2020,22.719999313354492,0.0,0.018
06/23/2020,23.020000457763672,0.0,0.018
06/24/2020,22.5,0.0,0.018
06/25/2020,22.700000762939453,0.0,0.018
06/26/2020,22.15999984741211,0.0,0.018
06/29/2020,22.579999923706055,0.0,0.018
06/30/2020,23.030000686645508,0.0,0.018
07/01/2020,23.229999542236328,0.0,0.018
07/02/2020,23.59000015258789,0.0,0.018
07/06/2020,24.459999084472656,0.0,0.018
07/07/2020,24.440000534057617,0.0,0.018
07/08/2020,25.100000381469727,0.0,0.018
07/09/2020,25.229999542236328,0.0,0.018
07/10/2020,25.15999984741211,0.0,0.018
07/13/2020,24.93000030517578,0.0,0.018
07/14/2020,25.639999389648438,0.0,0.018
07/15/2020,26.200000762939453,0.0,0.018
07/16/2020,25.81999969482422,0.0,0.018
07/17/2020,26.43000030517578,0.0,0.018
07/20/2020,26.979999542236328,0.0,0.018
07/21/2020,26.549999237060547,0.0,0.018
07/22/2020,26.809999465942383,0.0,0.018
07/23/2020,26.360000610351562,0.0,0.018
07/24/2020,25.809999465942383,0.0,0.018
07/27/2020,26.799999237060547,0.0,0.018
07/28/2020,26.020000457763672,0.0,0.018
07/29/2020,26.260000228881836,0.0,0.018
07/31/2020,26.170000076293945,0.0,0.018
08/03/2020,26.989999771118164,0.0,0.018
08/04/2020,27.469999313354492,0.0,0.018
08/05/2020,27.729999542236328,0.0,0.018
08/06/2020,27.479999542236328,0.0,0.018
08/07/2020,27.559999465942383,0.0,0.018
08/11/2020,27.100000381469727,0.0,0.018
08/12/2020,27.920000076293945,0.0,0.018
08/13/2020,28.1200008392334,0.0,0.018
08/14/2020,28.010000228881836,0.0,0.018
08/17/2020,28.549999237060547,0.0,0.018
08/18/2020,28.649999618530273,0.0,0.018
08/19/2020,28.75,0.0,0.018
08/20/2020,28.6299991607666,0.0,0.018
08/21/2020,28.700000762939453,0.0,0.018
08/24/2020,28.84000015258789,0.0,0.018
08/25/2020,29.1200008392334,0.0,0.018
08/26/2020,29.469999313354492,0.0,0.018
08/27/2020,29.18000030517578,0.0,0.018
08/28/2020,29.6200008392334,0.0,0.018
08/31/2020,29.649999618530273,0.0,0.018
09/01/2020,29.739999771118164,0.0,0.018
09/02/2020,30.030000686645508,0.0,0.018
09/03/2020,28.309999465942383,0.0,0.018
09/04/2020,27.850000381469727,0.0,0.018
09/08/2020,26.40999984741211,0.0,0.018
09/09/2020,27.40999984741211,0.0,0.018
09/11/2020,27.079999923706055,0.0,0.018
09/14/2020,28.059999465942383,0.0,0.018
09/15/2020,28.739999771118164,0.0,0.018
09/16/2020,28.760000228881836,0.0,0.018
09/17/2020,28.15999984741211,0.0,0.018
09/18/2020,28.219999313354492,0.0,0.018
09/21/2020,28.260000228881836,0.0,0.018
09/22/2020,28.350000381469727,0.0,0.018
09/23/2020,27.860000610351562,0.0,0.018
09/24/2020,27.940000534057617,0.0,0.018
09/25/2020,28.719999313354492,0.0,0.018
09/28/2020,29.510000228881836,0.0,0.018
09/29/2020,29.860000610351562,0.0,0.018
09/30/2020,30.110000610351562,0.0,0.018
10/01/2020,30.959999084472656,0.0,0.018
10/02/2020,30.479999542236328,0.0,0.018
10/05/2020,32.0099983215332,0.0,0.018
10/06/2020,31.8700008392334,0.0,0.018
10/07/2020,33.529998779296875,0.0,0.018
10/08/2020,33.619998931884766,0.0,0.018
10/09/2020,34.5099983215332,0.0,0.018
10/12/2020,34.56999969482422,0.0,0.018
10/13/2020,34.939998626708984,0.0,0.018
10/14/2020,35.150001525878906,0.0,0.018
10/15/2020,34.72999954223633,0.0,0.018
10/16/2020,34.83000183105469,0.0,0.018
10/19/2020,34.93000030517578,0.0,0.018
10/20/2020,35.529998779296875,0.0,0.018
10/22/2020,33.7599983215332,0.0,0.018
10/23/2020,33.630001068115234,0.0,0.018
10/26/2020,33.040000915527344,0.0,0.018
10/27/2020,32.810001373291016,0.0,0.018
10/28/2020,32.15999984741211,0.0,0.018
10/29/2020,32.84000015258789,0.0,0.018
10/30/2020,32.0,0.0,0.018
11/02/2020,32.68000030517578,0.0,0.018
11/03/2020,33.220001220703125,0.0,0.018
11/04/2020,33.11000061035156,0.0,0.018
11/05/2020,35.560001373291016,0.0,0.018
11/06/2020,35.63999938964844,0.0,0.018
11/10/2020,34.540000915527344,0.0,0.018
11/11/2020,36.040000915527344,0.0,0.018
11/12/2020,35.68000030517578,0.0,0.018
11/13/2020,36.060001373291016,0.0,0.018
11/16/2020,36.560001373291016,0.0,0.018
11/17/2020,36.70000076293945,0.0,0.018
11/18/2020,36.5,0.0,0.018
11/19/2020,37.08000183105469,0.0,0.018
11/20/2020,37.459999084472656,0.0,0.018
11/23/2020,38.40999984741211,0.0,0.018
11/24/2020,38.689998626708984,0.0,0.018
11/25/2020,39.31999969482422,0.0,0.018
11/27/2020,40.61000061035156,0.0,0.018
11/30/2020,40.36000061035156,0.0,0.018
12/01/2020,39.97999954223633,0.0,0.018
12/02/2020,39.959999084472656,0.0,0.018
12/03/2020,40.189998626708984,0.0,0.018
12/04/2020,40.66999816894531,0.0,0.018
12/07/2020,41.25,0.0,0.018
12/08/2020,42.0,0.0,0.018
12/09/2020,40.880001068115234,0.0,0.018
12/10/2020,41.540000915527344,0.0,0.018
12/11/2020,41.16999816894531,0.0,0.018
12/14/2020,41.599998474121094,0.0,0.018
12/15/2020,42.63999938964844,0.0,0.018
12/16/2020,42.33000183105469,0.0,0.018
12/17/2020,42.540000915527344,0.0,0.018
12/18/2020,43.150001525878906,0.0,0.018
12/21/2020,44.18000030517578,0.0,0.018
12/22/2020,45.13999938964844,0.0,0.018
12/23/2020,44.939998626708984,0.0,0.018
12/24/2020,44.529998779296875,0.0,0.018
12/28/2020,43.900001525878906,0.0,0.018
12/29/2020,43.060001373291016,0.0,0.018
12/30/2020,43.5,0.0,0.018
01/04/2021,43.709999084472656,0.0,0.018
01/05/2021,44.36000061035156,0.0,0.0
01/06/2021,45.86000061035156,0.0,0.0
01/07/2021,47.93000030517578,0.0,0.0
01/08/2021,47.9900016784668,0.0,0.0
01/11/2021,47.2400016784668,0.0,0.0
01/12/2021,47.86000061035156,0.0,0.0
01/13/2021,47.65999984741211,0.0,0.0
01/14/2021,48.4900016784668,0.0,0.0
01/15/2021,47.08000183105469,0.0,0.0
01/19/2021,48.63999938964844,0.0,0.0
01/20/2021,48.7599983215332,0.0,0.0
01/21/2021,49.72999954223633,0.0,0.0
01/22/2021,49.65999984741211,0.0,0.0
01/25/2021,49.560001373291016,0.0,0.0
01/26/2021,49.20000076293945,0.0,0.0
01/27/2021,48.02000045776367,0.0,0.0
01/28/2021,48.34000015258789,0.0,0.0
01/29/2021,47.310001373291016,0.0,0.0
02/01/2021,48.060001373291016,0.0,0.0
02/02/2021,48.97999954223633,0.0,0.0
02/03/2021,48.88999938964844,0.0,0.0
02/04/2021,48.66999816894531,0.0,0.0
02/05/2021,49.13999938964844,0.0,0.0
02/08/2021,50.369998931884766,0.0,0.0
02/09/2021,50.380001068115234,0.0,0.0
02/10/2021,49.619998931884766,0.0,0.0
02/11/2021,50.130001068115234,0.0,0.0
02/12/2021,50.470001220703125,0.0,0.0
02/16/2021,49.84000015258789,0.0,0.0
02/17/2021,48.880001068115234,0.0,0.0
02/18/2021,47.529998779296875,0.0,0.0
02/19/2021,48.22999954223633,0.0,0.0
02/22/2021,45.810001373291016,0.0,0.0
02/23/2021,45.150001525878906,0.0,0.0
02/24/2021,46.02000045776367,0.0,0.0
02/25/2021,44.02000045776367,0.0,0.0
02/26/2021,44.290000915527344,0.0,0.0
03/01/2021,45.900001525878906,0.0,0.0
03/02/2021,44.560001373291016,0.0,0.0
03/03/2021,42.459999084472656,0.0,0.0
03/04/2021,40.70000076293945,0.0,0.0
03/05/2021,40.65999984741211,0.0,0.0
03/08/2021,39.33000183105469,0.0,0.0
03/09/2021,42.61000061035156,0.0,0.0
03/10/2021,42.45000076293945,0.0,0.0
03/11/2021,44.68000030517578,0.0,0.0
03/12/2021,44.400001525878906,0.0,0.0
03/15/2021,44.97999954223633,0.0,0.0
03/18/2021,42.529998779296875,0.0,0.0
03/19/2021,43.18000030517578,0.0,0.0
03/22/2021,44.16999816894531,0.0,0.0
03/23/2021,43.02000045776367,0.0,0.0
03/24/2021,41.58000183105469,0.0,0.0
03/25/2021,42.029998779296875,0.0,0.0
03/26/2021,43.09000015258789,0.0,0.0
03/29/2021,41.869998931884766,0.0,0.0
03/30/2021,42.9900016784668,0.0,0.0
03/31/2021,44.310001373291016,0.0,0.0
04/01/2021,44.880001068115234,0.0,0.0
04/06/2021,44.90999984741211,0.0,0.0
04/07/2021,43.84000015258789,0.0,0.0
04/08/2021,44.20000076293945,0.0,0.0
04/09/2021,44.040000915527344,0.0,0.0
04/12/2021,43.619998931884766,0.0,0.0
04/13/2021,44.29999923706055,0.0,0.0
04/14/2021,44.15999984741211,0.0,0.0
04/15/2021,44.150001525878906,0.0,0.0
04/16/2021,44.22999954223633,0.0,0.0
04/19/2021,43.15999984741211,0.0,0.0
04/20/2021,42.959999084472656,0.0,0.0
04/22/2021,44.599998474121094,0.0,0.0
04/23/2021,45.36000061035156,0.0,0.0
04/26/2021,46.27000045776367,0.0,0.0
04/27/2021,46.08000183105469,0.0,0.0
04/28/2021,45.5,0.0,0.0
04/29/2021,44.84000015258789,0.0,0.0
04/30/2021,44.06999969482422,0.0,0.0
05/03/2021,43.61000061035156,0.0,0.0
05/04/2021,42.11000061035156,0.0,0.0
05/05/2021,41.90999984741211,0.0,0.0
05/06/2021,41.27000045776367,0.0,0.0
05/07/2021,41.810001373291016,0.0,0.0
05/10/2021,40.18000030517578,0.0,0.0
05/11/2021,40.33000183105469,0.0,0.0
05/12/2021,38.869998931884766,0.0,0.0
05/13/2021,38.900001525878906,0.0,0.0
05/14/2021,40.43000030517578,0.0,0.0
05/17/2021,40.130001068115234,0.0,0.0
05/18/2021,40.38999938964844,0.0,0.0
05/19/2021,40.63999938964844,0.0,0.0
05/20/2021,41.849998474121094,0.0,0.0
05/21/2021,41.56999969482422,0.0,0.0
05/26/2021,42.810001373291016,0.0,0.0
05/27/2021,42.86000061035156,0.0,0.0
05/28/2021,43.0099983215332,0.0,0.0
06/01/2021,43.22999954223633,0.0,0.0
06/02/2021,43.369998931884766,0.0,0.0
06/03/2021,42.560001373291016,0.0,0.0
06/04/2021,43.38999938964844,0.0,0.0
06/07/2021,43.63999938964844,0.0,0.0
06/08/2021,43.720001220703125,0.0,0.0
06/09/2021,43.83000183105469,0.0,0.0
06/10/2021,44.470001220703125,0.0,0.0
06/11/2021,44.81999969482422,0.0,0.0
06/14/2021,45.08000183105469,0.0,0.0
06/15/2021,43.970001220703125,0.0,0.0
06/16/2021,43.77000045776367,0.0,0.0
06/17/2021,44.099998474121094,0.0,0.0
06/18/2021,43.47999954223633,0.0,0.0
06/21/2021,43.91999816894531,0.0,0.0
06/24/2021,44.91999816894531,0.0,0.0
06/25/2021,45.43000030517578,0.0,0.0
06/28/2021,47.630001068115234,0.0,0.0
06/29/2021,48.2599983215332,0.0,0.0
06/30/2021,48.41999816894531,0.0,0.0
07/01/2021,48.099998474121094,0.0,0.0
07/02/2021,47.72999954223633,0.0,0.0
07/06/2021,47.540000915527344,0.0,0.0
07/07/2021,47.16999816894531,0.0,0.0
07/08/2021,46.86000061035156,0.0,0.0
07/09/2021,47.279998779296875,0.0,0.0
07/12/2021,47.77000045776367,0.0,0.0
07/13/2021,47.11000061035156,0.0,0.0
07/14/2021,46.11000061035156,0.0,0.0
07/15/2021,45.72999954223633,0.0,0.0
07/16/2021,45.470001220703125,0.0,0.0
07/19/2021,45.52000045776367,0.0,0.0
07/20/2021,46.310001373291016,0.0,0.0
07/21/2021,47.810001373291016,0.0,0.0
07/22/2021,47.29999923706055,0.0,0.0
07/23/2021,46.880001068115234,0.0,0.0
07/26/2021,46.31999969482422,0.0,0.0
07/27/2021,45.529998779296875,0.0,0.0
07/28/2021,46.97999954223633,0.0,0.0
07/29/2021,47.029998779296875,0.0,0.0
