PEGI,Pattern Energy Group Inc.,
Date,Price,Annualized Dividend
09/27/2013,15.73,0.0
09/27/2013,15.19,0.0
09/30/2013,15.18,0.0
09/30/2013,15.28,0.0
10/01/2013,15.32,0.0
10/01/2013,15.11,0.0
10/02/2013,15.13,0.0
10/02/2013,15.17,0.0
10/03/2013,15.18,0.0
10/03/2013,15.05,0.0
10/04/2013,15.02,0.0
10/04/2013,15.2,0.0
10/07/2013,15.19,0.0
10/07/2013,15.02,0.0
10/08/2013,14.95,0.0
10/08/2013,14.79,0.0
10/09/2013,14.7,0.0
10/09/2013,14.71,0.0
10/10/2013,14.75,0.0
10/10/2013,14.85,0.0
10/11/2013,14.69,0.0
10/11/2013,14.83,0.0
10/14/2013,14.7,0.0
10/14/2013,14.98,0.0
10/15/2013,15.05,0.0
10/15/2013,14.69,0.0
10/16/2013,14.72,0.0
10/16/2013,14.72,0.0
10/17/2013,14.7,0.0
10/17/2013,14.68,0.0
10/18/2013,14.83,0.0
10/18/2013,15.04,0.0
10/21/2013,15.05,0.0
10/21/2013,15.17,0.0
10/22/2013,15.07,0.0
10/22/2013,15.24,0.0
10/23/2013,15.04,0.0
10/23/2013,15.13,0.0
10/24/2013,15.02,0.0
10/24/2013,15.05,0.0
10/25/2013,15.02,0.0
10/25/2013,15.12,0.0
10/28/2013,15.15,0.0
10/28/2013,15.09,0.0
10/29/2013,15.05,0.0
10/29/2013,15.0,0.0
10/30/2013,15.02,0.0
10/30/2013,15.0,0.0
10/31/2013,15.01,0.0
10/31/2013,14.81,0.0
11/01/2013,14.82,0.0
11/01/2013,14.83,0.0
11/04/2013,14.85,0.0
11/04/2013,14.75,0.0
11/05/2013,14.76,0.0
11/05/2013,15.11,0.0
11/06/2013,15.62,0.0
11/06/2013,15.51,0.0
11/07/2013,15.64,0.0
11/07/2013,15.1,0.0
11/08/2013,15.17,0.0
11/08/2013,15.37,0.0
11/11/2013,15.66,0.0
11/11/2013,15.77,0.0
11/12/2013,15.67,0.0
11/12/2013,15.67,0.0
11/13/2013,15.66,0.0
11/13/2013,15.98,0.0
11/14/2013,16.01,0.0
11/14/2013,16.01,0.0
11/15/2013,16.09,0.0
11/15/2013,16.34,0.0
11/18/2013,16.64,0.0
11/18/2013,16.3,0.0
11/19/2013,16.3,0.0
11/19/2013,16.03,0.0
11/20/2013,16.05,0.0
11/20/2013,16.11,0.0
11/21/2013,16.09,0.0
11/21/2013,16.24,0.0
11/22/2013,16.31,0.0
11/22/2013,16.24,0.0
11/25/2013,16.13,0.0
11/25/2013,16.25,0.0
11/26/2013,16.35,0.0
11/26/2013,16.33,0.0
11/27/2013,16.35,0.0
11/27/2013,16.28,0.0
11/29/2013,16.3,0.0
11/29/2013,15.92,0.0
12/02/2013,15.84,0.0
12/02/2013,16.31,0.0
12/03/2013,16.41,0.0
12/03/2013,16.41,0.0
12/04/2013,16.31,0.0
12/04/2013,16.8,0.0
12/05/2013,16.73,0.0
12/05/2013,16.97,0.0
12/06/2013,17.1,0.0
12/06/2013,17.61,0.0
12/09/2013,17.63,0.0
12/09/2013,17.16,0.0
12/10/2013,17.18,0.0
12/10/2013,17.26,0.0
12/11/2013,17.32,0.0
12/11/2013,17.52,0.0
12/12/2013,17.46,0.0
12/12/2013,17.93,0.0
12/13/2013,17.99,0.0
12/13/2013,17.81,0.0
12/16/2013,17.83,0.0
12/16/2013,18.38,0.0
12/17/2013,18.31,0.0
12/17/2013,18.19,0.0
12/18/2013,18.14,0.0
12/18/2013,18.32,0.0
12/19/2013,18.19,0.0
12/19/2013,18.44,0.0
12/20/2013,18.37,0.0
12/20/2013,18.13,0.0
12/23/2013,18.22,0.0
12/23/2013,18.51,0.0
12/24/2013,19.31,0.0
12/24/2013,18.88,0.0
12/26/2013,18.91,0.0
12/26/2013,18.92,0.0
12/27/2013,19.07,0.313
12/27/2013,19.46,0.313
12/30/2013,19.66,0.313
12/30/2013,20.04,0.313
12/31/2013,20.04,0.313
12/31/2013,20.0,0.313
01/02/2014,19.93,0.313
01/02/2014,20.72,0.313
01/03/2014,20.59,0.313
01/03/2014,20.69,0.313
01/06/2014,20.84,0.313
01/06/2014,20.74,0.313
01/07/2014,19.48,0.313
01/07/2014,20.36,0.313
01/08/2014,20.36,0.313
01/08/2014,20.43,0.313
01/09/2014,20.72,0.313
01/09/2014,20.3,0.313
01/10/2014,20.39,0.313
01/10/2014,20.08,0.313
01/13/2014,20.0,0.313
01/13/2014,19.5,0.313
01/14/2014,19.81,0.313
01/14/2014,19.6,0.313
01/15/2014,19.55,0.313
01/15/2014,19.41,0.313
01/16/2014,19.47,0.313
01/16/2014,19.32,0.313
01/17/2014,19.33,0.313
01/17/2014,19.19,0.313
01/21/2014,19.23,0.313
01/21/2014,19.14,0.313
01/22/2014,19.2,0.313
01/22/2014,19.05,0.313
01/23/2014,18.99,0.313
01/23/2014,18.57,0.313
01/24/2014,18.52,0.313
01/24/2014,18.35,0.313
01/27/2014,18.45,0.313
01/27/2014,18.42,0.313
01/28/2014,18.38,0.313
01/28/2014,18.18,0.313
01/29/2014,18.06,0.313
01/29/2014,18.17,0.313
01/30/2014,18.33,0.313
01/30/2014,18.52,0.313
01/31/2014,18.34,0.313
01/31/2014,18.41,0.313
02/03/2014,18.45,0.313
02/03/2014,17.98,0.313
02/04/2014,18.06,0.313
02/04/2014,18.0,0.313
02/05/2014,17.95,0.313
02/05/2014,17.7,0.313
02/06/2014,17.69,0.313
02/06/2014,17.72,0.313
02/07/2014,17.71,0.313
02/07/2014,18.11,0.313
02/10/2014,18.1,0.313
02/10/2014,17.65,0.313
02/11/2014,17.71,0.313
02/11/2014,17.81,0.313
02/12/2014,17.87,0.313
02/12/2014,17.73,0.313
02/13/2014,17.63,0.313
02/13/2014,17.75,0.313
02/14/2014,17.79,0.313
02/14/2014,17.59,0.313
02/18/2014,17.7,0.313
02/18/2014,17.71,0.313
02/19/2014,17.63,0.313
02/19/2014,17.63,0.313
02/20/2014,17.69,0.313
02/20/2014,17.3,0.313
02/21/2014,17.44,0.313
02/21/2014,17.53,0.313
02/24/2014,17.62,0.313
02/24/2014,17.29,0.313
02/25/2014,17.27,0.313
02/25/2014,17.83,0.313
02/26/2014,17.82,0.313
02/26/2014,17.76,0.313
02/27/2014,17.82,0.313
02/27/2014,18.57,0.313
02/28/2014,18.51,0.313
02/28/2014,18.08,0.313
03/03/2014,18.29,0.313
03/03/2014,18.65,0.313
03/04/2014,18.95,0.313
03/04/2014,18.84,0.313
03/05/2014,18.77,0.313
03/05/2014,18.86,0.313
03/06/2014,18.92,0.313
03/06/2014,18.79,0.313
03/07/2014,18.94,0.313
03/07/2014,18.41,0.313
03/10/2014,18.62,0.313
03/10/2014,18.64,0.313
03/11/2014,18.6,0.313
03/11/2014,18.02,0.313
03/12/2014,17.98,0.313
03/12/2014,17.89,0.313
03/13/2014,17.94,0.313
03/13/2014,18.43,0.313
03/14/2014,18.55,0.313
03/14/2014,18.36,0.313
03/17/2014,18.59,0.313
03/17/2014,18.15,0.313
03/18/2014,18.08,0.313
03/18/2014,18.27,0.313
03/19/2014,18.18,0.313
03/19/2014,17.85,0.313
03/20/2014,17.81,0.313
03/20/2014,18.0,0.313
03/21/2014,17.98,0.313
03/21/2014,18.22,0.313
03/24/2014,18.27,0.313
03/24/2014,17.84,0.313
03/25/2014,17.88,0.313
03/25/2014,17.87,0.313
03/26/2014,18.03,0.313
03/26/2014,17.57,0.313
03/27/2014,17.66,0.626
03/27/2014,17.86,0.626
03/28/2014,17.87,0.626
03/28/2014,18.02,0.626
03/31/2014,18.07,0.626
03/31/2014,18.12,0.626
04/01/2014,18.08,0.626
04/01/2014,18.16,0.626
04/02/2014,18.35,0.626
04/02/2014,18.02,0.626
04/03/2014,18.11,0.626
04/03/2014,18.37,0.626
04/04/2014,18.74,0.626
04/04/2014,18.69,0.626
04/07/2014,18.7,0.626
04/07/2014,18.71,0.626
04/08/2014,18.7,0.626
04/08/2014,18.67,0.626
04/09/2014,18.79,0.626
04/09/2014,18.68,0.626
04/10/2014,18.7,0.626
04/10/2014,19.18,0.626
04/11/2014,19.05,0.626
04/11/2014,19.07,0.626
04/14/2014,19.19,0.626
04/14/2014,18.89,0.626
04/15/2014,18.87,0.626
04/15/2014,18.85,0.626
04/16/2014,18.94,0.626
04/16/2014,18.9,0.626
04/17/2014,18.85,0.626
04/17/2014,18.89,0.626
04/21/2014,18.9,0.626
04/21/2014,18.7,0.626
04/22/2014,18.7,0.626
04/22/2014,18.7,0.626
04/23/2014,18.7,0.626
04/23/2014,18.57,0.626
04/24/2014,18.66,0.626
04/24/2014,18.55,0.626
04/25/2014,18.49,0.626
04/25/2014,18.39,0.626
04/28/2014,18.49,0.626
04/28/2014,17.93,0.626
04/29/2014,18.03,0.626
04/29/2014,17.45,0.626
04/30/2014,17.36,0.626
04/30/2014,17.9,0.626
05/01/2014,17.94,0.626
05/01/2014,17.92,0.626
05/02/2014,17.99,0.626
05/02/2014,17.26,0.626
05/05/2014,17.23,0.626
05/05/2014,17.38,0.626
05/06/2014,16.9,0.626
05/06/2014,18.1,0.626
05/07/2014,18.19,0.626
05/07/2014,18.71,0.626
05/08/2014,18.51,0.626
05/08/2014,18.92,0.626
05/09/2014,18.91,0.626
05/09/2014,19.2,0.626
05/12/2014,19.35,0.626
05/12/2014,19.53,0.626
05/13/2014,19.55,0.626
05/13/2014,19.5,0.626
05/14/2014,19.38,0.626
05/14/2014,19.55,0.626
05/15/2014,19.57,0.626
05/15/2014,19.44,0.626
05/16/2014,19.53,0.626
05/16/2014,19.5,0.626
05/19/2014,19.54,0.626
05/19/2014,19.41,0.626
05/20/2014,19.5,0.626
05/20/2014,19.47,0.626
05/21/2014,19.51,0.626
05/21/2014,19.39,0.626
05/22/2014,19.5,0.626
05/22/2014,19.61,0.626
05/23/2014,19.68,0.626
05/23/2014,19.7,0.626
05/27/2014,19.85,0.626
05/27/2014,19.94,0.626
05/28/2014,19.9,0.626
05/28/2014,20.28,0.626
05/29/2014,20.34,0.626
05/29/2014,20.76,0.626
05/30/2014,20.85,0.626
05/30/2014,20.27,0.626
06/02/2014,20.27,0.626
06/02/2014,20.05,0.626
06/03/2014,19.97,0.626
06/03/2014,20.04,0.626
06/04/2014,20.03,0.626
06/04/2014,20.02,0.626
06/05/2014,19.97,0.626
06/05/2014,20.44,0.626
06/06/2014,20.42,0.626
06/06/2014,20.47,0.626
06/09/2014,20.52,0.626
06/09/2014,20.32,0.626
06/10/2014,20.31,0.626
06/10/2014,20.43,0.626
06/11/2014,20.42,0.626
06/11/2014,20.3,0.626
06/12/2014,20.36,0.626
06/12/2014,20.22,0.626
06/13/2014,20.27,0.626
06/13/2014,20.64,0.626
06/16/2014,20.58,0.626
06/16/2014,20.56,0.626
06/17/2014,20.56,0.626
06/17/2014,20.55,0.626
06/18/2014,20.62,0.626
06/18/2014,20.9,0.626
06/19/2014,20.92,0.626
06/19/2014,20.95,0.626
06/20/2014,21.01,0.626
06/20/2014,21.57,0.626
06/23/2014,21.7,0.626
06/23/2014,21.83,0.626
06/24/2014,21.64,0.626
06/24/2014,21.72,0.626
06/25/2014,21.74,0.626
06/25/2014,21.48,0.626
06/26/2014,21.56,0.948
06/26/2014,21.78,0.948
06/27/2014,21.63,0.948
06/27/2014,21.82,0.948
06/30/2014,21.74,0.948
06/30/2014,22.34,0.948
07/01/2014,22.59,0.948
07/01/2014,22.91,0.948
07/02/2014,22.94,0.948
07/02/2014,22.5,0.948
07/03/2014,22.48,0.948
07/03/2014,22.27,0.948
07/07/2014,22.42,0.948
07/07/2014,22.69,0.948
07/08/2014,22.75,0.948
07/08/2014,22.55,0.948
07/09/2014,22.21,0.948
07/09/2014,22.44,0.948
07/10/2014,22.26,0.948
07/10/2014,22.23,0.948
07/11/2014,22.23,0.948
07/11/2014,22.37,0.948
07/14/2014,22.52,0.948
07/14/2014,22.4,0.948
07/15/2014,22.43,0.948
07/15/2014,22.4,0.948
07/16/2014,22.57,0.948
07/16/2014,22.37,0.948
07/17/2014,22.3,0.948
07/17/2014,22.27,0.948
07/18/2014,22.19,0.948
07/18/2014,22.73,0.948
07/21/2014,22.6,0.948
07/21/2014,22.85,0.948
07/22/2014,22.96,0.948
07/22/2014,23.06,0.948
07/23/2014,23.04,0.948
07/23/2014,22.71,0.948
07/24/2014,22.54,0.948
07/24/2014,22.23,0.948
07/25/2014,22.09,0.948
07/25/2014,21.49,0.948
07/28/2014,21.43,0.948
07/28/2014,21.56,0.948
07/29/2014,21.56,0.948
07/29/2014,21.4,0.948
07/30/2014,21.51,0.948
07/30/2014,21.2,0.948
07/31/2014,21.05,0.948
07/31/2014,20.91,0.948
08/01/2014,21.01,0.948
08/01/2014,20.69,0.948
08/04/2014,20.69,0.948
08/04/2014,21.3,0.948
08/05/2014,21.16,0.948
08/05/2014,21.38,0.948
08/06/2014,20.64,0.948
08/06/2014,20.71,0.948
08/07/2014,20.7,0.948
08/07/2014,20.3,0.948
08/08/2014,20.22,0.948
08/08/2014,20.47,0.948
08/11/2014,20.48,0.948
08/11/2014,20.49,0.948
08/12/2014,20.38,0.948
08/12/2014,20.2,0.948
08/13/2014,20.22,0.948
08/13/2014,20.57,0.948
08/14/2014,20.49,0.948
08/14/2014,20.76,0.948
08/15/2014,20.74,0.948
08/15/2014,20.8,0.948
08/18/2014,20.89,0.948
08/18/2014,21.03,0.948
08/19/2014,21.13,0.948
08/19/2014,20.91,0.948
08/20/2014,20.84,0.948
08/20/2014,21.06,0.948
08/21/2014,21.04,0.948
08/21/2014,21.03,0.948
08/22/2014,21.03,0.948
08/22/2014,21.07,0.948
08/25/2014,21.22,0.948
08/25/2014,20.95,0.948
08/26/2014,21.04,0.948
08/26/2014,21.09,0.948
08/27/2014,21.2,0.948
08/27/2014,21.38,0.948
08/28/2014,21.34,0.948
08/28/2014,21.49,0.948
08/29/2014,21.51,0.948
08/29/2014,21.75,0.948
09/02/2014,21.74,0.948
09/02/2014,21.39,0.948
09/03/2014,21.39,0.948
09/03/2014,21.49,0.948
09/04/2014,21.51,0.948
09/04/2014,21.38,0.948
09/05/2014,21.3,0.948
09/05/2014,21.83,0.948
09/08/2014,21.86,0.948
09/08/2014,22.09,0.948
09/09/2014,22.07,0.948
09/09/2014,21.98,0.948
09/10/2014,21.95,0.948
09/10/2014,21.69,0.948
09/11/2014,21.6,0.948
09/11/2014,21.76,0.948
09/12/2014,21.63,0.948
09/12/2014,21.11,0.948
09/15/2014,21.16,0.948
09/15/2014,20.86,0.948
09/16/2014,20.84,0.948
09/16/2014,20.88,0.948
09/17/2014,20.85,0.948
09/17/2014,20.83,0.948
09/18/2014,20.8,0.948
09/18/2014,20.78,0.948
09/19/2014,20.8,0.948
09/19/2014,20.85,0.948
09/22/2014,20.77,0.948
09/22/2014,20.47,0.948
09/23/2014,20.41,0.948
09/23/2014,20.62,0.948
09/24/2014,20.67,0.948
09/24/2014,20.72,0.948
09/25/2014,20.63,0.948
09/25/2014,20.7,0.948
09/26/2014,20.61,1.276
09/26/2014,20.82,1.276
09/29/2014,20.67,1.276
09/29/2014,20.97,1.276
09/30/2014,21.56,1.276
09/30/2014,21.08,1.276
10/01/2014,21.15,1.276
10/01/2014,21.55,1.276
10/02/2014,21.49,1.276
10/02/2014,21.05,1.276
10/03/2014,21.27,1.276
10/03/2014,21.6,1.276
10/06/2014,21.62,1.276
10/06/2014,21.13,1.276
10/07/2014,21.08,1.276
10/07/2014,21.12,1.276
10/08/2014,21.14,1.276
10/08/2014,20.8,1.276
10/09/2014,20.92,1.276
10/09/2014,19.78,1.276
10/10/2014,19.62,1.276
10/10/2014,19.63,1.276
10/13/2014,19.57,1.276
10/13/2014,19.07,1.276
10/14/2014,19.13,1.276
10/14/2014,18.19,1.276
10/15/2014,17.91,1.276
10/15/2014,17.84,1.276
10/16/2014,17.61,1.276
10/16/2014,18.55,1.276
10/17/2014,18.86,1.276
10/17/2014,19.48,1.276
10/20/2014,19.43,1.276
10/20/2014,19.22,1.276
10/21/2014,19.31,1.276
10/21/2014,19.57,1.276
10/22/2014,18.38,1.276
10/22/2014,19.29,1.276
10/23/2014,19.46,1.276
10/23/2014,19.19,1.276
10/24/2014,19.23,1.276
10/24/2014,19.26,1.276
10/27/2014,19.32,1.276
10/27/2014,19.08,1.276
10/28/2014,19.19,1.276
10/28/2014,19.45,1.276
10/29/2014,19.58,1.276
10/29/2014,19.49,1.276
10/30/2014,19.49,1.276
10/30/2014,19.86,1.276
10/31/2014,20.85,1.276
10/31/2014,19.62,1.276
11/03/2014,19.54,1.276
11/03/2014,19.6,1.276
11/04/2014,19.58,1.276
11/04/2014,18.5,1.276
11/05/2014,18.59,1.276
11/05/2014,18.4,1.276
11/06/2014,18.42,1.276
11/06/2014,18.24,1.276
11/07/2014,18.21,1.276
11/07/2014,19.21,1.276
11/10/2014,19.15,1.276
11/10/2014,18.85,1.276
11/11/2014,19.37,1.276
11/11/2014,19.17,1.276
11/12/2014,19.02,1.276
11/12/2014,19.61,1.276
11/13/2014,19.61,1.276
11/13/2014,19.14,1.276
11/14/2014,19.1,1.276
11/14/2014,18.55,1.276
11/17/2014,18.52,1.276
11/17/2014,18.02,1.276
11/18/2014,18.09,1.276
11/18/2014,18.27,1.276
11/19/2014,18.33,1.276
11/19/2014,17.58,1.276
11/20/2014,17.58,1.276
11/20/2014,17.71,1.276
11/21/2014,18.02,1.276
11/21/2014,17.64,1.276
11/24/2014,17.79,1.276
11/24/2014,17.61,1.276
11/25/2014,17.72,1.276
11/25/2014,18.32,1.276
11/26/2014,18.38,1.276
11/26/2014,18.36,1.276
11/28/2014,18.32,1.276
11/28/2014,18.09,1.276
12/01/2014,18.14,1.276
12/01/2014,17.46,1.276
12/02/2014,17.46,1.276
12/02/2014,18.05,1.276
12/03/2014,17.99,1.276
12/03/2014,18.02,1.276
12/04/2014,17.95,1.276
12/04/2014,17.48,1.276
12/05/2014,17.44,1.276
12/05/2014,17.59,1.276
12/08/2014,17.59,1.276
12/08/2014,16.59,1.276
12/09/2014,16.5,1.276
12/09/2014,16.71,1.276
12/10/2014,16.67,1.276
12/10/2014,16.2,1.276
12/11/2014,16.32,1.276
12/11/2014,16.6,1.276
12/12/2014,16.49,1.276
12/12/2014,16.19,1.276
12/15/2014,16.32,1.276
12/15/2014,16.0,1.276
12/16/2014,16.01,1.276
12/16/2014,16.34,1.276
12/17/2014,16.34,1.276
12/17/2014,16.75,1.276
12/18/2014,17.32,1.276
12/18/2014,17.12,1.276
12/19/2014,17.22,1.276
12/19/2014,17.16,1.276
12/22/2014,17.22,1.276
12/22/2014,17.22,1.276
12/23/2014,17.42,1.276
12/23/2014,17.57,1.276
12/24/2014,17.62,1.276
12/24/2014,17.2,1.276
12/26/2014,17.2,1.276
12/26/2014,17.16,1.276
12/29/2014,17.24,1.298
12/29/2014,17.19,1.298
12/30/2014,17.05,1.298
12/30/2014,16.96,1.298
12/31/2014,17.06,1.298
12/31/2014,17.04,1.298
01/02/2015,17.28,1.298
01/02/2015,17.95,1.298
01/05/2015,18.27,1.298
01/05/2015,17.5,1.298
01/06/2015,17.64,1.298
01/06/2015,17.82,1.298
01/07/2015,18.32,1.298
01/07/2015,18.89,1.298
01/08/2015,18.91,1.298
01/08/2015,18.84,1.298
01/09/2015,18.93,1.298
01/09/2015,19.03,1.298
01/12/2015,19.13,1.298
01/12/2015,19.49,1.298
01/13/2015,19.53,1.298
01/13/2015,19.65,1.298
01/14/2015,19.46,1.298
01/14/2015,19.69,1.298
01/15/2015,19.78,1.298
01/15/2015,19.04,1.298
01/16/2015,19.13,1.298
01/16/2015,19.46,1.298
01/20/2015,19.58,1.298
01/20/2015,19.09,1.298
01/21/2015,19.1,1.298
01/21/2015,19.09,1.298
01/22/2015,19.25,1.298
01/22/2015,19.87,1.298
01/23/2015,19.92,1.298
01/23/2015,20.64,1.298
01/26/2015,20.5,1.298
01/26/2015,21.27,1.298
01/27/2015,21.09,1.298
01/27/2015,20.59,1.298
01/28/2015,20.62,1.298
01/28/2015,20.19,1.298
01/29/2015,20.33,1.298
01/29/2015,20.89,1.298
01/30/2015,20.8,1.298
01/30/2015,20.19,1.298
02/02/2015,20.33,1.298
02/02/2015,20.79,1.298
02/03/2015,20.61,1.298
02/03/2015,20.74,1.298
02/04/2015,20.06,1.298
02/04/2015,20.12,1.298
02/05/2015,20.18,1.298
02/05/2015,20.11,1.298
02/06/2015,20.06,1.298
02/06/2015,19.74,1.298
02/09/2015,19.76,1.298
02/09/2015,19.5,1.298
02/10/2015,19.38,1.298
02/10/2015,19.56,1.298
02/11/2015,19.43,1.298
02/11/2015,19.18,1.298
02/12/2015,19.34,1.298
02/12/2015,18.98,1.298
02/13/2015,19.05,1.298
02/13/2015,19.22,1.298
02/17/2015,19.49,1.298
02/17/2015,19.18,1.298
02/18/2015,19.21,1.298
02/18/2015,19.19,1.298
02/19/2015,19.21,1.298
02/19/2015,19.66,1.298
02/20/2015,19.7,1.298
02/20/2015,19.53,1.298
02/23/2015,19.52,1.298
02/23/2015,19.59,1.298
02/24/2015,19.61,1.298
02/24/2015,19.49,1.298
02/25/2015,19.51,1.298
02/25/2015,19.34,1.298
02/26/2015,19.47,1.298
02/26/2015,19.43,1.298
02/27/2015,19.61,1.298
02/27/2015,19.23,1.298
03/02/2015,19.5,1.298
03/02/2015,19.25,1.298
03/03/2015,19.09,1.298
03/03/2015,19.07,1.298
03/04/2015,19.08,1.298
03/04/2015,19.06,1.298
03/05/2015,19.03,1.298
03/05/2015,19.34,1.298
03/06/2015,19.27,1.298
03/06/2015,18.83,1.298
03/09/2015,18.98,1.298
03/09/2015,18.65,1.298
03/10/2015,18.56,1.298
03/10/2015,18.32,1.298
03/11/2015,18.31,1.298
03/11/2015,18.23,1.298
03/12/2015,18.42,1.298
03/12/2015,18.45,1.298
03/13/2015,18.48,1.298
03/13/2015,18.43,1.298
03/16/2015,18.58,1.298
03/16/2015,18.6,1.298
03/17/2015,18.57,1.298
03/17/2015,19.03,1.298
03/18/2015,18.97,1.298
03/18/2015,19.41,1.298
03/19/2015,19.35,1.298
03/19/2015,19.27,1.298
03/20/2015,19.44,1.298
03/20/2015,19.68,1.298
03/23/2015,19.7,1.298
03/23/2015,19.71,1.298
03/24/2015,19.66,1.298
03/24/2015,19.74,1.298
03/25/2015,19.74,1.298
03/25/2015,19.48,1.298
03/26/2015,19.45,1.298
03/26/2015,19.45,1.298
03/27/2015,19.55,1.3270000000000002
03/27/2015,19.79,1.3270000000000002
03/30/2015,19.92,1.3270000000000002
03/30/2015,19.9,1.3270000000000002
03/31/2015,19.46,1.3270000000000002
03/31/2015,19.81,1.3270000000000002
04/01/2015,19.77,1.3270000000000002
04/01/2015,20.49,1.3270000000000002
04/02/2015,20.55,1.3270000000000002
04/02/2015,20.35,1.3270000000000002
04/06/2015,20.4,1.3270000000000002
04/06/2015,21.02,1.3270000000000002
04/07/2015,21.44,1.3270000000000002
04/07/2015,21.23,1.3270000000000002
04/08/2015,21.32,1.3270000000000002
04/08/2015,20.9,1.3270000000000002
04/09/2015,21.09,1.3270000000000002
04/09/2015,20.95,1.3270000000000002
04/10/2015,21.08,1.3270000000000002
04/10/2015,20.69,1.3270000000000002
04/13/2015,20.74,1.3270000000000002
04/13/2015,20.68,1.3270000000000002
04/14/2015,21.0,1.3270000000000002
04/14/2015,20.57,1.3270000000000002
04/15/2015,20.74,1.3270000000000002
04/15/2015,21.34,1.3270000000000002
04/16/2015,21.54,1.3270000000000002
04/16/2015,20.97,1.3270000000000002
04/17/2015,20.89,1.3270000000000002
04/17/2015,21.03,1.3270000000000002
04/20/2015,21.06,1.3270000000000002
04/20/2015,21.19,1.3270000000000002
04/21/2015,21.22,1.3270000000000002
04/21/2015,20.81,1.3270000000000002
04/22/2015,20.86,1.3270000000000002
04/22/2015,20.86,1.3270000000000002
04/23/2015,20.9,1.3270000000000002
04/23/2015,21.45,1.3270000000000002
04/24/2015,21.55,1.3270000000000002
04/24/2015,21.35,1.3270000000000002
04/27/2015,21.41,1.3270000000000002
04/27/2015,21.08,1.3270000000000002
04/28/2015,21.06,1.3270000000000002
04/28/2015,21.19,1.3270000000000002
04/29/2015,21.16,1.3270000000000002
04/29/2015,20.96,1.3270000000000002
04/30/2015,20.92,1.3270000000000002
04/30/2015,20.27,1.3270000000000002
05/01/2015,20.22,1.3270000000000002
05/01/2015,19.93,1.3270000000000002
05/04/2015,20.11,1.3270000000000002
05/04/2015,20.63,1.3270000000000002
05/05/2015,20.64,1.3270000000000002
05/05/2015,20.0,1.3270000000000002
05/06/2015,20.01,1.3270000000000002
05/06/2015,19.75,1.3270000000000002
05/07/2015,19.17,1.3270000000000002
05/07/2015,19.32,1.3270000000000002
05/08/2015,19.89,1.3270000000000002
05/08/2015,19.91,1.3270000000000002
05/11/2015,19.85,1.3270000000000002
05/11/2015,19.69,1.3270000000000002
05/12/2015,19.69,1.3270000000000002
05/12/2015,19.35,1.3270000000000002
05/13/2015,19.5,1.3270000000000002
05/13/2015,19.23,1.3270000000000002
05/14/2015,19.38,1.3270000000000002
05/14/2015,19.21,1.3270000000000002
05/15/2015,19.18,1.3270000000000002
05/15/2015,19.67,1.3270000000000002
05/18/2015,19.57,1.3270000000000002
05/18/2015,19.88,1.3270000000000002
05/19/2015,19.86,1.3270000000000002
05/19/2015,20.11,1.3270000000000002
05/20/2015,20.09,1.3270000000000002
05/20/2015,19.95,1.3270000000000002
05/21/2015,19.85,1.3270000000000002
05/21/2015,19.83,1.3270000000000002
05/22/2015,19.85,1.3270000000000002
05/22/2015,19.85,1.3270000000000002
05/26/2015,19.71,1.3270000000000002
05/26/2015,19.71,1.3270000000000002
05/27/2015,19.73,1.3270000000000002
05/27/2015,19.92,1.3270000000000002
05/28/2015,19.81,1.3270000000000002
05/28/2015,20.02,1.3270000000000002
05/29/2015,19.93,1.3270000000000002
05/29/2015,19.9,1.3270000000000002
06/01/2015,20.06,1.3270000000000002
06/01/2015,20.48,1.3270000000000002
06/02/2015,20.48,1.3270000000000002
06/02/2015,20.88,1.3270000000000002
06/03/2015,20.85,1.3270000000000002
06/03/2015,20.57,1.3270000000000002
06/04/2015,20.49,1.3270000000000002
06/04/2015,20.35,1.3270000000000002
06/05/2015,20.28,1.3270000000000002
06/05/2015,20.19,1.3270000000000002
06/08/2015,20.1,1.3270000000000002
06/08/2015,20.27,1.3270000000000002
06/09/2015,20.29,1.3270000000000002
06/09/2015,19.82,1.3270000000000002
06/10/2015,19.86,1.3270000000000002
06/10/2015,19.95,1.3270000000000002
06/11/2015,19.95,1.3270000000000002
06/11/2015,19.93,1.3270000000000002
06/12/2015,19.77,1.3270000000000002
06/12/2015,20.02,1.3270000000000002
06/15/2015,20.18,1.3270000000000002
06/15/2015,20.29,1.3270000000000002
06/16/2015,20.31,1.3270000000000002
06/16/2015,20.1,1.3270000000000002
06/17/2015,20.11,1.3270000000000002
06/17/2015,20.42,1.3270000000000002
06/18/2015,20.66,1.3270000000000002
06/18/2015,21.08,1.3270000000000002
06/19/2015,21.16,1.3270000000000002
06/19/2015,20.95,1.3270000000000002
06/22/2015,21.16,1.3270000000000002
06/22/2015,21.64,1.3270000000000002
06/23/2015,21.72,1.3270000000000002
06/23/2015,21.29,1.3270000000000002
06/24/2015,21.44,1.3270000000000002
06/24/2015,21.55,1.3270000000000002
06/25/2015,21.67,1.3270000000000002
06/25/2015,21.41,1.3270000000000002
06/26/2015,21.51,1.3570000000000002
06/26/2015,21.3,1.3570000000000002
06/29/2015,21.37,1.3570000000000002
06/29/2015,20.53,1.3570000000000002
06/30/2015,20.54,1.3570000000000002
06/30/2015,20.09,1.3570000000000002
07/01/2015,20.23,1.3570000000000002
07/01/2015,20.02,1.3570000000000002
07/02/2015,20.04,1.3570000000000002
07/02/2015,20.35,1.3570000000000002
07/06/2015,20.13,1.3570000000000002
07/06/2015,20.32,1.3570000000000002
07/07/2015,20.36,1.3570000000000002
07/07/2015,20.7,1.3570000000000002
07/08/2015,20.5,1.3570000000000002
07/08/2015,20.69,1.3570000000000002
07/09/2015,20.88,1.3570000000000002
07/09/2015,20.46,1.3570000000000002
07/10/2015,20.48,1.3570000000000002
07/10/2015,20.67,1.3570000000000002
07/13/2015,20.67,1.3570000000000002
07/13/2015,20.67,1.3570000000000002
07/14/2015,20.73,1.3570000000000002
07/14/2015,20.21,1.3570000000000002
07/15/2015,20.06,1.3570000000000002
07/15/2015,19.5,1.3570000000000002
07/16/2015,19.56,1.3570000000000002
07/16/2015,19.48,1.3570000000000002
07/17/2015,19.55,1.3570000000000002
07/17/2015,18.73,1.3570000000000002
07/20/2015,18.82,1.3570000000000002
07/20/2015,18.63,1.3570000000000002
07/21/2015,18.56,1.3570000000000002
07/21/2015,18.22,1.3570000000000002
07/22/2015,17.41,1.3570000000000002
07/22/2015,16.77,1.3570000000000002
07/23/2015,16.95,1.3570000000000002
07/23/2015,17.46,1.3570000000000002
07/24/2015,17.37,1.3570000000000002
07/24/2015,17.15,1.3570000000000002
07/27/2015,17.16,1.3570000000000002
07/27/2015,17.6,1.3570000000000002
07/28/2015,17.53,1.3570000000000002
07/28/2015,17.43,1.3570000000000002
07/29/2015,17.3,1.3570000000000002
07/29/2015,17.2,1.3570000000000002
07/30/2015,17.2,1.3570000000000002
07/30/2015,17.22,1.3570000000000002
07/31/2015,17.21,1.3570000000000002
07/31/2015,17.29,1.3570000000000002
08/03/2015,17.3,1.3570000000000002
08/03/2015,16.67,1.3570000000000002
08/04/2015,16.5,1.3570000000000002
08/04/2015,16.08,1.3570000000000002
08/05/2015,16.09,1.3570000000000002
08/05/2015,16.43,1.3570000000000002
08/06/2015,16.49,1.3570000000000002
08/06/2015,15.53,1.3570000000000002
08/07/2015,15.27,1.3570000000000002
08/07/2015,15.49,1.3570000000000002
08/10/2015,16.26,1.3570000000000002
08/10/2015,15.61,1.3570000000000002
08/11/2015,15.13,1.3570000000000002
08/11/2015,15.21,1.3570000000000002
08/12/2015,15.35,1.3570000000000002
08/12/2015,16.29,1.3570000000000002
08/13/2015,15.95,1.3570000000000002
08/13/2015,16.34,1.3570000000000002
08/14/2015,16.26,1.3570000000000002
08/14/2015,16.16,1.3570000000000002
08/17/2015,16.07,1.3570000000000002
08/17/2015,16.5,1.3570000000000002
08/18/2015,16.75,1.3570000000000002
08/18/2015,16.41,1.3570000000000002
08/19/2015,16.31,1.3570000000000002
08/19/2015,16.19,1.3570000000000002
08/20/2015,16.11,1.3570000000000002
08/20/2015,15.85,1.3570000000000002
08/21/2015,15.52,1.3570000000000002
08/21/2015,15.72,1.3570000000000002
08/24/2015,14.11,1.3570000000000002
08/24/2015,15.32,1.3570000000000002
08/25/2015,15.69,1.3570000000000002
08/25/2015,15.34,1.3570000000000002
08/26/2015,15.6,1.3570000000000002
08/26/2015,15.14,1.3570000000000002
08/27/2015,15.27,1.3570000000000002
08/27/2015,15.78,1.3570000000000002
08/28/2015,15.7,1.3570000000000002
08/28/2015,16.09,1.3570000000000002
08/31/2015,15.73,1.3570000000000002
08/31/2015,16.04,1.3570000000000002
09/01/2015,15.87,1.3570000000000002
09/01/2015,15.5,1.3570000000000002
09/02/2015,15.63,1.3570000000000002
09/02/2015,15.54,1.3570000000000002
09/03/2015,15.52,1.3570000000000002
09/03/2015,16.02,1.3570000000000002
09/04/2015,15.75,1.3570000000000002
09/04/2015,15.46,1.3570000000000002
09/08/2015,15.64,1.3570000000000002
09/08/2015,15.39,1.3570000000000002
09/09/2015,15.5,1.3570000000000002
09/09/2015,15.23,1.3570000000000002
09/10/2015,15.22,1.3570000000000002
09/10/2015,14.57,1.3570000000000002
09/11/2015,14.72,1.3570000000000002
09/11/2015,14.59,1.3570000000000002
09/14/2015,14.69,1.3570000000000002
09/14/2015,15.19,1.3570000000000002
09/15/2015,15.19,1.3570000000000002
09/15/2015,15.67,1.3570000000000002
09/16/2015,15.61,1.3570000000000002
09/16/2015,16.18,1.3570000000000002
09/17/2015,16.27,1.3570000000000002
09/17/2015,16.42,1.3570000000000002
09/18/2015,16.25,1.3570000000000002
09/18/2015,16.51,1.3570000000000002
09/21/2015,16.55,1.3570000000000002
09/21/2015,15.8,1.3570000000000002
09/22/2015,15.73,1.3570000000000002
09/22/2015,15.54,1.3570000000000002
09/23/2015,15.61,1.3570000000000002
09/23/2015,15.03,1.3570000000000002
09/24/2015,15.01,1.3570000000000002
09/24/2015,14.91,1.3570000000000002
09/25/2015,15.08,1.3570000000000002
09/25/2015,14.44,1.3570000000000002
09/28/2015,14.43,1.392
09/28/2015,13.65,1.392
09/29/2015,13.7,1.392
09/29/2015,13.16,1.392
09/30/2015,13.29,1.392
09/30/2015,13.76,1.392
10/01/2015,13.81,1.392
10/01/2015,13.73,1.392
10/02/2015,13.64,1.392
10/02/2015,14.53,1.392
10/05/2015,14.62,1.392
10/05/2015,15.23,1.392
10/06/2015,15.13,1.392
10/06/2015,15.31,1.392
10/07/2015,15.46,1.392
10/07/2015,15.86,1.392
10/08/2015,15.77,1.392
10/08/2015,16.21,1.392
10/09/2015,16.31,1.392
10/09/2015,16.23,1.392
10/12/2015,16.18,1.392
10/12/2015,15.95,1.392
10/13/2015,15.85,1.392
10/13/2015,15.86,1.392
10/14/2015,15.91,1.392
10/14/2015,15.74,1.392
10/15/2015,15.72,1.392
10/15/2015,16.46,1.392
10/16/2015,16.5,1.392
10/16/2015,16.48,1.392
10/19/2015,16.53,1.392
10/19/2015,16.78,1.392
10/20/2015,16.64,1.392
10/20/2015,16.72,1.392
10/21/2015,16.7,1.392
10/21/2015,16.39,1.392
10/22/2015,16.59,1.392
10/22/2015,16.57,1.392
10/23/2015,16.77,1.392
10/23/2015,16.69,1.392
10/26/2015,16.51,1.392
10/26/2015,16.19,1.392
10/27/2015,16.02,1.392
10/27/2015,15.3,1.392
10/28/2015,15.32,1.392
10/28/2015,16.19,1.392
10/29/2015,16.54,1.392
10/29/2015,16.77,1.392
10/30/2015,16.69,1.392
10/30/2015,16.85,1.392
11/02/2015,16.8,1.392
11/02/2015,16.98,1.392
11/03/2015,16.95,1.392
11/03/2015,17.02,1.392
11/04/2015,17.13,1.392
11/04/2015,17.11,1.392
11/05/2015,17.08,1.392
11/05/2015,15.84,1.392
11/06/2015,15.6,1.392
11/06/2015,15.92,1.392
11/09/2015,15.85,1.392
11/09/2015,15.49,1.392
11/10/2015,15.38,1.392
11/10/2015,14.94,1.392
11/11/2015,14.94,1.392
11/11/2015,14.4,1.392
11/12/2015,14.25,1.392
11/12/2015,13.87,1.392
11/13/2015,13.8,1.392
11/13/2015,13.86,1.392
11/16/2015,13.8,1.392
11/16/2015,13.79,1.392
11/17/2015,13.86,1.392
11/17/2015,13.08,1.392
11/18/2015,13.3,1.392
11/18/2015,13.7,1.392
11/19/2015,13.74,1.392
11/19/2015,13.34,1.392
11/20/2015,13.33,1.392
11/20/2015,13.11,1.392
11/23/2015,13.14,1.392
11/23/2015,13.13,1.392
11/24/2015,13.12,1.392
11/24/2015,13.37,1.392
11/25/2015,13.27,1.392
11/25/2015,13.19,1.392
11/27/2015,13.14,1.392
11/27/2015,13.14,1.392
11/30/2015,13.1,1.392
11/30/2015,12.9,1.392
12/01/2015,12.87,1.392
12/01/2015,13.34,1.392
12/02/2015,13.37,1.392
12/02/2015,12.93,1.392
12/03/2015,12.96,1.392
12/03/2015,12.59,1.392
12/04/2015,12.65,1.392
12/04/2015,12.56,1.392
12/07/2015,12.52,1.392
12/07/2015,12.36,1.392
12/08/2015,12.31,1.392
12/08/2015,13.13,1.392
12/09/2015,13.04,1.392
12/09/2015,13.62,1.392
12/10/2015,13.63,1.392
12/10/2015,13.48,1.392
12/11/2015,13.28,1.392
12/11/2015,13.67,1.392
12/14/2015,13.6,1.392
12/14/2015,13.41,1.392
12/15/2015,13.6,1.392
12/15/2015,13.95,1.392
12/16/2015,14.16,1.392
12/16/2015,15.62,1.392
12/17/2015,15.65,1.392
12/17/2015,14.84,1.392
12/18/2015,14.8,1.392
12/18/2015,15.11,1.392
12/21/2015,15.13,1.392
12/21/2015,15.53,1.392
12/22/2015,15.49,1.392
12/22/2015,15.59,1.392
12/23/2015,15.69,1.392
12/23/2015,15.84,1.392
12/24/2015,15.85,1.392
12/24/2015,15.97,1.392
12/28/2015,15.86,1.392
12/28/2015,15.71,1.392
12/29/2015,15.71,1.4289999999999998
12/29/2015,15.39,1.4289999999999998
12/30/2015,15.32,1.4289999999999998
12/30/2015,15.27,1.4289999999999998
12/31/2015,15.24,1.4289999999999998
12/31/2015,15.33,1.4289999999999998
01/04/2016,14.96,1.4289999999999998
01/04/2016,14.87,1.4289999999999998
01/05/2016,14.86,1.4289999999999998
01/05/2016,14.73,1.4289999999999998
01/06/2016,14.51,1.4289999999999998
01/06/2016,14.79,1.4289999999999998
01/07/2016,14.38,1.4289999999999998
01/07/2016,14.12,1.4289999999999998
01/08/2016,14.24,1.4289999999999998
01/08/2016,14.1,1.4289999999999998
01/11/2016,14.24,1.4289999999999998
01/11/2016,13.99,1.4289999999999998
01/12/2016,14.18,1.4289999999999998
01/12/2016,13.75,1.4289999999999998
01/13/2016,13.83,1.4289999999999998
01/13/2016,13.1,1.4289999999999998
01/14/2016,13.23,1.4289999999999998
01/14/2016,13.28,1.4289999999999998
01/15/2016,12.88,1.4289999999999998
01/15/2016,12.85,1.4289999999999998
01/19/2016,13.11,1.4289999999999998
01/19/2016,12.31,1.4289999999999998
01/20/2016,12.14,1.4289999999999998
01/20/2016,12.48,1.4289999999999998
01/21/2016,12.54,1.4289999999999998
01/21/2016,12.65,1.4289999999999998
01/22/2016,12.88,1.4289999999999998
01/22/2016,13.32,1.4289999999999998
01/25/2016,13.14,1.4289999999999998
01/25/2016,12.73,1.4289999999999998
01/26/2016,12.66,1.4289999999999998
01/26/2016,12.89,1.4289999999999998
01/27/2016,12.86,1.4289999999999998
01/27/2016,13.3,1.4289999999999998
01/28/2016,13.48,1.4289999999999998
01/28/2016,14.0,1.4289999999999998
01/29/2016,14.11,1.4289999999999998
01/29/2016,13.89,1.4289999999999998
02/01/2016,13.81,1.4289999999999998
02/01/2016,13.61,1.4289999999999998
02/02/2016,13.37,1.4289999999999998
02/02/2016,13.01,1.4289999999999998
02/03/2016,13.02,1.4289999999999998
02/03/2016,12.86,1.4289999999999998
02/04/2016,12.87,1.4289999999999998
02/04/2016,12.81,1.4289999999999998
02/05/2016,12.66,1.4289999999999998
02/05/2016,12.87,1.4289999999999998
02/08/2016,12.7,1.4289999999999998
02/08/2016,12.28,1.4289999999999998
02/09/2016,12.1,1.4289999999999998
02/09/2016,11.81,1.4289999999999998
02/10/2016,11.88,1.4289999999999998
02/10/2016,11.37,1.4289999999999998
02/11/2016,11.14,1.4289999999999998
02/11/2016,11.34,1.4289999999999998
02/12/2016,11.44,1.4289999999999998
02/12/2016,11.66,1.4289999999999998
02/16/2016,11.82,1.4289999999999998
02/16/2016,12.21,1.4289999999999998
02/17/2016,12.32,1.4289999999999998
02/17/2016,12.52,1.4289999999999998
02/18/2016,12.62,1.4289999999999998
02/18/2016,12.36,1.4289999999999998
02/19/2016,12.23,1.4289999999999998
02/19/2016,12.04,1.4289999999999998
02/22/2016,12.18,1.4289999999999998
02/22/2016,12.32,1.4289999999999998
02/23/2016,12.21,1.4289999999999998
02/23/2016,12.07,1.4289999999999998
02/24/2016,11.88,1.4289999999999998
02/24/2016,12.02,1.4289999999999998
02/25/2016,12.03,1.4289999999999998
02/25/2016,11.76,1.4289999999999998
02/26/2016,11.9,1.4289999999999998
02/26/2016,11.86,1.4289999999999998
02/29/2016,12.19,1.4289999999999998
02/29/2016,12.45,1.4289999999999998
03/01/2016,12.43,1.4289999999999998
03/01/2016,12.91,1.4289999999999998
03/02/2016,12.87,1.4289999999999998
03/02/2016,13.44,1.4289999999999998
03/03/2016,13.38,1.4289999999999998
03/03/2016,12.88,1.4289999999999998
03/04/2016,12.84,1.4289999999999998
03/04/2016,13.11,1.4289999999999998
03/07/2016,12.89,1.4289999999999998
03/07/2016,13.75,1.4289999999999998
03/08/2016,13.71,1.4289999999999998
03/08/2016,13.23,1.4289999999999998
03/09/2016,13.27,1.4289999999999998
03/09/2016,13.65,1.4289999999999998
03/10/2016,13.67,1.4289999999999998
03/10/2016,13.74,1.4289999999999998
03/11/2016,13.87,1.4289999999999998
03/11/2016,14.04,1.4289999999999998
03/14/2016,13.88,1.4289999999999998
03/14/2016,13.63,1.4289999999999998
03/15/2016,13.47,1.4289999999999998
03/15/2016,13.75,1.4289999999999998
03/16/2016,13.8,1.4289999999999998
03/16/2016,13.88,1.4289999999999998
03/17/2016,13.9,1.4289999999999998
03/17/2016,13.99,1.4289999999999998
03/18/2016,14.0,1.4289999999999998
03/18/2016,14.0,1.4289999999999998
03/21/2016,13.99,1.4289999999999998
03/21/2016,13.96,1.4289999999999998
03/22/2016,13.85,1.4289999999999998
03/22/2016,13.95,1.4289999999999998
03/23/2016,13.83,1.4289999999999998
03/23/2016,13.57,1.4289999999999998
03/24/2016,13.43,1.4289999999999998
03/24/2016,13.81,1.4289999999999998
03/28/2016,13.93,1.4289999999999998
03/28/2016,13.84,1.4289999999999998
03/29/2016,13.79,1.468
03/29/2016,14.34,1.468
03/30/2016,14.42,1.468
03/30/2016,14.45,1.468
03/31/2016,14.48,1.468
03/31/2016,14.27,1.468
04/01/2016,13.99,1.468
04/01/2016,13.85,1.468
04/04/2016,13.63,1.468
04/04/2016,14.19,1.468
04/05/2016,13.77,1.468
04/05/2016,13.66,1.468
04/06/2016,13.72,1.468
04/06/2016,13.83,1.468
04/07/2016,13.71,1.468
04/07/2016,13.58,1.468
04/08/2016,13.49,1.468
04/08/2016,13.71,1.468
04/11/2016,13.8,1.468
04/11/2016,13.52,1.468
04/12/2016,13.5,1.468
04/12/2016,14.36,1.468
04/13/2016,14.56,1.468
04/13/2016,14.63,1.468
04/14/2016,14.63,1.468
04/14/2016,14.58,1.468
04/15/2016,14.65,1.468
04/15/2016,15.1,1.468
04/18/2016,14.85,1.468
04/18/2016,15.27,1.468
04/19/2016,15.31,1.468
04/19/2016,15.26,1.468
04/20/2016,15.19,1.468
04/20/2016,15.26,1.468
04/21/2016,15.33,1.468
04/21/2016,15.5,1.468
04/22/2016,15.43,1.468
04/22/2016,15.91,1.468
04/25/2016,15.88,1.468
04/25/2016,15.4,1.468
04/26/2016,15.55,1.468
04/26/2016,16.04,1.468
04/27/2016,16.03,1.468
04/27/2016,16.4,1.468
04/28/2016,16.25,1.468
04/28/2016,16.07,1.468
04/29/2016,16.14,1.468
04/29/2016,15.71,1.468
05/02/2016,15.69,1.468
05/02/2016,15.76,1.468
05/03/2016,15.63,1.468
05/03/2016,15.31,1.468
05/04/2016,15.28,1.468
05/04/2016,15.28,1.468
05/05/2016,15.35,1.468
05/05/2016,15.15,1.468
05/06/2016,15.13,1.468
05/06/2016,15.19,1.468
05/09/2016,15.28,1.468
05/09/2016,15.26,1.468
05/10/2016,15.2,1.468
05/10/2016,15.28,1.468
05/11/2016,15.26,1.468
05/11/2016,14.96,1.468
05/12/2016,15.03,1.468
05/12/2016,14.71,1.468
05/13/2016,14.7,1.468
05/13/2016,15.19,1.468
05/16/2016,15.22,1.468
05/16/2016,15.16,1.468
05/17/2016,15.16,1.468
05/17/2016,15.33,1.468
05/18/2016,15.26,1.468
05/18/2016,15.19,1.468
05/19/2016,15.02,1.468
05/19/2016,15.42,1.468
05/20/2016,15.46,1.468
05/20/2016,15.53,1.468
05/23/2016,15.57,1.468
05/23/2016,15.45,1.468
05/24/2016,15.54,1.468
05/24/2016,15.62,1.468
05/25/2016,15.64,1.468
05/25/2016,15.83,1.468
05/26/2016,15.81,1.468
05/26/2016,15.8,1.468
05/27/2016,15.82,1.468
05/27/2016,16.01,1.468
05/31/2016,16.06,1.468
05/31/2016,16.29,1.468
06/01/2016,16.24,1.468
06/01/2016,16.12,1.468
06/02/2016,16.06,1.468
06/02/2016,16.26,1.468
06/03/2016,16.31,1.468
06/03/2016,16.47,1.468
06/06/2016,16.47,1.468
06/06/2016,16.63,1.468
06/07/2016,16.64,1.468
06/07/2016,16.63,1.468
06/08/2016,16.68,1.468
06/08/2016,16.67,1.468
06/09/2016,16.56,1.468
06/09/2016,16.6,1.468
06/10/2016,16.46,1.468
06/10/2016,15.83,1.468
06/13/2016,15.66,1.468
06/13/2016,15.59,1.468
06/14/2016,15.55,1.468
06/14/2016,15.67,1.468
06/15/2016,15.69,1.468
06/15/2016,15.7,1.468
06/16/2016,15.54,1.468
06/16/2016,15.64,1.468
06/17/2016,15.69,1.468
06/17/2016,15.78,1.468
06/20/2016,16.03,1.468
06/20/2016,16.13,1.468
06/21/2016,16.07,1.468
06/21/2016,16.53,1.468
06/22/2016,16.62,1.468
06/22/2016,16.58,1.468
06/23/2016,16.79,1.468
06/23/2016,17.09,1.468
06/24/2016,16.27,1.468
06/24/2016,16.47,1.468
06/27/2016,16.21,1.468
06/27/2016,16.03,1.468
06/28/2016,16.11,1.5060000000000002
06/28/2016,16.61,1.5060000000000002
06/29/2016,16.76,1.5060000000000002
06/29/2016,17.16,1.5060000000000002
06/30/2016,17.17,1.5060000000000002
06/30/2016,17.5,1.5060000000000002
07/01/2016,17.65,1.5060000000000002
07/01/2016,17.98,1.5060000000000002
07/05/2016,17.87,1.5060000000000002
07/05/2016,17.89,1.5060000000000002
07/06/2016,17.91,1.5060000000000002
07/06/2016,18.09,1.5060000000000002
07/07/2016,18.17,1.5060000000000002
07/07/2016,17.85,1.5060000000000002
07/08/2016,17.98,1.5060000000000002
07/08/2016,18.11,1.5060000000000002
07/11/2016,18.26,1.5060000000000002
07/11/2016,18.34,1.5060000000000002
07/12/2016,18.4,1.5060000000000002
07/12/2016,18.2,1.5060000000000002
07/13/2016,18.3,1.5060000000000002
07/13/2016,18.1,1.5060000000000002
07/14/2016,18.14,1.5060000000000002
07/14/2016,18.09,1.5060000000000002
07/15/2016,18.13,1.5060000000000002
07/15/2016,18.1,1.5060000000000002
07/18/2016,18.06,1.5060000000000002
07/18/2016,18.24,1.5060000000000002
07/19/2016,18.23,1.5060000000000002
07/19/2016,18.1,1.5060000000000002
07/20/2016,18.07,1.5060000000000002
07/20/2016,18.2,1.5060000000000002
07/21/2016,18.18,1.5060000000000002
07/21/2016,18.43,1.5060000000000002
07/22/2016,18.49,1.5060000000000002
07/22/2016,18.37,1.5060000000000002
07/25/2016,18.39,1.5060000000000002
07/25/2016,18.48,1.5060000000000002
07/26/2016,18.49,1.5060000000000002
07/26/2016,18.75,1.5060000000000002
07/27/2016,18.83,1.5060000000000002
07/27/2016,18.33,1.5060000000000002
07/28/2016,18.43,1.5060000000000002
07/28/2016,18.51,1.5060000000000002
07/29/2016,18.58,1.5060000000000002
07/29/2016,18.57,1.5060000000000002
08/01/2016,18.52,1.5060000000000002
08/01/2016,18.09,1.5060000000000002
08/02/2016,18.04,1.5060000000000002
08/02/2016,18.15,1.5060000000000002
08/03/2016,18.08,1.5060000000000002
08/03/2016,18.52,1.5060000000000002
08/04/2016,18.54,1.5060000000000002
08/04/2016,18.33,1.5060000000000002
08/05/2016,18.82,1.5060000000000002
08/05/2016,18.68,1.5060000000000002
08/08/2016,18.83,1.5060000000000002
08/08/2016,18.88,1.5060000000000002
08/09/2016,18.14,1.5060000000000002
08/09/2016,18.16,1.5060000000000002
08/10/2016,18.27,1.5060000000000002
08/10/2016,18.16,1.5060000000000002
08/11/2016,18.19,1.5060000000000002
08/11/2016,18.22,1.5060000000000002
08/12/2016,18.22,1.5060000000000002
08/12/2016,18.14,1.5060000000000002
08/15/2016,18.12,1.5060000000000002
08/15/2016,18.07,1.5060000000000002
08/16/2016,18.08,1.5060000000000002
08/16/2016,17.54,1.5060000000000002
08/17/2016,17.64,1.5060000000000002
08/17/2016,17.98,1.5060000000000002
08/18/2016,17.88,1.5060000000000002
08/18/2016,18.11,1.5060000000000002
08/19/2016,18.09,1.5060000000000002
08/19/2016,18.07,1.5060000000000002
08/22/2016,18.05,1.5060000000000002
08/22/2016,18.04,1.5060000000000002
08/23/2016,18.13,1.5060000000000002
08/23/2016,18.2,1.5060000000000002
08/24/2016,18.14,1.5060000000000002
08/24/2016,17.91,1.5060000000000002
08/25/2016,17.91,1.5060000000000002
08/25/2016,17.98,1.5060000000000002
08/26/2016,18.07,1.5060000000000002
08/26/2016,17.97,1.5060000000000002
08/29/2016,18.01,1.5060000000000002
08/29/2016,18.26,1.5060000000000002
08/30/2016,18.29,1.5060000000000002
08/30/2016,18.26,1.5060000000000002
08/31/2016,18.17,1.5060000000000002
08/31/2016,18.14,1.5060000000000002
09/01/2016,18.14,1.5060000000000002
09/01/2016,18.19,1.5060000000000002
09/02/2016,18.25,1.5060000000000002
09/02/2016,18.49,1.5060000000000002
09/06/2016,18.59,1.5060000000000002
09/06/2016,18.68,1.5060000000000002
09/07/2016,18.66,1.5060000000000002
09/07/2016,18.98,1.5060000000000002
09/08/2016,19.05,1.5060000000000002
09/08/2016,19.03,1.5060000000000002
09/09/2016,18.86,1.5060000000000002
09/09/2016,18.17,1.5060000000000002
09/12/2016,18.11,1.5060000000000002
09/12/2016,18.45,1.5060000000000002
09/13/2016,18.28,1.5060000000000002
09/13/2016,17.68,1.5060000000000002
09/14/2016,17.72,1.5060000000000002
09/14/2016,17.63,1.5060000000000002
09/15/2016,17.63,1.5060000000000002
09/15/2016,17.68,1.5060000000000002
09/16/2016,17.62,1.5060000000000002
09/16/2016,17.59,1.5060000000000002
09/19/2016,17.86,1.5060000000000002
09/19/2016,17.94,1.5060000000000002
09/20/2016,17.98,1.5060000000000002
09/20/2016,17.89,1.5060000000000002
09/21/2016,17.95,1.5060000000000002
09/21/2016,18.16,1.5060000000000002
09/22/2016,18.25,1.5060000000000002
09/22/2016,18.38,1.5060000000000002
09/23/2016,18.36,1.5060000000000002
09/23/2016,18.15,1.5060000000000002
09/26/2016,18.06,1.5060000000000002
09/26/2016,17.79,1.5060000000000002
09/27/2016,17.63,1.5060000000000002
09/27/2016,17.53,1.5060000000000002
09/28/2016,17.5,1.5430000000000001
09/28/2016,17.75,1.5430000000000001
09/29/2016,17.75,1.5430000000000001
09/29/2016,17.6,1.5430000000000001
09/30/2016,17.7,1.5430000000000001
09/30/2016,17.44,1.5430000000000001
10/03/2016,17.45,1.5430000000000001
10/03/2016,17.06,1.5430000000000001
10/04/2016,17.14,1.5430000000000001
10/04/2016,16.77,1.5430000000000001
10/05/2016,16.88,1.5430000000000001
10/05/2016,17.15,1.5430000000000001
10/06/2016,17.12,1.5430000000000001
10/06/2016,16.87,1.5430000000000001
10/07/2016,16.91,1.5430000000000001
10/07/2016,16.85,1.5430000000000001
10/10/2016,16.93,1.5430000000000001
10/10/2016,16.98,1.5430000000000001
10/11/2016,16.96,1.5430000000000001
10/11/2016,17.01,1.5430000000000001
10/12/2016,17.04,1.5430000000000001
10/12/2016,16.86,1.5430000000000001
10/13/2016,16.77,1.5430000000000001
10/13/2016,16.74,1.5430000000000001
10/14/2016,16.81,1.5430000000000001
10/14/2016,16.93,1.5430000000000001
10/17/2016,16.97,1.5430000000000001
10/17/2016,17.02,1.5430000000000001
10/18/2016,17.19,1.5430000000000001
10/18/2016,17.36,1.5430000000000001
10/19/2016,17.42,1.5430000000000001
10/19/2016,17.49,1.5430000000000001
10/20/2016,17.43,1.5430000000000001
10/20/2016,17.46,1.5430000000000001
10/21/2016,17.43,1.5430000000000001
10/21/2016,17.71,1.5430000000000001
10/24/2016,17.69,1.5430000000000001
10/24/2016,17.7,1.5430000000000001
10/25/2016,17.74,1.5430000000000001
10/25/2016,17.57,1.5430000000000001
10/26/2016,17.53,1.5430000000000001
10/26/2016,17.43,1.5430000000000001
10/27/2016,17.48,1.5430000000000001
10/27/2016,17.25,1.5430000000000001
10/28/2016,17.26,1.5430000000000001
10/28/2016,17.16,1.5430000000000001
10/31/2016,17.25,1.5430000000000001
10/31/2016,17.33,1.5430000000000001
11/01/2016,17.43,1.5430000000000001
11/01/2016,16.98,1.5430000000000001
11/02/2016,16.89,1.5430000000000001
11/02/2016,16.53,1.5430000000000001
11/03/2016,16.53,1.5430000000000001
11/03/2016,16.52,1.5430000000000001
11/04/2016,16.53,1.5430000000000001
11/04/2016,16.77,1.5430000000000001
11/07/2016,17.84,1.5430000000000001
11/07/2016,16.18,1.5430000000000001
11/08/2016,16.01,1.5430000000000001
11/08/2016,16.35,1.5430000000000001
11/09/2016,15.51,1.5430000000000001
11/09/2016,14.77,1.5430000000000001
11/10/2016,14.89,1.5430000000000001
11/10/2016,14.98,1.5430000000000001
11/11/2016,14.99,1.5430000000000001
11/11/2016,15.0,1.5430000000000001
11/14/2016,14.97,1.5430000000000001
11/14/2016,15.04,1.5430000000000001
11/15/2016,15.08,1.5430000000000001
11/15/2016,15.12,1.5430000000000001
11/16/2016,15.08,1.5430000000000001
11/16/2016,14.97,1.5430000000000001
11/17/2016,15.03,1.5430000000000001
11/17/2016,14.88,1.5430000000000001
11/18/2016,14.83,1.5430000000000001
11/18/2016,14.72,1.5430000000000001
11/21/2016,14.8,1.5430000000000001
11/21/2016,14.87,1.5430000000000001
11/22/2016,14.93,1.5430000000000001
11/22/2016,15.41,1.5430000000000001
11/23/2016,15.32,1.5430000000000001
11/23/2016,15.65,1.5430000000000001
11/25/2016,15.63,1.5430000000000001
11/25/2016,15.78,1.5430000000000001
11/28/2016,15.8,1.5430000000000001
11/28/2016,15.83,1.5430000000000001
11/29/2016,15.8,1.5430000000000001
11/29/2016,15.53,1.5430000000000001
11/30/2016,15.63,1.5430000000000001
11/30/2016,15.22,1.5430000000000001
12/01/2016,15.24,1.5430000000000001
12/01/2016,15.07,1.5430000000000001
12/02/2016,15.01,1.5430000000000001
12/02/2016,15.12,1.5430000000000001
12/05/2016,15.13,1.5430000000000001
12/05/2016,15.08,1.5430000000000001
12/06/2016,15.09,1.5430000000000001
12/06/2016,14.93,1.5430000000000001
12/07/2016,14.97,1.5430000000000001
12/07/2016,14.98,1.5430000000000001
12/08/2016,14.97,1.5430000000000001
12/08/2016,15.0,1.5430000000000001
12/09/2016,14.99,1.5430000000000001
12/09/2016,15.39,1.5430000000000001
12/12/2016,15.42,1.5430000000000001
12/12/2016,15.47,1.5430000000000001
12/13/2016,15.53,1.5430000000000001
12/13/2016,15.63,1.5430000000000001
12/14/2016,15.62,1.5430000000000001
12/14/2016,15.17,1.5430000000000001
12/15/2016,15.16,1.5430000000000001
12/15/2016,15.4,1.5430000000000001
12/16/2016,15.3,1.5430000000000001
12/16/2016,15.11,1.5430000000000001
12/19/2016,15.09,1.5430000000000001
12/19/2016,15.09,1.5430000000000001
12/20/2016,15.15,1.5430000000000001
12/20/2016,15.04,1.5430000000000001
12/21/2016,15.09,1.5430000000000001
12/21/2016,14.99,1.5430000000000001
12/22/2016,14.94,1.5430000000000001
12/22/2016,14.88,1.5430000000000001
12/23/2016,14.81,1.5430000000000001
12/23/2016,14.9,1.5430000000000001
12/27/2016,14.98,1.5430000000000001
12/27/2016,14.98,1.5430000000000001
12/28/2016,15.03,1.579
12/28/2016,14.89,1.579
12/29/2016,14.8,1.579
12/29/2016,15.06,1.579
12/30/2016,15.12,1.579
12/30/2016,15.04,1.579
01/03/2017,15.16,1.579
01/03/2017,14.98,1.579
01/04/2017,14.96,1.579
01/04/2017,15.18,1.579
01/05/2017,15.23,1.579
01/05/2017,15.31,1.579
01/06/2017,15.33,1.579
01/06/2017,15.49,1.579
01/09/2017,15.48,1.579
01/09/2017,15.23,1.579
01/10/2017,15.27,1.579
01/10/2017,15.31,1.579
01/11/2017,15.35,1.579
01/11/2017,15.35,1.579
01/12/2017,15.46,1.579
01/12/2017,15.35,1.579
01/13/2017,15.45,1.579
01/13/2017,15.47,1.579
01/17/2017,15.5,1.579
01/17/2017,15.69,1.579
01/18/2017,15.69,1.579
01/18/2017,15.77,1.579
01/19/2017,15.74,1.579
01/19/2017,15.56,1.579
01/20/2017,15.53,1.579
01/20/2017,15.61,1.579
01/23/2017,15.57,1.579
01/23/2017,15.38,1.579
01/24/2017,15.39,1.579
01/24/2017,15.55,1.579
01/25/2017,15.5,1.579
01/25/2017,15.61,1.579
01/26/2017,15.67,1.579
01/26/2017,15.65,1.579
01/27/2017,15.7,1.579
01/27/2017,15.65,1.579
01/30/2017,15.6,1.579
01/30/2017,15.4,1.579
01/31/2017,15.41,1.579
01/31/2017,15.64,1.579
02/01/2017,15.79,1.579
02/01/2017,15.58,1.579
02/02/2017,15.61,1.579
02/02/2017,15.61,1.579
02/03/2017,15.66,1.579
02/03/2017,15.8,1.579
02/06/2017,15.88,1.579
02/06/2017,15.83,1.579
02/07/2017,15.9,1.579
02/07/2017,15.59,1.579
02/08/2017,15.65,1.579
02/08/2017,15.77,1.579
02/09/2017,15.74,1.579
02/09/2017,15.76,1.579
02/10/2017,15.76,1.579
02/10/2017,15.71,1.579
02/13/2017,15.8,1.579
02/13/2017,16.1,1.579
02/14/2017,16.16,1.579
02/14/2017,16.15,1.579
02/15/2017,16.11,1.579
02/15/2017,16.24,1.579
02/16/2017,16.28,1.579
02/16/2017,16.31,1.579
02/17/2017,16.34,1.579
02/17/2017,16.31,1.579
02/21/2017,16.55,1.579
02/21/2017,16.66,1.579
02/22/2017,16.68,1.579
02/22/2017,16.47,1.579
02/23/2017,16.48,1.579
02/23/2017,16.55,1.579
02/24/2017,16.47,1.579
02/24/2017,16.71,1.579
02/27/2017,16.73,1.579
02/27/2017,16.7,1.579
02/28/2017,16.74,1.579
02/28/2017,16.47,1.579
03/01/2017,16.47,1.579
03/01/2017,15.78,1.579
03/02/2017,15.77,1.579
03/02/2017,15.78,1.579
03/03/2017,15.83,1.579
03/03/2017,15.92,1.579
03/06/2017,15.95,1.579
03/06/2017,15.86,1.579
03/07/2017,15.84,1.579
03/07/2017,15.77,1.579
03/08/2017,15.76,1.579
03/08/2017,15.81,1.579
03/09/2017,15.77,1.579
03/09/2017,15.73,1.579
03/10/2017,15.73,1.579
03/10/2017,15.63,1.579
03/13/2017,15.69,1.579
03/13/2017,15.63,1.579
03/14/2017,15.71,1.579
03/14/2017,15.52,1.579
03/15/2017,15.53,1.579
03/15/2017,15.89,1.579
03/16/2017,15.95,1.579
03/16/2017,16.04,1.579
03/17/2017,16.01,1.579
03/17/2017,16.17,1.579
03/20/2017,16.17,1.579
03/20/2017,16.08,1.579
03/21/2017,16.11,1.579
03/21/2017,16.12,1.579
03/22/2017,16.07,1.579
03/22/2017,16.08,1.579
03/23/2017,15.85,1.579
03/23/2017,16.01,1.579
03/24/2017,16.2,1.579
03/24/2017,16.17,1.579
03/27/2017,16.17,1.579
03/27/2017,16.08,1.579
03/28/2017,16.07,1.579
03/28/2017,16.06,1.579
03/29/2017,16.18,1.6119999999999999
03/29/2017,16.25,1.6119999999999999
03/30/2017,16.2,1.6119999999999999
03/30/2017,16.18,1.6119999999999999
03/31/2017,16.22,1.6119999999999999
03/31/2017,16.28,1.6119999999999999
04/03/2017,16.3,1.6119999999999999
04/03/2017,16.17,1.6119999999999999
04/04/2017,16.12,1.6119999999999999
04/04/2017,16.31,1.6119999999999999
04/05/2017,16.3,1.6119999999999999
04/05/2017,16.49,1.6119999999999999
04/06/2017,16.47,1.6119999999999999
04/06/2017,16.51,1.6119999999999999
04/07/2017,16.58,1.6119999999999999
04/07/2017,16.68,1.6119999999999999
04/10/2017,16.69,1.6119999999999999
04/10/2017,16.88,1.6119999999999999
04/11/2017,16.94,1.6119999999999999
04/11/2017,17.03,1.6119999999999999
04/12/2017,17.06,1.6119999999999999
04/12/2017,17.22,1.6119999999999999
04/13/2017,17.19,1.6119999999999999
04/13/2017,17.11,1.6119999999999999
04/17/2017,17.13,1.6119999999999999
04/17/2017,17.37,1.6119999999999999
04/18/2017,17.36,1.6119999999999999
04/18/2017,17.57,1.6119999999999999
04/19/2017,17.61,1.6119999999999999
04/19/2017,17.28,1.6119999999999999
04/20/2017,17.27,1.6119999999999999
04/20/2017,17.31,1.6119999999999999
04/21/2017,17.32,1.6119999999999999
04/21/2017,17.33,1.6119999999999999
04/24/2017,17.39,1.6119999999999999
04/24/2017,17.64,1.6119999999999999
04/25/2017,17.57,1.6119999999999999
04/25/2017,17.92,1.6119999999999999
04/26/2017,17.95,1.6119999999999999
04/26/2017,17.99,1.6119999999999999
04/27/2017,18.16,1.6119999999999999
04/27/2017,17.91,1.6119999999999999
04/28/2017,17.96,1.6119999999999999
04/28/2017,17.81,1.6119999999999999
05/01/2017,17.87,1.6119999999999999
05/01/2017,17.78,1.6119999999999999
05/02/2017,17.78,1.6119999999999999
05/02/2017,17.83,1.6119999999999999
05/03/2017,17.79,1.6119999999999999
05/03/2017,17.68,1.6119999999999999
05/04/2017,17.7,1.6119999999999999
05/04/2017,17.49,1.6119999999999999
05/05/2017,17.53,1.6119999999999999
05/05/2017,17.7,1.6119999999999999
05/08/2017,17.78,1.6119999999999999
05/08/2017,17.64,1.6119999999999999
05/09/2017,17.79,1.6119999999999999
05/09/2017,17.33,1.6119999999999999
05/10/2017,17.37,1.6119999999999999
05/10/2017,17.42,1.6119999999999999
05/11/2017,17.43,1.6119999999999999
05/11/2017,17.61,1.6119999999999999
05/12/2017,17.61,1.6119999999999999
05/12/2017,17.63,1.6119999999999999
05/15/2017,17.57,1.6119999999999999
05/15/2017,17.89,1.6119999999999999
05/16/2017,17.98,1.6119999999999999
05/16/2017,17.97,1.6119999999999999
05/17/2017,17.89,1.6119999999999999
05/17/2017,17.68,1.6119999999999999
05/18/2017,17.79,1.6119999999999999
05/18/2017,17.72,1.6119999999999999
05/19/2017,17.78,1.6119999999999999
05/19/2017,17.79,1.6119999999999999
05/22/2017,17.81,1.6119999999999999
05/22/2017,17.96,1.6119999999999999
05/23/2017,18.05,1.6119999999999999
05/23/2017,18.04,1.6119999999999999
05/24/2017,18.04,1.6119999999999999
05/24/2017,18.46,1.6119999999999999
05/25/2017,18.53,1.6119999999999999
05/25/2017,18.51,1.6119999999999999
05/26/2017,18.59,1.6119999999999999
05/26/2017,18.49,1.6119999999999999
05/30/2017,18.42,1.6119999999999999
05/30/2017,18.33,1.6119999999999999
05/31/2017,18.35,1.6119999999999999
05/31/2017,18.25,1.6119999999999999
06/01/2017,18.27,1.6119999999999999
06/01/2017,18.56,1.6119999999999999
06/02/2017,18.59,1.6119999999999999
06/02/2017,18.5,1.6119999999999999
06/05/2017,18.46,1.6119999999999999
06/05/2017,18.5,1.6119999999999999
06/06/2017,18.46,1.6119999999999999
06/06/2017,18.47,1.6119999999999999
06/07/2017,18.54,1.6119999999999999
06/07/2017,18.36,1.6119999999999999
06/08/2017,18.37,1.6119999999999999
06/08/2017,18.6,1.6119999999999999
06/09/2017,18.59,1.6119999999999999
06/09/2017,18.66,1.6119999999999999
06/12/2017,18.65,1.6119999999999999
06/12/2017,18.64,1.6119999999999999
06/13/2017,18.6,1.6119999999999999
06/13/2017,18.77,1.6119999999999999
06/14/2017,18.8,1.6119999999999999
06/14/2017,18.63,1.6119999999999999
06/15/2017,18.62,1.6119999999999999
06/15/2017,18.8,1.6119999999999999
06/16/2017,18.76,1.6119999999999999
06/16/2017,19.16,1.6119999999999999
06/19/2017,19.21,1.6119999999999999
06/19/2017,19.67,1.6119999999999999
06/20/2017,19.79,1.6119999999999999
06/20/2017,19.62,1.6119999999999999
06/21/2017,19.71,1.6119999999999999
06/21/2017,19.6,1.6119999999999999
06/22/2017,19.71,1.6119999999999999
06/22/2017,20.06,1.6119999999999999
06/23/2017,20.1,1.6119999999999999
06/23/2017,20.15,1.6119999999999999
06/26/2017,20.21,1.6119999999999999
06/26/2017,20.36,1.6119999999999999
06/27/2017,20.36,1.6119999999999999
06/27/2017,20.28,1.6119999999999999
06/28/2017,20.43,1.64
06/28/2017,20.34,1.64
06/29/2017,20.34,1.64
06/29/2017,19.67,1.64
06/30/2017,19.8,1.64
06/30/2017,19.61,1.64
07/03/2017,19.66,1.64
07/03/2017,19.62,1.64
07/05/2017,19.63,1.64
07/05/2017,19.5,1.64
07/06/2017,19.4,1.64
07/06/2017,19.31,1.64
07/07/2017,19.3,1.64
07/07/2017,19.34,1.64
07/10/2017,19.37,1.64
07/10/2017,19.64,1.64
07/11/2017,19.67,1.64
07/11/2017,19.6,1.64
07/12/2017,19.77,1.64
07/12/2017,19.86,1.64
07/13/2017,19.87,1.64
07/13/2017,19.56,1.64
07/14/2017,19.59,1.64
07/14/2017,19.69,1.64
07/17/2017,19.71,1.64
07/17/2017,19.94,1.64
07/18/2017,19.92,1.64
07/18/2017,20.0,1.64
07/19/2017,20.04,1.64
07/19/2017,20.27,1.64
07/20/2017,20.3,1.64
07/20/2017,20.28,1.64
07/21/2017,20.41,1.64
07/21/2017,20.36,1.64
07/24/2017,20.36,1.64
07/24/2017,20.51,1.64
07/25/2017,20.51,1.64
07/25/2017,20.51,1.64
07/26/2017,20.67,1.64
07/26/2017,20.66,1.64
07/27/2017,20.7,1.64
07/27/2017,20.67,1.64
07/28/2017,20.59,1.64
07/28/2017,20.71,1.64
07/31/2017,20.77,1.64
07/31/2017,20.64,1.64
08/01/2017,20.71,1.64
08/01/2017,20.74,1.64
08/02/2017,20.75,1.64
08/02/2017,20.64,1.64
08/03/2017,20.64,1.64
08/03/2017,20.61,1.64
08/04/2017,20.63,1.64
08/04/2017,20.73,1.64
08/07/2017,20.73,1.64
08/07/2017,20.39,1.64
08/08/2017,20.44,1.64
08/08/2017,19.76,1.64
08/09/2017,19.62,1.64
08/09/2017,19.25,1.64
08/10/2017,19.2,1.64
08/10/2017,19.39,1.64
08/11/2017,19.48,1.64
08/11/2017,19.62,1.64
08/14/2017,19.68,1.64
08/14/2017,19.85,1.64
08/15/2017,19.86,1.64
08/15/2017,19.85,1.64
08/16/2017,19.82,1.64
08/16/2017,19.84,1.64
08/17/2017,19.76,1.64
08/17/2017,19.54,1.64
08/18/2017,19.54,1.64
08/18/2017,20.11,1.64
08/21/2017,20.13,1.64
08/21/2017,20.18,1.64
08/22/2017,20.27,1.64
08/22/2017,20.4,1.64
08/23/2017,20.39,1.64
08/23/2017,20.47,1.64
08/24/2017,20.51,1.64
08/24/2017,20.48,1.64
08/25/2017,20.47,1.64
08/25/2017,20.27,1.64
08/28/2017,20.28,1.64
08/28/2017,20.31,1.64
08/29/2017,20.22,1.64
08/29/2017,20.53,1.64
08/30/2017,20.57,1.64
08/30/2017,20.43,1.64
08/31/2017,20.49,1.64
08/31/2017,20.66,1.64
09/01/2017,20.64,1.64
09/01/2017,20.63,1.64
09/05/2017,20.68,1.64
09/05/2017,20.77,1.64
09/06/2017,20.85,1.64
09/06/2017,20.81,1.64
09/07/2017,20.9,1.64
09/07/2017,20.86,1.64
09/08/2017,20.92,1.64
09/08/2017,20.92,1.64
09/11/2017,20.97,1.64
09/11/2017,21.14,1.64
09/12/2017,21.21,1.64
09/12/2017,21.13,1.64
09/13/2017,21.1,1.64
09/13/2017,21.29,1.64
09/14/2017,21.27,1.64
09/14/2017,21.51,1.64
09/15/2017,21.62,1.64
09/15/2017,21.63,1.64
09/18/2017,21.63,1.64
09/18/2017,21.62,1.64
09/19/2017,21.66,1.64
09/19/2017,21.63,1.64
09/20/2017,21.67,1.64
09/20/2017,21.61,1.64
09/21/2017,21.64,1.64
09/21/2017,21.65,1.64
09/22/2017,21.35,1.64
09/22/2017,21.3,1.64
09/25/2017,21.38,1.64
09/25/2017,21.0,1.64
09/26/2017,21.09,1.64
09/26/2017,21.15,1.64
09/27/2017,21.22,1.64
09/27/2017,20.92,1.64
09/28/2017,20.93,1.66
09/28/2017,21.02,1.66
09/29/2017,20.96,1.66
09/29/2017,20.15,1.66
10/02/2017,20.17,1.66
10/02/2017,20.39,1.66
10/03/2017,20.36,1.66
10/03/2017,20.34,1.66
10/04/2017,20.31,1.66
10/04/2017,20.19,1.66
10/05/2017,20.2,1.66
10/05/2017,20.16,1.66
10/06/2017,20.15,1.66
10/06/2017,20.22,1.66
10/09/2017,20.25,1.66
10/09/2017,20.25,1.66
10/10/2017,20.36,1.66
10/10/2017,20.59,1.66
10/11/2017,20.55,1.66
10/11/2017,20.26,1.66
10/12/2017,20.25,1.66
10/12/2017,20.43,1.66
10/13/2017,20.52,1.66
10/13/2017,20.66,1.66
10/16/2017,20.82,1.66
10/16/2017,20.28,1.66
10/17/2017,20.23,1.66
10/17/2017,20.51,1.66
10/18/2017,20.51,1.66
10/18/2017,20.51,1.66
10/19/2017,19.59,1.66
10/19/2017,19.8,1.66
10/20/2017,19.93,1.66
10/20/2017,19.83,1.66
10/23/2017,19.86,1.66
10/23/2017,19.26,1.66
10/24/2017,19.18,1.66
10/24/2017,19.59,1.66
10/25/2017,19.64,1.66
10/25/2017,18.96,1.66
10/26/2017,19.01,1.66
10/26/2017,19.04,1.66
10/27/2017,19.12,1.66
10/27/2017,19.27,1.66
10/30/2017,19.23,1.66
10/30/2017,19.13,1.66
10/31/2017,19.2,1.66
10/31/2017,19.29,1.66
11/01/2017,19.31,1.66
11/01/2017,19.28,1.66
11/02/2017,19.37,1.66
11/02/2017,18.52,1.66
11/03/2017,18.57,1.66
11/03/2017,18.99,1.66
11/06/2017,19.09,1.66
11/06/2017,18.92,1.66
11/07/2017,18.92,1.66
11/07/2017,18.66,1.66
11/08/2017,18.61,1.66
11/08/2017,18.64,1.66
11/09/2017,18.28,1.66
11/09/2017,18.04,1.66
11/10/2017,17.83,1.66
11/10/2017,17.49,1.66
11/13/2017,17.39,1.66
11/13/2017,17.39,1.66
11/14/2017,17.35,1.66
11/14/2017,17.65,1.66
11/15/2017,17.6,1.66
11/15/2017,17.93,1.66
11/16/2017,17.92,1.66
11/16/2017,18.39,1.66
11/17/2017,18.39,1.66
11/17/2017,18.51,1.66
11/20/2017,18.49,1.66
11/20/2017,18.2,1.66
11/21/2017,18.23,1.66
11/21/2017,18.18,1.66
11/22/2017,18.19,1.66
11/22/2017,18.2,1.66
11/24/2017,18.38,1.66
11/24/2017,18.41,1.66
11/27/2017,18.57,1.66
11/27/2017,18.4,1.66
11/28/2017,18.41,1.66
11/28/2017,18.81,1.66
11/29/2017,18.82,1.66
11/29/2017,18.66,1.66
11/30/2017,18.76,1.66
11/30/2017,18.85,1.66
12/01/2017,18.9,1.66
12/01/2017,18.33,1.66
12/04/2017,18.49,1.66
12/04/2017,17.65,1.66
12/05/2017,17.65,1.66
12/05/2017,17.68,1.66
12/06/2017,18.08,1.66
12/06/2017,17.6,1.66
12/07/2017,17.66,1.66
12/07/2017,17.84,1.66
12/08/2017,17.98,1.66
12/08/2017,17.9,1.66
12/11/2017,17.96,1.66
12/11/2017,17.9,1.66
12/12/2017,17.74,1.66
12/12/2017,17.61,1.66
12/13/2017,17.69,1.66
12/13/2017,17.9,1.66
12/14/2017,18.01,1.66
12/14/2017,18.27,1.66
12/15/2017,18.32,1.66
12/15/2017,18.03,1.66
12/18/2017,18.06,1.66
12/18/2017,17.98,1.66
12/19/2017,17.97,1.66
12/19/2017,18.05,1.66
12/20/2017,18.06,1.66
12/20/2017,18.19,1.66
12/21/2017,18.25,1.66
12/21/2017,18.06,1.66
12/22/2017,18.06,1.66
12/22/2017,18.22,1.66
12/26/2017,18.16,1.66
12/26/2017,18.21,1.66
12/27/2017,18.21,1.66
12/27/2017,18.44,1.66
12/28/2017,18.5,1.674
12/28/2017,18.4,1.674
12/29/2017,18.48,1.674
12/29/2017,18.32,1.674
01/02/2018,18.49,1.674
01/02/2018,18.58,1.674
01/03/2018,18.62,1.674
01/03/2018,18.36,1.674
01/04/2018,18.48,1.674
01/04/2018,18.37,1.674
01/05/2018,18.48,1.674
01/05/2018,18.28,1.674
01/08/2018,18.34,1.674
01/08/2018,18.44,1.674
01/09/2018,18.46,1.674
01/09/2018,18.29,1.674
01/10/2018,18.32,1.674
01/10/2018,18.19,1.674
01/11/2018,18.19,1.674
01/11/2018,18.25,1.674
01/12/2018,18.26,1.674
01/12/2018,18.33,1.674
01/16/2018,18.59,1.674
01/16/2018,18.03,1.674
01/17/2018,18.08,1.674
01/17/2018,18.02,1.674
01/18/2018,17.98,1.674
01/18/2018,18.05,1.674
01/19/2018,18.1,1.674
01/19/2018,18.23,1.674
01/22/2018,18.22,1.674
01/22/2018,18.44,1.674
01/23/2018,18.54,1.674
01/23/2018,18.66,1.674
01/24/2018,18.66,1.674
01/24/2018,18.4,1.674
01/25/2018,18.36,1.674
01/25/2018,18.46,1.674
01/26/2018,18.48,1.674
01/26/2018,18.26,1.674
01/29/2018,18.29,1.674
01/29/2018,17.88,1.674
01/30/2018,17.76,1.674
01/30/2018,17.59,1.674
01/31/2018,17.68,1.674
01/31/2018,17.58,1.674
02/01/2018,17.55,1.674
02/01/2018,17.45,1.674
02/02/2018,17.45,1.674
02/02/2018,17.39,1.674
02/05/2018,17.34,1.674
02/05/2018,16.64,1.674
02/06/2018,16.45,1.674
02/06/2018,16.23,1.674
02/07/2018,16.2,1.674
02/07/2018,15.95,1.674
02/08/2018,15.96,1.674
02/08/2018,15.7,1.674
02/09/2018,15.75,1.674
02/09/2018,15.98,1.674
02/12/2018,16.0,1.674
02/12/2018,16.22,1.674
02/13/2018,16.15,1.674
02/13/2018,15.76,1.674
02/14/2018,15.63,1.674
02/14/2018,15.83,1.674
02/15/2018,15.94,1.674
02/15/2018,16.29,1.674
02/16/2018,16.28,1.674
02/16/2018,16.44,1.674
02/20/2018,16.44,1.674
02/20/2018,16.05,1.674
02/21/2018,16.02,1.674
02/21/2018,16.02,1.674
02/22/2018,16.03,1.674
02/22/2018,16.05,1.674
02/23/2018,16.13,1.674
02/23/2018,16.12,1.674
02/26/2018,16.16,1.674
02/26/2018,16.06,1.674
02/27/2018,16.16,1.674
02/27/2018,16.25,1.674
02/28/2018,16.28,1.674
02/28/2018,15.83,1.674
03/01/2018,15.47,1.674
03/01/2018,14.53,1.674
03/02/2018,14.66,1.674
03/02/2018,14.45,1.674
03/05/2018,14.49,1.674
03/05/2018,14.66,1.674
03/06/2018,14.68,1.674
03/06/2018,14.54,1.674
03/07/2018,14.53,1.674
03/07/2018,14.87,1.674
03/08/2018,15.0,1.674
03/08/2018,15.08,1.674
03/09/2018,15.18,1.674
03/09/2018,15.3,1.674
03/12/2018,15.35,1.674
03/12/2018,15.66,1.674
03/13/2018,15.71,1.674
03/13/2018,15.76,1.674
03/14/2018,15.77,1.674
03/14/2018,15.82,1.674
03/15/2018,15.86,1.674
03/15/2018,15.59,1.674
03/16/2018,15.55,1.674
03/16/2018,15.52,1.674
03/19/2018,15.53,1.674
03/19/2018,15.6,1.674
03/20/2018,15.57,1.674
03/20/2018,15.57,1.674
03/21/2018,15.59,1.674
03/21/2018,15.52,1.674
03/22/2018,15.48,1.674
03/22/2018,15.47,1.674
03/23/2018,15.47,1.674
03/23/2018,15.32,1.674
03/26/2018,15.47,1.674
03/26/2018,15.58,1.674
03/27/2018,15.64,1.674
03/27/2018,15.36,1.674
03/28/2018,15.4,1.682
03/28/2018,15.26,1.682
03/29/2018,15.26,1.682
03/29/2018,15.09,1.682
04/02/2018,15.09,1.682
04/02/2018,14.95,1.682
04/03/2018,15.03,1.682
04/03/2018,14.91,1.682
04/04/2018,14.82,1.682
04/04/2018,15.16,1.682
04/05/2018,15.2,1.682
04/05/2018,15.34,1.682
04/06/2018,15.33,1.682
04/06/2018,14.98,1.682
04/09/2018,15.1,1.682
04/09/2018,15.41,1.682
04/10/2018,15.57,1.682
04/10/2018,15.44,1.682
04/11/2018,15.42,1.682
04/11/2018,15.48,1.682
04/12/2018,15.54,1.682
04/12/2018,15.34,1.682
04/13/2018,15.39,1.682
04/13/2018,15.2,1.682
04/16/2018,15.31,1.682
04/16/2018,15.36,1.682
04/17/2018,15.38,1.682
04/17/2018,15.52,1.682
04/18/2018,15.52,1.682
04/18/2018,15.55,1.682
04/19/2018,15.5,1.682
04/19/2018,15.48,1.682
04/20/2018,15.51,1.682
04/20/2018,15.63,1.682
04/23/2018,15.68,1.682
04/23/2018,15.62,1.682
04/24/2018,15.67,1.682
04/24/2018,15.6,1.682
04/25/2018,15.46,1.682
04/25/2018,15.64,1.682
04/26/2018,15.71,1.682
04/26/2018,15.92,1.682
04/27/2018,15.99,1.682
04/27/2018,15.86,1.682
04/30/2018,15.89,1.682
04/30/2018,15.87,1.682
05/01/2018,15.84,1.682
05/01/2018,15.84,1.682
05/02/2018,15.78,1.682
05/02/2018,15.91,1.682
05/03/2018,15.85,1.682
05/03/2018,15.59,1.682
05/04/2018,15.59,1.682
05/04/2018,15.65,1.682
05/07/2018,15.72,1.682
05/07/2018,15.86,1.682
05/08/2018,15.88,1.682
05/08/2018,15.7,1.682
05/09/2018,15.74,1.682
05/09/2018,15.62,1.682
05/10/2018,15.92,1.682
05/10/2018,16.23,1.682
05/11/2018,16.26,1.682
05/11/2018,15.94,1.682
05/14/2018,15.94,1.682
05/14/2018,15.92,1.682
05/15/2018,15.92,1.682
05/15/2018,15.9,1.682
05/16/2018,15.92,1.682
05/16/2018,15.82,1.682
05/17/2018,15.78,1.682
05/17/2018,15.23,1.682
05/18/2018,15.3,1.682
05/18/2018,15.36,1.682
05/21/2018,15.45,1.682
05/21/2018,15.41,1.682
05/22/2018,15.46,1.682
05/22/2018,15.59,1.682
05/23/2018,15.55,1.682
05/23/2018,15.78,1.682
05/24/2018,15.78,1.682
05/24/2018,15.85,1.682
05/25/2018,15.81,1.682
05/25/2018,16.06,1.682
05/29/2018,15.85,1.682
05/29/2018,16.19,1.682
05/30/2018,16.19,1.682
05/30/2018,16.24,1.682
05/31/2018,16.24,1.682
05/31/2018,16.22,1.682
06/01/2018,16.27,1.682
06/01/2018,16.1,1.682
06/04/2018,16.12,1.682
06/04/2018,16.16,1.682
06/05/2018,16.22,1.682
06/05/2018,16.12,1.682
06/06/2018,16.15,1.682
06/06/2018,15.84,1.682
06/07/2018,15.89,1.682
06/07/2018,16.02,1.682
06/08/2018,16.03,1.682
06/08/2018,15.94,1.682
06/11/2018,16.02,1.682
06/11/2018,15.78,1.682
06/12/2018,15.84,1.682
06/12/2018,16.33,1.682
06/13/2018,16.33,1.682
06/13/2018,16.4,1.682
06/14/2018,16.45,1.682
06/14/2018,16.62,1.682
06/15/2018,16.62,1.682
06/15/2018,16.89,1.682
06/18/2018,16.88,1.682
06/18/2018,16.75,1.682
06/19/2018,16.62,1.682
06/19/2018,17.0,1.682
06/20/2018,17.03,1.682
06/20/2018,16.71,1.682
06/21/2018,16.71,1.682
06/21/2018,16.43,1.682
06/22/2018,16.52,1.682
06/22/2018,16.62,1.682
06/25/2018,16.63,1.682
06/25/2018,16.93,1.682
06/26/2018,17.02,1.682
06/26/2018,16.77,1.682
06/27/2018,16.76,1.682
06/27/2018,16.61,1.682
06/28/2018,16.69,1.686
06/28/2018,16.57,1.686
06/29/2018,16.66,1.686
06/29/2018,16.74,1.686
07/02/2018,16.7,1.686
07/02/2018,16.61,1.686
07/03/2018,16.68,1.686
07/03/2018,16.6,1.686
07/05/2018,16.63,1.686
07/05/2018,16.92,1.686
07/06/2018,17.23,1.686
07/06/2018,17.05,1.686
07/09/2018,17.04,1.686
07/09/2018,16.94,1.686
07/10/2018,16.96,1.686
07/10/2018,17.01,1.686
07/11/2018,17.03,1.686
07/11/2018,17.26,1.686
07/12/2018,17.28,1.686
07/12/2018,16.65,1.686
07/13/2018,16.07,1.686
07/13/2018,15.26,1.686
07/16/2018,15.77,1.686
07/16/2018,16.04,1.686
07/17/2018,15.34,1.686
07/17/2018,15.9,1.686
07/18/2018,15.97,1.686
07/18/2018,15.88,1.686
07/19/2018,15.96,1.686
07/19/2018,16.04,1.686
07/20/2018,16.07,1.686
07/20/2018,15.62,1.686
07/23/2018,15.98,1.686
07/23/2018,15.89,1.686
07/24/2018,16.08,1.686
07/24/2018,15.96,1.686
07/25/2018,15.99,1.686
07/25/2018,16.08,1.686
07/26/2018,16.11,1.686
07/26/2018,16.39,1.686
07/27/2018,16.36,1.686
07/27/2018,16.45,1.686
07/30/2018,16.58,1.686
07/30/2018,16.67,1.686
07/31/2018,16.68,1.686
07/31/2018,16.58,1.686
08/01/2018,16.58,1.686
08/01/2018,16.44,1.686
08/02/2018,16.47,1.686
08/02/2018,16.45,1.686
08/03/2018,16.47,1.686
08/03/2018,16.34,1.686
08/06/2018,16.34,1.686
08/06/2018,16.49,1.686
08/07/2018,16.46,1.686
08/07/2018,16.46,1.686
08/08/2018,16.49,1.686
08/08/2018,16.15,1.686
08/09/2018,16.69,1.686
08/09/2018,16.62,1.686
08/10/2018,16.61,1.686
08/10/2018,16.76,1.686
08/13/2018,16.83,1.686
08/13/2018,16.75,1.686
08/14/2018,16.79,1.686
08/14/2018,17.12,1.686
08/15/2018,17.12,1.686
08/15/2018,17.39,1.686
08/16/2018,17.42,1.686
08/16/2018,17.78,1.686
08/17/2018,17.71,1.686
08/17/2018,17.93,1.686
08/20/2018,17.94,1.686
08/20/2018,18.46,1.686
08/21/2018,18.45,1.686
08/21/2018,18.36,1.686
08/22/2018,18.31,1.686
08/22/2018,17.96,1.686
08/23/2018,17.96,1.686
08/23/2018,17.83,1.686
08/24/2018,17.88,1.686
08/24/2018,17.98,1.686
08/27/2018,18.01,1.686
08/27/2018,18.21,1.686
08/28/2018,18.28,1.686
08/28/2018,18.14,1.686
08/29/2018,18.16,1.686
08/29/2018,18.24,1.686
08/30/2018,18.28,1.686
08/30/2018,18.28,1.686
08/31/2018,18.28,1.686
08/31/2018,18.2,1.686
09/04/2018,18.17,1.686
09/04/2018,17.99,1.686
09/05/2018,17.98,1.686
09/05/2018,18.0,1.686
09/06/2018,18.06,1.686
09/06/2018,18.0,1.686
09/07/2018,17.99,1.686
09/07/2018,17.5,1.686
09/10/2018,17.61,1.686
09/10/2018,17.54,1.686
09/11/2018,17.61,1.686
09/11/2018,17.96,1.686
09/12/2018,17.96,1.686
09/12/2018,18.09,1.686
09/13/2018,18.12,1.686
09/13/2018,18.29,1.686
09/14/2018,18.29,1.686
09/14/2018,17.85,1.686
09/17/2018,18.02,1.686
09/17/2018,18.26,1.686
09/18/2018,18.23,1.686
09/18/2018,18.51,1.686
09/19/2018,18.53,1.686
09/19/2018,18.26,1.686
09/20/2018,18.41,1.686
09/20/2018,18.29,1.686
09/21/2018,18.32,1.686
09/21/2018,18.37,1.686
09/24/2018,18.41,1.686
09/24/2018,18.11,1.686
09/25/2018,18.15,1.686
09/25/2018,17.67,1.686
09/26/2018,17.75,1.686
09/26/2018,17.51,1.686
09/27/2018,17.67,1.688
09/27/2018,17.93,1.688
09/28/2018,17.96,1.688
09/28/2018,18.13,1.688
10/01/2018,18.18,1.688
10/01/2018,17.96,1.688
10/02/2018,17.92,1.688
10/02/2018,18.29,1.688
10/03/2018,18.3,1.688
10/03/2018,18.46,1.688
10/04/2018,18.4,1.688
10/04/2018,17.44,1.688
10/05/2018,17.46,1.688
10/05/2018,17.25,1.688
10/08/2018,17.25,1.688
10/08/2018,17.25,1.688
10/09/2018,17.25,1.688
10/09/2018,16.53,1.688
10/10/2018,16.45,1.688
10/10/2018,16.06,1.688
10/11/2018,16.04,1.688
10/11/2018,16.22,1.688
10/12/2018,16.4,1.688
10/12/2018,16.71,1.688
10/15/2018,16.76,1.688
10/15/2018,16.86,1.688
10/16/2018,16.95,1.688
10/16/2018,17.22,1.688
10/17/2018,17.23,1.688
10/17/2018,17.1,1.688
10/18/2018,17.12,1.688
10/18/2018,17.22,1.688
10/19/2018,17.18,1.688
10/19/2018,17.27,1.688
10/22/2018,17.31,1.688
10/22/2018,17.28,1.688
10/23/2018,16.94,1.688
10/23/2018,16.19,1.688
10/24/2018,16.2,1.688
10/24/2018,16.13,1.688
10/25/2018,16.14,1.688
10/25/2018,16.33,1.688
10/26/2018,16.29,1.688
10/26/2018,15.79,1.688
10/29/2018,15.8,1.688
10/29/2018,15.98,1.688
10/30/2018,16.02,1.688
10/30/2018,16.43,1.688
10/31/2018,16.56,1.688
10/31/2018,16.35,1.688
11/01/2018,16.48,1.688
11/01/2018,16.71,1.688
11/02/2018,16.94,1.688
11/02/2018,16.96,1.688
11/05/2018,16.52,1.688
11/05/2018,17.93,1.688
11/06/2018,18.02,1.688
11/06/2018,18.44,1.688
11/07/2018,18.56,1.688
11/07/2018,19.03,1.688
11/08/2018,19.09,1.688
11/08/2018,18.79,1.688
11/09/2018,18.71,1.688
11/09/2018,18.75,1.688
11/12/2018,18.61,1.688
11/12/2018,18.34,1.688
11/13/2018,18.43,1.688
11/13/2018,18.68,1.688
11/14/2018,18.6,1.688
11/14/2018,17.6,1.688
11/15/2018,17.6,1.688
11/15/2018,17.84,1.688
11/16/2018,17.86,1.688
11/16/2018,18.45,1.688
11/19/2018,18.38,1.688
11/19/2018,18.51,1.688
11/20/2018,18.54,1.688
11/20/2018,18.25,1.688
11/21/2018,18.28,1.688
11/21/2018,18.45,1.688
11/23/2018,18.3,1.688
11/23/2018,18.57,1.688
11/26/2018,18.57,1.688
11/26/2018,19.13,1.688
11/27/2018,18.55,1.688
11/27/2018,19.02,1.688
11/28/2018,19.04,1.688
11/28/2018,19.14,1.688
11/29/2018,19.27,1.688
11/29/2018,19.16,1.688
11/30/2018,19.12,1.688
11/30/2018,18.88,1.688
12/03/2018,19.0,1.688
12/03/2018,19.15,1.688
12/04/2018,19.13,1.688
12/04/2018,18.96,1.688
12/06/2018,18.92,1.688
12/06/2018,19.35,1.688
12/07/2018,19.33,1.688
12/07/2018,19.3,1.688
12/10/2018,19.17,1.688
12/10/2018,19.43,1.688
12/11/2018,19.6,1.688
12/11/2018,19.25,1.688
12/12/2018,19.34,1.688
12/12/2018,19.16,1.688
12/13/2018,19.17,1.688
12/13/2018,19.08,1.688
12/14/2018,19.06,1.688
12/14/2018,19.03,1.688
12/17/2018,18.93,1.688
12/17/2018,17.78,1.688
12/18/2018,17.71,1.688
12/18/2018,17.17,1.688
12/19/2018,17.18,1.688
12/19/2018,17.12,1.688
12/20/2018,17.02,1.688
12/20/2018,17.14,1.688
12/21/2018,17.06,1.688
12/21/2018,16.69,1.688
12/24/2018,16.63,1.688
12/24/2018,15.99,1.688
12/26/2018,16.17,1.688
12/26/2018,17.03,1.688
12/27/2018,17.41,1.688
12/27/2018,17.15,1.688
12/28/2018,17.14,1.688
12/28/2018,17.12,1.688
12/31/2018,17.37,1.688
12/31/2018,17.38,1.688
01/02/2019,17.18,1.688
01/02/2019,17.41,1.688
01/03/2019,17.35,1.688
01/03/2019,17.37,1.688
01/04/2019,17.47,1.688
01/04/2019,18.22,1.688
01/07/2019,18.27,1.688
01/07/2019,18.46,1.688
01/08/2019,18.48,1.688
01/08/2019,18.46,1.688
01/09/2019,18.53,1.688
01/09/2019,18.34,1.688
01/10/2019,18.34,1.688
01/10/2019,18.89,1.688
01/11/2019,18.88,1.688
01/11/2019,18.88,1.688
01/14/2019,18.68,1.688
01/14/2019,18.2,1.688
01/15/2019,18.31,1.688
01/15/2019,18.44,1.688
01/16/2019,18.43,1.688
01/16/2019,18.93,1.688
01/17/2019,18.93,1.688
01/17/2019,18.89,1.688
01/18/2019,18.99,1.688
01/18/2019,18.73,1.688
01/22/2019,18.48,1.688
01/22/2019,18.72,1.688
01/23/2019,18.75,1.688
01/23/2019,19.05,1.688
01/24/2019,19.08,1.688
01/24/2019,19.44,1.688
01/25/2019,19.44,1.688
01/25/2019,19.3,1.688
01/28/2019,19.15,1.688
01/28/2019,19.67,1.688
01/29/2019,19.61,1.688
01/29/2019,19.64,1.688
01/30/2019,19.86,1.688
01/30/2019,19.55,1.688
01/31/2019,19.49,1.688
01/31/2019,19.86,1.688
02/01/2019,19.73,1.688
02/01/2019,19.81,1.688
02/04/2019,19.33,1.688
02/04/2019,19.66,1.688
02/05/2019,19.66,1.688
02/05/2019,19.54,1.688
02/06/2019,19.56,1.688
02/06/2019,19.51,1.688
02/07/2019,19.5,1.688
02/07/2019,19.79,1.688
02/08/2019,19.75,1.688
02/08/2019,19.82,1.688
02/11/2019,19.66,1.688
02/11/2019,19.74,1.688
02/12/2019,19.8,1.688
02/12/2019,19.61,1.688
02/13/2019,19.6,1.688
02/13/2019,19.19,1.688
02/14/2019,19.22,1.688
02/14/2019,19.51,1.688
02/15/2019,19.57,1.688
02/15/2019,19.59,1.688
02/19/2019,19.57,1.688
02/19/2019,19.68,1.688
02/20/2019,19.66,1.688
02/20/2019,19.64,1.688
02/21/2019,19.59,1.688
02/21/2019,19.71,1.688
02/22/2019,19.79,1.688
02/22/2019,19.72,1.688
02/25/2019,19.78,1.688
02/25/2019,19.65,1.688
02/26/2019,19.67,1.688
02/26/2019,19.42,1.688
02/27/2019,19.38,1.688
02/27/2019,19.25,1.688
02/28/2019,19.29,1.688
02/28/2019,19.47,1.688
03/01/2019,18.91,1.688
03/01/2019,18.41,1.688
03/04/2019,18.58,1.688
03/04/2019,18.87,1.688
03/05/2019,18.87,1.688
03/05/2019,19.37,1.688
03/06/2019,19.41,1.688
03/06/2019,19.27,1.688
03/07/2019,19.33,1.688
03/07/2019,18.95,1.688
03/08/2019,18.99,1.688
03/08/2019,19.31,1.688
03/11/2019,19.37,1.688
03/11/2019,19.78,1.688
03/12/2019,19.81,1.688
03/12/2019,20.3,1.688
03/13/2019,20.28,1.688
03/13/2019,20.41,1.688
03/14/2019,20.43,1.688
03/14/2019,20.26,1.688
03/15/2019,20.35,1.688
03/15/2019,20.45,1.688
03/18/2019,20.49,1.688
03/18/2019,20.32,1.688
03/19/2019,20.31,1.688
03/19/2019,20.32,1.688
03/20/2019,20.41,1.688
03/20/2019,20.37,1.688
03/21/2019,20.42,1.688
03/21/2019,20.5,1.688
03/22/2019,20.55,1.688
03/22/2019,20.37,1.688
03/25/2019,20.36,1.688
03/25/2019,20.61,1.688
03/26/2019,20.67,1.688
03/26/2019,20.79,1.688
03/27/2019,20.81,1.688
03/27/2019,20.85,1.688
03/28/2019,20.9,1.688
03/28/2019,20.81,1.688
03/29/2019,20.87,1.688
03/29/2019,20.93,1.688
04/01/2019,20.93,1.688
04/01/2019,20.86,1.688
04/02/2019,20.88,1.688
04/02/2019,21.08,1.688
04/03/2019,21.11,1.688
04/03/2019,21.23,1.688
04/04/2019,21.26,1.688
04/04/2019,21.24,1.688
04/05/2019,21.15,1.688
04/05/2019,21.47,1.688
04/08/2019,21.44,1.688
04/08/2019,21.14,1.688
04/09/2019,21.2,1.688
04/09/2019,21.06,1.688
04/10/2019,20.94,1.688
04/10/2019,21.25,1.688
04/11/2019,21.25,1.688
04/11/2019,21.47,1.688
04/12/2019,21.48,1.688
04/12/2019,21.58,1.688
04/15/2019,21.6,1.688
04/15/2019,21.57,1.688
04/16/2019,21.77,1.688
04/16/2019,21.66,1.688
04/17/2019,21.75,1.688
04/17/2019,21.32,1.688
04/18/2019,21.39,1.688
04/18/2019,21.31,1.688
04/22/2019,21.31,1.688
04/22/2019,21.37,1.688
04/23/2019,21.28,1.688
04/23/2019,21.45,1.688
04/24/2019,21.47,1.688
04/24/2019,21.77,1.688
04/25/2019,21.86,1.688
04/25/2019,21.65,1.688
04/26/2019,21.76,1.688
04/26/2019,21.94,1.688
04/29/2019,21.99,1.688
04/29/2019,21.91,1.688
04/30/2019,21.93,1.688
04/30/2019,22.0,1.688
05/01/2019,22.06,1.688
05/01/2019,21.86,1.688
05/02/2019,21.83,1.688
05/02/2019,21.57,1.688
05/03/2019,21.69,1.688
05/03/2019,22.03,1.688
05/06/2019,21.96,1.688
05/06/2019,21.9,1.688
05/07/2019,21.89,1.688
05/07/2019,21.94,1.688
05/08/2019,21.91,1.688
05/08/2019,20.93,1.688
05/09/2019,20.93,1.688
05/09/2019,21.06,1.688
05/10/2019,20.65,1.688
05/10/2019,19.9,1.688
05/13/2019,19.75,1.688
05/13/2019,20.26,1.688
05/14/2019,20.36,1.688
05/14/2019,20.71,1.688
05/15/2019,20.63,1.688
05/15/2019,20.66,1.688
05/16/2019,20.64,1.688
05/16/2019,20.52,1.688
05/17/2019,20.52,1.688
05/17/2019,20.57,1.688
05/20/2019,20.54,1.688
05/20/2019,20.37,1.688
05/21/2019,20.44,1.688
05/21/2019,20.91,1.688
05/22/2019,20.91,1.688
05/22/2019,20.91,1.688
05/23/2019,20.9,1.688
05/23/2019,20.66,1.688
05/24/2019,20.77,1.688
05/24/2019,20.9,1.688
05/28/2019,20.94,1.688
05/28/2019,20.78,1.688
05/29/2019,20.78,1.688
05/29/2019,20.49,1.688
05/30/2019,20.57,1.688
05/30/2019,20.27,1.688
05/31/2019,20.13,1.688
05/31/2019,20.18,1.688
06/03/2019,20.16,1.688
06/03/2019,20.53,1.688
06/04/2019,20.62,1.688
06/04/2019,20.77,1.688
06/05/2019,20.88,1.688
06/05/2019,20.9,1.688
06/06/2019,20.9,1.688
06/06/2019,21.02,1.688
06/07/2019,21.17,1.688
06/07/2019,21.26,1.688
06/10/2019,21.28,1.688
06/10/2019,21.27,1.688
06/11/2019,21.31,1.688
06/11/2019,21.41,1.688
06/12/2019,21.4,1.688
06/12/2019,21.56,1.688
06/13/2019,21.58,1.688
06/13/2019,21.59,1.688
06/14/2019,21.61,1.688
06/14/2019,21.77,1.688
06/17/2019,21.79,1.688
06/17/2019,21.72,1.688
06/18/2019,21.89,1.688
06/18/2019,21.84,1.688
06/19/2019,21.84,1.688
06/19/2019,21.87,1.688
06/20/2019,22.04,1.688
06/20/2019,22.43,1.688
06/21/2019,22.35,1.688
06/21/2019,22.43,1.688
06/24/2019,22.5,1.688
06/24/2019,22.19,1.688
06/25/2019,22.23,1.688
06/25/2019,22.08,1.688
06/26/2019,22.17,1.688
06/26/2019,21.79,1.688
06/27/2019,21.96,1.688
06/27/2019,22.11,1.688
06/28/2019,22.25,1.688
06/28/2019,22.38,1.688
07/01/2019,22.52,1.688
07/01/2019,22.32,1.688
07/02/2019,22.34,1.688
07/02/2019,22.65,1.688
07/03/2019,22.59,1.688
07/03/2019,22.84,1.688
07/05/2019,22.64,1.688
07/05/2019,22.63,1.688
07/08/2019,22.54,1.688
07/08/2019,22.61,1.688
07/09/2019,22.61,1.688
07/09/2019,22.89,1.688
07/10/2019,22.92,1.688
07/10/2019,22.69,1.688
07/11/2019,22.64,1.688
07/11/2019,22.78,1.688
07/12/2019,22.78,1.688
07/12/2019,22.38,1.688
07/15/2019,22.39,1.688
07/15/2019,22.43,1.688
07/16/2019,22.34,1.688
07/16/2019,22.5,1.688
07/17/2019,22.54,1.688
07/17/2019,22.84,1.688
07/18/2019,22.85,1.688
07/18/2019,23.03,1.688
07/19/2019,22.95,1.688
07/19/2019,22.81,1.688
07/22/2019,22.88,1.688
07/22/2019,22.81,1.688
07/23/2019,22.81,1.688
07/23/2019,22.75,1.688
07/24/2019,22.78,1.688
07/24/2019,22.76,1.688
07/25/2019,22.72,1.688
07/25/2019,22.6,1.688
07/26/2019,22.66,1.688
07/26/2019,22.81,1.688
07/29/2019,22.92,1.688
07/29/2019,23.23,1.688
07/30/2019,23.2,1.688
07/30/2019,23.58,1.688
07/31/2019,23.52,1.688
07/31/2019,22.23,1.688
08/01/2019,22.3,1.688
08/01/2019,22.12,1.688
08/02/2019,22.13,1.688
08/02/2019,22.35,1.688
08/05/2019,22.3,1.688
08/05/2019,21.66,1.688
08/06/2019,22.36,1.688
08/06/2019,21.82,1.688
08/07/2019,21.54,1.688
08/07/2019,21.93,1.688
08/08/2019,22.02,1.688
08/08/2019,22.71,1.688
08/09/2019,22.61,1.688
08/09/2019,22.58,1.688
08/12/2019,22.53,1.688
08/12/2019,24.38,1.688
08/13/2019,24.38,1.688
08/13/2019,25.02,1.688
08/14/2019,24.37,1.688
08/14/2019,25.04,1.688
08/15/2019,24.97,1.688
08/15/2019,24.88,1.688
08/16/2019,24.82,1.688
08/16/2019,25.56,1.688
08/19/2019,25.83,1.688
08/19/2019,25.64,1.688
08/20/2019,25.43,1.688
08/20/2019,24.8,1.688
08/21/2019,24.85,1.688
08/21/2019,25.04,1.688
08/22/2019,25.08,1.688
08/22/2019,25.49,1.688
08/23/2019,25.53,1.688
08/23/2019,24.97,1.688
08/26/2019,25.1,1.688
08/26/2019,25.72,1.688
08/27/2019,25.83,1.688
08/27/2019,25.46,1.688
08/28/2019,25.46,1.688
08/28/2019,25.64,1.688
08/29/2019,25.73,1.688
08/29/2019,25.89,1.688
08/30/2019,25.93,1.688
08/30/2019,26.32,1.688
09/03/2019,26.32,1.688
09/03/2019,25.88,1.688
09/04/2019,26.08,1.688
09/04/2019,26.19,1.688
09/05/2019,26.22,1.688
09/05/2019,26.58,1.688
09/06/2019,26.66,1.688
09/06/2019,26.51,1.688
09/09/2019,26.49,1.688
09/09/2019,26.24,1.688
09/10/2019,26.28,1.688
09/10/2019,26.37,1.688
09/11/2019,26.37,1.688
09/11/2019,26.64,1.688
09/12/2019,26.76,1.688
09/12/2019,26.74,1.688
09/13/2019,26.74,1.688
09/13/2019,26.38,1.688
09/16/2019,26.38,1.688
09/16/2019,26.27,1.688
09/17/2019,26.35,1.688
09/17/2019,26.65,1.688
09/18/2019,26.73,1.688
09/18/2019,26.57,1.688
09/19/2019,26.6,1.688
09/19/2019,26.57,1.688
09/20/2019,26.53,1.688
09/20/2019,26.55,1.688
09/23/2019,26.61,1.688
09/23/2019,26.4,1.688
09/24/2019,26.52,1.688
09/24/2019,26.47,1.688
09/25/2019,26.59,1.688
09/25/2019,26.61,1.688
09/26/2019,26.72,1.688
09/26/2019,26.73,1.688
09/27/2019,26.82,1.688
09/27/2019,26.33,1.688
09/30/2019,26.31,1.688
09/30/2019,26.51,1.688
10/01/2019,26.62,1.688
10/01/2019,26.52,1.688
10/02/2019,26.37,1.688
10/02/2019,26.04,1.688
10/03/2019,26.08,1.688
10/03/2019,26.23,1.688
10/04/2019,26.22,1.688
10/04/2019,26.53,1.688
10/07/2019,26.53,1.688
10/07/2019,26.18,1.688
10/08/2019,26.07,1.688
10/08/2019,25.99,1.688
10/09/2019,26.18,1.688
10/09/2019,26.51,1.688
10/10/2019,26.49,1.688
10/10/2019,26.42,1.688
10/11/2019,26.66,1.688
10/11/2019,25.73,1.688
10/14/2019,25.85,1.688
10/14/2019,25.44,1.688
10/15/2019,25.63,1.688
10/15/2019,25.98,1.688
10/16/2019,25.88,1.688
10/16/2019,25.72,1.688
10/17/2019,25.53,1.688
10/17/2019,25.74,1.688
10/18/2019,25.62,1.688
10/18/2019,26.25,1.688
10/21/2019,26.31,1.688
10/21/2019,26.43,1.688
10/22/2019,26.52,1.688
10/22/2019,26.38,1.688
10/23/2019,26.23,1.688
10/23/2019,26.92,1.688
10/24/2019,27.05,1.688
10/24/2019,27.31,1.688
10/25/2019,27.23,1.688
10/25/2019,27.31,1.688
10/28/2019,27.31,1.688
10/28/2019,26.83,1.688
10/29/2019,26.81,1.688
10/29/2019,27.29,1.688
10/30/2019,27.29,1.688
10/30/2019,27.84,1.688
10/31/2019,27.99,1.688
10/31/2019,27.59,1.688
11/01/2019,27.62,1.688
11/01/2019,27.37,1.688
11/04/2019,26.58,1.688
11/04/2019,26.69,1.688
11/05/2019,26.55,1.688
11/05/2019,26.86,1.688
11/06/2019,26.86,1.688
11/06/2019,26.85,1.688
11/07/2019,26.74,1.688
11/07/2019,26.84,1.688
11/08/2019,26.86,1.688
11/08/2019,26.94,1.688
11/11/2019,26.94,1.688
11/11/2019,27.08,1.688
11/12/2019,27.07,1.688
11/12/2019,27.02,1.688
11/13/2019,26.98,1.688
11/13/2019,27.14,1.688
11/14/2019,27.12,1.688
11/14/2019,26.99,1.688
11/15/2019,27.01,1.688
11/15/2019,27.13,1.688
11/18/2019,26.97,1.688
11/18/2019,26.86,1.688
11/19/2019,26.84,1.688
11/19/2019,26.87,1.688
11/20/2019,26.86,1.688
11/20/2019,26.91,1.688
11/21/2019,26.93,1.688
11/21/2019,26.91,1.688
11/22/2019,26.87,1.688
11/22/2019,26.89,1.688
11/25/2019,26.87,1.688
11/25/2019,26.96,1.688
11/26/2019,26.91,1.688
11/26/2019,26.95,1.688
11/27/2019,26.99,1.688
11/27/2019,27.37,1.688
11/29/2019,27.13,1.688
11/29/2019,27.09,1.688
12/02/2019,27.07,1.688
12/02/2019,26.99,1.688
12/03/2019,26.93,1.688
12/03/2019,26.95,1.688
12/04/2019,26.97,1.688
12/04/2019,27.03,1.688
12/05/2019,27.02,1.688
12/05/2019,26.99,1.688
12/06/2019,26.93,1.688
12/06/2019,27.02,1.688
12/09/2019,26.87,1.688
12/09/2019,26.81,1.688
12/10/2019,26.81,1.688
12/10/2019,26.8,1.688
12/11/2019,26.79,1.688
12/11/2019,26.86,1.688
12/12/2019,26.84,1.688
12/12/2019,26.8,1.688
12/13/2019,26.79,1.688
12/13/2019,26.8,1.688
12/16/2019,26.8,1.688
12/16/2019,26.81,1.688
12/17/2019,26.83,1.688
12/17/2019,26.77,1.688
12/18/2019,26.79,1.688
12/18/2019,26.78,1.688
12/19/2019,26.77,1.688
12/19/2019,26.74,1.688
12/20/2019,26.73,1.688
12/20/2019,26.73,1.688
12/23/2019,26.75,1.688
12/23/2019,26.72,1.688
12/24/2019,26.74,1.688
12/24/2019,26.7,1.688
12/26/2019,26.7,1.688
12/26/2019,26.71,1.688
12/27/2019,26.71,1.688
12/27/2019,26.67,1.688
12/30/2019,26.75,1.688
12/30/2019,26.73,1.688
12/31/2019,26.75,1.688
12/31/2019,26.76,1.688
01/02/2020,26.75,1.688
01/02/2020,26.72,1.688
01/03/2020,26.68,1.688
01/03/2020,26.7,1.688
