SSSS,SuRo Capital Corp.,
Date,Price,Dividend,Annualized Dividend
04/28/2011,7.235340605426407,0.0,0.0
04/29/2011,7.250310137316565,0.0,0.0
05/02/2011,7.260289739885079,0.0,0.0
05/03/2011,7.065684419564123,0.0,0.0
05/04/2011,7.035745013796001,0.0,0.0
05/05/2011,6.756311303189812,0.0,0.0
05/06/2011,6.741341514931569,0.0,0.0
05/09/2011,6.985845728328739,0.0,0.0
05/10/2011,6.985846179866387,0.0,0.0
05/11/2011,6.751321005391053,0.0,0.0
05/12/2011,6.96588642080517,0.0,0.0
05/13/2011,6.731360994723017,0.0,0.0
05/16/2011,6.886047713767746,0.0,0.0
05/17/2011,6.766290026822642,0.0,0.0
05/18/2011,6.681462564326615,0.0,0.0
05/19/2011,6.906007804056544,0.0,0.0
05/20/2011,6.5866554299714055,0.0,0.0
05/23/2011,6.7163920096199226,0.0,0.0
05/24/2011,6.636554160167262,0.0,0.0
05/25/2011,6.761301717748552,0.0,0.0
05/26/2011,6.886049264807219,0.0,0.0
05/27/2011,6.81120043016649,0.0,0.0
05/31/2011,6.95091661986416,0.0,0.0
06/01/2011,6.771280459579267,0.0,0.0
06/02/2011,6.866088917024176,0.0,0.0
06/03/2011,6.741341585728986,0.0,0.0
06/06/2011,6.606614135374014,0.0,0.0
06/07/2011,6.611604424963781,0.0,0.0
06/08/2011,6.606614215098235,0.0,0.0
06/09/2011,6.6265748888023115,0.0,0.0
06/10/2011,6.431968062673032,0.0,0.0
06/13/2011,6.237362668600913,0.0,0.0
06/14/2011,5.987866956425651,0.0,0.0
06/15/2011,5.7383737725212836,0.0,0.0
06/16/2011,5.922997926646098,0.0,0.0
06/17/2011,5.733382814085102,0.0,0.0
06/20/2011,5.364131864434123,0.0,0.0
06/21/2011,5.708434153060074,0.0,0.0
06/22/2011,5.673504282026023,0.0,0.0
06/23/2011,5.528798380153413,0.0,0.0
06/24/2011,5.214435278582137,0.0,0.0
06/27/2011,6.212412390314113,0.0,0.0
06/28/2011,7.609582284806129,0.0,0.0
06/29/2011,7.020775180020609,0.0,0.0
06/30/2011,7.434936253728648,0.0,0.0
07/01/2011,6.791239833119385,0.0,0.0
07/05/2011,7.385037392390554,0.0,0.0
07/06/2011,7.22535990267605,0.0,0.0
07/07/2011,7.360087388033282,0.0,0.0
07/08/2011,7.360087566136133,0.0,0.0
07/11/2011,8.313156830272165,0.0,0.0
07/12/2011,9.231296076457978,0.0,0.0
07/13/2011,9.031701996332822,0.0,0.0
07/14/2011,8.921923644143261,0.0,0.0
07/15/2011,9.151458414750179,0.0,0.0
07/18/2011,9.331093540746794,0.0,0.0
07/19/2011,9.90493284066172,0.0,0.0
07/20/2011,8.667438392807089,0.0,0.0
07/21/2011,8.956852879319753,0.0,0.0
07/22/2011,8.71733738913925,0.0,0.0
07/25/2011,8.45287362268873,0.0,0.0
07/26/2011,8.407965099848933,0.0,0.0
07/27/2011,8.37802484412659,0.0,0.0
07/28/2011,8.333116012860376,0.0,0.0
07/29/2011,7.7443091293005555,0.0,0.0
08/01/2011,8.258267831083572,0.0,0.0
08/02/2011,8.07364270502274,0.0,0.0
08/03/2011,7.8590767994281805,0.0,0.0
08/04/2011,7.834127640920609,0.0,0.0
08/05/2011,7.34012812916985,0.0,0.0
08/08/2011,6.571685657091841,0.0,0.0
08/09/2011,6.327180832331254,0.0,0.0
08/10/2011,7.464875143912568,0.0,0.0
08/11/2011,7.360088023954616,0.0,0.0
08/12/2011,7.624551961261994,0.0,0.0
08/15/2011,7.504794890211173,0.0,0.0
08/16/2011,7.360088023954616,0.0,0.0
08/17/2011,7.819157151449774,0.0,0.0
08/18/2011,7.3600878363871,0.0,0.0
08/19/2011,7.105603264641152,0.0,0.0
08/22/2011,7.4648762216677405,0.0,0.0
08/23/2011,7.1904316516007105,0.0,0.0
08/24/2011,6.980856330712059,0.0,0.0
08/25/2011,7.1604924860405434,0.0,0.0
08/26/2011,7.869055747727415,0.0,0.0
08/29/2011,8.487803808737862,0.0,0.0
08/30/2011,8.023744586051071,0.0,0.0
08/31/2011,8.15847127195336,0.0,0.0
09/01/2011,7.859076159488349,0.0,0.0
09/02/2011,7.6195624559142985,0.0,0.0
09/06/2011,7.584633197942328,0.0,0.0
09/07/2011,7.983824547566357,0.0,0.0
09/08/2011,8.053681819893932,0.0,0.0
09/09/2011,7.784228419263047,0.0,0.0
09/12/2011,7.604592271535574,0.0,0.0
09/13/2011,7.3351384305154665,0.0,0.0
09/14/2011,7.315179063911155,0.0,0.0
09/15/2011,7.469865794602877,0.0,0.0
09/16/2011,7.484835684759344,0.0,0.0
09/19/2011,7.080653027663303,0.0,0.0
09/20/2011,7.300209088144023,0.0,0.0
09/21/2011,6.9958250682080205,0.0,0.0
09/22/2011,6.990835732344202,0.0,0.0
09/23/2011,7.010796649458108,0.0,0.0
09/26/2011,7.135542853820853,0.0,0.0
09/27/2011,7.0606947015971455,0.0,0.0
09/28/2011,7.0806537588110094,0.0,0.0
09/29/2011,7.175462418015427,0.0,0.0
09/30/2011,7.065684260062576,0.0,0.0
10/03/2011,6.831159105164153,0.0,0.0
10/04/2011,6.242352285677709,0.0,0.0
10/05/2011,6.287260951048527,0.0,0.0
10/06/2011,6.42697809748468,0.0,0.0
10/07/2011,6.821179344453613,0.0,0.0
10/10/2011,6.711401887365445,0.0,0.0
10/11/2011,6.761301722631596,0.0,0.0
10/12/2011,6.975865811383294,0.0,0.0
10/13/2011,6.831159252065264,0.0,0.0
10/14/2011,6.701422161668992,0.0,0.0
10/17/2011,6.851118772917891,0.0,0.0
10/18/2011,6.950916519984535,0.0,0.0
10/19/2011,6.736351941079026,0.0,0.0
10/20/2011,6.526775797968159,0.0,0.0
10/21/2011,6.935946783342308,0.0,0.0
10/24/2011,7.100612414402396,0.0,0.0
10/25/2011,6.98085688270548,0.0,0.0
10/26/2011,6.940937165049579,0.0,0.0
10/27/2011,7.230350659082094,0.0,0.0
10/28/2011,7.005805952762374,0.0,0.0
10/31/2011,7.5147742568271,0.0,0.0
11/01/2011,7.390027627200986,0.0,0.0
11/02/2011,7.534734445261761,0.0,0.0
11/03/2011,7.719359615866549,0.0,0.0
11/04/2011,8.58261075076438,0.0,0.0
11/07/2011,7.275259422030417,0.0,0.0
11/08/2011,7.429945841459217,0.0,0.0
11/09/2011,7.175461920895,0.0,0.0
11/10/2011,6.985846157769677,0.0,0.0
11/11/2011,7.285238928351997,0.0,0.0
11/14/2011,7.290228727354237,0.0,0.0
11/15/2011,7.185441484564305,0.0,0.0
11/16/2011,7.075663543576546,0.0,0.0
11/17/2011,6.995825676517089,0.0,0.0
11/18/2011,6.72138243644359,0.0,0.0
11/21/2011,6.691443150542741,0.0,0.0
11/22/2011,6.626573213362668,0.0,0.0
11/23/2011,6.302231311798096,0.0,0.0
11/25/2011,6.257321925392571,0.0,0.0
11/28/2011,6.461906699699208,0.0,0.0
11/29/2011,6.471887578273131,0.0,0.0
11/30/2011,7.11059378602065,0.0,0.0
12/01/2011,7.025765139674164,0.0,0.0
12/02/2011,7.155501952040179,0.0,0.0
12/05/2011,7.804188386085548,0.0,0.0
12/06/2011,7.734329594545899,0.0,0.0
12/07/2011,7.689419687368593,0.0,0.0
12/08/2011,7.794208608314896,0.0,0.0
12/09/2011,7.694410607877874,0.0,0.0
12/12/2011,7.579642386206479,0.0,0.0
12/13/2011,7.554693799358079,0.0,0.0
12/14/2011,7.584633154651821,0.0,0.0
12/15/2011,7.824147429530158,0.0,0.0
12/16/2011,7.983824048723494,0.0,0.0
12/19/2011,7.025764020155452,0.0,0.0
12/20/2011,6.831159576311321,0.0,0.0
12/21/2011,6.741341242046747,0.0,0.0
12/22/2011,6.866088976650087,0.0,0.0
12/23/2011,6.990836718413126,0.0,0.0
12/27/2011,7.0656848017826475,0.0,0.0
12/28/2011,7.135542869567871,0.0,0.0
12/29/2011,7.1904314577419175,0.0,0.0
12/30/2011,7.065684201598999,0.0,0.0
01/03/2012,7.140532842961193,0.0,0.0
01/04/2012,6.980856504957963,0.0,0.0
01/05/2012,6.886048662218194,0.0,0.0
01/06/2012,6.626574052816204,0.0,0.0
01/09/2012,6.7313609883094045,0.0,0.0
01/10/2012,6.736351180408263,0.0,0.0
01/11/2012,6.606614720662633,0.0,0.0
01/12/2012,6.836149168341323,0.0,0.0
01/13/2012,7.035745148175225,0.0,0.0
01/17/2012,7.065684212323922,0.0,0.0
01/18/2012,7.04073552830872,0.0,0.0
01/19/2012,7.055703809367292,0.0,0.0
01/20/2012,7.005805508149738,0.0,0.0
01/23/2012,7.110593308441197,0.0,0.0
01/24/2012,7.025764958878135,0.0,0.0
01/25/2012,7.1205741128013615,0.0,0.0
01/26/2012,7.400006519546174,0.0,0.0
01/27/2012,7.579642182600359,0.0,0.0
01/30/2012,9.146468178802069,0.0,0.0
01/31/2012,8.522732397678318,0.0,0.0
02/01/2012,8.996774109439974,0.0,0.0
02/02/2012,8.807156243974369,0.0,0.0
02/03/2012,9.47081210433818,0.0,0.0
02/06/2012,10.179375257885434,0.0,0.0
02/07/2012,9.385982069407788,0.0,0.0
02/08/2012,9.246265634986921,0.0,0.0
02/09/2012,9.425901121609899,0.0,0.0
02/10/2012,7.534733797015138,0.0,0.0
02/13/2012,7.784228748731427,0.0,0.0
02/14/2012,8.053682181399191,0.0,0.0
02/15/2012,8.273238149345795,0.0,0.0
02/16/2012,7.983823805588942,0.0,0.0
02/17/2012,8.19340000515419,0.0,0.0
02/21/2012,8.263258165601043,0.0,0.0
02/22/2012,8.133521448901247,0.0,0.0
02/23/2012,7.9389147817177355,0.0,0.0
02/24/2012,8.028732866328227,0.0,0.0
02/27/2012,8.00378400639051,0.0,0.0
02/28/2012,8.148490544656271,0.0,0.0
02/29/2012,8.258267449184574,0.0,0.0
03/01/2012,8.467843076491027,0.0,0.0
03/02/2012,8.707358950413036,0.0,0.0
03/05/2012,8.832106016972752,0.0,0.0
03/06/2012,8.732307013102965,0.0,0.0
03/07/2012,8.722327848060653,0.0,0.0
03/08/2012,9.111539032070738,0.0,0.0
03/09/2012,9.056651113555377,0.0,0.0
03/12/2012,9.201357202160334,0.0,0.0
03/13/2012,9.071620200338325,0.0,0.0
03/14/2012,9.261235384857038,0.0,0.0
03/15/2012,9.151459305725975,0.0,0.0
03/16/2012,9.136489091128105,0.0,0.0
03/19/2012,9.161438521904131,0.0,0.0
03/20/2012,8.98180064921977,0.0,0.0
03/21/2012,9.555639660816302,0.0,0.0
03/22/2012,9.540671351002333,0.0,0.0
03/23/2012,9.555639482030768,0.0,0.0
03/26/2012,9.68038521759018,0.0,0.0
03/27/2012,9.835071826759187,0.0,0.0
03/28/2012,10.109517085733446,0.0,0.0
03/29/2012,9.630486969499986,0.0,0.0
03/30/2012,9.351052851329907,0.0,0.0
04/02/2012,9.01174088303959,0.0,0.0
04/03/2012,9.20634649586583,0.0,0.0
04/04/2012,9.076609045000986,0.0,0.0
04/05/2012,8.966833119233506,0.0,0.0
04/09/2012,8.991782408783084,0.0,0.0
04/10/2012,9.23129900630262,0.0,0.0
04/11/2012,9.60553769517409,0.0,0.0
04/12/2012,9.979779042325339,0.0,0.0
04/13/2012,9.850042558417964,0.0,0.0
04/16/2012,10.094546927156644,0.0,0.0
04/17/2012,9.55563907357572,0.0,0.0
04/18/2012,9.520710174236132,0.0,0.0
04/19/2012,9.505741072461651,0.0,0.0
04/20/2012,9.081600128604173,0.0,0.0
04/23/2012,8.732308612345545,0.0,0.0
04/24/2012,9.17141814586129,0.0,0.0
04/25/2012,8.901962064143818,0.0,0.0
04/26/2012,8.837094604625817,0.0,0.0
04/27/2012,8.54269126045517,0.0,0.0
04/30/2012,8.767236665652748,0.0,0.0
05/01/2012,8.542691507095542,0.0,0.0
05/02/2012,9.01174153046331,0.0,0.0
05/03/2012,9.48578104909212,0.0,0.0
05/04/2012,9.336082977387408,0.0,0.0
05/07/2012,9.585577038226209,0.0,0.0
05/08/2012,9.28119677261363,0.0,0.0
05/09/2012,9.03170103854121,0.0,0.0
05/10/2012,9.106548114779912,0.0,0.0
05/11/2012,8.118550983764601,0.0,0.0
05/14/2012,8.607559673680251,0.0,0.0
05/15/2012,9.331094120330933,0.0,0.0
05/16/2012,9.231295464744031,0.0,0.0
05/17/2012,9.036691927874694,0.0,0.0
05/18/2012,8.173439936407624,0.0,0.0
05/21/2012,6.282270987037781,0.0,0.0
05/22/2012,5.9279891625270364,0.0,0.0
05/23/2012,5.967908967822532,0.0,0.0
05/24/2012,6.15253405996343,0.0,0.0
05/25/2012,5.98287824102865,0.0,0.0
05/29/2012,5.598656414969482,0.0,0.0
05/30/2012,5.314232725462702,0.0,0.0
05/31/2012,5.279302684851314,0.0,0.0
06/01/2012,5.099668206137466,0.0,0.0
06/04/2012,4.999870117031775,0.0,0.0
06/05/2012,5.019829871437466,0.0,0.0
06/06/2012,5.229404750369302,0.0,0.0
06/07/2012,5.364131779632682,0.0,0.0
06/08/2012,5.074718479265884,0.0,0.0
06/11/2012,5.139586512426049,0.0,0.0
06/12/2012,5.039788813090905,0.0,0.0
06/13/2012,5.064737505862016,0.0,0.0
06/14/2012,5.024818644039083,0.0,0.0
06/15/2012,5.154556644036283,0.0,0.0
06/18/2012,5.0497684896969215,0.0,0.0
06/19/2012,5.244373763421463,0.0,0.0
06/20/2012,5.16453694279772,0.0,0.0
06/21/2012,5.064738625569191,0.0,0.0
06/22/2012,4.81524328030491,0.0,0.0
06/25/2012,4.880111552831656,0.0,0.0
06/26/2012,4.75536506248388,0.0,0.0
06/27/2012,4.630617624886994,0.0,0.0
06/28/2012,4.595689195942757,0.0,0.0
06/29/2012,4.63061781180895,0.0,0.0
07/02/2012,4.6605582241606625,0.0,0.0
07/03/2012,4.695487026794359,0.0,0.0
07/05/2012,4.725425798061742,0.0,0.0
07/06/2012,4.6206379906125035,0.0,0.0
07/09/2012,4.610658734284324,0.0,0.0
07/10/2012,4.6006785212827515,0.0,0.0
07/11/2012,4.530819860778897,0.0,0.0
07/12/2012,4.735405521410811,0.0,0.0
07/13/2012,4.670536615019018,0.0,0.0
07/16/2012,4.680515956386462,0.0,0.0
07/17/2012,4.4410022596830245,0.0,0.0
07/18/2012,4.296294697080883,0.0,0.0
07/19/2012,4.351183347111913,0.0,0.0
07/20/2012,4.4210424571856555,0.0,0.0
07/23/2012,4.41605253449036,0.0,0.0
07/24/2012,4.421042300453526,0.0,0.0
07/25/2012,4.645588399248073,0.0,0.0
07/26/2012,4.545789429014264,0.0,0.0
07/27/2012,4.465951925208098,0.0,0.0
07/30/2012,4.4958921286077835,0.0,0.0
07/31/2012,4.885102679413643,0.0,0.0
08/01/2012,5.1046579007225015,0.0,0.0
08/02/2012,4.645587235434516,0.0,0.0
08/03/2012,4.870133202225651,0.0,0.0
08/06/2012,4.80027407727835,0.0,0.0
08/07/2012,4.77033454950492,0.0,0.0
08/08/2012,4.810253981484786,0.0,0.0
08/09/2012,4.740394947772548,0.0,0.0
08/10/2012,4.660557937936584,0.0,0.0
08/13/2012,4.650577146865208,0.0,0.0
08/14/2012,4.535809896884613,0.0,0.0
08/15/2012,4.520841122997893,0.0,0.0
08/16/2012,4.510859790525104,0.0,0.0
08/17/2012,4.525830361307535,0.0,0.0
08/20/2012,4.490901186235456,0.0,0.0
08/21/2012,4.436011954064406,0.0,0.0
08/22/2012,4.301285050884104,0.0,0.0
08/23/2012,4.171547054309892,0.0,0.0
08/24/2012,4.216457109317954,0.0,0.0
08/27/2012,4.396093249846297,0.0,0.0
08/28/2012,4.2663557974819595,0.0,0.0
08/29/2012,4.26136589050293,0.0,0.0
08/30/2012,4.286315923979788,0.0,0.0
08/31/2012,4.366154477445602,0.0,0.0
09/04/2012,4.321244336835841,0.0,0.0
09/05/2012,4.341204268081244,0.0,0.0
09/06/2012,4.376133537863431,0.0,0.0
09/07/2012,4.381122362515837,0.0,0.0
09/10/2012,4.3461938801223,0.0,0.0
09/11/2012,4.3162548132965215,0.0,0.0
09/12/2012,4.346193763452275,0.0,0.0
09/13/2012,4.555770109783217,0.0,0.0
09/14/2012,4.545790195465089,0.0,0.0
09/17/2012,4.540800083622445,0.0,0.0
09/18/2012,4.5208405268100185,0.0,0.0
09/19/2012,4.426032556440627,0.0,0.0
09/20/2012,4.505870739980902,0.0,0.0
09/21/2012,4.650577537472598,0.0,0.0
09/24/2012,4.560758734153783,0.0,0.0
09/25/2012,4.436012728356761,0.0,0.0
09/26/2012,4.3162549973242825,0.0,0.0
09/27/2012,4.326234826584688,0.0,0.0
09/28/2012,4.361164472404698,0.0,0.0
10/01/2012,4.3162548132965215,0.0,0.0
10/02/2012,4.35118416421268,0.0,0.0
10/03/2012,4.316254318182476,0.0,0.0
10/04/2012,4.286315729619569,0.0,0.0
10/05/2012,4.286315721277935,0.0,0.0
10/08/2012,4.266355991363525,0.0,0.0
10/09/2012,4.286315337288245,0.0,0.0
10/10/2012,4.2513865253707115,0.0,0.0
10/11/2012,4.151588436102833,0.0,0.0
10/12/2012,4.136618889209939,0.0,0.0
10/15/2012,4.1066792362204,0.0,0.0
10/16/2012,4.0118714407436915,0.0,0.0
10/17/2012,4.036821284889668,0.0,0.0
10/18/2012,4.1366186876273545,0.0,0.0
10/19/2012,4.031830903948338,0.0,0.0
10/22/2012,3.9170640496966405,0.0,0.0
10/23/2012,3.9120741847746117,0.0,0.0
10/24/2012,4.111669240423405,0.0,0.0
10/25/2012,4.06676005805823,0.0,0.0
10/26/2012,4.031830720362774,0.0,0.0
10/31/2012,3.9569824508398845,0.0,0.0
11/01/2012,3.9170634808832903,0.0,0.0
11/02/2012,3.932033334929988,0.0,0.0
11/05/2012,3.862174744393384,0.0,0.0
11/06/2012,3.8472049007097153,0.0,0.0
11/07/2012,3.892114130872834,0.0,0.0
11/08/2012,3.757387381167323,0.0,0.0
11/09/2012,3.647610032698097,0.0,0.0
11/12/2012,3.497913172029416,0.0,0.0
11/13/2012,3.5078927394323176,0.0,0.0
11/14/2012,3.4130849512464425,0.0,0.0
11/15/2012,3.487933444174527,0.0,0.0
11/16/2012,3.4629837043920215,0.0,0.0
11/19/2012,3.532842640161562,0.0,0.0
11/20/2012,3.582740920370164,0.0,0.0
11/21/2012,3.547812054115023,0.0,0.0
11/23/2012,3.7174680601694488,0.0,0.0
11/26/2012,3.677548968215477,0.0,0.0
11/27/2012,3.8871244464263572,0.0,0.0
11/28/2012,3.90708384640371,0.0,0.0
11/29/2012,3.9420132316920666,0.0,0.0
11/30/2012,4.051790751334494,0.0,0.0
12/03/2012,4.2064776378840625,0.0,0.0
12/04/2012,4.181528176725155,0.0,0.0
12/05/2012,4.121649084538579,0.0,0.0
12/06/2012,4.176537814536513,0.0,0.0
12/07/2012,4.25637561906807,0.0,0.0
12/10/2012,4.3661537937908905,0.0,0.0
12/11/2012,4.3112655667148,0.0,0.0
12/12/2012,4.366153404584047,0.0,0.0
12/13/2012,4.271346192362918,0.0,0.0
12/14/2012,4.31126565339273,0.0,0.0
12/17/2012,4.271345808288246,0.0,0.0
12/18/2012,4.2763355509346015,0.0,0.0
12/19/2012,4.416052252919216,0.0,0.0
12/20/2012,4.480920864741281,0.0,0.0
12/21/2012,4.331225106751069,0.0,0.0
12/24/2012,4.306275559073744,0.0,0.0
12/26/2012,4.316254416020068,0.0,0.0
12/27/2012,4.256375977281256,0.0,0.0
12/28/2012,4.216457270666067,0.0,0.0
12/31/2012,4.186518574625988,0.0,0.0
01/02/2013,4.281325012421801,0.0,0.0
01/03/2013,4.436012648553101,0.0,0.0
01/04/2013,4.465951925208098,0.0,0.0
01/07/2013,4.51086091657583,0.0,0.0
01/08/2013,4.495891381939141,0.0,0.0
01/09/2013,4.535810555220679,0.0,0.0
01/10/2013,4.49090079395253,0.0,0.0
01/11/2013,4.490900116581603,0.0,0.0
01/14/2013,4.445991805467305,0.0,0.0
01/15/2013,4.455971035288134,0.0,0.0
01/16/2013,4.431022251677537,0.0,0.0
01/17/2013,4.416052610977918,0.0,0.0
01/18/2013,4.331225106751069,0.0,0.0
01/22/2013,4.341203861383261,0.0,0.0
01/23/2013,4.281325333368432,0.0,0.0
01/24/2013,4.241406446503612,0.0,0.0
01/25/2013,4.266355997098736,0.0,0.0
01/28/2013,4.366153523220496,0.0,0.0
01/29/2013,4.366154094132817,0.0,0.0
01/30/2013,4.346194160059392,0.0,0.0
01/31/2013,4.281325527930278,0.0,0.0
02/01/2013,4.271346001252024,0.0,0.0
02/04/2013,4.261365209054811,0.0,0.0
02/05/2013,4.241406253755861,0.0,0.0
02/06/2013,4.231426642207054,0.0,0.0
02/07/2013,4.3511847401569455,0.0,0.0
02/08/2013,4.266355145146117,0.0,0.0
02/11/2013,4.306275072790191,0.0,0.0
02/12/2013,4.256375700024363,0.0,0.0
02/13/2013,4.276335901665574,0.0,0.0
02/14/2013,4.241405605234863,0.0,0.0
02/15/2013,4.32124510026869,0.0,0.0
02/19/2013,4.361162825761412,0.0,0.0
02/20/2013,4.271345689794701,0.0,0.0
02/21/2013,4.20647735185547,0.0,0.0
02/22/2013,4.206477068151,0.0,0.0
02/25/2013,4.21645677464541,0.0,0.0
02/26/2013,4.166557989581485,0.0,0.0
02/27/2013,4.216456502324041,0.0,0.0
02/28/2013,4.1915076202778625,0.0,0.0
03/01/2013,4.116659461001038,0.0,0.0
03/04/2013,4.161568347326777,0.0,0.0
03/05/2013,4.116659086907462,0.0,0.0
03/06/2013,4.201487550533647,0.0,0.0
03/07/2013,4.236416651014359,0.0,0.0
03/08/2013,4.396093549155863,0.0,0.0
03/11/2013,4.331224372295778,0.0,0.0
03/12/2013,4.436011969921204,0.0,0.0
03/13/2013,4.311264873981542,0.0,0.0
03/14/2013,4.22643716698111,0.0,0.0
03/15/2013,4.091709530987485,0.0,0.0
03/18/2013,3.9569824840467915,0.0,0.0
03/19/2013,4.051790431201076,0.0,0.0
03/20/2013,4.071750364330018,0.0,0.0
03/21/2013,4.126639258593012,0.0,0.0
03/22/2013,4.056780830961675,0.0,0.0
03/25/2013,4.156579020283708,0.0,0.0
03/26/2013,4.216456976075484,0.0,0.0
03/27/2013,4.151588247410368,0.0,0.0
03/28/2013,4.161568347326777,0.0,0.0
04/01/2013,4.116659034685816,0.0,0.0
04/02/2013,4.021852107946939,0.0,0.0
04/03/2013,3.9519933693423086,0.0,0.0
04/04/2013,3.9170632884888597,0.0,0.0
04/05/2013,3.8971037864685054,0.0,0.0
04/08/2013,3.9120739375386857,0.0,0.0
04/09/2013,3.8971041112034066,0.0,0.0
04/10/2013,3.882134213567526,0.0,0.0
04/11/2013,3.9020941893511036,0.0,0.0
04/12/2013,3.986922020865475,0.0,0.0
04/15/2013,3.922053368146689,0.0,0.0
04/16/2013,3.8871240166901364,0.0,0.0
04/17/2013,3.85219496839416,0.0,0.0
04/18/2013,3.8472052021300938,0.0,0.0
04/19/2013,3.8072864148795507,0.0,0.0
04/22/2013,3.8721548036467675,0.0,0.0
04/23/2013,3.8821344830524995,0.0,0.0
04/24/2013,3.872154525712269,0.0,0.0
04/25/2013,3.8771444788965037,0.0,0.0
04/26/2013,3.8821347178620953,0.0,0.0
04/29/2013,3.852194882842631,0.0,0.0
04/30/2013,3.8821345232877404,0.0,0.0
05/01/2013,3.8022963931913356,0.0,0.0
05/02/2013,3.752397263747872,0.0,0.0
05/03/2013,3.8821345232877404,0.0,0.0
05/06/2013,3.8472052581536285,0.0,0.0
05/07/2013,3.8721541733448848,0.0,0.0
05/08/2013,3.782336315049023,0.0,0.0
05/09/2013,3.8621750377140445,0.0,0.0
05/10/2013,3.862175024106316,0.0,0.0
05/13/2013,3.7523974571970173,0.0,0.0
05/14/2013,3.8472046319129847,0.0,0.0
05/15/2013,3.847205092886101,0.0,0.0
05/16/2013,3.7573870121566095,0.0,0.0
05/17/2013,3.7424176741586237,0.0,0.0
05/20/2013,3.74241731009634,0.0,0.0
05/21/2013,3.8172657038855635,0.0,0.0
05/22/2013,3.8422153797209053,0.0,0.0
05/23/2013,3.727447391037109,0.0,0.0
05/24/2013,3.932033295371212,0.0,0.0
05/28/2013,4.151588253325737,0.0,0.0
05/29/2013,4.121649168534504,0.0,0.0
05/30/2013,4.106678850890632,0.0,0.0
05/31/2013,4.056780435174513,0.0,0.0
06/03/2013,4.061770621444982,0.0,0.0
06/04/2013,4.01187104705864,0.0,0.0
06/05/2013,3.991912554404758,0.0,0.0
06/06/2013,3.9519929429251532,0.0,0.0
06/07/2013,3.9819320212499214,0.0,0.0
06/10/2013,4.011871742565274,0.0,0.0
06/11/2013,4.106678850890632,0.0,0.0
06/12/2013,4.08173017245144,0.0,0.0
06/13/2013,4.061770439147949,0.0,0.0
06/14/2013,4.046800413843214,0.0,0.0
06/17/2013,4.0118717311276,0.0,0.0
06/18/2013,4.091709906277792,0.0,0.0
06/19/2013,4.106679436237363,0.0,0.0
06/20/2013,4.021851482440729,0.0,0.0
06/21/2013,4.006881994295684,0.0,0.0
06/24/2013,3.9320335727576987,0.0,0.0
06/25/2013,3.8921144888412162,0.0,0.0
06/26/2013,3.8671646300187335,0.0,0.0
06/27/2013,3.956982509665159,0.0,0.0
06/28/2013,3.8971042674409437,0.0,0.0
07/01/2013,3.9569826126098633,0.0,0.0
07/02/2013,3.9420136950620046,0.0,0.0
07/03/2013,3.9719522512893546,0.0,0.0
07/05/2013,4.006881340600844,0.0,0.0
07/08/2013,4.071749957754907,0.0,0.0
07/09/2013,4.04680012047912,0.0,0.0
07/10/2013,3.9819325967102426,0.0,0.0
07/11/2013,4.0218513591064,0.0,0.0
07/12/2013,4.041811080528399,0.0,0.0
07/15/2013,4.01187172690343,0.0,0.0
07/16/2013,4.041811285185923,0.0,0.0
07/17/2013,4.131628807578128,0.0,0.0
07/18/2013,4.156578626033819,0.0,0.0
07/19/2013,4.061770727781489,0.0,0.0
07/22/2013,4.06676005805823,0.0,0.0
07/23/2013,4.031830981210159,0.0,0.0
07/24/2013,4.066760256236516,0.0,0.0
07/25/2013,4.2314263484298005,0.0,0.0
07/26/2013,4.2613661971031185,0.0,0.0
07/29/2013,4.3911030314722685,0.0,0.0
07/30/2013,4.5657487074095116,0.0,0.0
07/31/2013,4.65057686707705,0.0,0.0
08/01/2013,4.675527180682316,0.0,0.0
08/02/2013,4.580720233336533,0.0,0.0
08/05/2013,4.635607167059695,0.0,0.0
08/06/2013,5.2593439764022865,0.0,0.0
08/07/2013,5.219425136219858,0.0,0.0
08/08/2013,5.703445624996675,0.0,0.0
08/09/2013,5.908030317459635,0.0,0.0
08/12/2013,5.888070257402264,0.0,0.0
08/13/2013,6.137564318178848,0.0,0.0
08/14/2013,5.947948853121635,0.0,0.0
08/15/2013,5.987868415529708,0.0,0.0
08/16/2013,6.047747005889107,0.0,0.0
08/19/2013,5.813222414932178,0.0,0.0
08/20/2013,5.888070486854874,0.0,0.0
08/21/2013,5.937968832074296,0.0,0.0
08/22/2013,6.382068855674856,0.0,0.0
08/23/2013,6.546735070137434,0.0,0.0
08/26/2013,6.831159081429781,0.0,0.0
08/27/2013,6.666491934365045,0.0,0.0
08/28/2013,6.257321333870984,0.0,0.0
08/29/2013,6.172494332212026,0.0,0.0
08/30/2013,6.262311917537061,0.0,0.0
09/03/2013,6.262311825944048,0.0,0.0
09/04/2013,6.267301752045425,0.0,0.0
09/05/2013,6.646532708524338,0.0,0.0
09/06/2013,6.975866135495606,0.0,0.0
09/09/2013,7.135542717535543,0.0,0.0
09/10/2013,6.960896680337454,0.0,0.0
09/11/2013,6.796230709686665,0.0,0.0
09/12/2013,6.092654979912668,0.0,0.0
09/13/2013,6.796229489753065,0.0,0.0
09/16/2013,7.170472369839546,0.0,0.0
09/17/2013,6.736351382468047,0.0,0.0
09/18/2013,6.636553684257751,0.0,0.0
09/19/2013,6.736352241626606,0.0,0.0
09/20/2013,6.661503488454756,0.0,0.0
09/23/2013,6.561704874169133,0.0,0.0
09/24/2013,6.866088465495855,0.0,0.0
09/25/2013,7.479845520129134,0.0,0.0
09/26/2013,7.519764159493678,0.0,0.0
09/27/2013,7.6445115629296065,0.0,0.0
09/30/2013,7.365078072260208,0.0,0.0
10/01/2013,7.409986350763484,0.0,0.0
10/02/2013,7.52475436201393,0.0,0.0
10/03/2013,7.714370431615707,0.0,0.0
10/04/2013,7.759278749607888,0.0,0.0
10/07/2013,7.614572083307283,0.0,0.0
10/08/2013,7.849096593284582,0.0,0.0
10/09/2013,7.5347343087382415,0.0,0.0
10/10/2013,7.549703970763079,0.0,0.0
10/11/2013,7.484835081393203,0.0,0.0
10/14/2013,7.589622413563996,0.0,0.0
10/15/2013,7.624551937373235,0.0,0.0
10/16/2013,7.534734172285023,0.0,0.0
10/17/2013,7.654491152406789,0.0,0.0
10/18/2013,7.834127766166701,0.0,0.0
10/21/2013,8.338106101721726,0.0,0.0
10/22/2013,8.043702108498051,0.0,0.0
10/23/2013,7.968854633263822,0.0,0.0
10/24/2013,8.068651983582896,0.0,0.0
10/25/2013,8.213359017155627,0.0,0.0
10/28/2013,7.9039861522509325,0.0,0.0
10/29/2013,7.824147701263427,0.0,0.0
10/30/2013,7.834126616188398,0.0,0.0
10/31/2013,7.68942049747827,0.0,0.0
11/01/2013,7.679441287234551,0.0,0.0
11/04/2013,7.983823245693201,0.0,0.0
11/05/2013,7.978833578472451,0.0,0.0
11/06/2013,8.033723192918748,0.0,0.0
11/07/2013,7.679440752967638,0.0,0.0
11/08/2013,6.856109343607078,0.0,0.0
11/11/2013,7.115583437416284,0.0,0.0
11/12/2013,6.536757174420244,0.0,0.0
11/13/2013,6.317200542421093,0.0,0.0
11/14/2013,6.50681555761691,0.0,0.0
11/15/2013,6.561705292104975,0.0,0.0
11/18/2013,5.987868487824273,0.0,0.0
11/19/2013,5.853141035435074,0.0,0.0
11/20/2013,5.8780898481890915,0.0,0.0
11/21/2013,5.658535010551751,0.0,0.0
11/22/2013,5.658534877668739,0.0,0.0
11/25/2013,5.5587385086350904,0.0,0.0
11/26/2013,5.364132133790158,0.0,0.0
11/27/2013,5.533788174832157,0.0,0.0
11/29/2013,5.414031398892059,0.0,0.0
12/02/2013,5.289283724477271,0.0,0.0
12/03/2013,5.104656336770821,0.0,0.0
12/04/2013,5.10465767568832,0.0,0.0
12/05/2013,5.2493638019082765,0.0,0.0
12/06/2013,5.284293720141213,0.0,0.0
12/09/2013,5.214435492776793,0.0,0.0
12/10/2013,5.299263003136252,0.0,0.0
12/11/2013,5.708434567127769,0.0,0.0
12/12/2013,5.578697204589844,0.0,0.0
12/13/2013,5.628596029671913,0.0,0.0
12/16/2013,5.698453756837536,0.0,0.0
12/17/2013,5.563727106787277,0.0,0.0
12/18/2013,5.648555648094377,0.0,0.0
12/19/2013,5.523808204345415,0.0,0.0
12/20/2013,5.508838857392113,0.0,0.0
12/23/2013,5.7533435913011,0.0,0.0
12/24/2013,5.848151105229299,0.0,0.0
12/26/2013,6.2623129891139495,0.0,0.0
12/27/2013,6.3122104135121,0.0,0.0
12/30/2013,5.913019916089595,0.0,0.0
12/31/2013,5.783282343066881,0.0,0.0
01/02/2014,5.987868120870731,0.0,0.0
01/03/2014,6.0427568503771525,0.0,0.0
01/06/2014,6.0227973800922685,0.0,0.0
01/07/2014,5.962918864950231,0.0,0.0
01/08/2014,6.0377675984219605,0.0,0.0
01/09/2014,6.042756946125313,0.0,0.0
01/10/2014,6.097646350546045,0.0,0.0
01/13/2014,6.292251019195482,0.0,0.0
01/14/2014,6.307221416022389,0.0,0.0
01/15/2014,6.367098861047901,0.0,0.0
01/16/2014,6.516796497858503,0.0,0.0
01/17/2014,6.561704900405635,0.0,0.0
01/21/2014,6.671483131827637,0.0,0.0
01/22/2014,6.701422779481932,0.0,0.0
01/23/2014,6.656512708483613,0.0,0.0
01/24/2014,6.7662921715217825,0.0,0.0
01/27/2014,6.402029298207278,0.0,0.0
01/28/2014,6.282271525522167,0.0,0.0
01/29/2014,6.4020287366125865,0.0,0.0
01/30/2014,6.546735982948145,0.0,0.0
01/31/2014,6.621583759214127,0.0,0.0
02/03/2014,6.686452322295745,0.0,0.0
02/04/2014,6.397038593844485,0.0,0.0
02/05/2014,6.5267756222702245,0.0,0.0
02/06/2014,5.962918121930533,0.0,0.0
02/07/2014,6.102635533479038,0.0,0.0
02/10/2014,6.4619085264833735,0.0,0.0
02/11/2014,6.387059978738973,0.0,0.0
02/12/2014,6.446938147085315,0.0,0.0
02/13/2014,6.461906756316762,0.0,0.0
02/14/2014,6.556715685934915,0.0,0.0
02/18/2014,6.571685217564973,0.0,0.0
02/19/2014,6.571684811067781,0.0,0.0
02/20/2014,6.506816075398716,0.0,0.0
02/21/2014,6.451928894800147,0.0,0.0
02/24/2014,6.392049404115597,0.0,0.0
02/25/2014,6.402029019548171,0.0,0.0
02/26/2014,6.287261474223705,0.0,0.0
02/27/2014,6.237363436082373,0.0,0.0
02/28/2014,6.282271556251458,0.0,0.0
03/03/2014,6.157524867784784,0.0,0.0
03/04/2014,6.242352201641281,0.0,0.0
03/05/2014,6.287262538049277,0.0,0.0
03/06/2014,6.387058838176932,0.0,0.0
03/07/2014,6.436958019224678,0.0,0.0
03/10/2014,6.506816852195745,0.0,0.0
03/11/2014,6.466896703325604,0.0,0.0
03/12/2014,6.372089972194125,0.0,0.0
03/13/2014,6.451927871266633,0.0,0.0
03/14/2014,6.312210278336384,0.0,0.0
03/17/2014,6.01281832638842,0.0,0.0
03/18/2014,5.878090781391663,0.0,0.0
03/19/2014,6.032777368212071,0.0,0.0
03/20/2014,5.80823113044203,0.0,0.0
03/21/2014,5.7184142674860485,0.0,0.0
03/24/2014,5.598656691916123,0.0,0.0
03/25/2014,5.379101469361067,0.0,0.0
03/26/2014,5.453950060583115,0.0,0.0
03/27/2014,5.124617856210957,0.0,0.0
03/28/2014,5.069727897644042,0.0,0.0
03/31/2014,5.0747181864068205,0.0,0.0
04/01/2014,5.079707367825017,0.0,0.0
04/02/2014,5.2044563282346825,0.0,0.0
04/03/2014,5.20445661543447,0.0,0.0
04/04/2014,5.18948660116812,0.0,0.0
04/07/2014,5.074717768282491,0.0,0.0
04/08/2014,4.9300116649006025,0.0,0.0
04/09/2014,5.049768157507313,0.0,0.0
04/10/2014,5.049768722649879,0.0,0.0
04/11/2014,4.920031349618972,0.0,0.0
04/14/2014,4.9250207587084285,0.0,0.0
04/15/2014,4.84518327591536,0.0,0.0
04/16/2014,4.885102250351917,0.0,0.0
04/17/2014,4.775324077318596,0.0,0.0
04/21/2014,4.835202597630064,0.0,0.0
04/22/2014,4.949971015853044,0.0,0.0
04/23/2014,4.959950613204413,0.0,0.0
04/24/2014,4.870132707928763,0.0,0.0
04/25/2014,4.710455740418213,0.0,0.0
04/28/2014,4.505870309661269,0.0,0.0
04/29/2014,4.431022084429172,0.0,0.0
04/30/2014,4.421042145866739,0.0,0.0
05/01/2014,4.356173446898498,0.0,0.0
05/02/2014,4.46595125553841,0.0,0.0
05/05/2014,4.460961428340781,0.0,0.0
05/06/2014,4.411063281618907,0.0,0.0
05/07/2014,4.336214638536045,0.0,0.0
05/08/2014,4.286316029418645,0.0,0.0
05/09/2014,4.69548672296132,0.0,0.0
05/12/2014,4.590698170036722,0.0,0.0
05/13/2014,4.6655470601654665,0.0,0.0
05/14/2014,4.56574963476609,0.0,0.0
05/15/2014,4.436013124652523,0.0,0.0
05/16/2014,4.396092444804116,0.0,0.0
05/19/2014,4.455972394384366,0.0,0.0
05/20/2014,4.530819971469039,0.0,0.0
05/21/2014,4.470941932725933,0.0,0.0
05/22/2014,4.545789345693895,0.0,0.0
05/23/2014,4.57572919282626,0.0,0.0
05/27/2014,4.675526822844625,0.0,0.0
05/28/2014,4.700477313696991,0.0,0.0
05/29/2014,4.720436004800879,0.0,0.0
05/30/2014,4.740395229571103,0.0,0.0
06/02/2014,4.6256279945373535,0.0,0.0
06/03/2014,4.590698911876691,0.0,0.0
06/04/2014,4.590699018243806,0.0,0.0
06/05/2014,4.710455242206727,0.0,0.0
06/06/2014,4.7902943069773025,0.0,0.0
06/09/2014,4.96494056267936,0.0,0.0
06/10/2014,5.044778341152937,0.0,0.0
06/11/2014,4.974920764473688,0.0,0.0
06/12/2014,5.04477893190874,0.0,0.0
06/13/2014,5.169526189654118,0.0,0.0
06/16/2014,5.089687723216473,0.0,0.0
06/17/2014,5.044778064576563,0.0,0.0
06/18/2014,5.039788439780997,0.0,0.0
06/19/2014,5.054758530950573,0.0,0.0
06/20/2014,5.004859635623052,0.0,0.0
06/23/2014,4.989889451919705,0.0,0.0
06/24/2014,5.064737768218412,0.0,0.0
06/25/2014,4.964941036472185,0.0,0.0
06/26/2014,5.099667761289152,0.0,0.0
06/27/2014,5.169526200343023,0.0,0.0
06/30/2014,5.2144348284159685,0.0,0.0
07/01/2014,5.299262540047479,0.0,0.0
07/02/2014,5.349161304294953,0.0,0.0
07/03/2014,5.284293458036719,0.0,0.0
07/07/2014,5.309243002606485,0.0,0.0
07/08/2014,5.284293066961545,0.0,0.0
07/09/2014,4.925020800318541,0.0,0.0
07/10/2014,4.880112548474903,0.0,0.0
07/11/2014,4.8801124513966085,0.0,0.0
07/14/2014,4.885102368605461,0.0,0.0
07/15/2014,4.890093518160496,0.0,0.0
07/16/2014,4.9050620949875405,0.0,0.0
07/17/2014,4.85516201140924,0.0,0.0
07/18/2014,4.765344909167288,0.0,0.0
07/21/2014,4.7753247259401235,0.0,0.0
07/22/2014,4.775325585104542,0.0,0.0
07/23/2014,4.800273992050766,0.0,0.0
07/24/2014,4.815243726117973,0.0,0.0
07/25/2014,4.805264203476248,0.0,0.0
07/28/2014,4.890092155606887,0.0,0.0
07/29/2014,4.790294751960051,0.0,0.0
07/30/2014,5.354151435925401,0.0,0.0
07/31/2014,5.2793039015896746,0.0,0.0
08/01/2014,5.044778123039765,0.0,0.0
08/04/2014,4.9848994078046855,0.0,0.0
08/05/2014,4.930011105885764,0.0,0.0
08/06/2014,4.905061914935027,0.0,0.0
08/07/2014,4.935000773609113,0.0,0.0
08/08/2014,4.830213659021175,0.0,0.0
08/11/2014,4.915042315397766,0.0,0.0
08/12/2014,4.994879741923588,0.0,0.0
08/13/2014,5.109647356787923,0.0,0.0
08/14/2014,5.009849833421581,0.0,0.0
08/15/2014,5.049769110965421,0.0,0.0
08/18/2014,5.074717985804317,0.0,0.0
08/19/2014,5.049768732591932,0.0,0.0
08/20/2014,5.039788439780997,0.0,0.0
08/21/2014,5.064737886905604,0.0,0.0
08/22/2014,5.039789491097987,0.0,0.0
08/25/2014,5.11463756756044,0.0,0.0
08/26/2014,5.094677668001948,0.0,0.0
08/27/2014,5.239384063175644,0.0,0.0
08/28/2014,5.189485367854242,0.0,0.0
08/29/2014,5.224414664995235,0.0,0.0
09/02/2014,5.3391823814900965,0.0,0.0
09/03/2014,5.48388927579168,0.0,0.0
09/04/2014,5.42899981169955,0.0,0.0
09/05/2014,5.503848126111405,0.0,0.0
09/08/2014,5.6635255074808795,0.0,0.0
09/09/2014,5.808231908202328,0.0,0.0
09/10/2014,5.698454401183226,0.0,0.0
09/11/2014,5.798252302423453,0.0,0.0
09/12/2014,5.818211532373522,0.0,0.0
09/15/2014,5.693465314036375,0.0,0.0
09/16/2014,5.424011228952407,0.0,0.0
09/17/2014,5.42900018399789,0.0,0.0
09/18/2014,5.41902122395533,0.0,0.0
09/19/2014,5.419020636857612,0.0,0.0
09/22/2014,5.264333957443967,0.0,0.0
09/23/2014,5.04976891768207,0.0,0.0
09/24/2014,4.999870107187962,0.0,0.0
09/25/2014,5.004860397464143,0.0,0.0
09/26/2014,4.905061914935027,0.0,0.0
09/29/2014,4.890091726658709,0.0,0.0
09/30/2014,4.974920182755465,0.0,0.0
10/01/2014,4.974920542312326,0.0,0.0
10/02/2014,4.9150421233216885,0.0,0.0
10/03/2014,5.019830419923384,0.0,0.0
10/06/2014,5.124617480163964,0.0,0.0
10/07/2014,5.114636974567646,0.0,0.0
10/08/2014,5.049768357727057,0.0,0.0
10/09/2014,5.079707680310317,0.0,0.0
10/10/2014,4.959949839838444,0.0,0.0
10/13/2014,4.880113126010788,0.0,0.0
10/14/2014,4.92003132778217,0.0,0.0
10/15/2014,4.740396598043881,0.0,0.0
10/16/2014,4.520841411038127,0.0,0.0
10/17/2014,4.73041503910039,0.0,0.0
10/20/2014,4.665546952375455,0.0,0.0
10/21/2014,4.935001109820763,0.0,0.0
10/22/2014,5.059748546993082,0.0,0.0
10/23/2014,5.039788640295175,0.0,0.0
10/24/2014,5.064739037978124,0.0,0.0
10/27/2014,5.119626593335297,0.0,0.0
10/28/2014,4.979910847998857,0.0,0.0
10/29/2014,4.880112240379971,0.0,0.0
10/30/2014,4.7254257325943785,0.0,0.0
10/31/2014,4.900071993035066,0.0,0.0
11/03/2014,4.875122158087437,0.0,0.0
11/04/2014,4.880112548474903,0.0,0.0
11/05/2014,4.910052006440943,0.0,0.0
11/06/2014,4.895081892322896,0.0,0.0
11/07/2014,4.915041923522949,0.0,0.0
11/10/2014,4.944980982118318,0.0,0.0
11/11/2014,4.7902940004634935,0.0,0.0
11/12/2014,4.860153961288658,0.0,0.0
11/13/2014,4.900071993035066,0.0,0.0
11/14/2014,4.885101884733768,0.0,0.0
11/17/2014,4.905061293167235,0.0,0.0
11/18/2014,5.039788884332297,0.0,0.0
11/19/2014,4.900071530952977,0.0,0.0
11/20/2014,4.8801135055029095,0.0,0.0
11/21/2014,4.930011357999333,0.0,0.0
11/24/2014,4.870133970464602,0.0,0.0
11/25/2014,4.895082377183113,0.0,0.0
11/26/2014,4.865142176139976,0.0,0.0
11/28/2014,4.930011363572648,0.0,0.0
12/01/2014,4.900071775266316,0.0,0.0
12/02/2014,4.7403955407197245,0.0,0.0
12/03/2014,4.690497025288853,0.0,0.0
12/04/2014,4.81025399402522,0.0,0.0
12/05/2014,4.780314131684605,0.0,0.0
12/08/2014,4.695486103716492,0.0,0.0
12/09/2014,4.470941452411656,0.0,0.0
12/10/2014,4.44599207676312,0.0,0.0
12/11/2014,4.4010819516554625,0.0,0.0
12/12/2014,4.3811228647922755,0.0,0.0
12/15/2014,4.37114290086828,0.0,0.0
12/16/2014,4.186517892568445,0.0,0.0
12/17/2014,4.111669266512456,0.0,0.0
12/18/2014,4.186517564485692,0.0,0.0
12/19/2014,4.326235388864517,0.0,0.0
12/22/2014,4.296294212341309,0.0,0.0
12/23/2014,4.276335914774144,0.0,0.0
12/24/2014,4.361163809337156,0.0,0.0
12/26/2014,4.366152891121002,0.0,0.0
12/29/2014,4.445991485649281,0.0,0.0
12/30/2014,4.3412045444507585,0.0,0.0
12/31/2014,4.291306305324335,0.0,0.0
01/02/2015,4.361164108936265,0.0,0.0
01/05/2015,4.490901364617303,0.0,0.0
01/06/2015,4.441001036048203,0.0,0.0
01/07/2015,4.490900106055908,0.0,0.0
01/08/2015,4.495890720401518,0.0,0.0
01/09/2015,4.545789823711507,0.0,0.0
01/12/2015,4.605668049411091,0.0,0.0
01/13/2015,4.530820462594407,0.0,0.0
01/14/2015,4.490901373948757,0.0,0.0
01/15/2015,4.54578999720495,0.0,0.0
01/16/2015,4.500880833385115,0.0,0.0
01/20/2015,4.615648082348958,0.0,0.0
01/21/2015,4.635608389540362,0.0,0.0
01/22/2015,4.710456260702317,0.0,0.0
01/23/2015,4.625628114340261,0.0,0.0
01/26/2015,4.765345953430181,0.0,0.0
01/27/2015,4.640598870101788,0.0,0.0
01/28/2015,4.685507092641639,0.0,0.0
01/29/2015,4.600678546137124,0.0,0.0
01/30/2015,4.565749555595658,0.0,0.0
02/02/2015,4.645587824518499,0.0,0.0
02/03/2015,4.650577372809302,0.0,0.0
02/04/2015,4.690496263551517,0.0,0.0
02/05/2015,4.775324428979134,0.0,0.0
02/06/2015,4.780314001625446,0.0,0.0
02/09/2015,4.845184420789295,0.0,0.0
02/10/2015,4.885102358396543,0.0,0.0
02/11/2015,4.890091758055899,0.0,0.0
02/12/2015,5.1146373611058396,0.0,0.0
02/13/2015,5.054758937076828,0.0,0.0
02/17/2015,5.119627282491503,0.0,0.0
02/18/2015,5.114636778633764,0.0,0.0
02/19/2015,5.004859447479249,0.0,0.0
02/20/2015,5.024819367013311,0.0,0.0
02/23/2015,4.9749202845632885,0.0,0.0
02/24/2015,5.0547583421144635,0.0,0.0
02/25/2015,4.994880107821327,0.0,0.0
02/26/2015,5.039789118190137,0.0,0.0
02/27/2015,5.144577978811667,0.0,0.0
03/02/2015,5.189484773754968,0.0,0.0
03/03/2015,5.114637192929331,0.0,0.0
03/04/2015,5.1645372393556865,0.0,0.0
03/05/2015,5.204455836121916,0.0,0.0
03/06/2015,5.079708494391501,0.0,0.0
03/09/2015,5.179505691075642,0.0,0.0
03/10/2015,4.964940168045262,0.0,0.0
03/11/2015,4.949970823908978,0.0,0.0
03/12/2015,4.984899727344711,0.0,0.0
03/13/2015,4.974920438283147,0.0,0.0
03/16/2015,4.815243509665898,0.0,0.0
03/17/2015,4.715446570364895,0.0,0.0
03/18/2015,4.735405348292371,0.0,0.0
03/19/2015,4.730415344238281,0.0,0.0
03/20/2015,4.740395655391458,0.0,0.0
03/23/2015,4.885102157808383,0.0,0.0
03/24/2015,4.845182915591526,0.0,0.0
03/25/2015,4.925020766419033,0.0,0.0
03/26/2015,4.820233078709642,0.0,0.0
03/27/2015,4.900071988346334,0.0,0.0
03/30/2015,4.84019260879509,0.0,0.0
03/31/2015,4.820233740469725,0.0,0.0
04/01/2015,4.8401934644038915,0.0,0.0
04/02/2015,4.850173381468859,0.0,0.0
04/06/2015,4.88011171112983,0.0,0.0
04/07/2015,4.949970638987537,0.0,0.0
04/08/2015,4.949971396494374,0.0,0.0
04/09/2015,5.029808693197292,0.0,0.0
04/10/2015,4.964939973971599,0.0,0.0
04/13/2015,5.004859441550582,0.0,0.0
04/14/2015,4.99986971962133,0.0,0.0
04/15/2015,4.989890098571777,0.0,0.0
04/16/2015,4.964940161122256,0.0,0.0
04/17/2015,4.890092070010216,0.0,0.0
04/20/2015,4.86514396674615,0.0,0.0
04/21/2015,4.870132831611984,0.0,0.0
04/22/2015,4.880112364316634,0.0,0.0
04/23/2015,4.900071530952977,0.0,0.0
04/24/2015,4.939990890506702,0.0,0.0
04/27/2015,4.855162441581194,0.0,0.0
04/28/2015,4.890092242827101,0.0,0.0
04/29/2015,4.670536621784773,0.0,0.0
04/30/2015,4.650578031121709,0.0,0.0
05/01/2015,4.805264188335095,0.0,0.0
05/04/2015,4.785304365800249,0.0,0.0
05/05/2015,4.790294651388786,0.0,0.0
05/06/2015,4.835202693939209,0.0,0.0
05/07/2015,4.805264293771544,0.0,0.0
05/08/2015,4.83520318187787,0.0,0.0
05/11/2015,4.905061445508373,0.0,0.0
05/12/2015,4.984899693885288,0.0,0.0
05/13/2015,4.920030981084632,0.0,0.0
05/14/2015,4.93999043121336,0.0,0.0
05/15/2015,4.964940552904318,0.0,0.0
05/18/2015,4.989889355873093,0.0,0.0
05/19/2015,5.074719051441407,0.0,0.0
05/20/2015,5.204454988367151,0.0,0.0
05/21/2015,5.1545555156223966,0.0,0.0
05/22/2015,5.184495545076667,0.0,0.0
05/26/2015,5.189484773754968,0.0,0.0
05/27/2015,5.114638422563715,0.0,0.0
05/28/2015,5.1645360054060525,0.0,0.0
05/29/2015,5.179505307428686,0.0,0.0
06/01/2015,5.339182368446773,0.0,0.0
06/02/2015,5.289283288396802,0.0,0.0
06/03/2015,5.33918257320779,0.0,0.0
06/04/2015,5.334191740121596,0.0,0.0
06/05/2015,5.488879319208677,0.0,0.0
06/08/2015,5.64855565217299,0.0,0.0
06/09/2015,5.578696410130677,0.0,0.0
06/10/2015,5.488879296070018,0.0,0.0
06/11/2015,5.488879479341371,0.0,0.0
06/12/2015,5.40904101511588,0.0,0.0
06/15/2015,5.349162668144848,0.0,0.0
06/16/2015,5.264334223884076,0.0,0.0
06/17/2015,5.3591414398500525,0.0,0.0
06/18/2015,5.404051581778841,0.0,0.0
06/19/2015,5.354151623970418,0.0,0.0
06/22/2015,5.394071482497812,0.0,0.0
06/23/2015,5.39906111894587,0.0,0.0
06/24/2015,5.478899177574322,0.0,0.0
06/25/2015,5.38908136191343,0.0,0.0
06/26/2015,5.319222326099352,0.0,0.0
06/29/2015,5.159546250155345,0.0,0.0
06/30/2015,5.009848833304577,0.0,0.0
07/01/2015,5.179505459228948,0.0,0.0
07/02/2015,5.214435863631044,0.0,0.0
07/06/2015,5.164535879155225,0.0,0.0
07/07/2015,5.069728101625219,0.0,0.0
07/08/2015,5.084698016317419,0.0,0.0
07/09/2015,5.214434534131557,0.0,0.0
07/10/2015,5.28928367013459,0.0,0.0
07/13/2015,5.409041027966178,0.0,0.0
07/14/2015,5.404050758312849,0.0,0.0
07/15/2015,5.518818637836672,0.0,0.0
07/16/2015,5.414031313154112,0.0,0.0
07/17/2015,5.414031591582672,0.0,0.0
07/20/2015,5.25435310541138,0.0,0.0
07/21/2015,5.139586709522892,0.0,0.0
07/22/2015,5.0198295675227635,0.0,0.0
07/23/2015,5.044778924144853,0.0,0.0
07/24/2015,5.109646964689023,0.0,0.0
07/27/2015,5.0148394616018175,0.0,0.0
07/28/2015,5.029809100104867,0.0,0.0
07/29/2015,5.024818780475352,0.0,0.0
07/30/2015,4.949970431738673,0.0,0.0
07/31/2015,4.939990326962185,0.0,0.0
08/03/2015,4.944980961803307,0.0,0.0
08/04/2015,4.7753251966073265,0.0,0.0
08/05/2015,4.715446668037866,0.0,0.0
08/06/2015,4.795284073116251,0.0,0.0
08/07/2015,4.775323850252384,0.0,0.0
08/10/2015,4.740394947772548,0.0,0.0
08/11/2015,4.645587916316511,0.0,0.0
08/12/2015,4.6006787274745635,0.0,0.0
08/13/2015,4.590698455494876,0.0,0.0
08/14/2015,4.645587100730533,0.0,0.0
08/17/2015,4.730415446627937,0.0,0.0
08/18/2015,4.760355101623169,0.0,0.0
08/19/2015,4.8152442837110385,0.0,0.0
08/20/2015,4.690496527713574,0.0,0.0
08/21/2015,4.550779600171646,0.0,0.0
08/24/2015,4.086719525979896,0.0,0.0
08/25/2015,4.241405911362018,0.0,0.0
08/26/2015,4.191506998329011,0.0,0.0
08/27/2015,4.38611374456485,0.0,0.0
08/28/2015,4.465951613799877,0.0,0.0
08/31/2015,4.341204466352693,0.0,0.0
09/01/2015,4.381122362515837,0.0,0.0
09/02/2015,4.346193989988257,0.0,0.0
09/03/2015,4.356174104311239,0.0,0.0
09/04/2015,4.411062705046659,0.0,0.0
09/08/2015,4.411061978649669,0.0,0.0
09/09/2015,4.475930589446386,0.0,0.0
09/10/2015,4.2414070136188275,0.0,0.0
09/11/2015,4.216456703151619,0.0,0.0
09/14/2015,4.226437390078049,0.0,0.0
09/15/2015,4.341204132145948,0.0,0.0
09/16/2015,4.1765378202170345,0.0,0.0
09/17/2015,4.266355790522416,0.0,0.0
09/18/2015,4.196497355222698,0.0,0.0
09/21/2015,4.241406325399159,0.0,0.0
09/22/2015,4.091709725446783,0.0,0.0
09/23/2015,4.191507519075129,0.0,0.0
09/24/2015,4.121649265289307,0.0,0.0
09/25/2015,4.141608709084694,0.0,0.0
09/28/2015,4.091709337888207,0.0,0.0
09/29/2015,3.9519929109769443,0.0,0.0
09/30/2015,3.817266237773169,0.0,0.0
10/01/2015,3.917063484154826,0.0,0.0
10/02/2015,3.727447580195007,0.0,0.0
10/05/2015,3.827245398019923,0.0,0.0
10/06/2015,3.887124305364691,0.0,0.0
10/07/2015,3.9420130540673695,0.0,0.0
10/08/2015,4.066760165235414,0.0,0.0
10/09/2015,4.0966997200476385,0.0,0.0
10/12/2015,4.116659722775504,0.0,0.0
10/13/2015,3.9619728636789504,0.0,0.0
10/14/2015,3.996901795159014,0.0,0.0
10/15/2015,4.490900539581656,0.0,0.0
10/16/2015,4.590698480751437,0.0,0.0
10/19/2015,4.805264173693152,0.0,0.0
10/20/2015,4.735406111731234,0.0,0.0
10/21/2015,4.735405323789578,0.0,0.0
10/22/2015,4.695486165640451,0.0,0.0
10/23/2015,4.7653459531617965,0.0,0.0
10/26/2015,4.750374948096196,0.0,0.0
10/27/2015,4.93999070771346,0.0,0.0
10/28/2015,4.925020889015349,0.0,0.0
10/29/2015,4.910052287828072,0.0,0.0
10/30/2015,4.7902945505242345,0.0,0.0
11/02/2015,4.825223926845516,0.0,0.0
11/03/2015,4.835204032147888,0.0,0.0
11/04/2015,4.925020992260975,0.0,0.0
11/05/2015,4.964940063686363,0.0,0.0
11/06/2015,5.084697261766326,0.0,0.0
11/09/2015,5.109647573606195,0.0,0.0
11/10/2015,5.199464969314922,0.0,0.0
11/11/2015,5.1296071946463835,0.0,0.0
11/12/2015,5.084697044250592,0.0,0.0
11/13/2015,5.089687614035929,0.0,0.0
11/16/2015,5.019829861058084,0.0,0.0
11/17/2015,4.815244862198018,0.0,0.0
11/18/2015,4.9250218459022586,0.0,0.0
11/19/2015,5.009848990692467,0.0,0.0
11/20/2015,5.07970905320278,0.0,0.0
11/23/2015,5.079708392081045,0.0,0.0
11/24/2015,5.094677441508517,0.0,0.0
11/25/2015,5.089687145783511,0.0,0.0
11/27/2015,5.034798905307906,0.0,0.0
11/30/2015,5.069728566989776,0.0,0.0
12/01/2015,5.089688298542753,0.0,0.0
12/02/2015,5.0846972081636075,0.0,0.0
12/03/2015,4.974921705668949,0.0,0.0
12/04/2015,4.939990624311775,0.0,0.0
12/07/2015,4.93999043121336,0.0,0.0
12/08/2015,4.885102250351917,0.0,0.0
12/09/2015,4.760355948001484,0.0,0.0
12/10/2015,4.735404774403457,0.0,0.0
12/11/2015,4.710455996285083,0.0,0.0
12/14/2015,4.760354486412462,0.0,0.0
12/15/2015,4.665547949375083,0.0,0.0
12/16/2015,4.745385569712402,0.0,0.0
12/17/2015,4.830213109588631,0.0,0.0
12/18/2015,4.680515956386462,0.0,0.0
12/21/2015,4.485910617352341,0.0,0.0
12/22/2015,4.520840439166296,0.0,0.0
12/23/2015,4.450982485048259,0.0,0.0
12/24/2015,4.600678534329503,0.0,0.0
12/28/2015,4.54579019774101,0.0,0.0
12/29/2015,4.630618487137744,0.0,0.0
12/30/2015,4.7902956999514785,0.0,0.0
12/31/2015,4.595688459433378,0.0,0.0
01/04/2016,4.703820663180696,2.76,2.76
01/05/2016,4.8099220012279496,0.0,2.76
01/06/2016,4.696746426456945,0.0,2.76
01/07/2016,4.526985419019839,0.0,2.76
01/08/2016,4.44210446001721,0.0,2.76
01/11/2016,4.4916186455614096,0.0,2.76
01/12/2016,4.49161826061438,0.0,2.76
01/13/2016,4.236974937924602,0.0,2.76
01/14/2016,3.890377987542988,0.0,2.76
01/15/2016,3.897451312277708,0.0,2.76
01/19/2016,4.0389197300922115,0.0,2.76
01/20/2016,4.0601394728815,0.0,2.76
01/21/2016,4.06721352802268,0.0,2.76
01/22/2016,4.0176992755724275,0.0,2.76
01/25/2016,4.173314779331551,0.0,2.76
01/26/2016,4.12380055949972,0.0,2.76
01/27/2016,4.152093939513426,0.0,2.76
01/28/2016,4.3147827356541715,0.0,2.76
01/29/2016,4.16624136523357,0.0,2.76
02/01/2016,4.293562606695312,0.0,2.76
02/02/2016,4.272342600740176,0.0,2.76
02/03/2016,4.3713696843955345,0.0,2.76
02/04/2016,4.3642968802739945,0.0,2.76
02/05/2016,4.385517239759793,0.0,2.76
02/08/2016,4.222828738905667,0.0,2.76
02/09/2016,4.109654090797234,0.0,2.76
02/10/2016,3.9540386401531245,0.0,2.76
02/11/2016,3.8691578258978776,0.0,2.76
02/12/2016,3.8337905449569107,0.0,2.76
02/16/2016,3.9681863387901473,0.0,2.76
02/17/2016,4.01062561168034,0.0,2.76
02/18/2016,4.130874135828658,0.0,2.76
02/19/2016,4.173314076844599,0.0,2.76
02/22/2016,4.244048871131104,0.0,2.76
02/23/2016,4.060139752935344,0.0,2.76
02/24/2016,4.067213479347123,0.0,2.76
02/25/2016,4.123801014099022,0.0,2.76
02/26/2016,4.024773610946904,0.0,2.76
02/29/2016,4.0459930867009035,0.0,2.76
03/01/2016,4.137947837194946,0.0,2.76
03/02/2016,4.194534668639409,0.0,2.76
03/03/2016,4.137947141093847,0.0,2.76
03/04/2016,4.067213479347123,0.0,2.76
03/07/2016,4.244048534543814,0.0,2.76
03/08/2016,4.328929866346794,0.0,2.76
03/09/2016,4.3855171910577875,0.0,2.76
03/10/2016,4.328929424285889,0.0,2.76
03/11/2016,4.32892973235685,0.0,2.76
03/14/2016,4.166240923218653,0.0,2.76
03/15/2016,4.2723424685017335,0.0,2.76
03/16/2016,4.187461097727499,0.0,2.76
03/17/2016,4.328929866346794,0.0,2.76
03/18/2016,4.39259019964384,0.0,2.76
03/21/2016,4.420883742626405,0.0,2.76
03/22/2016,4.328929744025869,0.0,2.76
03/23/2016,4.208681203851682,0.0,2.76
03/24/2016,4.031846143020824,0.0,2.76
03/28/2016,4.109653531886476,0.0,2.76
03/29/2016,3.989405580354117,0.0,2.76
03/30/2016,4.102580253681001,0.0,2.76
03/31/2016,4.0601399745851,0.0,2.76
04/01/2016,3.968185356705679,0.0,2.76
04/04/2016,4.095506511763316,0.0,2.76
04/05/2016,3.961111858760008,0.0,2.76
04/06/2016,3.9328181517173464,0.0,2.76
04/07/2016,4.067213048776971,0.0,2.76
04/08/2016,4.116727526420384,0.0,2.76
04/11/2016,4.16624053695071,0.0,2.76
04/12/2016,4.187461150688013,0.0,2.76
04/13/2016,4.053066224678445,0.0,2.76
04/14/2016,4.074287067049387,0.0,2.76
04/15/2016,4.116727481878513,0.0,2.76
04/18/2016,4.152093859029705,0.0,2.76
04/19/2016,4.201607695342864,0.0,2.76
04/20/2016,4.201607877522492,0.0,2.76
04/21/2016,4.180387768794534,0.0,2.76
04/22/2016,4.208681861748725,0.0,2.76
04/25/2016,4.244048886640629,0.0,2.76
04/26/2016,4.258195629814319,0.0,2.76
04/27/2016,4.159168231265987,0.0,2.76
04/28/2016,3.9328186057527446,0.0,2.76
04/29/2016,3.9894054194449744,0.0,2.76
05/02/2016,4.038919162643949,0.0,2.76
05/03/2016,3.9611115191804473,0.0,2.76
05/04/2016,3.9681853854806306,0.0,2.76
05/05/2016,4.0106262633378025,0.0,2.76
05/06/2016,3.9964792729084158,0.0,2.76
05/09/2016,3.90452511729691,0.0,2.76
05/10/2016,3.8974515640277767,0.0,2.76
05/11/2016,3.8903775397473463,0.0,2.76
05/12/2016,3.862084586343083,0.0,2.76
05/13/2016,3.7913500614582873,0.0,2.76
05/16/2016,3.7559829164721275,0.0,2.76
05/17/2016,3.572074184499091,0.0,2.76
05/18/2016,3.5579277274572734,0.0,2.76
05/19/2016,3.63573460471617,0.0,2.76
05/20/2016,3.557927370071411,0.0,2.76
05/23/2016,3.55085347414361,0.0,2.76
05/24/2016,3.614514552161931,0.0,2.76
05/25/2016,3.543780236210676,0.0,2.76
05/26/2016,3.5367069057941958,0.0,2.76
05/27/2016,3.5437809116085774,0.0,2.76
05/31/2016,3.656954938515822,0.0,2.76
06/01/2016,3.656955157453289,0.0,2.76
06/02/2016,3.6498818072692534,0.0,2.76
06/03/2016,3.6993951714417306,0.0,2.76
06/06/2016,3.727689517641622,0.0,2.76
06/07/2016,3.6215881759948165,0.0,2.76
06/08/2016,3.7135423965581817,0.0,2.76
06/09/2016,3.6711025238037114,0.0,2.76
06/10/2016,3.656955491821353,0.0,2.76
06/13/2016,3.621587539906106,0.0,2.76
06/14/2016,3.550854444503784,0.0,2.76
06/15/2016,3.586220666510729,0.0,2.76
06/16/2016,3.713541976282825,0.0,2.76
06/17/2016,3.748909732576538,0.0,2.76
06/20/2016,3.741835947556041,0.0,2.76
06/21/2016,3.6003682424303407,0.0,2.76
06/22/2016,3.5367074012756348,0.0,2.76
06/23/2016,3.5437805556437314,0.0,2.76
06/24/2016,3.5154870657895825,0.0,2.76
06/27/2016,3.4801199743672337,0.0,2.76
06/28/2016,3.2962110056990555,0.0,2.76
06/29/2016,3.3315781423425173,0.0,2.76
06/30/2016,3.5013404162957698,0.0,2.76
07/01/2016,3.557927241111404,0.0,2.76
07/05/2016,3.6993951714417306,0.0,2.76
07/06/2016,3.7135426351034204,0.0,2.76
07/07/2016,3.81257035574061,0.0,2.76
07/08/2016,3.7347630795452975,0.0,2.76
07/11/2016,3.862084367490492,0.0,2.76
07/12/2016,3.819643470118361,0.0,2.76
07/13/2016,3.897451542731414,0.0,2.76
07/14/2016,3.9328186979728446,0.0,2.76
07/15/2016,3.8762309896226324,0.0,2.76
07/18/2016,3.9611120756971188,0.0,2.76
07/19/2016,4.0601395831740925,0.0,2.76
07/20/2016,3.918671346585193,0.0,2.76
07/21/2016,4.1025804387812395,0.0,2.76
07/22/2016,4.088434128124348,0.0,2.76
07/25/2016,4.031846851323125,0.0,2.76
07/26/2016,4.031845680431387,0.0,2.76
07/27/2016,3.946965531661621,0.0,2.76
07/28/2016,3.911597890427307,0.0,2.76
07/29/2016,3.7984230428583934,0.0,2.76
08/01/2016,3.8550107800142857,0.0,2.76
08/02/2016,4.024772786853845,0.0,2.76
08/03/2016,4.0601394632705095,0.0,2.76
08/04/2016,4.095507111350949,0.0,2.76
08/05/2016,4.187461340330851,0.0,2.76
08/08/2016,4.081360494597108,0.0,2.76
08/09/2016,3.946965228257838,0.0,2.76
08/10/2016,3.9398919998879154,0.0,2.76
08/11/2016,3.96818546526651,0.0,2.76
08/12/2016,3.932972992420754,0.04,2.8
08/15/2016,3.861723892330354,0.0,2.8
08/16/2016,3.7049749138956556,0.0,2.8
08/17/2016,3.726349175777677,0.0,2.8
08/18/2016,3.690724066259517,0.0,2.8
08/19/2016,3.712099221047477,0.0,2.8
08/22/2016,3.697850015533183,0.0,2.8
08/23/2016,3.6479748383404638,0.0,2.8
08/24/2016,3.6337248579646277,0.0,2.8
08/25/2016,3.526850963240813,0.0,2.8
08/26/2016,3.484101473351294,0.0,2.8
08/29/2016,3.4342266783857376,0.0,2.8
08/30/2016,3.4841013198615416,0.0,2.8
08/31/2016,3.5126007952209646,0.0,2.8
09/01/2016,3.455601692199707,0.0,2.8
09/02/2016,3.4413507247770756,0.0,2.8
09/06/2016,3.3914767830440704,0.0,2.8
09/07/2016,3.3772267909579305,0.0,2.8
09/08/2016,3.38435223932074,0.0,2.8
09/09/2016,3.4556013512643244,0.0,2.8
09/12/2016,3.348727012618179,0.0,2.8
09/13/2016,3.384351968765259,0.0,2.8
09/14/2016,3.384351279606477,0.0,2.8
09/15/2016,3.362976861687008,0.0,2.8
09/16/2016,3.2774776284507716,0.0,2.8
09/19/2016,3.3273522209402144,0.0,2.8
09/20/2016,3.298852009065882,0.0,2.8
09/21/2016,3.3273522419573927,0.0,2.8
09/22/2016,3.4983509042572196,0.0,2.8
09/23/2016,3.4342272323755316,0.0,2.8
09/26/2016,3.5268507878752247,0.0,2.8
09/27/2016,3.526850041477902,0.0,2.8
09/28/2016,3.4271016367378278,0.0,2.8
09/29/2016,3.4627265955667648,0.0,2.8
09/30/2016,3.3487271381888477,0.0,2.8
10/03/2016,3.3701019688788283,0.0,2.8
10/04/2016,3.441351262013871,0.0,2.8
10/05/2016,3.4199773409442726,0.0,2.8
10/06/2016,3.4983512098095657,0.0,2.8
10/07/2016,3.49122640851016,0.0,2.8
10/10/2016,3.5767251977595795,0.0,2.8
10/11/2016,3.4912263094119416,0.0,2.8
10/12/2016,3.3843511803098574,0.0,2.8
10/13/2016,3.448476376056632,0.0,2.8
10/14/2016,3.4199765993738613,0.0,2.8
10/17/2016,3.3914763927459717,0.0,2.8
10/18/2016,3.4057267975571093,0.0,2.8
10/19/2016,3.5054761985035703,0.0,2.8
10/20/2016,3.4342264877152466,0.0,2.8
10/21/2016,3.3914770830218814,0.0,2.8
10/24/2016,3.434226052350657,0.0,2.8
10/25/2016,3.391477019871963,0.0,2.8
10/26/2016,3.3202272585142563,0.0,2.8
10/27/2016,3.3131023323176416,0.0,2.8
10/28/2016,3.2774775276872714,0.0,2.8
10/31/2016,3.284602573706028,0.0,2.8
11/01/2016,3.4271014412982272,0.0,2.8
11/02/2016,3.313101843508467,0.0,2.8
11/03/2016,3.2489772695540218,0.0,2.8
11/04/2016,3.2347277952302043,0.0,2.8
11/07/2016,3.2062283418999833,0.0,2.8
11/08/2016,3.2774771373658234,0.0,2.8
11/09/2016,3.24185258898061,0.0,2.8
11/10/2016,3.270352853272351,0.0,2.8
11/11/2016,3.38435244249402,0.0,2.8
11/14/2016,3.5197257766172836,0.0,2.8
11/15/2016,3.391477354480732,0.0,2.8
11/16/2016,3.491226434707641,0.0,2.8
11/17/2016,3.498350601188823,0.0,2.8
11/18/2016,3.548225529481726,0.0,2.8
11/21/2016,3.5482260538085524,0.0,2.8
11/22/2016,3.576725834180976,0.0,2.8
11/23/2016,3.548226178404638,0.0,2.8
11/25/2016,3.6123503540090818,0.0,2.8
11/28/2016,3.683599292755469,0.0,2.8
11/29/2016,3.6622247923549645,0.0,2.8
11/30/2016,3.5624756398404465,0.0,2.8
12/01/2016,3.476975789429864,0.0,2.8
12/02/2016,3.526850837446162,0.0,2.8
12/05/2016,3.5411012482378688,0.0,2.8
12/06/2016,3.512601073399717,0.0,2.8
12/07/2016,3.5268502409841225,0.0,2.8
12/08/2016,3.469850693292565,0.0,2.8
12/09/2016,3.4912258718555544,0.0,2.8
12/12/2016,3.555350641654728,0.0,2.8
12/13/2016,3.427101563947385,0.0,2.8
12/14/2016,3.512600354061233,0.0,2.8
12/15/2016,3.4698511290832172,0.0,2.8
12/16/2016,3.4556012381469814,0.0,2.8
12/19/2016,3.412851052676267,0.0,2.8
12/20/2016,3.3629762799320875,0.0,2.8
12/21/2016,3.3914768226910907,0.0,2.8
12/22/2016,3.4556012615094542,0.0,2.8
12/23/2016,3.38435244249402,0.0,2.8
12/27/2016,3.5054755631346906,0.0,2.8
12/28/2016,3.5126005140303453,0.0,2.8
12/29/2016,3.519726013181028,0.0,2.8
12/30/2016,3.4769758230416654,0.0,2.8
01/03/2017,3.6266003044076327,0.0,2.8
01/04/2017,3.6479752390284754,0.0,2.8
01/05/2017,3.7548492392528714,0.0,2.8
01/06/2017,3.833223469844435,0.0,2.8
01/09/2017,3.8617234187474176,0.0,0.04
01/10/2017,3.8332238177562274,0.0,0.04
01/11/2017,3.7833493000705727,0.0,0.04
01/12/2017,3.790473982306388,0.0,0.04
01/13/2017,3.854598457875603,0.0,0.04
01/17/2017,3.7904738519744403,0.0,0.04
01/18/2017,3.8118488147211207,0.0,0.04
01/19/2017,3.804723192690509,0.0,0.04
01/20/2017,3.676474021094951,0.0,0.04
01/23/2017,3.7690989930844965,0.0,0.04
01/24/2017,3.7120989063124785,0.0,0.04
01/25/2017,3.776224070764963,0.0,0.04
01/26/2017,3.7477242946624756,0.0,0.04
01/27/2017,3.754849130359896,0.0,0.04
01/30/2017,3.6978497025606987,0.0,0.04
01/31/2017,3.733474694791454,0.0,0.04
02/01/2017,3.7334739177262883,0.0,0.04
02/02/2017,3.847473152210289,0.0,0.04
02/03/2017,3.8047240173337484,0.0,0.04
02/06/2017,3.8403482023806634,0.0,0.04
02/07/2017,3.818973734918693,0.0,0.04
02/08/2017,3.740598831920873,0.0,0.04
02/09/2017,3.7833483370034493,0.0,0.04
02/10/2017,3.776224070764963,0.0,0.04
02/13/2017,3.776223563806395,0.0,0.04
02/14/2017,3.747724446089785,0.0,0.04
02/15/2017,3.783349149498257,0.0,0.04
02/16/2017,3.783349039121133,0.0,0.04
02/17/2017,3.826098572310691,0.0,0.04
02/21/2017,3.8830985385907515,0.0,0.04
02/22/2017,3.918723126851296,0.0,0.04
02/23/2017,3.826098315052027,0.0,0.04
02/24/2017,3.826098375495073,0.0,0.04
02/27/2017,3.797598925945765,0.0,0.04
02/28/2017,3.7690991483950547,0.0,0.04
03/01/2017,3.8474738114548406,0.0,0.04
03/02/2017,3.9828477724135616,0.0,0.04
03/03/2017,3.8617234230041504,0.0,0.04
03/06/2017,3.8474736856623473,0.0,0.04
03/07/2017,3.8759734860807744,0.0,0.04
03/08/2017,3.8403485942519437,0.0,0.04
03/09/2017,3.833224084122126,0.0,0.04
03/10/2017,3.8332242079795678,0.0,0.04
03/13/2017,3.854598131195383,0.0,0.04
03/14/2017,3.8260988170935635,0.0,0.04
03/15/2017,3.783349014427136,0.0,0.04
03/16/2017,3.818973754375883,0.0,0.04
03/17/2017,3.5482256644621715,0.0,0.04
03/20/2017,3.2917270177933515,0.0,0.04
03/21/2017,3.434226598181899,0.0,0.04
03/22/2017,3.370101751367059,0.0,0.04
03/23/2017,3.2988519636407525,0.0,0.04
03/24/2017,3.1563529367949084,0.0,0.04
03/27/2017,3.1706026449564995,0.0,0.04
03/28/2017,3.142102947976145,0.0,0.04
03/29/2017,3.2418533018063074,0.0,0.04
03/30/2017,3.2133527396635504,0.0,0.04
03/31/2017,3.1919777393341064,0.0,0.04
04/03/2017,3.184853014867536,0.0,0.04
04/04/2017,3.2276030458659584,0.0,0.04
04/05/2017,3.213353132034879,0.0,0.04
04/06/2017,3.1991029284768073,0.0,0.04
04/07/2017,3.206228042760132,0.0,0.04
04/10/2017,3.2133527221907983,0.0,0.04
04/11/2017,3.213352898917228,0.0,0.04
04/12/2017,3.256102476283518,0.0,0.04
04/13/2017,3.2418532371520996,0.0,0.04
04/17/2017,3.227602575340246,0.0,0.04
04/18/2017,3.34160223790532,0.0,0.04
04/19/2017,3.377226854517177,0.0,0.04
04/20/2017,3.327352373023282,0.0,0.04
04/21/2017,3.3273525780641626,0.0,0.04
04/24/2017,3.2489771414684947,0.0,0.04
04/25/2017,3.234727820405135,0.0,0.04
04/26/2017,3.220477495765802,0.0,0.04
04/27/2017,3.2133528674343004,0.0,0.04
04/28/2017,3.191978240471903,0.0,0.04
05/01/2017,3.1777277516948033,0.0,0.04
05/02/2017,3.2276030458659584,0.0,0.04
05/03/2017,3.2062280409242265,0.0,0.04
05/04/2017,3.191978153937631,0.0,0.04
05/05/2017,3.2133535209338984,0.0,0.04
05/08/2017,3.2062274824714985,0.0,0.04
05/09/2017,3.2204779535946937,0.0,0.04
05/10/2017,3.2276026266351447,0.0,0.04
05/11/2017,3.163478376292628,0.0,0.04
05/12/2017,3.2204773688038304,0.0,0.04
05/15/2017,3.1991029284768073,0.0,0.04
05/16/2017,3.213353157043457,0.0,0.04
05/17/2017,3.184852752613773,0.0,0.04
05/18/2017,3.1991029284768073,0.0,0.04
05/19/2017,3.2347272551361628,0.0,0.04
05/22/2017,3.2204775132772956,0.0,0.04
05/23/2017,3.184853014867536,0.0,0.04
05/24/2017,3.2062284058437025,0.0,0.04
05/25/2017,3.2276033470000893,0.0,0.04
05/26/2017,3.2347272551361628,0.0,0.04
05/30/2017,3.213352898917228,0.0,0.04
05/31/2017,3.248977709227636,0.0,0.04
06/01/2017,3.2133527221907983,0.0,0.04
06/02/2017,3.2347275605618955,0.0,0.04
06/05/2017,3.263227156448132,0.0,0.04
06/06/2017,3.2204779065186058,0.0,0.04
06/07/2017,3.2276030458659584,0.0,0.04
06/08/2017,3.2204773688038304,0.0,0.04
06/09/2017,3.234727820405135,0.0,0.04
06/12/2017,3.199103290753507,0.0,0.04
06/13/2017,3.213353132034879,0.0,0.04
06/14/2017,3.213352595509709,0.0,0.04
06/15/2017,3.206227531200813,0.0,0.04
06/16/2017,3.206228042760132,0.0,0.04
06/19/2017,3.206228080290847,0.0,0.04
06/20/2017,3.1991026797889335,0.0,0.04
06/21/2017,3.134978683172039,0.0,0.04
06/22/2017,3.0922288894653316,0.0,0.04
06/23/2017,3.077979000839673,0.0,0.04
06/26/2017,3.077979326248169,0.0,0.04
06/27/2017,3.0851039255973234,0.0,0.04
06/28/2017,3.0566043211778116,0.0,0.04
06/29/2017,3.0779791756287143,0.0,0.04
06/30/2017,3.0637291122140136,0.0,0.04
07/03/2017,3.1064783253584674,0.0,0.04
07/05/2017,3.15635301664465,0.0,0.04
07/06/2017,3.070853886654771,0.0,0.04
07/07/2017,3.092228886923965,0.0,0.04
07/10/2017,3.0423542828507357,0.0,0.04
07/11/2017,2.956854820251465,0.0,0.04
07/12/2017,2.963979895076074,0.0,0.04
07/13/2017,2.9711045563944514,0.0,0.04
07/14/2017,2.9426047989950477,0.0,0.04
07/17/2017,2.99960437690385,0.0,0.04
07/18/2017,2.9996043517537867,0.0,0.04
07/19/2017,3.0067290808395204,0.0,0.04
07/20/2017,2.935479727721887,0.0,0.04
07/21/2017,2.885605223468328,0.0,0.04
07/24/2017,2.88560537432793,0.0,0.04
07/25/2017,2.914105090042004,0.0,0.04
07/26/2017,2.9212297737893884,0.0,0.04
07/27/2017,2.885605183058973,0.0,0.04
07/28/2017,2.864230221480387,0.0,0.04
07/31/2017,2.88560504655551,0.0,0.04
08/01/2017,2.8286056955655883,0.0,0.04
08/02/2017,2.814355655128023,0.0,0.04
08/03/2017,2.792980844458546,0.0,0.04
08/04/2017,2.7787309560580082,0.0,0.04
08/07/2017,2.778730783413771,0.0,0.04
08/08/2017,2.7716060302176198,0.0,0.04
08/09/2017,2.8998553418191237,0.0,0.04
08/10/2017,3.156353552103061,0.0,0.04
08/11/2017,3.0637286657117477,0.0,0.04
08/14/2017,3.163477871554093,0.0,0.04
08/15/2017,3.1777278350834717,0.0,0.04
08/16/2017,3.2418523681743734,0.0,0.04
08/17/2017,3.227602713310352,0.0,0.04
08/18/2017,3.156352834870255,0.0,0.0
08/21/2017,3.206228590983993,0.0,0.0
08/22/2017,3.191978515407498,0.0,0.0
08/23/2017,3.1706028961396515,0.0,0.0
08/24/2017,3.248977362760008,0.0,0.0
08/25/2017,3.291727479966472,0.0,0.0
08/28/2017,3.298852506032726,0.0,0.0
08/29/2017,3.248977725039176,0.0,0.0
08/30/2017,3.291727479966472,0.0,0.0
08/31/2017,3.327352728074318,0.0,0.0
09/01/2017,3.448476117542051,0.0,0.0
09/05/2017,3.47697589208834,0.0,0.0
09/06/2017,3.484101682512833,0.0,0.0
09/07/2017,3.5126012545028806,0.0,0.0
09/08/2017,3.4841007388866436,0.0,0.0
09/11/2017,3.6266002008940497,0.0,0.0
09/12/2017,3.5767258998645635,0.0,0.0
09/13/2017,3.690724595205914,0.0,0.0
09/14/2017,3.6337251909919344,0.0,0.0
09/15/2017,3.647974635734488,0.0,0.0
09/18/2017,3.840348243713379,0.0,0.0
09/19/2017,3.8688483465652963,0.0,0.0
09/20/2017,3.861723399072424,0.0,0.0
09/21/2017,3.740599693940851,0.0,0.0
09/22/2017,3.5268506798693573,0.0,0.0
09/25/2017,3.5696005314745167,0.0,0.0
09/26/2017,3.526850376126662,0.0,0.0
09/27/2017,3.555350109525993,0.0,0.0
09/28/2017,3.498351175639702,0.0,0.0
09/29/2017,3.8260989809871795,0.0,0.0
10/02/2017,3.8688484753287016,0.0,0.0
10/03/2017,3.925848458923742,0.0,0.0
10/04/2017,3.9685982269477895,0.0,0.0
10/05/2017,4.01847241115998,0.0,0.0
10/06/2017,4.0968464014924,0.0,0.0
10/09/2017,4.061222125156077,0.0,0.0
10/10/2017,3.918723068221818,0.0,0.0
10/11/2017,4.075471670076757,0.0,0.0
10/12/2017,4.239345244123027,0.0,0.0
10/13/2017,4.232221037391364,0.0,0.0
10/16/2017,4.168096718997612,0.0,0.0
10/17/2017,4.139596290078752,0.0,0.0
10/18/2017,4.160971593612549,0.0,0.0
10/19/2017,4.153846479362594,0.0,0.0
10/20/2017,4.210846037130524,0.0,0.0
10/23/2017,4.025597232477864,0.0,0.0
10/24/2017,4.153846306204318,0.0,0.0
10/25/2017,4.054097082760173,0.0,0.0
10/26/2017,3.8545983943864925,0.0,0.0
10/27/2017,3.989972679753088,0.0,0.0
10/30/2017,3.918722430218334,0.0,0.0
10/31/2017,4.018472482044188,0.0,0.0
11/01/2017,3.9828472903850938,0.0,0.0
11/02/2017,3.9187225705471067,0.0,0.0
11/03/2017,3.9400982608926567,0.0,0.0
11/06/2017,3.8973480597514425,0.0,0.0
11/07/2017,4.025597359189443,0.0,0.0
11/08/2017,4.246470798194741,0.0,0.0
11/09/2017,4.453094800313314,0.0,0.0
11/10/2017,4.2749707798616505,0.0,0.0
11/13/2017,4.631218393530322,0.0,0.0
11/14/2017,4.51009421512909,0.0,0.0
11/15/2017,4.467344152908519,0.0,0.0
11/16/2017,4.424595122465147,0.0,0.0
11/17/2017,4.559968215817351,0.0,0.0
11/20/2017,4.488719033170013,0.0,0.0
11/21/2017,4.581343046992481,0.0,0.0
11/22/2017,4.595593664059722,0.0,0.0
11/24/2017,4.702467355501163,0.0,0.0
11/27/2017,4.716717896092084,0.0,0.0
11/28/2017,4.666842806139682,0.0,0.0
11/29/2017,4.730967351937425,0.0,0.0
11/30/2017,4.631217815837977,0.0,0.0
12/01/2017,4.52434375029328,0.0,0.0
12/04/2017,4.488719289648604,0.0,0.0
12/05/2017,4.4958439290240335,0.0,0.0
12/06/2017,4.396094574063249,0.0,0.0
12/07/2017,4.274970871552754,0.0,0.0
12/08/2017,4.4887195508510755,0.0,0.0
12/11/2017,4.381844686454621,0.0,0.0
12/12/2017,4.289220327979521,0.0,0.0
12/13/2017,4.246471014602891,0.0,0.0
12/14/2017,4.182346215067297,0.0,0.0
12/15/2017,4.12534657031307,0.0,0.0
12/18/2017,4.089721272122915,0.0,0.0
12/19/2017,3.9187228408206884,0.0,0.0
12/20/2017,3.797598364007504,0.0,0.0
12/21/2017,3.9685977771064938,0.0,0.0
12/22/2017,3.9685983349986436,0.0,0.0
12/26/2017,3.847473574612911,0.0,0.0
12/27/2017,3.9044726990995513,0.0,0.0
12/28/2017,3.7334742363337057,0.0,0.0
12/29/2017,3.8830981254577637,0.0,0.0
01/02/2018,3.975722551345825,0.0,0.0
01/03/2018,3.99709770068819,0.0,0.0
01/04/2018,4.609843216522812,0.0,0.0
01/05/2018,4.852091312408447,0.0,0.0
01/08/2018,4.802216758233667,0.0,0.0
01/09/2018,4.994590668208046,0.0,0.0
01/10/2018,4.94471619019837,0.0,0.0
01/11/2018,4.973215132283413,0.0,0.0
01/12/2018,5.422088051835403,0.0,0.0
01/16/2018,5.6999603472255975,0.0,0.0
01/17/2018,5.60021179359894,0.0,0.0
01/18/2018,5.5503371009623805,0.0,0.0
01/19/2018,5.585961771130829,0.0,0.0
01/22/2018,5.628711571500683,0.0,0.0
01/23/2018,5.4862111488603915,0.0,0.0
01/24/2018,5.101464879855721,0.0,0.0
01/25/2018,5.194089548980264,0.0,0.0
01/26/2018,5.087214770297374,0.0,0.0
01/29/2018,4.9162156834862625,0.0,0.0
01/30/2018,4.937590776487675,0.0,0.0
01/31/2018,4.980340571323335,0.0,0.0
02/01/2018,4.844966927645067,0.0,0.0
02/02/2018,4.844967062714991,0.0,0.0
02/05/2018,4.695342581526516,0.0,0.0
02/06/2018,4.602718728118986,0.0,0.0
02/07/2018,4.873467005466743,0.0,0.0
02/08/2018,4.930466220169082,0.0,0.0
02/09/2018,4.880591257116198,0.0,0.0
02/12/2018,4.809342295873267,0.0,0.0
02/13/2018,4.866341927924892,0.0,0.0
02/14/2018,4.951841352154876,0.0,0.0
02/15/2018,5.008841164927587,0.0,0.0
02/16/2018,4.916216243537325,0.0,0.0
02/20/2018,4.844966927645067,0.0,0.0
02/21/2018,4.859216643445518,0.0,0.0
02/22/2018,4.894840810582383,0.0,0.0
02/23/2018,4.9874656905647194,0.0,0.0
02/26/2018,5.521837330591789,0.0,0.0
02/27/2018,5.258213567781103,0.0,0.0
02/28/2018,5.486212005903385,0.0,0.0
03/01/2018,5.842459809183113,0.0,0.0
03/02/2018,5.6999603173488715,0.0,0.0
03/05/2018,5.6999607590390955,0.0,0.0
03/06/2018,5.9422084697446795,0.0,0.0
03/07/2018,6.034833609497291,0.0,0.0
03/08/2018,6.369706673599755,0.0,0.0
03/09/2018,6.6048296775809625,0.0,0.0
03/12/2018,6.405330971236939,0.0,0.0
03/13/2018,6.4267056287495885,0.0,0.0
03/14/2018,6.41245643848817,0.0,0.0
03/15/2018,6.291331688683465,0.0,0.0
03/16/2018,6.255707695124955,0.0,0.0
03/19/2018,6.205832570138966,0.0,0.0
03/20/2018,6.248581913984673,0.0,0.0
03/21/2018,6.227206184963981,0.0,0.0
03/22/2018,6.49795501866449,0.0,0.0
03/23/2018,6.127458641680155,0.0,0.0
03/26/2018,5.764085406375246,0.0,0.0
03/27/2018,5.450587963237638,0.0,0.0
03/28/2018,5.407837951659409,0.0,0.0
03/29/2018,5.386463252951135,0.0,0.0
04/02/2018,5.5218371941844095,0.0,0.0
04/03/2018,5.201214653745413,0.0,0.0
04/04/2018,5.186964802575622,0.0,0.0
04/05/2018,5.322338146434093,0.0,0.0
04/06/2018,5.201214568543901,0.0,0.0
04/09/2018,5.293838503917899,0.0,0.0
04/10/2018,5.372212795245797,0.0,0.0
04/11/2018,5.300964232696513,0.0,0.0
04/12/2018,5.258214211031033,0.0,0.0
04/13/2018,5.343713903152431,0.0,0.0
04/16/2018,5.258213994342364,0.0,0.0
04/17/2018,5.208339041317216,0.0,0.0
04/18/2018,5.201214217789189,0.0,0.0
04/19/2018,5.06584054554821,0.0,0.0
04/20/2018,5.044465542240572,0.0,0.0
04/23/2018,5.129965056344246,0.0,0.0
04/24/2018,5.008840818014525,0.0,0.0
04/25/2018,4.844966073229867,0.0,0.0
04/26/2018,4.9090913939556655,0.0,0.0
04/27/2018,4.773716930907233,0.0,0.0
04/30/2018,4.837841899033241,0.0,0.0
05/01/2018,4.809341821034773,0.0,0.0
05/02/2018,4.787966819009423,0.0,0.0
05/03/2018,4.809341816669915,0.0,0.0
05/04/2018,4.759467388858981,0.0,0.0
05/07/2018,4.809341649625515,0.0,0.0
05/08/2018,4.85209182870843,0.0,0.0
05/09/2018,4.702467745543174,0.0,0.0
05/10/2018,4.75234205897819,0.0,0.0
05/11/2018,4.809341910901791,0.0,0.0
05/14/2018,4.873466918919788,0.0,0.0
05/15/2018,5.080090395846647,0.0,0.0
05/16/2018,5.001715974118431,0.0,0.0
05/17/2018,4.809341827608777,0.0,0.0
05/18/2018,5.030215097247462,0.0,0.0
05/21/2018,5.12996514668914,0.0,0.0
05/22/2018,5.015965939918428,0.0,0.0
05/23/2018,4.951840754771548,0.0,0.0
05/24/2018,4.966090547710117,0.0,0.0
05/25/2018,4.887716419909023,0.0,0.0
05/29/2018,4.8805913527441005,0.0,0.0
05/30/2018,4.852091082956747,0.0,0.0
05/31/2018,4.745217064714584,0.0,0.0
06/01/2018,4.830717174294529,0.0,0.0
06/04/2018,4.816467111180619,0.0,0.0
06/05/2018,4.830716997277815,0.0,0.0
06/06/2018,4.795091928580658,0.0,0.0
06/07/2018,4.7950921058654785,0.0,0.0
06/08/2018,4.795092232059863,0.0,0.0
06/11/2018,4.809341910901791,0.0,0.0
06/12/2018,4.852092053652086,0.0,0.0
06/13/2018,4.844967189518142,0.0,0.0
06/14/2018,4.894841116077143,0.0,0.0
06/15/2018,4.9518407975335315,0.0,0.0
06/18/2018,5.00171570352656,0.0,0.0
06/19/2018,5.129964953453391,0.0,0.0
06/20/2018,5.315213502304025,0.0,0.0
06/21/2018,5.101464496948016,0.0,0.0
06/22/2018,5.194089638535554,0.0,0.0
06/25/2018,5.051590304446245,0.0,0.0
06/26/2018,4.88059139251709,0.0,0.0
06/27/2018,4.866341464375639,0.0,0.0
06/28/2018,4.866341853909736,0.0,0.0
06/29/2018,4.866342241172499,0.0,0.0
07/02/2018,4.8520916155479155,0.0,0.0
07/03/2018,4.8805913059210795,0.0,0.0
07/05/2018,4.894842022458742,0.0,0.0
07/06/2018,4.866340910006268,0.0,0.0
07/09/2018,4.987466160466723,0.0,0.0
07/10/2018,4.951840230477031,0.0,0.0
07/11/2018,4.987465858459473,0.0,0.0
07/12/2018,5.001715003957026,0.0,0.0
07/13/2018,4.958965692239957,0.0,0.0
07/16/2018,5.008841251790948,0.0,0.0
07/17/2018,4.973215969596497,0.0,0.0
07/18/2018,4.966091154668973,0.0,0.0
07/19/2018,5.008841251790948,0.0,0.0
07/20/2018,4.987465467733188,0.0,0.0
07/23/2018,4.9732162707408705,0.0,0.0
07/24/2018,4.966090466241203,0.0,0.0
07/25/2018,4.966090723424615,0.0,0.0
07/26/2018,4.901966226374588,0.0,0.0
07/27/2018,4.9660909415933014,0.0,0.0
07/30/2018,4.916216499578248,0.0,0.0
07/31/2018,4.9090912591990294,0.0,0.0
08/01/2018,4.901966308140776,0.0,0.0
08/02/2018,4.880591606929648,0.0,0.0
08/03/2018,4.880591520464591,0.0,0.0
08/06/2018,4.916216412482057,0.0,0.0
08/07/2018,4.923340584812584,0.0,0.0
08/08/2018,4.95184096642996,0.0,0.0
08/09/2018,5.023090665414213,0.0,0.0
08/10/2018,5.051590656725395,0.0,0.0
08/13/2018,5.122840054687434,0.0,0.0
08/14/2018,5.158464608402175,0.0,0.0
08/15/2018,5.236838589447733,0.0,0.0
08/16/2018,5.065840116459091,0.0,0.0
08/17/2018,5.17271452935526,0.0,0.0
08/20/2018,5.137089259980659,0.0,0.0
08/21/2018,5.186964195092119,0.0,0.0
08/22/2018,5.044465666094721,0.0,0.0
08/23/2018,5.151339663008872,0.0,0.0
08/24/2018,5.051590743823753,0.0,0.0
08/27/2018,5.0658401599211205,0.0,0.0
08/28/2018,5.229714392745823,0.0,0.0
08/29/2018,5.151339831996926,0.0,0.0
08/30/2018,5.129965128753548,0.0,0.0
08/31/2018,5.1584646075441265,0.0,0.0
09/04/2018,5.179839087455819,0.0,0.0
09/05/2018,5.0943397555963035,0.0,0.0
09/06/2018,5.058715217096213,0.0,0.0
09/07/2018,5.030215050553113,0.0,0.0
09/10/2018,5.023090444196167,0.0,0.0
09/11/2018,5.037340244718404,0.0,0.0
09/12/2018,4.987465117211898,0.0,0.0
09/13/2018,4.937591075897217,0.0,0.0
09/14/2018,4.937590690747972,0.0,0.0
09/17/2018,4.966090552475796,0.0,0.0
09/18/2018,4.966091156005859,0.0,0.0
09/19/2018,4.966090117222158,0.0,0.0
09/20/2018,4.987465685379635,0.0,0.0
09/21/2018,4.837841641225822,0.0,0.0
09/24/2018,4.8948409751913795,0.0,0.0
09/25/2018,4.852091702142445,0.0,0.0
09/26/2018,4.837841939597821,0.0,0.0
09/27/2018,4.909091082384585,0.0,0.0
09/28/2018,4.880591606929648,0.0,0.0
10/01/2018,4.92334088376896,0.0,0.0
10/02/2018,4.909091082384585,0.0,0.0
10/03/2018,4.887716506631453,0.0,0.0
10/04/2018,4.87346666567485,0.0,0.0
10/05/2018,4.81646728515625,0.0,0.0
10/08/2018,4.81646728515625,0.0,0.0
10/09/2018,4.809341821034773,0.0,0.0
10/10/2018,4.837841505248771,0.0,0.0
10/11/2018,4.6240928033153095,0.0,0.0
10/12/2018,4.738092203449877,0.0,0.0
10/15/2018,4.6810929523996885,0.0,0.0
10/16/2018,4.695342758908295,0.0,0.0
10/17/2018,4.880590901575459,0.0,0.0
10/18/2018,4.7095925201451845,0.0,0.0
10/19/2018,4.8449672619039195,0.0,0.0
10/22/2018,5.023091141763922,0.0,0.0
10/23/2018,4.987465387996721,0.0,0.0
10/24/2018,5.051590526506618,0.0,0.0
10/25/2018,4.930466303007571,0.0,0.0
10/26/2018,4.9874658150340965,0.0,0.0
10/29/2018,4.887716730847642,0.0,0.0
10/30/2018,4.82359192672902,0.0,0.0
10/31/2018,4.958965822758358,0.0,0.0
11/01/2018,5.023090704420164,0.0,0.0
11/02/2018,5.108590172443545,0.0,0.0
11/05/2018,4.944716191870547,0.0,0.0
11/06/2018,5.015965812560183,0.0,0.0
11/07/2018,5.0444646641924065,0.0,0.0
11/08/2018,4.987465852811725,0.0,0.0
11/09/2018,5.094340275640558,0.0,0.0
11/12/2018,5.0729644376826615,0.0,0.0
11/13/2018,5.015966026905347,0.0,0.0
11/14/2018,5.001715437533145,0.0,0.0
11/15/2018,4.859215959455787,0.0,0.0
11/16/2018,4.880591087597069,0.0,0.0
11/19/2018,4.8805916164064245,0.0,0.0
11/20/2018,4.773717057651057,0.0,0.0
11/21/2018,4.666843452133466,0.0,0.0
11/23/2018,4.702467831609164,0.0,0.0
11/26/2018,4.759467170526026,0.0,0.0
11/27/2018,4.880592016597266,0.0,0.0
11/28/2018,4.70246753204231,0.0,0.0
11/29/2018,4.70959285985293,0.0,0.0
11/30/2018,4.752342264312888,0.0,0.0
12/03/2018,4.773716973184259,0.0,0.0
12/04/2018,4.738092244606767,0.0,0.0
12/06/2018,4.773716578819537,0.0,0.0
12/07/2018,4.723842570506229,0.0,0.0
12/10/2018,4.5457191470677385,0.0,0.0
12/11/2018,4.474469061339087,0.0,0.0
12/12/2018,4.595593191293148,0.0,0.0
12/13/2018,4.481594175533717,0.0,0.0
12/14/2018,4.488719501934743,0.0,0.0
12/17/2018,4.453093886576331,0.0,0.0
12/18/2018,4.225095662659867,0.0,0.0
12/19/2018,4.239346114000607,0.0,0.0
12/20/2018,4.253595726298146,0.0,0.0
12/21/2018,3.918723015507237,0.0,0.0
12/24/2018,3.6835998601969298,0.0,0.0
12/26/2018,3.647974902002975,0.0,0.0
12/27/2018,3.7975990386966925,0.0,0.0
12/28/2018,3.776223718598711,0.0,0.0
12/31/2018,3.7477243306743073,0.0,0.0
01/02/2019,3.6907250234477567,0.0,0.0
01/03/2019,3.712099288173607,0.0,0.0
01/04/2019,3.7405993263687005,0.0,0.0
01/07/2019,3.868847870753642,0.0,0.0
01/08/2019,4.118221668391013,0.0,0.0
01/09/2019,4.082596783988242,0.0,0.0
01/10/2019,4.118222185392948,0.0,0.0
01/11/2019,4.1965960633855515,0.0,0.0
01/14/2019,4.039847500469003,0.0,0.0
01/15/2019,4.07547188059532,0.0,0.0
01/16/2019,4.118221401770201,0.0,0.0
01/17/2019,4.061221880682607,0.0,0.0
01/18/2019,3.9472232189775758,0.0,0.0
01/22/2019,4.118221401770201,0.0,0.0
01/23/2019,4.082596732340374,0.0,0.0
01/24/2019,4.011347594419798,0.0,0.0
01/25/2019,4.025597782892457,0.0,0.0
01/28/2019,4.082596334894048,0.0,0.0
01/29/2019,4.303470301774639,0.0,0.0
01/30/2019,4.0612218632809505,0.0,0.0
01/31/2019,4.07547117793967,0.0,0.0
02/01/2019,4.032722561346813,0.0,0.0
02/04/2019,4.03272273570041,0.0,0.0
02/05/2019,4.025597398666401,0.0,0.0
02/06/2019,4.061222125156077,0.0,0.0
02/07/2019,3.9899731003397165,0.0,0.0
02/08/2019,4.061221946855822,0.0,0.0
02/11/2019,4.01134729385376,0.0,0.0
02/12/2019,4.025597786299888,0.0,0.0
02/13/2019,4.03272273570041,0.0,0.0
02/14/2019,4.039847574767396,0.0,0.0
02/15/2019,4.068346977233887,0.0,0.0
02/19/2019,4.07547175144269,0.0,0.0
02/20/2019,4.054097135916368,0.0,0.0
02/21/2019,4.367595259203572,0.0,0.0
02/22/2019,4.951840613552723,0.0,0.0
02/25/2019,4.823591838933079,0.0,0.0
02/26/2019,4.502969178134238,0.0,0.0
02/27/2019,4.510093858032457,0.0,0.0
02/28/2019,4.43884415567261,0.0,0.0
03/01/2019,4.381844827471138,0.0,0.0
03/04/2019,4.595593698025672,0.0,0.0
03/05/2019,4.866340969877192,0.0,0.0
03/06/2019,4.773717365183977,0.0,0.0
03/07/2019,4.759466952304935,0.0,0.0
03/08/2019,4.659717726743865,0.0,0.0
03/11/2019,4.616968876050898,0.0,0.0
03/12/2019,4.780842171763392,0.0,0.0
03/13/2019,4.738091987593191,0.0,0.0
03/14/2019,4.76659176143408,0.0,0.0
03/15/2019,4.937591172959538,0.0,0.0
03/18/2019,4.866341927924892,0.0,0.0
03/19/2019,4.980340654747273,0.0,0.0
03/20/2019,5.058715007068666,0.0,0.0
03/21/2019,5.286713858339492,0.0,0.0
03/22/2019,5.151339880894335,0.0,0.0
03/25/2019,5.172714366102097,0.0,0.0
03/26/2019,5.414962489687237,0.0,0.0
03/27/2019,5.742711056279741,0.0,0.0
03/28/2019,5.721335044386491,0.0,0.0
03/29/2019,5.870959120061684,0.0,0.0
04/01/2019,5.393588337452515,0.0,0.0
04/02/2019,5.008840117201639,0.0,0.0
04/03/2019,5.001715437533145,0.0,0.0
04/04/2019,4.901966141253494,0.0,0.0
04/05/2019,5.008840817767733,0.0,0.0
04/08/2019,5.129964702423126,0.0,0.0
04/09/2019,4.852091443867032,0.0,0.0
04/10/2019,4.844966974040937,0.0,0.0
04/11/2019,4.773716928305594,0.0,0.0
04/12/2019,4.7024672527482005,0.0,0.0
04/15/2019,4.524344104444499,0.0,0.0
04/16/2019,4.488719078393143,0.0,0.0
04/17/2019,4.6525928718260845,0.0,0.0
04/18/2019,4.659717651944815,0.0,0.0
04/22/2019,4.7024672527482005,0.0,0.0
04/23/2019,4.524343883604517,0.0,0.0
04/24/2019,4.388969380082901,0.0,0.0
04/25/2019,4.37471979666284,0.0,0.0
04/26/2019,4.367595321889864,0.0,0.0
04/29/2019,4.453094272104034,0.0,0.0
04/30/2019,4.616968010226921,0.0,0.0
05/01/2019,5.058714366618661,0.0,0.0
05/02/2019,4.887717247009277,0.0,0.0
05/03/2019,4.89484094925248,0.0,0.0
05/06/2019,4.9732157999710145,0.0,0.0
05/07/2019,5.0088406397509875,0.0,0.0
05/08/2019,4.873466578431938,0.0,0.0
05/09/2019,4.745217610577133,0.0,0.0
05/10/2019,5.058714866638184,0.0,0.0
05/13/2019,4.951841468130854,0.0,0.0
05/14/2019,4.716717591636049,0.0,0.0
05/15/2019,4.6383429363501705,0.0,0.0
05/16/2019,4.552843613368806,0.0,0.0
05/17/2019,4.5813431845424795,0.0,0.0
05/20/2019,4.659718516546471,0.0,0.0
05/21/2019,4.609843088685711,0.0,0.0
05/22/2019,4.716717721444146,0.0,0.0
05/23/2019,4.78084216865308,0.0,0.0
05/24/2019,4.6525928718260845,0.0,0.0
05/28/2019,4.666843017155275,0.0,0.0
05/29/2019,4.510093603218541,0.0,0.0
05/30/2019,4.524343490600586,0.0,0.0
05/31/2019,4.51721897606536,0.0,0.0
06/03/2019,4.460220365872459,0.0,0.0
06/04/2019,4.545719713141426,0.0,0.0
06/05/2019,4.531468908074689,0.0,0.0
06/06/2019,4.5528444888750705,0.0,0.0
06/07/2019,4.5243437125088715,0.0,0.0
06/10/2019,4.624093279078465,0.0,0.0
06/11/2019,4.517219066619873,0.0,0.0
06/12/2019,4.673967755585531,0.0,0.0
06/13/2019,4.695342369910086,0.0,0.0
06/14/2019,4.773717669424792,0.0,0.0
06/17/2019,4.723842665255419,0.0,0.0
06/18/2019,4.8307170389061636,0.0,0.0
06/19/2019,4.852091485341342,0.0,0.0
06/20/2019,4.873466705122873,0.0,0.0
06/21/2019,4.816467235418628,0.0,0.0
06/24/2019,4.7808418597817495,0.0,0.0
06/25/2019,4.609844053721049,0.0,0.0
06/26/2019,4.567094380086566,0.0,0.0
06/27/2019,4.55996829277762,0.0,0.0
06/28/2019,4.552843357819331,0.0,0.0
07/01/2019,4.616968286019312,0.0,0.0
07/02/2019,4.517218933981773,0.0,0.0
07/03/2019,4.5742184906643235,0.0,0.0
07/05/2019,4.595593328576876,0.0,0.0
07/08/2019,4.659717946775314,0.0,0.0
07/09/2019,4.602718266826259,0.0,0.0
07/10/2019,4.602718175550345,0.0,0.0
07/11/2019,4.58846906547809,0.0,0.0
07/12/2019,4.602718395884708,0.0,0.0
07/15/2019,4.709592514767688,0.0,0.0
07/16/2019,4.681093552303219,0.0,0.0
07/17/2019,4.730967176642472,0.0,0.0
07/18/2019,4.688217427084089,0.0,0.0
07/19/2019,4.702467657477733,0.0,0.0
07/22/2019,4.745217064473704,0.0,0.0
07/23/2019,4.716717593717994,0.0,0.0
07/24/2019,4.723843223223372,0.0,0.0
07/25/2019,4.730967130887997,0.0,0.0
07/26/2019,4.730967130887997,0.0,0.0
07/29/2019,4.702468217891203,0.0,0.0
07/30/2019,4.723842443362198,0.0,0.0
07/31/2019,4.688217197668277,0.0,0.0
08/01/2019,4.638343064918357,0.0,0.0
08/02/2019,4.602717876434326,0.0,0.0
08/07/2019,4.417469414943961,0.0,0.0
08/08/2019,4.510094253266666,0.0,0.0
08/09/2019,4.559969036504709,0.0,0.0
08/12/2019,4.517219329658874,0.0,0.0
08/13/2019,4.431719096673936,0.0,0.0
08/14/2019,4.481593817716314,0.0,0.0
08/15/2019,4.32484548162129,0.0,0.0
08/16/2019,4.445969278428043,0.0,0.0
08/19/2019,4.481594387482886,0.0,0.0
08/20/2019,4.467343941072407,0.0,0.0
08/21/2019,4.58134427129806,0.0,0.0
08/22/2019,4.531468822048991,0.0,0.0
08/23/2019,4.574218573087904,0.0,0.0
08/26/2019,4.631217870628082,0.0,0.0
08/27/2019,4.652593172411755,0.0,0.0
08/28/2019,4.595593148479407,0.0,0.0
08/29/2019,4.567093674434068,0.0,0.0
08/30/2019,4.616967935373022,0.0,0.0
09/03/2019,4.595594162509554,0.0,0.0
09/04/2019,4.588468160566236,0.0,0.0
09/05/2019,4.559968899801258,0.0,0.0
09/06/2019,4.595593283418791,0.0,0.0
09/09/2019,4.5528444888750705,0.0,0.0
09/10/2019,4.5528431793491535,0.0,0.0
09/11/2019,4.552843785424296,0.0,0.0
09/12/2019,4.595593061779093,0.0,0.0
09/13/2019,4.588468461425643,0.0,0.0
09/16/2019,4.531469821929932,0.0,0.0
09/17/2019,4.524343708143316,0.0,0.0
09/18/2019,4.581343260412188,0.0,0.0
09/19/2019,4.567093286182333,0.0,0.0
09/20/2019,4.581343133162165,0.0,0.0
09/23/2019,4.581343100439753,0.0,0.0
09/24/2019,4.702467390139005,0.0,0.0
09/25/2019,4.588468815036237,0.0,0.0
09/26/2019,4.5528431793491535,0.0,0.0
09/27/2019,4.531469169413417,0.0,0.0
09/30/2019,4.517218399580839,0.0,0.0
10/01/2019,4.474468886719302,0.0,0.0
10/02/2019,4.217971106472671,0.0,0.0
10/03/2019,4.096847057342529,0.0,0.0
10/04/2019,4.11109689873117,0.0,0.0
10/07/2019,4.3462205470610575,0.0,0.0
10/08/2019,4.239345902196627,0.0,0.0
10/09/2019,4.28209533913329,0.0,0.0
10/10/2019,4.274971008300781,0.0,0.0
10/11/2019,4.28922015463266,0.0,0.0
10/14/2019,4.274970832660743,0.0,0.0
10/15/2019,4.26784511222668,0.0,0.0
10/16/2019,4.246470664347794,0.0,0.0
10/17/2019,4.25359582901001,0.0,0.0
10/18/2019,4.239345854393589,0.0,0.0
10/21/2019,4.5314688264214205,0.0,0.0
10/22/2019,4.631218042988195,0.0,0.0
10/23/2019,4.631217870628082,0.0,0.0
10/24/2019,4.63834307561153,0.0,0.0
10/25/2019,4.738092422485352,0.0,0.0
10/28/2019,4.73809272432166,0.0,0.0
10/29/2019,4.766592066334579,0.0,0.0
10/30/2019,4.809342384338379,0.0,0.0
10/31/2019,4.780842214696536,0.0,0.0
11/01/2019,4.759467211911719,0.0,0.0
11/04/2019,4.77371727729,0.0,0.0
11/05/2019,4.766592590356789,0.0,0.0
11/06/2019,4.730967820724497,0.0,0.0
11/07/2019,4.873466482943635,0.0,0.0
11/08/2019,4.773717277997259,0.0,0.0
11/11/2019,4.816467196290215,0.0,0.0
11/12/2019,4.7950915352749695,0.0,0.0
11/13/2019,4.745217499017666,0.0,0.0
11/14/2019,4.745217586386903,0.0,0.0
11/15/2019,4.745217064714584,0.0,0.0
11/18/2019,4.809341649625515,0.0,0.0
11/19/2019,4.852091837410997,0.0,0.0
11/20/2019,4.752342437479543,0.0,0.0
11/21/2019,4.730967130887997,0.0,0.0
11/22/2019,4.723842665255419,0.0,0.0
11/25/2019,4.837842459886256,0.0,0.0
11/26/2019,4.894841370454028,0.0,0.0
11/27/2019,4.8948412810016775,0.0,0.0
11/29/2019,4.939305391790402,0.2,0.2
12/02/2019,4.983341176328395,0.0,0.2
12/03/2019,4.961322591567873,0.0,0.2
12/04/2019,4.887930952355171,0.0,0.2
12/05/2019,4.990680580251744,0.0,0.2
12/06/2019,4.968662261962891,0.0,0.2
12/09/2019,4.961323569951043,0.0,0.2
12/10/2019,4.953983761888072,0.0,0.2
12/11/2019,4.953983879388053,0.0,0.2
12/12/2019,5.027376088107361,0.0,0.2
12/13/2019,4.968662718443738,0.0,0.2
12/16/2019,4.953984334065894,0.0,0.2
12/17/2019,4.953983827003759,0.0,0.2
12/18/2019,4.968662718443738,0.0,0.2
12/19/2019,4.946645442585023,0.0,0.2
12/20/2019,4.990679831144027,0.0,0.2
12/23/2019,5.020037597654026,0.0,0.2
12/24/2019,5.027376206324795,0.0,0.2
12/26/2019,5.027375795366534,0.0,0.2
12/27/2019,5.064072545056051,0.0,0.2
12/30/2019,5.102210117417375,0.12,0.32
12/31/2019,4.900512195370949,0.0,0.32
01/02/2020,4.900512076035068,0.0,0.32
01/03/2020,4.90051196081199,0.0,0.32
01/06/2020,5.042448042632606,0.0,0.32
01/07/2020,5.094739837381335,0.0,0.32
01/08/2020,4.930392944542385,0.0,0.32
01/09/2020,5.079799982423424,0.0,0.32
01/10/2020,5.161972644709207,0.0,0.32
01/13/2020,5.124621270205358,0.0,0.32
01/14/2020,5.094740246081591,0.0,0.32
01/15/2020,5.161972499803511,0.0,0.32
01/16/2020,5.117150448604771,0.0,0.32
01/17/2020,5.087269616600464,0.0,0.32
01/21/2020,5.057388615177138,0.0,0.32
01/22/2020,5.064859224553064,0.0,0.32
01/23/2020,5.07232918772167,0.0,0.32
01/24/2020,5.102210165417065,0.0,0.32
01/27/2020,5.020036582633656,0.0,0.32
01/28/2020,5.154501746617903,0.0,0.32
01/29/2020,5.154502742347793,0.0,0.32
01/30/2020,5.2217349351388,0.0,0.32
01/31/2020,5.147032072101809,0.0,0.32
02/03/2020,5.221734473091899,0.0,0.32
02/04/2020,5.1694429869684475,0.0,0.32
02/05/2020,5.191853667244322,0.0,0.32
02/06/2020,5.184383559222811,0.0,0.32
02/07/2020,5.16944298650591,0.0,0.32
02/10/2020,5.214264507892991,0.0,0.32
02/11/2020,4.743636174846954,0.0,0.32
02/12/2020,4.833279775489999,0.0,0.32
02/13/2020,4.84074990743693,0.0,0.32
02/14/2020,4.870631195072064,0.0,0.32
02/18/2020,4.855690645603141,0.0,0.32
02/19/2020,4.863160943305047,0.0,0.32
02/20/2020,4.8556901435397934,0.0,0.32
02/21/2020,4.825809456581415,0.0,0.32
02/24/2020,4.683873653411865,0.0,0.32
02/25/2020,4.668932885789809,0.0,0.32
02/26/2020,4.594230549389034,0.0,0.32
02/27/2020,4.668933127432507,0.0,0.32
02/28/2020,4.332770535329666,0.0,0.32
03/02/2020,4.414942694788161,0.0,0.32
03/03/2020,4.676404304281293,0.0,0.32
03/04/2020,4.601700445813444,0.0,0.32
03/05/2020,4.8631611106027295,0.0,0.32
03/06/2020,4.728695196522826,0.0,0.32
03/09/2020,4.370121409539766,0.0,0.32
03/10/2020,4.340240150094585,0.0,0.32
03/11/2020,4.601700425821943,0.0,0.32
03/12/2020,4.325299827881912,0.0,0.32
03/13/2020,4.101190972531276,0.0,0.32
03/16/2020,2.98811761585404,0.0,0.32
03/17/2020,3.5782705989530754,0.0,0.32
03/18/2020,3.5334486960985405,0.0,0.32
03/19/2020,3.032938933542482,0.0,0.32
03/20/2020,3.0628200362547977,0.0,0.32
03/23/2020,2.8163006409948252,0.0,0.32
03/24/2020,3.062820099744239,0.0,0.32
03/25/2020,3.2943990953648266,0.0,0.32
03/26/2020,3.3840427307309313,0.0,0.32
03/27/2020,3.6529732406068334,0.0,0.32
03/30/2020,4.220716041427945,0.0,0.32
03/31/2020,4.362651038844189,0.0,0.32
04/01/2020,4.317830205297631,0.0,0.32
04/02/2020,4.108661198537393,0.0,0.32
04/03/2020,4.183364204203642,0.0,0.32
04/06/2020,4.183364310386585,0.0,0.32
04/07/2020,4.041427982441554,0.0,0.32
04/08/2020,4.287948253507535,0.0,0.32
04/09/2020,4.400002480319096,0.0,0.32
04/13/2020,4.474705506252653,0.0,0.32
04/14/2020,4.482175491114267,0.0,0.32
04/15/2020,4.317829401429205,0.0,0.32
04/16/2020,4.489646314894637,0.0,0.32
04/17/2020,4.594230341520118,0.0,0.32
04/20/2020,4.534468053534708,0.0,0.32
04/21/2020,4.489646314894637,0.0,0.32
04/22/2020,4.624111964076045,0.0,0.32
04/23/2020,4.571819394222646,0.0,0.32
04/24/2020,4.818339202621845,0.0,0.32
04/27/2020,4.855690959241142,0.0,0.32
04/28/2020,4.930393588852168,0.0,0.32
04/29/2020,4.77351725281239,0.0,0.32
04/30/2020,4.6689329676888605,0.0,0.32
05/01/2020,4.698813891503035,0.0,0.32
05/04/2020,4.676403406366466,0.0,0.32
05/05/2020,4.818339117616779,0.0,0.32
05/06/2020,4.706284494114255,0.0,0.32
05/07/2020,4.639052245040311,0.0,0.32
05/08/2020,4.691343946951693,0.0,0.32
05/11/2020,4.6539925350801825,0.0,0.32
05/12/2020,4.728695536378862,0.0,0.32
05/13/2020,4.66893351688333,0.0,0.32
05/14/2020,4.5942304643834175,0.0,0.32
05/15/2020,4.497116399431808,0.0,0.32
05/18/2020,4.601700164316089,0.0,0.32
05/19/2020,4.6315813064575195,0.0,0.32
05/20/2020,4.616641067378117,0.0,0.32
05/21/2020,4.631582072741658,0.0,0.32
05/22/2020,4.624111531556346,0.0,0.32
05/26/2020,4.698814054381395,0.0,0.32
05/27/2020,4.639052147617825,0.0,0.32
05/28/2020,4.780988092648935,0.0,0.32
05/29/2020,4.7809874301556565,0.0,0.32
06/01/2020,4.780987948557136,0.0,0.32
06/02/2020,4.818338455925592,0.0,0.32
06/03/2020,4.706284435453861,0.0,0.32
06/04/2020,4.818338236340763,0.0,0.32
06/05/2020,4.930393195672503,0.0,0.32
06/08/2020,4.967745285481416,0.0,0.32
06/09/2020,4.863160943305047,0.0,0.32
06/10/2020,5.0275071613068105,0.0,0.32
06/11/2020,5.020037153985557,0.0,0.32
06/12/2020,5.229205610439837,0.0,0.32
06/15/2020,5.8193582541769535,0.0,0.32
06/16/2020,5.774536335691951,0.0,0.32
06/17/2020,6.842788517511749,0.0,0.32
06/18/2020,6.5290359498336485,0.0,0.32
06/19/2020,6.79049658502929,0.0,0.32
06/22/2020,6.857729296849684,0.0,0.32
06/23/2020,6.0658772735615,0.0,0.32
06/24/2020,6.3348082959504115,0.0,0.32
06/25/2020,6.656031139926128,0.0,0.32
06/26/2020,6.31986794406849,0.0,0.32
06/29/2020,6.753145261749327,0.0,0.32
06/30/2020,6.768085609103301,0.0,0.32
07/01/2020,6.387101357717566,0.0,0.32
07/02/2020,6.53650673615095,0.0,0.32
07/06/2020,6.865200259457489,0.0,0.32
07/07/2020,6.917491114562971,0.0,0.32
07/08/2020,7.328357693345453,0.0,0.32
07/09/2020,7.298475847352495,0.0,0.32
07/10/2020,7.470293483040052,0.0,0.32
07/13/2020,8.777594654365036,0.0,0.32
07/14/2020,8.964351700927732,0.0,0.32
07/15/2020,9.225811827142447,0.0,0.32
07/16/2020,9.659088623747792,0.0,0.32
07/17/2020,10.032603976141838,0.0,0.32
07/20/2020,10.458411570501621,0.0,0.32
07/21/2020,11.100855777425807,0.0,0.32
07/22/2020,10.226830048063114,0.0,0.32
07/23/2020,10.234301182136496,0.0,0.32
07/24/2020,9.718852771994031,0.0,0.32
07/27/2020,10.069954980933067,0.0,0.32
07/28/2020,9.576915455771086,0.0,0.32
07/29/2020,9.696440317083175,0.0,0.32
07/30/2020,9.703910398136406,0.0,0.32
07/31/2020,9.599326749628696,0.0,0.32
08/03/2020,9.51715273937086,0.0,0.32
08/04/2020,9.569445610046387,0.0,0.32
08/05/2020,9.838376969794716,0.0,0.32
08/06/2020,9.853315943228365,0.0,0.32
08/07/2020,10.465881311392058,0.0,0.32
08/10/2020,10.559164911812196,0.15,0.47
08/11/2020,9.947368768955698,0.0,0.47
08/12/2020,9.652799305824969,0.0,0.47
08/13/2020,9.856732089984025,0.0,0.47
08/14/2020,9.55461053701382,0.0,0.47
08/17/2020,9.494185030447928,0.0,0.47
08/18/2020,9.637693425404454,0.0,0.47
08/19/2020,9.516845889562337,0.0,0.47
08/20/2020,9.41865452338584,0.0,0.47
08/21/2020,9.675458490150845,0.0,0.47
08/24/2020,9.584821586020363,0.0,0.47
08/25/2020,10.007792262749394,0.0,0.47
08/26/2020,10.347680195110035,0.0,0.47
08/27/2020,10.921711680969345,0.0,0.47
08/28/2020,10.38544472373152,0.0,0.47
08/31/2020,10.498742466797468,0.0,0.47
09/01/2020,10.166407563577435,0.0,0.47
09/02/2020,9.894498429939661,0.0,0.47
09/03/2020,9.592374639223305,0.0,0.47
09/04/2020,9.320465437393047,0.0,0.47
09/08/2020,9.169404605551497,0.0,0.47
09/09/2020,9.63014042817133,0.0,0.47
09/10/2020,9.56216236397532,0.0,0.47
09/11/2020,9.290253153464175,0.0,0.47
09/14/2020,9.071215148432476,0.0,0.47
09/15/2020,9.116532371388587,0.0,0.47
09/16/2020,9.139191691684658,0.0,0.47
09/17/2020,9.51684509858611,0.0,0.47
09/18/2020,9.630140478956774,0.0,0.47
09/21/2020,9.282700414723479,0.0,0.47
09/22/2020,9.35823164673232,0.0,0.47
09/23/2020,9.705670432125533,0.0,0.47
09/24/2020,9.358229978064593,0.0,0.47
09/25/2020,9.260040565172279,0.0,0.47
09/28/2020,10.007793151415312,0.0,0.47
09/29/2020,9.77364838771129,0.0,0.47
09/30/2020,10.060662812438117,0.0,0.47
10/01/2020,8.164847753785631,0.0,0.47
10/02/2020,7.118304528120332,0.25,0.72
10/05/2020,7.211354285669984,0.0,0.72
10/06/2020,7.0175000016021825,0.0,0.72
10/07/2020,7.079533191735644,0.0,0.72
10/08/2020,7.164828978654572,0.0,0.72
10/09/2020,7.095041599790133,0.0,0.72
10/12/2020,6.978729999996658,0.0,0.72
10/13/2020,6.567759986080592,0.0,0.72
10/14/2020,6.591022313687336,0.0,0.72
10/15/2020,6.327381699384343,0.0,0.72
10/16/2020,6.389414019583473,0.0,0.72
10/19/2020,6.567760408802186,0.0,0.72
10/20/2020,6.28861015469701,0.0,0.72
10/21/2020,6.497972794371239,0.0,0.72
10/22/2020,6.3506433352269065,0.0,0.72
10/23/2020,6.536743461388555,0.0,0.72
10/26/2020,6.342890258496339,0.0,0.72
10/27/2020,6.31962680392028,0.0,0.72
10/28/2020,6.358398047367693,0.0,0.72
10/29/2020,6.474710706141626,0.0,0.72
10/30/2020,6.668564458057879,0.0,0.72
11/02/2020,6.389414315042152,0.0,0.72
11/03/2020,6.435939793055991,0.0,0.72
11/04/2020,6.490218811257751,0.0,0.72
11/05/2020,6.668563881612567,0.0,0.72
11/06/2020,6.994238629110954,0.0,0.72
11/09/2020,7.997776153823212,0.25,0.97
11/10/2020,7.719245637952475,0.0,0.97
11/11/2020,7.361137562341403,0.0,0.97
11/12/2020,7.870447653575097,0.0,0.97
11/13/2020,7.766994293253531,0.0,0.97
11/16/2020,7.782909711410381,0.0,0.97
11/17/2020,7.759036899311564,0.0,0.97
11/18/2020,8.39567438408777,0.0,0.97
11/19/2020,8.435464760817696,0.0,0.97
11/20/2020,8.841322110436176,0.0,0.97
11/23/2020,9.032313705730816,0.0,0.97
11/24/2020,9.589372826793593,0.0,0.97
11/25/2020,9.159642032234263,0.0,0.97
11/27/2020,9.99523077551982,0.0,0.97
11/30/2020,9.931566089004482,0.0,0.97
12/01/2020,10.138473556268051,0.0,0.97
12/02/2020,9.294927423193165,0.0,0.97
12/03/2020,9.215347655501368,0.0,0.97
12/04/2020,9.4700029993006,0.0,0.77
12/07/2020,9.700784624905225,0.0,0.77
12/08/2020,10.106641528808094,0.0,0.77
12/09/2020,10.19417962086126,0.0,0.77
12/10/2020,9.828113058407967,0.0,0.77
12/11/2020,10.019104126665463,0.0,0.77
12/14/2020,10.058894551169729,0.0,0.77
12/15/2020,9.955440301723293,0.0,0.77
12/16/2020,9.955440521240234,0.0,0.77
12/17/2020,9.947482474242447,0.0,0.77
12/18/2020,10.011146133536464,0.0,0.77
12/21/2020,9.549582160353745,0.0,0.77
12/22/2020,9.899733617654746,0.0,0.77
12/23/2020,10.042977577621025,0.0,0.77
12/24/2020,10.050936087823803,0.0,0.77
12/28/2020,10.066852244940337,0.0,0.77
12/29/2020,10.040885695487368,0.22,0.87
12/30/2020,10.186640624378613,0.0,0.87
12/31/2020,10.67249071401546,0.0,0.87
01/04/2021,10.769659796090943,0.0,0.87
01/05/2021,10.923511419901986,0.0,0.87
01/06/2021,10.84253782830164,0.0,0.87
01/07/2021,10.972096663937082,0.0,0.87
01/08/2021,11.053071107263973,0.0,0.87
01/11/2021,11.174535121944913,0.0,0.87
01/12/2021,11.619896374276628,0.0,0.87
01/13/2021,11.538921225087028,0.0,0.87
01/14/2021,11.441751916578795,0.0,0.87
01/15/2021,11.619896471186271,0.0,0.87
01/19/2021,11.563213287801807,0.0,0.87
01/20/2021,11.879016581575264,0.0,0.87
01/21/2021,11.514627925876335,0.0,0.87
01/22/2021,11.190729101671712,0.0,0.87
01/25/2021,12.057161740357694,0.0,0.87
01/26/2021,12.14623179204583,0.0,0.87
01/27/2021,11.692772132025338,0.0,0.87
01/28/2021,12.348669302158493,0.0,0.87
01/29/2021,12.040965541251976,0.0,0.87
02/01/2021,11.879015524899312,0.0,0.87
02/02/2021,12.356767541392465,0.0,0.87
02/03/2021,11.587506963999136,0.0,0.87
02/04/2021,11.578690004531037,0.25,1.12
02/05/2021,11.759994169963296,0.0,1.12
02/08/2021,12.188529628058335,0.0,1.12
02/09/2021,12.312144123424309,0.0,1.12
02/10/2021,12.814849961157684,0.0,1.12
02/11/2021,12.361590911087237,0.0,1.12
02/12/2021,11.80119822636646,0.0,1.12
02/16/2021,11.570449694808971,0.0,1.12
02/17/2021,11.24080770363767,0.0,1.12
02/18/2021,11.0018169379233,0.0,1.12
02/19/2021,11.347940688579953,0.0,1.12
02/22/2021,11.661100554466502,0.0,1.12
02/23/2021,11.075985706122305,0.0,1.12
02/24/2021,11.092467375811035,0.0,1.12
02/25/2021,11.01829820753103,0.0,1.12
02/26/2021,10.869959066806823,0.0,1.12
03/01/2021,10.91940533076726,0.0,1.12
03/02/2021,10.705138230236932,0.0,1.12
03/03/2021,10.523835305115416,0.0,1.12
03/04/2021,10.070576444315867,0.0,1.12
03/05/2021,10.46614720751075,0.0,1.12
03/08/2021,10.878200360733889,0.0,1.12
03/09/2021,10.589763363258989,0.0,1.12
03/10/2021,11.0842269993258,0.0,1.12
03/11/2021,11.537485089182594,0.0,1.12
03/12/2021,11.166638068287403,0.0,1.12
03/15/2021,11.438592526523882,0.0,1.12
03/16/2021,11.323217427163641,0.0,1.12
03/17/2021,11.529243837450215,0.0,1.12
03/18/2021,11.512762566050705,0.0,1.12
03/19/2021,11.108949975220426,0.0,1.12
03/22/2021,11.59517280124036,0.0,1.12
03/23/2021,12.015466704606292,0.0,1.12
03/24/2021,12.196770239626591,0.0,1.12
03/25/2021,11.59517265792464,0.0,1.12
03/26/2021,11.19136057446032,0.0,1.12
03/29/2021,11.694509263327832,0.25,1.37
03/30/2021,11.031764798749057,0.0,1.37
03/31/2021,10.763311625262546,0.0,1.37
04/01/2021,11.526726395501644,0.0,1.37
04/05/2021,11.887460964343976,0.0,1.37
04/06/2021,11.962963820587772,0.0,1.37
04/07/2021,12.516649156250446,0.0,1.37
04/08/2021,12.374033450440036,0.0,1.37
04/09/2021,13.003220770681889,0.0,1.37
04/12/2021,13.04516697993987,0.0,1.37
04/13/2021,12.73476773625529,0.0,1.37
04/14/2021,13.078723923066724,0.0,1.37
04/15/2021,13.003221300008454,0.0,1.37
04/16/2021,13.003221533088457,0.0,1.37
04/19/2021,12.650875268085716,0.0,1.37
04/20/2021,12.122357262207439,0.0,1.37
04/21/2021,12.030077250283826,0.0,1.37
04/22/2021,12.063633210090524,0.0,1.37
04/23/2021,11.929406872209938,0.0,1.37
04/26/2021,12.004909643889317,0.0,1.37
04/27/2021,12.147524881257965,0.0,1.37
04/28/2021,12.164303651495219,0.0,1.37
04/29/2021,12.030077250283826,0.0,1.37
04/30/2021,12.038465904603317,0.0,1.37
05/03/2021,12.323697175507137,0.0,1.37
05/04/2021,11.979741414890457,0.0,1.37
05/05/2021,12.03846654983759,0.0,1.37
05/06/2021,12.432756571311703,0.0,1.37
05/07/2021,12.776712779774712,0.0,1.37
05/10/2021,12.78510232862656,0.0,1.37
05/11/2021,12.290140689484428,0.0,1.37
05/12/2021,13.171004936389762,0.0,1.37
05/13/2021,13.120670086707888,0.0,1.37
05/14/2021,13.137447437725443,0.0,1.37
05/17/2021,13.649999618530273,2.5,3.87
05/18/2021,13.649999618530273,0.0,3.87
05/19/2021,13.199999809265137,0.0,3.87
05/20/2021,13.34000015258789,0.0,3.87
05/21/2021,13.399999618530273,0.0,3.87
05/24/2021,13.550000190734863,0.0,3.87
05/25/2021,13.449999809265137,0.0,3.87
05/26/2021,13.649999618530273,0.0,3.87
05/27/2021,13.609999656677246,0.0,3.87
05/28/2021,13.699999809265137,0.0,3.87
06/01/2021,13.420000076293945,0.0,3.87
06/02/2021,13.630000114440918,0.0,3.87
06/03/2021,13.569999694824219,0.0,3.87
06/04/2021,13.510000228881836,0.0,3.87
06/07/2021,13.699999809265137,0.0,3.87
06/08/2021,13.579999923706055,0.0,3.87
06/09/2021,13.350000381469727,0.0,3.87
06/10/2021,13.460000038146973,0.0,3.87
06/11/2021,13.5,0.0,3.87
06/14/2021,13.819999694824219,0.0,3.87
06/15/2021,13.989999771118164,0.0,3.87
06/16/2021,13.710000038146973,0.0,3.87
06/17/2021,13.460000038146973,0.0,3.87
06/18/2021,13.350000381469727,0.0,3.87
06/21/2021,13.170000076293945,0.0,3.87
06/22/2021,13.510000228881836,0.0,3.87
06/23/2021,13.630000114440918,0.0,3.87
06/24/2021,13.800000190734863,0.0,3.87
06/25/2021,13.819999694824219,0.0,3.87
06/28/2021,13.899999618530273,0.0,3.87
06/29/2021,13.760000228881836,0.0,3.87
06/30/2021,13.600000381469727,0.0,3.87
07/01/2021,13.520000457763672,0.0,3.87
07/02/2021,13.329999923706055,0.0,3.87
07/06/2021,13.449999809265137,0.0,3.87
07/07/2021,13.600000381469727,0.0,3.87
07/08/2021,13.199999809265137,0.0,3.87
07/09/2021,13.4399995803833,0.0,3.87
07/12/2021,13.65999984741211,0.0,3.87
07/13/2021,13.699999809265137,0.0,3.87
07/14/2021,13.5,0.0,3.87
07/15/2021,13.25,0.0,3.87
07/16/2021,13.279999732971191,0.0,3.87
07/19/2021,13.0,0.0,3.87
07/20/2021,12.699999809265137,0.0,3.87
07/21/2021,12.550000190734863,0.0,3.87
07/22/2021,12.460000038146973,0.0,3.87
07/23/2021,12.270000457763672,0.0,3.87
07/26/2021,12.4399995803833,0.0,3.87
07/27/2021,12.399999618530273,0.0,3.87
07/28/2021,12.199999809265137,0.0,3.87
07/29/2021,12.4399995803833,0.0,3.87
07/30/2021,12.210000038146973,0.0,3.87
