XLM-USD,Stellar USD,
Date,Price,Dividend,Annualized Dividend
09/17/2014,0.0029879999347031116,0.0,0.0
09/18/2014,0.003080999944359064,0.0,0.0
09/19/2014,0.0034600000362843275,0.0,0.0
09/20/2014,0.003936000168323517,0.0,0.0
09/21/2014,0.0036100000143051147,0.0,0.0
09/22/2014,0.0034660000819712877,0.0,0.0
09/23/2014,0.004007000010460615,0.0,0.0
09/24/2014,0.003965999931097031,0.0,0.0
09/25/2014,0.003877999959513545,0.0,0.0
09/26/2014,0.003599999938160181,0.0,0.0
09/27/2014,0.003043999895453453,0.0,0.0
09/28/2014,0.003261999925598502,0.0,0.0
09/29/2014,0.003169999923557043,0.0,0.0
09/30/2014,0.003226999891921878,0.0,0.0
10/01/2014,0.0032210000790655613,0.0,0.0
10/02/2014,0.0028880001045763493,0.0,0.0
10/03/2014,0.002742999931797385,0.0,0.0
10/04/2014,0.002604000037536025,0.0,0.0
10/05/2014,0.002440999960526824,0.0,0.0
10/06/2014,0.002383999992161989,0.0,0.0
10/07/2014,0.002578000072389841,0.0,0.0
10/08/2014,0.002420000033453107,0.0,0.0
10/09/2014,0.002474999986588955,0.0,0.0
10/10/2014,0.0023560000117868185,0.0,0.0
10/11/2014,0.002308000111952424,0.0,0.0
10/12/2014,0.0023380001075565815,0.0,0.0
10/13/2014,0.002240000059828162,0.0,0.0
10/14/2014,0.0023089998867362738,0.0,0.0
10/15/2014,0.002351999981328845,0.0,0.0
10/16/2014,0.0021730000153183937,0.0,0.0
10/17/2014,0.0020810000132769346,0.0,0.0
10/18/2014,0.002022000029683113,0.0,0.0
10/19/2014,0.0020580000709742308,0.0,0.0
10/20/2014,0.0020210000220686197,0.0,0.0
10/21/2014,0.002022000029683113,0.0,0.0
10/22/2014,0.0020620001014322042,0.0,0.0
10/23/2014,0.0020210000220686197,0.0,0.0
10/24/2014,0.0019150000298395753,0.0,0.0
10/25/2014,0.001959000015631318,0.0,0.0
10/26/2014,0.001892999978736043,0.0,0.0
10/27/2014,0.0019409999949857593,0.0,0.0
10/28/2014,0.0019570000004023314,0.0,0.0
10/29/2014,0.0016749999485909939,0.0,0.0
10/30/2014,0.0016959999920800328,0.0,0.0
10/31/2014,0.0017480000387877226,0.0,0.0
11/01/2014,0.001686000032350421,0.0,0.0
11/02/2014,0.0015490000369027257,0.0,0.0
11/03/2014,0.0015820000553503633,0.0,0.0
11/04/2014,0.001690999954007566,0.0,0.0
11/05/2014,0.0017040000529959798,0.0,0.0
11/06/2014,0.0017549999756738544,0.0,0.0
11/07/2014,0.001766999950632453,0.0,0.0
11/08/2014,0.0016870000399649143,0.0,0.0
11/09/2014,0.0017330000409856439,0.0,0.0
11/10/2014,0.0017519999528303742,0.0,0.0
11/11/2014,0.0017940000398084521,0.0,0.0
11/12/2014,0.0017549999756738544,0.0,0.0
11/13/2014,0.0018680000212043524,0.0,0.0
11/14/2014,0.0017869999865069985,0.0,0.0
11/15/2014,0.00171999994199723,0.0,0.0
11/16/2014,0.001617999980226159,0.0,0.0
11/17/2014,0.0016380000161007047,0.0,0.0
11/18/2014,0.001610000035725534,0.0,0.0
11/19/2014,0.0013520000502467155,0.0,0.0
11/20/2014,0.0015490000369027257,0.0,0.0
11/21/2014,0.001588999992236495,0.0,0.0
11/22/2014,0.0015650000423192978,0.0,0.0
11/23/2014,0.0018100000452250242,0.0,0.0
11/24/2014,0.0021639999467879534,0.0,0.0
11/25/2014,0.0019570000004023314,0.0,0.0
11/26/2014,0.0019000000320374966,0.0,0.0
11/27/2014,0.0021389999892562628,0.0,0.0
11/28/2014,0.0034290000330656767,0.0,0.0
11/29/2014,0.0028099999763071537,0.0,0.0
11/30/2014,0.0025210001040250063,0.0,0.0
12/01/2014,0.002211000071838498,0.0,0.0
12/02/2014,0.00254100002348423,0.0,0.0
12/03/2014,0.00240899994969368,0.0,0.0
12/04/2014,0.002374999923631549,0.0,0.0
12/05/2014,0.0023739999160170555,0.0,0.0
12/06/2014,0.0023560000117868185,0.0,0.0
12/07/2014,0.002406999934464693,0.0,0.0
12/08/2014,0.0023300000466406345,0.0,0.0
12/09/2014,0.002339000115171075,0.0,0.0
12/10/2014,0.0022509999107569456,0.0,0.0
12/11/2014,0.0024270000867545605,0.0,0.0
12/12/2014,0.002553999889642,0.0,0.0
12/13/2014,0.0025239998940378428,0.0,0.0
12/14/2014,0.0025390000082552433,0.0,0.0
12/15/2014,0.0024739999789744616,0.0,0.0
12/16/2014,0.0025730000343173742,0.0,0.0
12/17/2014,0.003260999917984009,0.0,0.0
12/18/2014,0.004129999782890081,0.0,0.0
12/19/2014,0.0060800001956522465,0.0,0.0
12/20/2014,0.005669000092893839,0.0,0.0
12/21/2014,0.005886000115424395,0.0,0.0
12/22/2014,0.005925000179558992,0.0,0.0
12/23/2014,0.005907000042498112,0.0,0.0
12/24/2014,0.005774000193923712,0.0,0.0
12/25/2014,0.0051020001992583275,0.0,0.0
12/26/2014,0.005787999834865332,0.0,0.0
12/27/2014,0.006194999907165766,0.0,0.0
12/28/2014,0.006004999857395887,0.0,0.0
12/29/2014,0.005805000197142363,0.0,0.0
12/30/2014,0.005590999964624643,0.0,0.0
12/31/2014,0.0054790000431239605,0.0,0.0
01/01/2015,0.005516999866813421,0.0,0.0
01/02/2015,0.005437999963760376,0.0,0.0
01/03/2015,0.005472999997437,0.0,0.0
01/04/2015,0.00457199988886714,0.0,0.0
01/05/2015,0.004422000143676996,0.0,0.0
01/06/2015,0.00496899988502264,0.0,0.0
01/07/2015,0.004972000140696764,0.0,0.0
01/08/2015,0.005282999947667122,0.0,0.0
01/09/2015,0.005557000171393156,0.0,0.0
01/10/2015,0.005625000223517418,0.0,0.0
01/11/2015,0.005179000087082386,0.0,0.0
01/12/2015,0.005038999952375889,0.0,0.0
01/13/2015,0.004867999814450741,0.0,0.0
01/14/2015,0.004019999876618385,0.0,0.0
01/15/2015,0.00433199992403388,0.0,0.0
01/16/2015,0.004980000201612711,0.0,0.0
01/17/2015,0.004366000182926655,0.0,0.0
01/18/2015,0.004650000017136335,0.0,0.0
01/19/2015,0.004755000118166208,0.0,0.0
01/20/2015,0.0048039997927844524,0.0,0.0
01/21/2015,0.004769999999552965,0.0,0.0
01/22/2015,0.004987999796867371,0.0,0.0
01/23/2015,0.004916000179946423,0.0,0.0
01/24/2015,0.004875000100582838,0.0,0.0
01/25/2015,0.005030000116676092,0.0,0.0
01/26/2015,0.004805999808013439,0.0,0.0
01/27/2015,0.004705999977886677,0.0,0.0
01/28/2015,0.004811999853700399,0.0,0.0
01/29/2015,0.004898999817669392,0.0,0.0
01/30/2015,0.0045460001565515995,0.0,0.0
01/31/2015,0.0044450000859797,0.0,0.0
02/01/2015,0.00432500010356307,0.0,0.0
02/02/2015,0.004137000069022179,0.0,0.0
02/03/2015,0.0041600000113248825,0.0,0.0
02/04/2015,0.0037509999237954617,0.0,0.0
02/05/2015,0.003765000030398369,0.0,0.0
02/06/2015,0.00406000018119812,0.0,0.0
02/07/2015,0.0038169999606907368,0.0,0.0
02/08/2015,0.0038300000596791506,0.0,0.0
02/09/2015,0.003734000027179718,0.0,0.0
02/10/2015,0.0036410000175237656,0.0,0.0
02/11/2015,0.0035540000535547733,0.0,0.0
02/12/2015,0.0035180000122636557,0.0,0.0
02/13/2015,0.00342399999499321,0.0,0.0
02/14/2015,0.0035729999653995037,0.0,0.0
02/15/2015,0.0036959999706596136,0.0,0.0
02/16/2015,0.0032939999364316463,0.0,0.0
02/17/2015,0.0033019999973475933,0.0,0.0
02/18/2015,0.003355999942868948,0.0,0.0
02/19/2015,0.0031610000878572464,0.0,0.0
02/20/2015,0.003223000094294548,0.0,0.0
02/21/2015,0.003218000056222081,0.0,0.0
02/22/2015,0.0031999999191612005,0.0,0.0
02/23/2015,0.002830999903380871,0.0,0.0
02/24/2015,0.003109999932348728,0.0,0.0
02/25/2015,0.0031210000161081553,0.0,0.0
02/26/2015,0.003166999900713563,0.0,0.0
02/27/2015,0.0031169999856501818,0.0,0.0
02/28/2015,0.0031649998854845762,0.0,0.0
03/01/2015,0.003046999918296933,0.0,0.0
03/02/2015,0.0027799999807029963,0.0,0.0
03/03/2015,0.0029690000228583813,0.0,0.0
03/04/2015,0.0028379999566823244,0.0,0.0
03/05/2015,0.002873999997973442,0.0,0.0
03/06/2015,0.002993999980390072,0.0,0.0
03/07/2015,0.0029529999010264874,0.0,0.0
03/08/2015,0.002947000088170171,0.0,0.0
03/09/2015,0.002957999939098954,0.0,0.0
03/10/2015,0.002899999963119626,0.0,0.0
03/11/2015,0.0029360000044107437,0.0,0.0
03/12/2015,0.00292899995110929,0.0,0.0
03/13/2015,0.0030960000585764647,0.0,0.0
03/14/2015,0.0029619999695569277,0.0,0.0
03/15/2015,0.0029609999619424343,0.0,0.0
03/16/2015,0.0030040000565350056,0.0,0.0
03/17/2015,0.0031449999660253525,0.0,0.0
03/18/2015,0.003000000026077032,0.0,0.0
03/19/2015,0.0026650000363588333,0.0,0.0
03/20/2015,0.0028170000296086073,0.0,0.0
03/21/2015,0.0027940000873059034,0.0,0.0
03/22/2015,0.002991999965161085,0.0,0.0
03/23/2015,0.003218000056222081,0.0,0.0
03/24/2015,0.003217000048607588,0.0,0.0
03/25/2015,0.002951999893411994,0.0,0.0
03/26/2015,0.0029329999815672636,0.0,0.0
03/27/2015,0.002951999893411994,0.0,0.0
03/28/2015,0.003074999898672104,0.0,0.0
03/29/2015,0.0029589999467134476,0.0,0.0
03/30/2015,0.003046999918296933,0.0,0.0
03/31/2015,0.0027340000960975885,0.0,0.0
04/01/2015,0.002873999997973442,0.0,0.0
04/02/2015,0.0028029999230057,0.0,0.0
04/03/2015,0.00266700005158782,0.0,0.0
04/04/2015,0.002767000114545226,0.0,0.0
04/05/2015,0.0026889999862760305,0.0,0.0
04/06/2015,0.00266700005158782,0.0,0.0
04/07/2015,0.002572000026702881,0.0,0.0
04/08/2015,0.0026889999862760305,0.0,0.0
04/09/2015,0.002707999898120761,0.0,0.0
04/10/2015,0.0026489999145269394,0.0,0.0
04/11/2015,0.0026390000712126493,0.0,0.0
04/12/2015,0.0027759999502450228,0.0,0.0
04/13/2015,0.0028329999186098576,0.0,0.0
04/14/2015,0.002715999959036708,0.0,0.0
04/15/2015,0.0026549999602138996,0.0,0.0
04/16/2015,0.0026710000820457935,0.0,0.0
04/17/2015,0.0027630000840872526,0.0,0.0
04/18/2015,0.002696000039577484,0.0,0.0
04/19/2015,0.0027409999165683985,0.0,0.0
04/20/2015,0.002684999955818057,0.0,0.0
04/21/2015,0.0026839999482035637,0.0,0.0
04/22/2015,0.0027620000764727592,0.0,0.0
04/23/2015,0.0026569999754428864,0.0,0.0
04/24/2015,0.0027489999774843454,0.0,0.0
04/25/2015,0.0026499999221414328,0.0,0.0
04/26/2015,0.002655999967828393,0.0,0.0
04/27/2015,0.002643000101670623,0.0,0.0
04/28/2015,0.002693000016734004,0.0,0.0
04/29/2015,0.0026320000179111958,0.0,0.0
04/30/2015,0.0025730000343173742,0.0,0.0
05/01/2015,0.002735000103712082,0.0,0.0
05/02/2015,0.0026459998916834593,0.0,0.0
05/03/2015,0.0026950000319629908,0.0,0.0
05/04/2015,0.00267699989490211,0.0,0.0
05/05/2015,0.003020999953150749,0.0,0.0
05/06/2015,0.0026910000015050173,0.0,0.0
05/07/2015,0.002761000068858266,0.0,0.0
05/08/2015,0.0027729999274015427,0.0,0.0
05/09/2015,0.00292599992826581,0.0,0.0
05/10/2015,0.0028359999414533377,0.0,0.0
05/11/2015,0.0027860000263899565,0.0,0.0
05/12/2015,0.002971000038087368,0.0,0.0
05/13/2015,0.00279000005684793,0.0,0.0
05/14/2015,0.0028089999686926603,0.0,0.0
05/15/2015,0.002848000032827258,0.0,0.0
05/16/2015,0.0028780000284314156,0.0,0.0
05/17/2015,0.002598999999463558,0.0,0.0
05/18/2015,0.0025760000571608543,0.0,0.0
05/19/2015,0.0025110000278800726,0.0,0.0
05/20/2015,0.002652999944984913,0.0,0.0
05/21/2015,0.002722000004723668,0.0,0.0
05/22/2015,0.0027650000993162394,0.0,0.0
05/23/2015,0.0030960000585764647,0.0,0.0
05/24/2015,0.003028000006452203,0.0,0.0
05/25/2015,0.0031349998898804188,0.0,0.0
05/26/2015,0.0031789999920874834,0.0,0.0
05/27/2015,0.003192000091075897,0.0,0.0
05/28/2015,0.003166999900713563,0.0,0.0
05/29/2015,0.0035500000230968,0.0,0.0
05/30/2015,0.003611000021919608,0.0,0.0
05/31/2015,0.003252000082284212,0.0,0.0
06/01/2015,0.0033970000222325325,0.0,0.0
06/02/2015,0.003094000043347478,0.0,0.0
06/03/2015,0.0032289999071508646,0.0,0.0
06/04/2015,0.0030300000216811895,0.0,0.0
06/05/2015,0.0031560000497847795,0.0,0.0
06/06/2015,0.003155000042170286,0.0,0.0
06/07/2015,0.0031349998898804188,0.0,0.0
06/08/2015,0.0030849999748170376,0.0,0.0
06/09/2015,0.0031250000465661287,0.0,0.0
06/10/2015,0.0032059999648481607,0.0,0.0
06/11/2015,0.0031610000878572464,0.0,0.0
06/12/2015,0.0031030001118779182,0.0,0.0
06/13/2015,0.0030849999748170376,0.0,0.0
06/14/2015,0.0032319999299943447,0.0,0.0
06/15/2015,0.003258999902755022,0.0,0.0
06/16/2015,0.003461000043898821,0.0,0.0
06/17/2015,0.003746999893337488,0.0,0.0
06/18/2015,0.0036009999457746744,0.0,0.0
06/19/2015,0.003774000098928809,0.0,0.0
06/20/2015,0.0037330000195652246,0.0,0.0
06/21/2015,0.0036689999978989363,0.0,0.0
06/22/2015,0.003527000080794096,0.0,0.0
06/23/2015,0.0036810000892728567,0.0,0.0
06/24/2015,0.003507999936118722,0.0,0.0
06/25/2015,0.003425000002607703,0.0,0.0
06/26/2015,0.0034759999252855778,0.0,0.0
06/27/2015,0.003407000098377466,0.0,0.0
06/28/2015,0.0035540000535547733,0.0,0.0
06/29/2015,0.00342700001783669,0.0,0.0
06/30/2015,0.003502999898046255,0.0,0.0
07/01/2015,0.003469000104814768,0.0,0.0
07/02/2015,0.0034580000210553408,0.0,0.0
07/03/2015,0.003401000052690506,0.0,0.0
07/04/2015,0.0032649999484419823,0.0,0.0
07/05/2015,0.003194000106304884,0.0,0.0
07/06/2015,0.0031169999856501818,0.0,0.0
07/07/2015,0.0032289999071508646,0.0,0.0
07/08/2015,0.0031399999279528856,0.0,0.0
07/09/2015,0.0032140000257641077,0.0,0.0
07/10/2015,0.003060000017285347,0.0,0.0
07/11/2015,0.0031139999628067017,0.0,0.0
07/12/2015,0.003080999944359064,0.0,0.0
07/13/2015,0.003183000022545457,0.0,0.0
07/14/2015,0.0032190000638365746,0.0,0.0
07/15/2015,0.003074999898672104,0.0,0.0
07/16/2015,0.0029949999880045652,0.0,0.0
07/17/2015,0.002830999903380871,0.0,0.0
07/18/2015,0.0028510000556707382,0.0,0.0
07/19/2015,0.0028979999478906393,0.0,0.0
07/20/2015,0.0028719999827444553,0.0,0.0
07/21/2015,0.0029899999499320984,0.0,0.0
07/22/2015,0.0030640000477433205,0.0,0.0
07/23/2015,0.0031129999551922083,0.0,0.0
07/24/2015,0.003037000074982643,0.0,0.0
07/25/2015,0.0030930000357329845,0.0,0.0
07/26/2015,0.002939000027254224,0.0,0.0
07/27/2015,0.0030159999150782824,0.0,0.0
07/28/2015,0.002945000072941184,0.0,0.0
07/29/2015,0.002727000042796135,0.0,0.0
07/30/2015,0.0028230000752955675,0.0,0.0
07/31/2015,0.002810999983921647,0.0,0.0
08/01/2015,0.002644999884068966,0.0,0.0
08/02/2015,0.0026400000788271427,0.0,0.0
08/03/2015,0.002725000027567148,0.0,0.0
08/04/2015,0.002626999979838729,0.0,0.0
08/05/2015,0.0026310000102967024,0.0,0.0
08/06/2015,0.0026340000331401825,0.0,0.0
08/07/2015,0.0025239998940378428,0.0,0.0
08/08/2015,0.002432999899610877,0.0,0.0
08/09/2015,0.0024210000410676003,0.0,0.0
08/10/2015,0.0023449999280273914,0.0,0.0
08/11/2015,0.0024659999180585146,0.0,0.0
08/12/2015,0.0023960000835359097,0.0,0.0
08/13/2015,0.0023789999540895224,0.0,0.0
08/14/2015,0.002265000017359853,0.0,0.0
08/15/2015,0.0023129999171942472,0.0,0.0
08/16/2015,0.0022700000554323196,0.0,0.0
08/17/2015,0.0021440000273287296,0.0,0.0
08/18/2015,0.0021699999924749136,0.0,0.0
08/19/2015,0.0018700000364333391,0.0,0.0
08/20/2015,0.0017969999462366104,0.0,0.0
08/21/2015,0.00202700006775558,0.0,0.0
08/22/2015,0.0019940000493079424,0.0,0.0
08/23/2015,0.002001000102609396,0.0,0.0
08/24/2015,0.0019710001070052385,0.0,0.0
08/25/2015,0.0018820000113919377,0.0,0.0
08/26/2015,0.0018560000462457538,0.0,0.0
08/27/2015,0.00203399988822639,0.0,0.0
08/28/2015,0.002005999907851219,0.0,0.0
08/29/2015,0.0023560000117868185,0.0,0.0
08/30/2015,0.0025770000647753477,0.0,0.0
08/31/2015,0.0023640000727027655,0.0,0.0
09/01/2015,0.002478000009432435,0.0,0.0
09/02/2015,0.002435999922454357,0.0,0.0
09/03/2015,0.002423000056296587,0.0,0.0
09/04/2015,0.0023769999388605356,0.0,0.0
09/05/2015,0.002320999978110194,0.0,0.0
09/06/2015,0.0024170000106096268,0.0,0.0
09/07/2015,0.002526999916881323,0.0,0.0
09/08/2015,0.0024510000366717577,0.0,0.0
09/09/2015,0.002300000051036477,0.0,0.0
09/10/2015,0.002194999950006604,0.0,0.0
09/11/2015,0.002208000048995018,0.0,0.0
09/12/2015,0.002230999991297722,0.0,0.0
09/13/2015,0.002239000052213669,0.0,0.0
09/14/2015,0.0021569998934865,0.0,0.0
09/15/2015,0.0021389999892562628,0.0,0.0
09/16/2015,0.0021830000914633274,0.0,0.0
09/17/2015,0.0021520000882446766,0.0,0.0
09/18/2015,0.0022279999684542418,0.0,0.0
09/19/2015,0.0022440000902861357,0.0,0.0
09/20/2015,0.0022950000129640102,0.0,0.0
09/21/2015,0.002222999930381775,0.0,0.0
09/22/2015,0.002142000012099743,0.0,0.0
09/23/2015,0.0021379999816417694,0.0,0.0
09/24/2015,0.0020729999523609877,0.0,0.0
09/25/2015,0.0020580000709742308,0.0,0.0
09/26/2015,0.002056000055745244,0.0,0.0
09/27/2015,0.0020699999295175076,0.0,0.0
09/28/2015,0.002067999914288521,0.0,0.0
09/29/2015,0.0020910000894218683,0.0,0.0
09/30/2015,0.0020749999675899744,0.0,0.0
10/01/2015,0.0019839999731630087,0.0,0.0
10/02/2015,0.002182000083848834,0.0,0.0
10/03/2015,0.0020759999752044678,0.0,0.0
10/04/2015,0.002056000055745244,0.0,0.0
10/05/2015,0.002051000017672777,0.0,0.0
10/06/2015,0.0020230000372976065,0.0,0.0
10/07/2015,0.002076999982818961,0.0,0.0
10/08/2015,0.0020759999752044678,0.0,0.0
10/09/2015,0.001996000064536929,0.0,0.0
10/10/2015,0.0020979999098926783,0.0,0.0
10/11/2015,0.0020840000361204147,0.0,0.0
10/12/2015,0.0021089999936521053,0.0,0.0
10/13/2015,0.0020310000982135534,0.0,0.0
10/14/2015,0.0021009999327361584,0.0,0.0
10/15/2015,0.0019109999993816018,0.0,0.0
10/16/2015,0.0019369999645277858,0.0,0.0
10/17/2015,0.001934999949298799,0.0,0.0
10/18/2015,0.001984999980777502,0.0,0.0
10/19/2015,0.001972000114619732,0.0,0.0
10/20/2015,0.0019409999949857593,0.0,0.0
10/21/2015,0.0018700000364333391,0.0,0.0
10/22/2015,0.0019759999122470617,0.0,0.0
10/23/2015,0.0019580000080168247,0.0,0.0
10/24/2015,0.001955999992787838,0.0,0.0
10/25/2015,0.0019249999895691872,0.0,0.0
10/26/2015,0.0018889999482780695,0.0,0.0
10/27/2015,0.0018400000408291817,0.0,0.0
10/28/2015,0.0019970000721514225,0.0,0.0
10/29/2015,0.0020469999872148037,0.0,0.0
10/30/2015,0.0020699999295175076,0.0,0.0
10/31/2015,0.0021669999696314335,0.0,0.0
11/01/2015,0.00215999991632998,0.0,0.0
11/02/2015,0.0021269998978823423,0.0,0.0
11/03/2015,0.0021979999728500843,0.0,0.0
11/04/2015,0.002196999965235591,0.0,0.0
11/05/2015,0.0021830000914633274,0.0,0.0
11/06/2015,0.002007999923080206,0.0,0.0
11/07/2015,0.001918999943882227,0.0,0.0
11/08/2015,0.002013999968767166,0.0,0.0
11/09/2015,0.0019460000330582261,0.0,0.0
11/10/2015,0.0020310000982135534,0.0,0.0
11/11/2015,0.002041999949142337,0.0,0.0
11/12/2015,0.0019630000460892916,0.0,0.0
11/13/2015,0.0020699999295175076,0.0,0.0
11/14/2015,0.001978999935090542,0.0,0.0
11/15/2015,0.0019809999503195286,0.0,0.0
11/16/2015,0.001986999996006489,0.0,0.0
11/17/2015,0.001921999966725707,0.0,0.0
11/18/2015,0.0020149999763816595,0.0,0.0
11/19/2015,0.0019099999917671084,0.0,0.0
11/20/2015,0.0019310000352561474,0.0,0.0
11/21/2015,0.0018939999863505363,0.0,0.0
11/22/2015,0.0019099999917671084,0.0,0.0
11/23/2015,0.001972000114619732,0.0,0.0
11/24/2015,0.0019000000320374966,0.0,0.0
11/25/2015,0.0018680000212043524,0.0,0.0
11/26/2015,0.0019079999765381217,0.0,0.0
11/27/2015,0.001914000022225082,0.0,0.0
11/28/2015,0.001765000051818788,0.0,0.0
11/29/2015,0.0017430000007152557,0.0,0.0
11/30/2015,0.0017399999778717756,0.0,0.0
12/01/2015,0.0017209999496117234,0.0,0.0
12/02/2015,0.0017379999626427889,0.0,0.0
12/03/2015,0.0017679999582469463,0.0,0.0
12/04/2015,0.0017130000051110983,0.0,0.0
12/05/2015,0.002010999945923686,0.0,0.0
12/06/2015,0.001863999990746379,0.0,0.0
12/07/2015,0.001917000045068562,0.0,0.0
12/08/2015,0.0019660000689327717,0.0,0.0
12/09/2015,0.0022960000205785036,0.0,0.0
12/10/2015,0.0020630001090466976,0.0,0.0
12/11/2015,0.0020260000601410866,0.0,0.0
12/12/2015,0.0021349999587982893,0.0,0.0
12/13/2015,0.0019859999883919954,0.0,0.0
12/14/2015,0.0020649998914450407,0.0,0.0
12/15/2015,0.0019829999655485153,0.0,0.0
12/16/2015,0.0018700000364333391,0.0,0.0
12/17/2015,0.00184599997010082,0.0,0.0
12/18/2015,0.0018570000538602471,0.0,0.0
12/19/2015,0.0018489999929443002,0.0,0.0
12/20/2015,0.0018420000560581684,0.0,0.0
12/21/2015,0.0017470000311732292,0.0,0.0
12/22/2015,0.0017810000572353601,0.0,0.0
12/23/2015,0.0017259999876841903,0.0,0.0
12/24/2015,0.0017430000007152557,0.0,0.0
12/25/2015,0.001756999990902841,0.0,0.0
12/26/2015,0.001829999964684248,0.0,0.0
12/27/2015,0.00164899998344481,0.0,0.0
12/28/2015,0.0017219999572262168,0.0,0.0
12/29/2015,0.0017709999810904264,0.0,0.0
12/30/2015,0.0017450000159442425,0.0,0.0
12/31/2015,0.0017640000442042947,0.0,0.0
01/01/2016,0.0017519999528303742,0.0,0.0
01/02/2016,0.0017500000540167093,0.0,0.0
01/03/2016,0.0017529999604448676,0.0,0.0
01/04/2016,0.0017450000159442425,0.0,0.0
01/05/2016,0.0017480000387877226,0.0,0.0
01/06/2016,0.0017209999496117234,0.0,0.0
01/07/2016,0.0016690000193193555,0.0,0.0
01/08/2016,0.0017359999474138021,0.0,0.0
01/09/2016,0.0016820000018924475,0.0,0.0
01/10/2016,0.001749000046402216,0.0,0.0
01/11/2016,0.0017659999430179596,0.0,0.0
01/12/2016,0.0017359999474138021,0.0,0.0
01/13/2016,0.001740999985486269,0.0,0.0
01/14/2016,0.0018240000354126096,0.0,0.0
01/15/2016,0.001927000004798174,0.0,0.0
01/16/2016,0.0017369999550282955,0.0,0.0
01/17/2016,0.0017480000387877226,0.0,0.0
01/18/2016,0.0017140000127255917,0.0,0.0
01/19/2016,0.001711999997496605,0.0,0.0
01/20/2016,0.0018129999516531825,0.0,0.0
01/21/2016,0.001816999982111156,0.0,0.0
01/22/2016,0.0017330000409856439,0.0,0.0
01/23/2016,0.001702000037766993,0.0,0.0
01/24/2016,0.0016949999844655395,0.0,0.0
01/25/2016,0.0017229999648407102,0.0,0.0
01/26/2016,0.001711999997496605,0.0,0.0
01/27/2016,0.0019030000548809767,0.0,0.0
01/28/2016,0.002237000036984682,0.0,0.0
01/29/2016,0.001908999984152615,0.0,0.0
01/30/2016,0.0018870000494644046,0.0,0.0
01/31/2016,0.0017350000562146306,0.0,0.0
02/01/2016,0.0017760000191628933,0.0,0.0
02/02/2016,0.0017930000321939588,0.0,0.0
02/03/2016,0.0017960000550374389,0.0,0.0
02/04/2016,0.0018070000223815441,0.0,0.0
02/05/2016,0.0018029999919235706,0.0,0.0
02/06/2016,0.0018350000027567148,0.0,0.0
02/07/2016,0.001863999990746379,0.0,0.0
02/08/2016,0.0018390000332146883,0.0,0.0
02/09/2016,0.0018530000234022737,0.0,0.0
02/10/2016,0.0018279999494552612,0.0,0.0
02/11/2016,0.0018439999548718333,0.0,0.0
02/12/2016,0.0018779999809339643,0.0,0.0
02/13/2016,0.002331000054255128,0.0,0.0
02/14/2016,0.0021979999728500843,0.0,0.0
02/15/2016,0.002191999927163124,0.0,0.0
02/16/2016,0.0021899999119341373,0.0,0.0
02/17/2016,0.002644000109285116,0.0,0.0
02/18/2016,0.00215999991632998,0.0,0.0
02/19/2016,0.0021180000621825457,0.0,0.0
02/20/2016,0.0021100000012665987,0.0,0.0
02/21/2016,0.0020570000633597374,0.0,0.0
02/22/2016,0.0021550001110881567,0.0,0.0
02/23/2016,0.0019839999731630087,0.0,0.0
02/24/2016,0.0019039999460801482,0.0,0.0
02/25/2016,0.0019440000178292394,0.0,0.0
02/26/2016,0.0019759999122470617,0.0,0.0
02/27/2016,0.0019549999851733446,0.0,0.0
02/28/2016,0.002002999885007739,0.0,0.0
02/29/2016,0.0019809999503195286,0.0,0.0
03/01/2016,0.0019490000559017062,0.0,0.0
03/02/2016,0.0019099999917671084,0.0,0.0
03/03/2016,0.001888000057078898,0.0,0.0
03/04/2016,0.0018909999635070562,0.0,0.0
03/05/2016,0.0019130000146105886,0.0,0.0
03/06/2016,0.0018240000354126096,0.0,0.0
03/07/2016,0.0019399999873712659,0.0,0.0
03/08/2016,0.0023479999508708715,0.0,0.0
03/09/2016,0.002216000109910965,0.0,0.0
03/10/2016,0.002228999976068735,0.0,0.0
03/11/2016,0.0023739999160170555,0.0,0.0
03/12/2016,0.0025549998972564936,0.0,0.0
03/13/2016,0.0022780001163482666,0.0,0.0
03/14/2016,0.002188999904319644,0.0,0.0
03/15/2016,0.002139999996870756,0.0,0.0
03/16/2016,0.002196999965235591,0.0,0.0
03/17/2016,0.0021379999816417694,0.0,0.0
03/18/2016,0.0021460000425577164,0.0,0.0
03/19/2016,0.001984999980777502,0.0,0.0
03/20/2016,0.001998000079765916,0.0,0.0
03/21/2016,0.002088000066578388,0.0,0.0
03/22/2016,0.002073999959975481,0.0,0.0
03/23/2016,0.002078999998047948,0.0,0.0
03/24/2016,0.002174000022932887,0.0,0.0
03/25/2016,0.002087000058963895,0.0,0.0
03/26/2016,0.0020749999675899744,0.0,0.0
03/27/2016,0.002059000078588724,0.0,0.0
03/28/2016,0.0020310000982135534,0.0,0.0
03/29/2016,0.0021120000164955854,0.0,0.0
03/30/2016,0.002087000058963895,0.0,0.0
03/31/2016,0.0020389999262988567,0.0,0.0
04/01/2016,0.0020260000601410866,0.0,0.0
04/02/2016,0.0020469999872148037,0.0,0.0
04/03/2016,0.0020890000741928816,0.0,0.0
04/04/2016,0.002205000026151538,0.0,0.0
04/05/2016,0.0022990000434219837,0.0,0.0
04/06/2016,0.00215999991632998,0.0,0.0
04/07/2016,0.0021540001034736633,0.0,0.0
04/08/2016,0.0021559998858720064,0.0,0.0
04/09/2016,0.0021840000990778208,0.0,0.0
04/10/2016,0.0020179999992251396,0.0,0.0
04/11/2016,0.0018850000342354178,0.0,0.0
04/12/2016,0.0019030000548809767,0.0,0.0
04/13/2016,0.0018759999657049775,0.0,0.0
04/14/2016,0.0018739999504759908,0.0,0.0
04/15/2016,0.0018769999733194709,0.0,0.0
04/16/2016,0.0018789999885484576,0.0,0.0
04/17/2016,0.001921999966725707,0.0,0.0
04/18/2016,0.0018990000244230032,0.0,0.0
04/19/2016,0.0019030000548809767,0.0,0.0
04/20/2016,0.0019280000124126673,0.0,0.0
04/21/2016,0.001918999943882227,0.0,0.0
04/22/2016,0.0018739999504759908,0.0,0.0
04/23/2016,0.001917000045068562,0.0,0.0
04/24/2016,0.0019259999971836805,0.0,0.0
04/25/2016,0.0019120000069960952,0.0,0.0
04/26/2016,0.0018739999504759908,0.0,0.0
04/27/2016,0.001820000004954636,0.0,0.0
04/28/2016,0.001832999987527728,0.0,0.0
04/29/2016,0.0019039999460801482,0.0,0.0
04/30/2016,0.0018489999929443002,0.0,0.0
05/01/2016,0.0018520000157877803,0.0,0.0
05/02/2016,0.001883000019006431,0.0,0.0
05/03/2016,0.0018680000212043524,0.0,0.0
05/04/2016,0.0018619999755173922,0.0,0.0
05/05/2016,0.0018649999983608723,0.0,0.0
05/06/2016,0.0018400000408291817,0.0,0.0
05/07/2016,0.0018370000179857016,0.0,0.0
05/08/2016,0.0018139999592676759,0.0,0.0
05/09/2016,0.0017960000550374389,0.0,0.0
05/10/2016,0.0018019999843090773,0.0,0.0
05/11/2016,0.0017750000115484,0.0,0.0
05/12/2016,0.0017969999462366104,0.0,0.0
05/13/2016,0.001800999976694584,0.0,0.0
05/14/2016,0.001769999973475933,0.0,0.0
05/15/2016,0.001782999956049025,0.0,0.0
05/16/2016,0.0017399999778717756,0.0,0.0
05/17/2016,0.0017239999724552035,0.0,0.0
05/18/2016,0.0017000000225380063,0.0,0.0
05/19/2016,0.0017109999898821115,0.0,0.0
05/20/2016,0.001664999988861382,0.0,0.0
05/21/2016,0.0016499999910593033,0.0,0.0
05/22/2016,0.0016339999856427312,0.0,0.0
05/23/2016,0.001626000041142106,0.0,0.0
05/24/2016,0.001598999951966107,0.0,0.0
05/25/2016,0.001610000035725534,0.0,0.0
05/26/2016,0.0015510000521317124,0.0,0.0
05/27/2016,0.0014809999847784638,0.0,0.0
05/28/2016,0.0014440000522881746,0.0,0.0
05/29/2016,0.0014750000555068254,0.0,0.0
05/30/2016,0.001496999990195036,0.0,0.0
05/31/2016,0.0015119999879971147,0.0,0.0
06/01/2016,0.001541999983601272,0.0,0.0
06/02/2016,0.0015259999781847,0.0,0.0
06/03/2016,0.0015119999879971147,0.0,0.0
06/04/2016,0.0015300000086426735,0.0,0.0
06/05/2016,0.0015259999781847,0.0,0.0
06/06/2016,0.0014979999978095293,0.0,0.0
06/07/2016,0.0014959999825805426,0.0,0.0
06/08/2016,0.0014880000380799174,0.0,0.0
06/09/2016,0.0014959999825805426,0.0,0.0
06/10/2016,0.0015869999770075083,0.0,0.0
06/11/2016,0.001572999986819923,0.0,0.0
06/12/2016,0.001576000009663403,0.0,0.0
06/13/2016,0.0016199999954551458,0.0,0.0
06/14/2016,0.0015610000118613243,0.0,0.0
06/15/2016,0.001753999968059361,0.0,0.0
06/16/2016,0.0016670000040903687,0.0,0.0
06/17/2016,0.0017229999648407102,0.0,0.0
06/18/2016,0.0016969999996945262,0.0,0.0
06/19/2016,0.0017579999985173345,0.0,0.0
06/20/2016,0.0018350000027567148,0.0,0.0
06/21/2016,0.0017610000213608146,0.0,0.0
06/22/2016,0.0017089999746531248,0.0,0.0
06/23/2016,0.0016410000389441848,0.0,0.0
06/24/2016,0.0016659999964758754,0.0,0.0
06/25/2016,0.0017890000017359853,0.0,0.0
06/26/2016,0.001787999994121492,0.0,0.0
06/27/2016,0.0020200000144541264,0.0,0.0
06/28/2016,0.0025450000539422035,0.0,0.0
06/29/2016,0.002346999943256378,0.0,0.0
06/30/2016,0.002047999994829297,0.0,0.0
07/01/2016,0.0021170000545680523,0.0,0.0
07/02/2016,0.0020349998958408833,0.0,0.0
07/03/2016,0.0020349998958408833,0.0,0.0
07/04/2016,0.0019290000200271606,0.0,0.0
07/05/2016,0.0019320000428706408,0.0,0.0
07/06/2016,0.0018690000288188457,0.0,0.0
07/07/2016,0.0018469999777153134,0.0,0.0
07/08/2016,0.0017399999778717756,0.0,0.0
07/09/2016,0.0018240000354126096,0.0,0.0
07/10/2016,0.0017630000365898013,0.0,0.0
07/11/2016,0.001851000008173287,0.0,0.0
07/12/2016,0.001816999982111156,0.0,0.0
07/13/2016,0.0019710001070052385,0.0,0.0
07/14/2016,0.0021540001034736633,0.0,0.0
07/15/2016,0.0020389999262988567,0.0,0.0
07/16/2016,0.0019729998894035816,0.0,0.0
07/17/2016,0.0019259999971836805,0.0,0.0
07/18/2016,0.001927000004798174,0.0,0.0
07/19/2016,0.001984999980777502,0.0,0.0
07/20/2016,0.0019000000320374966,0.0,0.0
07/21/2016,0.0018810000037774444,0.0,0.0
07/22/2016,0.0018400000408291817,0.0,0.0
07/23/2016,0.0018289999570697546,0.0,0.0
07/24/2016,0.0021019999403506517,0.0,0.0
07/25/2016,0.002274000085890293,0.0,0.0
07/26/2016,0.002148000057786703,0.0,0.0
07/27/2016,0.0019379999721422791,0.0,0.0
07/28/2016,0.0019310000352561474,0.0,0.0
07/29/2016,0.0019490000559017062,0.0,0.0
07/30/2016,0.0020129999611526728,0.0,0.0
07/31/2016,0.0019399999873712659,0.0,0.0
08/01/2016,0.0019150000298395753,0.0,0.0
08/02/2016,0.0018860000418499112,0.0,0.0
08/03/2016,0.0017729999963194132,0.0,0.0
08/04/2016,0.001800999976694584,0.0,0.0
08/05/2016,0.0018789999885484576,0.0,0.0
08/06/2016,0.0019000000320374966,0.0,0.0
08/07/2016,0.001955999992787838,0.0,0.0
08/08/2016,0.0018870000494644046,0.0,0.0
08/09/2016,0.0018489999929443002,0.0,0.0
08/10/2016,0.0018710000440478325,0.0,0.0
08/11/2016,0.0018899999558925629,0.0,0.0
08/12/2016,0.0018889999482780695,0.0,0.0
08/13/2016,0.0018309999722987413,0.0,0.0
08/14/2016,0.002041999949142337,0.0,0.0
08/15/2016,0.0019970000721514225,0.0,0.0
08/16/2016,0.002022000029683113,0.0,0.0
08/17/2016,0.002015999983996153,0.0,0.0
08/18/2016,0.0019970000721514225,0.0,0.0
08/19/2016,0.0019759999122470617,0.0,0.0
08/20/2016,0.001970000099390745,0.0,0.0
08/21/2016,0.001930000027641654,0.0,0.0
08/22/2016,0.0019099999917671084,0.0,0.0
08/23/2016,0.0019239999819546938,0.0,0.0
08/24/2016,0.0018779999809339643,0.0,0.0
08/25/2016,0.0018889999482780695,0.0,0.0
08/26/2016,0.0018560000462457538,0.0,0.0
08/27/2016,0.001888000057078898,0.0,0.0
08/28/2016,0.0018609999679028988,0.0,0.0
08/29/2016,0.0018189999973401427,0.0,0.0
08/30/2016,0.001829999964684248,0.0,0.0
08/31/2016,0.0018500000005587935,0.0,0.0
09/01/2016,0.001905999961309135,0.0,0.0
09/02/2016,0.0018870000494644046,0.0,0.0
09/03/2016,0.0018850000342354178,0.0,0.0
09/04/2016,0.0019030000548809767,0.0,0.0
09/05/2016,0.0019420000026002526,0.0,0.0
09/06/2016,0.0019120000069960952,0.0,0.0
09/07/2016,0.0019249999895691872,0.0,0.0
09/08/2016,0.0019249999895691872,0.0,0.0
09/09/2016,0.001930000027641654,0.0,0.0
09/10/2016,0.002002999885007739,0.0,0.0
09/11/2016,0.0020230000372976065,0.0,0.0
09/12/2016,0.0019259999971836805,0.0,0.0
09/13/2016,0.0019409999949857593,0.0,0.0
09/14/2016,0.0019460000330582261,0.0,0.0
09/15/2016,0.0019630000460892916,0.0,0.0
09/16/2016,0.0023040000814944506,0.0,0.0
09/17/2016,0.002082000020891428,0.0,0.0
09/18/2016,0.0021619999315589666,0.0,0.0
09/19/2016,0.0020890000741928816,0.0,0.0
09/20/2016,0.0021269998978823423,0.0,0.0
09/21/2016,0.0020550000481307507,0.0,0.0
09/22/2016,0.002085000043734908,0.0,0.0
09/23/2016,0.0021379999816417694,0.0,0.0
09/24/2016,0.002067999914288521,0.0,0.0
09/25/2016,0.002213000087067485,0.0,0.0
09/26/2016,0.0024590000975877047,0.0,0.0
09/27/2016,0.002383999992161989,0.0,0.0
09/28/2016,0.002555999904870987,0.0,0.0
09/29/2016,0.003135999897494912,0.0,0.0
09/30/2016,0.0030169999226927757,0.0,0.0
10/01/2016,0.0028389999642968178,0.0,0.0
10/02/2016,0.002781999995931983,0.0,0.0
10/03/2016,0.0028719999827444553,0.0,0.0
10/04/2016,0.0027050001081079245,0.0,0.0
10/05/2016,0.002589999930933118,0.0,0.0
10/06/2016,0.0024969999212771654,0.0,0.0
10/07/2016,0.0023060000967234373,0.0,0.0
10/08/2016,0.002386000007390976,0.0,0.0
10/09/2016,0.0023169999476522207,0.0,0.0
10/10/2016,0.0023799999617040157,0.0,0.0
10/11/2016,0.002466999925673008,0.0,0.0
10/12/2016,0.0026779999025166035,0.0,0.0
10/13/2016,0.0026370000559836626,0.0,0.0
10/14/2016,0.002535999985411763,0.0,0.0
10/15/2016,0.0024790000170469284,0.0,0.0
10/16/2016,0.0024369999300688505,0.0,0.0
10/17/2016,0.0024190000258386135,0.0,0.0
10/18/2016,0.0022899999748915434,0.0,0.0
10/19/2016,0.0023880000226199627,0.0,0.0
10/20/2016,0.0023360000923275948,0.0,0.0
10/21/2016,0.0026680000592023134,0.0,0.0
10/22/2016,0.002469999948516488,0.0,0.0
10/23/2016,0.00240899994969368,0.0,0.0
10/24/2016,0.0024389999452978373,0.0,0.0
10/25/2016,0.0024709999561309814,0.0,0.0
10/26/2016,0.0023580000270158052,0.0,0.0
10/27/2016,0.002337000099942088,0.0,0.0
10/28/2016,0.002145000034943223,0.0,0.0
10/29/2016,0.002094999887049198,0.0,0.0
10/30/2016,0.001964000053703785,0.0,0.0
10/31/2016,0.002119000069797039,0.0,0.0
11/01/2016,0.002088000066578388,0.0,0.0
11/02/2016,0.001976999919861555,0.0,0.0
11/03/2016,0.002013999968767166,0.0,0.0
11/04/2016,0.0019910000264644623,0.0,0.0
11/05/2016,0.002002999885007739,0.0,0.0
11/06/2016,0.0020210000220686197,0.0,0.0
11/07/2016,0.001969000091776252,0.0,0.0
11/08/2016,0.0020129999611526728,0.0,0.0
11/09/2016,0.0019940000493079424,0.0,0.0
11/10/2016,0.0019680000841617584,0.0,0.0
11/11/2016,0.0019480000482872128,0.0,0.0
11/12/2016,0.0019130000146105886,0.0,0.0
11/13/2016,0.0018990000244230032,0.0,0.0
11/14/2016,0.0018949999939650297,0.0,0.0
11/15/2016,0.001883000019006431,0.0,0.0
11/16/2016,0.0018520000157877803,0.0,0.0
11/17/2016,0.0017750000115484,0.0,0.0
11/18/2016,0.0018119999440386891,0.0,0.0
11/19/2016,0.0018060000147670507,0.0,0.0
11/20/2016,0.0017969999462366104,0.0,0.0
11/21/2016,0.0017600000137463212,0.0,0.0
11/22/2016,0.0017549999756738544,0.0,0.0
11/23/2016,0.0017269999952986836,0.0,0.0
11/24/2016,0.0017330000409856439,0.0,0.0
11/25/2016,0.001690999954007566,0.0,0.0
11/26/2016,0.0017170000355690718,0.0,0.0
11/27/2016,0.00164899998344481,0.0,0.0
11/28/2016,0.001664999988861382,0.0,0.0
11/29/2016,0.0016550000291317701,0.0,0.0
11/30/2016,0.0016659999964758754,0.0,0.0
12/01/2016,0.0016289999475702643,0.0,0.0
12/02/2016,0.0016199999954551458,0.0,0.0
12/03/2016,0.0015290000010281801,0.0,0.0
12/04/2016,0.0015920000150799751,0.0,0.0
12/05/2016,0.0015320000238716602,0.0,0.0
12/06/2016,0.001541999983601272,0.0,0.0
12/07/2016,0.002652999944984913,0.0,0.0
12/08/2016,0.0027489999774843454,0.0,0.0
12/09/2016,0.002443999983370304,0.0,0.0
12/10/2016,0.0025869999080896378,0.0,0.0
12/11/2016,0.0022040000185370445,0.0,0.0
12/12/2016,0.0023529999889433384,0.0,0.0
12/13/2016,0.002265000017359853,0.0,0.0
12/14/2016,0.00216299993917346,0.0,0.0
12/15/2016,0.0021510000806301832,0.0,0.0
12/16/2016,0.0028210000600665808,0.0,0.0
12/17/2016,0.003129000077024102,0.0,0.0
12/18/2016,0.0027719999197870493,0.0,0.0
12/19/2016,0.0029009999707341194,0.0,0.0
12/20/2016,0.0028669999446719885,0.0,0.0
12/21/2016,0.002841999987140298,0.0,0.0
12/22/2016,0.002824000082910061,0.0,0.0
12/23/2016,0.0027570000384002924,0.0,0.0
12/24/2016,0.0025790000800043344,0.0,0.0
12/25/2016,0.0026920000091195107,0.0,0.0
12/26/2016,0.002578000072389841,0.0,0.0
12/27/2016,0.0026579999830573797,0.0,0.0
12/28/2016,0.002552000107243657,0.0,0.0
12/29/2016,0.0025100000202655792,0.0,0.0
12/30/2016,0.002558999927714467,0.0,0.0
12/31/2016,0.0025450000539422035,0.0,0.0
01/01/2017,0.002463999902829528,0.0,0.0
01/02/2017,0.002474999986588955,0.0,0.0
01/03/2017,0.002498999936506152,0.0,0.0
01/04/2017,0.0025530001148581505,0.0,0.0
01/05/2017,0.002736999886110425,0.0,0.0
01/06/2017,0.002606000052765012,0.0,0.0
01/07/2017,0.0024969999212771654,0.0,0.0
01/08/2017,0.0023960000835359097,0.0,0.0
01/09/2017,0.002357000019401312,0.0,0.0
01/10/2017,0.002345999935641885,0.0,0.0
01/11/2017,0.002355000004172325,0.0,0.0
01/12/2017,0.0020800000056624413,0.0,0.0
01/13/2017,0.0024590000975877047,0.0,0.0
01/14/2017,0.002377999946475029,0.0,0.0
01/15/2017,0.0024580000899732113,0.0,0.0
01/16/2017,0.002440999960526824,0.0,0.0
01/17/2017,0.0023799999617040157,0.0,0.0
01/18/2017,0.002546000061556697,0.0,0.0
01/19/2017,0.0024900001008063555,0.0,0.0
01/20/2017,0.0023479999508708715,0.0,0.0
01/21/2017,0.0023709998931735754,0.0,0.0
01/22/2017,0.0022950000129640102,0.0,0.0
01/23/2017,0.002322999993339181,0.0,0.0
01/24/2017,0.0023360000923275948,0.0,0.0
01/25/2017,0.002234000014141202,0.0,0.0
01/26/2017,0.0021569998934865,0.0,0.0
01/27/2017,0.0022539999336004257,0.0,0.0
01/28/2017,0.002203000010922551,0.0,0.0
01/29/2017,0.002191999927163124,0.0,0.0
01/30/2017,0.0022249999456107616,0.0,0.0
01/31/2017,0.002457000082358718,0.0,0.0
02/01/2017,0.0023539999965578318,0.0,0.0
02/02/2017,0.0023620000574737787,0.0,0.0
02/03/2017,0.002426000079140067,0.0,0.0
02/04/2017,0.0024029999040067196,0.0,0.0
02/05/2017,0.002397000091150403,0.0,0.0
02/06/2017,0.0023509999737143517,0.0,0.0
02/07/2017,0.0023719999007880688,0.0,0.0
02/08/2017,0.002320999978110194,0.0,0.0
02/09/2017,0.0022440000902861357,0.0,0.0
02/10/2017,0.0021569998934865,0.0,0.0
02/11/2017,0.0021410000044852495,0.0,0.0
02/12/2017,0.0021100000012665987,0.0,0.0
02/13/2017,0.0020890000741928816,0.0,0.0
02/14/2017,0.002068999921903014,0.0,0.0
02/15/2017,0.0021019999403506517,0.0,0.0
02/16/2017,0.002205000026151538,0.0,0.0
02/17/2017,0.0021359999664127827,0.0,0.0
02/18/2017,0.002093000104650855,0.0,0.0
02/19/2017,0.002022000029683113,0.0,0.0
02/20/2017,0.0020210000220686197,0.0,0.0
02/21/2017,0.002044999971985817,0.0,0.0
02/22/2017,0.002007999923080206,0.0,0.0
02/23/2017,0.0020200000144541264,0.0,0.0
02/24/2017,0.001930000027641654,0.0,0.0
02/25/2017,0.0018810000037774444,0.0,0.0
02/26/2017,0.001879999996162951,0.0,0.0
02/27/2017,0.001879999996162951,0.0,0.0
02/28/2017,0.0017760000191628933,0.0,0.0
03/01/2017,0.0018420000560581684,0.0,0.0
03/02/2017,0.0017310000257566571,0.0,0.0
03/03/2017,0.0017859999788925052,0.0,0.0
03/04/2017,0.0017750000115484,0.0,0.0
03/05/2017,0.0017450000159442425,0.0,0.0
03/06/2017,0.0017320000333711505,0.0,0.0
03/07/2017,0.001986999996006489,0.0,0.0
03/08/2017,0.0020069999154657125,0.0,0.0
03/09/2017,0.00184299994725734,0.0,0.0
03/10/2017,0.0017839999636635184,0.0,0.0
03/11/2017,0.0017330000409856439,0.0,0.0
03/12/2017,0.0017960000550374389,0.0,0.0
03/13/2017,0.001858999952673912,0.0,0.0
03/14/2017,0.0019650000613182783,0.0,0.0
03/15/2017,0.0019180000526830554,0.0,0.0
03/16/2017,0.0019440000178292394,0.0,0.0
03/17/2017,0.0019519999623298645,0.0,0.0
03/18/2017,0.0019600000232458115,0.0,0.0
03/19/2017,0.0018749999580904841,0.0,0.0
03/20/2017,0.0019199999514967203,0.0,0.0
03/21/2017,0.001979999942705035,0.0,0.0
03/22/2017,0.0021860001143068075,0.0,0.0
03/23/2017,0.0019839999731630087,0.0,0.0
03/24/2017,0.0022909999825060368,0.0,0.0
03/25/2017,0.0021120000164955854,0.0,0.0
03/26/2017,0.0020089999306946993,0.0,0.0
03/27/2017,0.0020349998958408833,0.0,0.0
03/28/2017,0.0018990000244230032,0.0,0.0
03/29/2017,0.002056000055745244,0.0,0.0
03/30/2017,0.002022000029683113,0.0,0.0
03/31/2017,0.0022700000554323196,0.0,0.0
04/01/2017,0.002348999958485365,0.0,0.0
04/02/2017,0.002607000060379505,0.0,0.0
04/03/2017,0.004118000157177448,0.0,0.0
04/04/2017,0.003152000019326806,0.0,0.0
04/05/2017,0.0030060000717639923,0.0,0.0
04/06/2017,0.0031399999279528856,0.0,0.0
04/07/2017,0.002807999961078167,0.0,0.0
04/08/2017,0.0027459999546408653,0.0,0.0
04/09/2017,0.0029100000392645597,0.0,0.0
04/10/2017,0.0027520000003278255,0.0,0.0
04/11/2017,0.002807999961078167,0.0,0.0
04/12/2017,0.002767999889329076,0.0,0.0
04/13/2017,0.003020999953150749,0.0,0.0
04/14/2017,0.0030769999139010906,0.0,0.0
04/15/2017,0.003129000077024102,0.0,0.0
04/16/2017,0.0033889999613165855,0.0,0.0
04/17/2017,0.003756999969482422,0.0,0.0
04/18/2017,0.003582000033929944,0.0,0.0
04/19/2017,0.0037299999967217445,0.0,0.0
04/20/2017,0.0035540000535547733,0.0,0.0
04/21/2017,0.0033650000113993883,0.0,0.0
04/22/2017,0.0034650000743567944,0.0,0.0
04/23/2017,0.0034839999862015247,0.0,0.0
04/24/2017,0.0035210000351071358,0.0,0.0
04/25/2017,0.003848999971523881,0.0,0.0
04/26/2017,0.00380500010214746,0.0,0.0
04/27/2017,0.0038389998953789473,0.0,0.0
04/28/2017,0.003971000202000141,0.0,0.0
04/29/2017,0.004532000049948692,0.0,0.0
04/30/2017,0.0049749999307096004,0.0,0.0
05/01/2017,0.004834999796003103,0.0,0.0
05/02/2017,0.005152999889105558,0.0,0.0
05/03/2017,0.004815999884158373,0.0,0.0
05/04/2017,0.005197999998927116,0.0,0.0
05/05/2017,0.006622999906539917,0.0,0.0
05/06/2017,0.010784000158309937,0.0,0.0
05/07/2017,0.021414000540971756,0.0,0.0
05/08/2017,0.04329700022935867,0.0,0.0
05/09/2017,0.039671000093221664,0.0,0.0
05/10/2017,0.028423000127077103,0.0,0.0
05/11/2017,0.03107300028204918,0.0,0.0
05/12/2017,0.03722799941897392,0.0,0.0
05/13/2017,0.039962999522686005,0.0,0.0
05/14/2017,0.03748200088739395,0.0,0.0
05/15/2017,0.0385890007019043,0.0,0.0
05/16/2017,0.043404001742601395,0.0,0.0
05/17/2017,0.049945998936891556,0.0,0.0
05/18/2017,0.04808900132775307,0.0,0.0
05/19/2017,0.04630199819803238,0.0,0.0
05/20/2017,0.0495619997382164,0.0,0.0
05/21/2017,0.053996000438928604,0.0,0.0
05/22/2017,0.06254900246858597,0.0,0.0
05/23/2017,0.0512159988284111,0.0,0.0
05/24/2017,0.055403001606464386,0.0,0.0
05/25/2017,0.05093099921941757,0.0,0.0
05/26/2017,0.03948500007390976,0.0,0.0
05/27/2017,0.0407320000231266,0.0,0.0
05/28/2017,0.033197999000549316,0.0,0.0
05/29/2017,0.03528900071978569,0.0,0.0
05/30/2017,0.03675299882888794,0.0,0.0
05/31/2017,0.030799999833106995,0.0,0.0
06/01/2017,0.03442399948835373,0.0,0.0
06/02/2017,0.04319100081920624,0.0,0.0
06/03/2017,0.040042001754045486,0.0,0.0
06/04/2017,0.038989000022411346,0.0,0.0
06/05/2017,0.03983300179243088,0.0,0.0
06/06/2017,0.04151500016450882,0.0,0.0
06/07/2017,0.045483000576496124,0.0,0.0
06/08/2017,0.046835001558065414,0.0,0.0
06/09/2017,0.05033000186085701,0.0,0.0
06/10/2017,0.04736499860882759,0.0,0.0
06/11/2017,0.042750999331474304,0.0,0.0
06/12/2017,0.04582500085234642,0.0,0.0
06/13/2017,0.039687998592853546,0.0,0.0
06/14/2017,0.0419050008058548,0.0,0.0
06/15/2017,0.039994001388549805,0.0,0.0
06/16/2017,0.037466999143362045,0.0,0.0
06/17/2017,0.037526000291109085,0.0,0.0
06/18/2017,0.03913699835538864,0.0,0.0
06/19/2017,0.03830999881029129,0.0,0.0
06/20/2017,0.04035700112581253,0.0,0.0
06/21/2017,0.039372000843286514,0.0,0.0
06/22/2017,0.0383169986307621,0.0,0.0
06/23/2017,0.0386429987847805,0.0,0.0
06/24/2017,0.040449000895023346,0.0,0.0
06/25/2017,0.03809899836778641,0.0,0.0
06/26/2017,0.03345400094985962,0.0,0.0
06/27/2017,0.03021799959242344,0.0,0.0
06/28/2017,0.029205000028014183,0.0,0.0
06/29/2017,0.031838998198509216,0.0,0.0
06/30/2017,0.029028000310063362,0.0,0.0
07/01/2017,0.026959000155329704,0.0,0.0
07/02/2017,0.024476999416947365,0.0,0.0
07/03/2017,0.025696000084280968,0.0,0.0
07/04/2017,0.026169000193476677,0.0,0.0
07/05/2017,0.02568100020289421,0.0,0.0
07/06/2017,0.025502000004053116,0.0,0.0
07/07/2017,0.025482000783085823,0.0,0.0
07/08/2017,0.020423000678420067,0.0,0.0
07/09/2017,0.0216279998421669,0.0,0.0
07/10/2017,0.019547000527381897,0.0,0.0
07/11/2017,0.014857999980449677,0.0,0.0
07/12/2017,0.014321999624371529,0.0,0.0
07/13/2017,0.01814199984073639,0.0,0.0
07/14/2017,0.01737299934029579,0.0,0.0
07/15/2017,0.01624399982392788,0.0,0.0
07/16/2017,0.017576999962329865,0.0,0.0
07/17/2017,0.015510999597609043,0.0,0.0
07/18/2017,0.018730999901890755,0.0,0.0
07/19/2017,0.01877100020647049,0.0,0.0
07/20/2017,0.017338000237941742,0.0,0.0
07/21/2017,0.018993999809026718,0.0,0.0
07/22/2017,0.01917799934744835,0.0,0.0
07/23/2017,0.022909000515937805,0.0,0.0
07/24/2017,0.021671999245882034,0.0,0.0
07/25/2017,0.022616000846028328,0.0,0.0
07/26/2017,0.018577000126242638,0.0,0.0
07/27/2017,0.018936999142169952,0.0,0.0
07/28/2017,0.01841999962925911,0.0,0.0
07/29/2017,0.016930000856518745,0.0,0.0
07/30/2017,0.01749200001358986,0.0,0.0
07/31/2017,0.015893999487161636,0.0,0.0
08/01/2017,0.016101999208331108,0.0,0.0
08/02/2017,0.017906000837683678,0.0,0.0
08/03/2017,0.018312999978661537,0.0,0.0
08/04/2017,0.018845999613404274,0.0,0.0
08/05/2017,0.02280000038444996,0.0,0.0
08/06/2017,0.02383499965071678,0.0,0.0
08/07/2017,0.022696999832987785,0.0,0.0
08/08/2017,0.022299999371170998,0.0,0.0
08/09/2017,0.023812999948859215,0.0,0.0
08/10/2017,0.022993000224232674,0.0,0.0
08/11/2017,0.021940000355243683,0.0,0.0
08/12/2017,0.021400000900030136,0.0,0.0
08/13/2017,0.02023399993777275,0.0,0.0
08/14/2017,0.018312999978661537,0.0,0.0
08/15/2017,0.017604999244213104,0.0,0.0
08/16/2017,0.01737700030207634,0.0,0.0
08/17/2017,0.017714999616146088,0.0,0.0
08/18/2017,0.017325999215245247,0.0,0.0
08/19/2017,0.01686199940741062,0.0,0.0
08/20/2017,0.016481000930070877,0.0,0.0
08/21/2017,0.01766899973154068,0.0,0.0
08/22/2017,0.019659999758005142,0.0,0.0
08/23/2017,0.021459000185132027,0.0,0.0
08/24/2017,0.020464999601244926,0.0,0.0
08/25/2017,0.019036000594496727,0.0,0.0
08/26/2017,0.02032499946653843,0.0,0.0
08/27/2017,0.02112000063061714,0.0,0.0
08/28/2017,0.01986199989914894,0.0,0.0
08/29/2017,0.020496999844908714,0.0,0.0
08/30/2017,0.020055999979376793,0.0,0.0
08/31/2017,0.02119399979710579,0.0,0.0
09/01/2017,0.02233799919486046,0.0,0.0
09/02/2017,0.02405799925327301,0.0,0.0
09/03/2017,0.020812999457120895,0.0,0.0
09/04/2017,0.021309999749064445,0.0,0.0
09/05/2017,0.01785700023174286,0.0,0.0
09/06/2017,0.01858000084757805,0.0,0.0
09/07/2017,0.020353000611066818,0.0,0.0
09/08/2017,0.020058000460267067,0.0,0.0
09/09/2017,0.017520999535918236,0.0,0.0
09/10/2017,0.01710899919271469,0.0,0.0
09/11/2017,0.016276000067591667,0.0,0.0
09/12/2017,0.017014000564813614,0.0,0.0
09/13/2017,0.01619799993932247,0.0,0.0
09/14/2017,0.015355000272393227,0.0,0.0
09/15/2017,0.011129000224173069,0.0,0.0
09/16/2017,0.012047000229358673,0.0,0.0
09/17/2017,0.011710000224411488,0.0,0.0
09/18/2017,0.011172999627888203,0.0,0.0
09/19/2017,0.013453000225126743,0.0,0.0
09/20/2017,0.011780999600887299,0.0,0.0
09/21/2017,0.012103999964892864,0.0,0.0
09/22/2017,0.010699000209569931,0.0,0.0
09/23/2017,0.010754999704658985,0.0,0.0
09/24/2017,0.011915000155568123,0.0,0.0
09/25/2017,0.01155100017786026,0.0,0.0
09/26/2017,0.012076999992132187,0.0,0.0
09/27/2017,0.012299000285565853,0.0,0.0
09/28/2017,0.014316000044345856,0.0,0.0
09/29/2017,0.01381599996238947,0.0,0.0
09/30/2017,0.013162000104784966,0.0,0.0
10/01/2017,0.013813000172376633,0.0,0.0
10/02/2017,0.013697000220417976,0.0,0.0
10/03/2017,0.01294699963182211,0.0,0.0
10/04/2017,0.012469000183045864,0.0,0.0
10/05/2017,0.011881000362336636,0.0,0.0
10/06/2017,0.014657000079751015,0.0,0.0
10/07/2017,0.018442999571561813,0.0,0.0
10/08/2017,0.020690999925136566,0.0,0.0
10/09/2017,0.018799999728798866,0.0,0.0
10/10/2017,0.01744000054895878,0.0,0.0
10/11/2017,0.018869999796152115,0.0,0.0
10/12/2017,0.019497999921441078,0.0,0.0
10/13/2017,0.017650000751018524,0.0,0.0
10/14/2017,0.01801699958741665,0.0,0.0
10/15/2017,0.017291000112891197,0.0,0.0
10/16/2017,0.018928999081254005,0.0,0.0
10/17/2017,0.036511000245809555,0.0,0.0
10/18/2017,0.045809999108314514,0.0,0.0
10/19/2017,0.035176001489162445,0.0,0.0
10/20/2017,0.0312460009008646,0.0,0.0
10/21/2017,0.02734299935400486,0.0,0.0
10/22/2017,0.036486998200416565,0.0,0.0
10/23/2017,0.031206000596284866,0.0,0.0
10/24/2017,0.03446599841117859,0.0,0.0
10/25/2017,0.03643300011754036,0.0,0.0
10/26/2017,0.035245999693870544,0.0,0.0
10/27/2017,0.03468000143766403,0.0,0.0
10/28/2017,0.03428399935364723,0.0,0.0
10/29/2017,0.03110400028526783,0.0,0.0
10/30/2017,0.030731000006198883,0.0,0.0
10/31/2017,0.031605999916791916,0.0,0.0
11/01/2017,0.02938699908554554,0.0,0.0
11/02/2017,0.027024999260902405,0.0,0.0
11/03/2017,0.027497999370098114,0.0,0.0
11/04/2017,0.0278290007263422,0.0,0.0
11/05/2017,0.027243999764323235,0.0,0.0
11/06/2017,0.026693999767303467,0.0,0.0
11/07/2017,0.028874000534415245,0.0,0.0
11/08/2017,0.030657000839710236,0.0,0.0
11/09/2017,0.03379200026392937,0.0,0.0
11/10/2017,0.03983300179243088,0.0,0.0
11/11/2017,0.0330829992890358,0.0,0.0
11/12/2017,0.032965000718832016,0.0,0.0
11/13/2017,0.02811500057578087,0.0,0.0
11/14/2017,0.030609000474214554,0.0,0.0
11/15/2017,0.03647100180387497,0.0,0.0
11/16/2017,0.036986999213695526,0.0,0.0
11/17/2017,0.037144001573324203,0.0,0.0
11/18/2017,0.03549399971961975,0.0,0.0
11/19/2017,0.03648199886083603,0.0,0.0
11/20/2017,0.036619000136852264,0.0,0.0
11/21/2017,0.038127001374959946,0.0,0.0
11/22/2017,0.037668999284505844,0.0,0.0
11/23/2017,0.042674001306295395,0.0,0.0
11/24/2017,0.040437001734972,0.0,0.0
11/25/2017,0.04027999937534332,0.0,0.0
11/26/2017,0.043761998414993286,0.0,0.0
11/27/2017,0.04886600002646446,0.0,0.0
11/28/2017,0.05687699839472771,0.0,0.0
11/29/2017,0.08193899691104889,0.0,0.0
11/30/2017,0.06555400043725967,0.0,0.0
12/01/2017,0.07218100130558014,0.0,0.0
12/02/2017,0.09018400311470032,0.0,0.0
12/03/2017,0.09353099763393402,0.0,0.0
12/04/2017,0.0894870012998581,0.0,0.0
12/05/2017,0.09724000096321106,0.0,0.0
12/06/2017,0.12156300246715546,0.0,0.0
12/07/2017,0.15329700708389282,0.0,0.0
12/08/2017,0.13788700103759766,0.0,0.0
12/09/2017,0.1403460055589676,0.0,0.0
12/10/2017,0.13805299997329712,0.0,0.0
12/11/2017,0.11825200170278549,0.0,0.0
12/12/2017,0.14323100447654724,0.0,0.0
12/13/2017,0.15496599674224854,0.0,0.0
12/14/2017,0.14882899820804596,0.0,0.0
12/15/2017,0.19856500625610352,0.0,0.0
12/16/2017,0.19607700407505035,0.0,0.0
12/17/2017,0.23467199504375458,0.0,0.0
12/18/2017,0.2731670141220093,0.0,0.0
12/19/2017,0.2760170102119446,0.0,0.0
12/20/2017,0.26481300592422485,0.0,0.0
12/21/2017,0.25289401412010193,0.0,0.0
12/22/2017,0.25850600004196167,0.0,0.0
12/23/2017,0.22081199288368225,0.0,0.0
12/24/2017,0.23679299652576447,0.0,0.0
12/25/2017,0.22653800249099731,0.0,0.0
12/26/2017,0.22864900529384613,0.0,0.0
12/27/2017,0.22626100480556488,0.0,0.0
12/28/2017,0.2278210073709488,0.0,0.0
12/29/2017,0.22377799451351166,0.0,0.0
12/30/2017,0.31647300720214844,0.0,0.0
12/31/2017,0.31784600019454956,0.0,0.0
01/01/2018,0.3604219853878021,0.0,0.0
01/02/2018,0.4968760013580322,0.0,0.0
01/03/2018,0.562720000743866,0.0,0.0
01/04/2018,0.89239901304245,0.0,0.0
01/05/2018,0.7394570112228394,0.0,0.0
01/06/2018,0.6630600094795227,0.0,0.0
01/07/2018,0.7097300291061401,0.0,0.0
01/08/2018,0.6959519982337952,0.0,0.0
01/09/2018,0.628026008605957,0.0,0.0
01/10/2018,0.5885649919509888,0.0,0.0
01/11/2018,0.5636900067329407,0.0,0.0
01/12/2018,0.5588639974594116,0.0,0.0
01/13/2018,0.6818529963493347,0.0,0.0
01/14/2018,0.6721979975700378,0.0,0.0
01/15/2018,0.6255040168762207,0.0,0.0
01/16/2018,0.600117027759552,0.0,0.0
01/17/2018,0.4419440031051636,0.0,0.0
01/18/2018,0.4795219898223877,0.0,0.0
01/19/2018,0.503367006778717,0.0,0.0
01/20/2018,0.5099499821662903,0.0,0.0
01/21/2018,0.5343469977378845,0.0,0.0
01/22/2018,0.4659009873867035,0.0,0.0
01/23/2018,0.475039005279541,0.0,0.0
01/24/2018,0.4865170121192932,0.0,0.0
01/25/2018,0.5678629875183105,0.0,0.0
01/26/2018,0.6021630167961121,0.0,0.0
01/27/2018,0.6314949989318848,0.0,0.0
01/28/2018,0.6159160137176514,0.0,0.0
01/29/2018,0.6326019763946533,0.0,0.0
01/30/2018,0.5908309817314148,0.0,0.0
01/31/2018,0.4887309968471527,0.0,0.0
02/01/2018,0.5408340096473694,0.0,0.0
02/02/2018,0.45508700609207153,0.0,0.0
02/03/2018,0.40595000982284546,0.0,0.0
02/04/2018,0.4259699881076813,0.0,0.0
02/05/2018,0.38319098949432373,0.0,0.0
02/06/2018,0.3367379903793335,0.0,0.0
02/07/2018,0.3689559996128082,0.0,0.0
02/08/2018,0.3449299931526184,0.0,0.0
02/09/2018,0.360711008310318,0.0,0.0
02/10/2018,0.39844000339508057,0.0,0.0
02/11/2018,0.4066149890422821,0.0,0.0
02/12/2018,0.37418100237846375,0.0,0.0
02/13/2018,0.3964189887046814,0.0,0.0
02/14/2018,0.40987199544906616,0.0,0.0
02/15/2018,0.45204800367355347,0.0,0.0
02/16/2018,0.4517959952354431,0.0,0.0
02/17/2018,0.4551030099391937,0.0,0.0
02/18/2018,0.4798550009727478,0.0,0.0
02/19/2018,0.4504370093345642,0.0,0.0
02/20/2018,0.4528450071811676,0.0,0.0
02/21/2018,0.3997179865837097,0.0,0.0
02/22/2018,0.39389100670814514,0.0,0.0
02/23/2018,0.3641340136528015,0.0,0.0
02/24/2018,0.3826870024204254,0.0,0.0
02/25/2018,0.35454899072647095,0.0,0.0
02/26/2018,0.35868701338768005,0.0,0.0
02/27/2018,0.3646320104598999,0.0,0.0
02/28/2018,0.36041000485420227,0.0,0.0
03/01/2018,0.3341180086135864,0.0,0.0
03/02/2018,0.33869099617004395,0.0,0.0
03/03/2018,0.31902098655700684,0.0,0.0
03/04/2018,0.3540309965610504,0.0,0.0
03/05/2018,0.3637770116329193,0.0,0.0
03/06/2018,0.35175299644470215,0.0,0.0
03/07/2018,0.33781400322914124,0.0,0.0
03/08/2018,0.3298470079898834,0.0,0.0
03/09/2018,0.31123700737953186,0.0,0.0
03/10/2018,0.31561800837516785,0.0,0.0
03/11/2018,0.2918680012226105,0.0,0.0
03/12/2018,0.304300993680954,0.0,0.0
03/13/2018,0.2901510000228882,0.0,0.0
03/14/2018,0.2918500006198883,0.0,0.0
03/15/2018,0.24885399639606476,0.0,0.0
03/16/2018,0.24098800122737885,0.0,0.0
03/17/2018,0.23027700185775757,0.0,0.0
03/18/2018,0.2064090073108673,0.0,0.0
03/19/2018,0.2223680019378662,0.0,0.0
03/20/2018,0.2499919980764389,0.0,0.0
03/21/2018,0.27066999673843384,0.0,0.0
03/22/2018,0.25516998767852783,0.0,0.0
03/23/2018,0.24299299716949463,0.0,0.0
03/24/2018,0.237745001912117,0.0,0.0
03/25/2018,0.2330619990825653,0.0,0.0
03/26/2018,0.23925800621509552,0.0,0.0
03/27/2018,0.2285650074481964,0.0,0.0
03/28/2018,0.21588900685310364,0.0,0.0
03/29/2018,0.21922600269317627,0.0,0.0
03/30/2018,0.1905820071697235,0.0,0.0
03/31/2018,0.18903900682926178,0.0,0.0
04/01/2018,0.207723006606102,0.0,0.0
04/02/2018,0.20713099837303162,0.0,0.0
04/03/2018,0.22599199414253235,0.0,0.0
04/04/2018,0.23372900485992432,0.0,0.0
04/05/2018,0.2071239948272705,0.0,0.0
04/06/2018,0.19778099656105042,0.0,0.0
04/07/2018,0.19354699552059174,0.0,0.0
04/08/2018,0.20181700587272644,0.0,0.0
04/09/2018,0.20671799778938293,0.0,0.0
04/10/2018,0.19744400680065155,0.0,0.0
04/11/2018,0.19952599704265594,0.0,0.0
04/12/2018,0.21125799417495728,0.0,0.0
04/13/2018,0.24111199378967285,0.0,0.0
04/14/2018,0.24533799290657043,0.0,0.0
04/15/2018,0.2509790062904358,0.0,0.0
04/16/2018,0.2902370095252991,0.0,0.0
04/17/2018,0.28474700450897217,0.0,0.0
04/18/2018,0.3003380000591278,0.0,0.0
04/19/2018,0.35472598671913147,0.0,0.0
04/20/2018,0.366551011800766,0.0,0.0
04/21/2018,0.39151298999786377,0.0,0.0
04/22/2018,0.37520700693130493,0.0,0.0
04/23/2018,0.36792099475860596,0.0,0.0
04/24/2018,0.3726310133934021,0.0,0.0
04/25/2018,0.39789700508117676,0.0,0.0
04/26/2018,0.34145501255989075,0.0,0.0
04/27/2018,0.3864389955997467,0.0,0.0
04/28/2018,0.3904469907283783,0.0,0.0
04/29/2018,0.4299449920654297,0.0,0.0
04/30/2018,0.45868799090385437,0.0,0.0
05/01/2018,0.42585301399230957,0.0,0.0
05/02/2018,0.4390369951725006,0.0,0.0
05/03/2018,0.4390160143375397,0.0,0.0
05/04/2018,0.43823400139808655,0.0,0.0
05/05/2018,0.4312160015106201,0.0,0.0
05/06/2018,0.4303379952907562,0.0,0.0
05/07/2018,0.4136649966239929,0.0,0.0
05/08/2018,0.3965680003166199,0.0,0.0
05/09/2018,0.3851439952850342,0.0,0.0
05/10/2018,0.37771400809288025,0.0,0.0
05/11/2018,0.35342898964881897,0.0,0.0
05/12/2018,0.3141619861125946,0.0,0.0
05/13/2018,0.35981398820877075,0.0,0.0
05/14/2018,0.3763040006160736,0.0,0.0
05/15/2018,0.36969900131225586,0.0,0.0
05/16/2018,0.34679800271987915,0.0,0.0
05/17/2018,0.3354310095310211,0.0,0.0
05/18/2018,0.3132689893245697,0.0,0.0
05/19/2018,0.3196389973163605,0.0,0.0
05/20/2018,0.3177489936351776,0.0,0.0
05/21/2018,0.33296000957489014,0.0,0.0
05/22/2018,0.3186120092868805,0.0,0.0
05/23/2018,0.30058300495147705,0.0,0.0
05/24/2018,0.2797510027885437,0.0,0.0
05/25/2018,0.2929860055446625,0.0,0.0
05/26/2018,0.28860101103782654,0.0,0.0
05/27/2018,0.2841939926147461,0.0,0.0
05/28/2018,0.27632901072502136,0.0,0.0
05/29/2018,0.2539519965648651,0.0,0.0
05/30/2018,0.28389298915863037,0.0,0.0
05/31/2018,0.27847298979759216,0.0,0.0
06/01/2018,0.2965349853038788,0.0,0.0
06/02/2018,0.29096099734306335,0.0,0.0
06/03/2018,0.29858100414276123,0.0,0.0
06/04/2018,0.30463600158691406,0.0,0.0
06/05/2018,0.29213398694992065,0.0,0.0
06/06/2018,0.2933250069618225,0.0,0.0
06/07/2018,0.29797399044036865,0.0,0.0
06/08/2018,0.2937760055065155,0.0,0.0
06/09/2018,0.28707098960876465,0.0,0.0
06/10/2018,0.2827650010585785,0.0,0.0
06/11/2018,0.2471030056476593,0.0,0.0
06/12/2018,0.25528600811958313,0.0,0.0
06/13/2018,0.23229700326919556,0.0,0.0
06/14/2018,0.22189000248908997,0.0,0.0
06/15/2018,0.24169500172138214,0.0,0.0
06/16/2018,0.2325270026922226,0.0,0.0
06/17/2018,0.23314599692821503,0.0,0.0
06/18/2018,0.2315170019865036,0.0,0.0
06/19/2018,0.23351499438285828,0.0,0.0
06/20/2018,0.2363789975643158,0.0,0.0
06/21/2018,0.23243699967861176,0.0,0.0
06/22/2018,0.2276570051908493,0.0,0.0
06/23/2018,0.20366999506950378,0.0,0.0
06/24/2018,0.2031880021095276,0.0,0.0
06/25/2018,0.19365200400352478,0.0,0.0
06/26/2018,0.19648900628089905,0.0,0.0
06/27/2018,0.18452300131320953,0.0,0.0
06/28/2018,0.1887499988079071,0.0,0.0
06/29/2018,0.17930899560451508,0.0,0.0
06/30/2018,0.18691499531269073,0.0,0.0
07/01/2018,0.1928499937057495,0.0,0.0
07/02/2018,0.20019599795341492,0.0,0.0
07/03/2018,0.21167199313640594,0.0,0.0
07/04/2018,0.20577600598335266,0.0,0.0
07/05/2018,0.21021300554275513,0.0,0.0
07/06/2018,0.203001007437706,0.0,0.0
07/07/2018,0.20610399544239044,0.0,0.0
07/08/2018,0.20895299315452576,0.0,0.0
07/09/2018,0.21063700318336487,0.0,0.0
07/10/2018,0.20659500360488892,0.0,0.0
07/11/2018,0.1918250024318695,0.0,0.0
07/12/2018,0.19029800593852997,0.0,0.0
07/13/2018,0.1859859973192215,0.0,0.0
07/14/2018,0.20378899574279785,0.0,0.0
07/15/2018,0.20803099870681763,0.0,0.0
07/16/2018,0.21947799623012543,0.0,0.0
07/17/2018,0.23800399899482727,0.0,0.0
07/18/2018,0.25324898958206177,0.0,0.0
07/19/2018,0.29681798815727234,0.0,0.0
07/20/2018,0.3024210035800934,0.0,0.0
07/21/2018,0.2703799903392792,0.0,0.0
07/22/2018,0.2907389998435974,0.0,0.0
07/23/2018,0.28311899304389954,0.0,0.0
07/24/2018,0.2849220037460327,0.0,0.0
07/25/2018,0.29733601212501526,0.0,0.0
07/26/2018,0.332302987575531,0.0,0.0
07/27/2018,0.3082830011844635,0.0,0.0
07/28/2018,0.3177880048751831,0.0,0.0
07/29/2018,0.31640100479125977,0.0,0.0
07/30/2018,0.30864500999450684,0.0,0.0
07/31/2018,0.29547199606895447,0.0,0.0
08/01/2018,0.2781270146369934,0.0,0.0
08/02/2018,0.2769010066986084,0.0,0.0
08/03/2018,0.2617630064487457,0.0,0.0
08/04/2018,0.25776100158691406,0.0,0.0
08/05/2018,0.24110500514507294,0.0,0.0
08/06/2018,0.24501700699329376,0.0,0.0
08/07/2018,0.23409900069236755,0.0,0.0
08/08/2018,0.23000900447368622,0.0,0.0
08/09/2018,0.20165300369262695,0.0,0.0
08/10/2018,0.22108499705791473,0.0,0.0
08/11/2018,0.22494399547576904,0.0,0.0
08/12/2018,0.21822500228881836,0.0,0.0
08/13/2018,0.22339999675750732,0.0,0.0
08/14/2018,0.2226320058107376,0.0,0.0
08/15/2018,0.2182849943637848,0.0,0.0
08/16/2018,0.2158849984407425,0.0,0.0
08/17/2018,0.21555499732494354,0.0,0.0
08/18/2018,0.23912400007247925,0.0,0.0
08/19/2018,0.22362500429153442,0.0,0.0
08/20/2018,0.23002000153064728,0.0,0.0
08/21/2018,0.21787700057029724,0.0,0.0
08/22/2018,0.2192240059375763,0.0,0.0
08/23/2018,0.21364200115203857,0.0,0.0
08/24/2018,0.21487100422382355,0.0,0.0
08/25/2018,0.22134600579738617,0.0,0.0
08/26/2018,0.2238609939813614,0.0,0.0
08/27/2018,0.21391800045967102,0.0,0.0
08/28/2018,0.22490400075912476,0.0,0.0
08/29/2018,0.23424400389194489,0.0,0.0
08/30/2018,0.2268580049276352,0.0,0.0
08/31/2018,0.22180399298667908,0.0,0.0
09/01/2018,0.22230899333953857,0.0,0.0
09/02/2018,0.22971299290657043,0.0,0.0
09/03/2018,0.22467200458049774,0.0,0.0
09/04/2018,0.2218009978532791,0.0,0.0
09/05/2018,0.2319529950618744,0.0,0.0
09/06/2018,0.20590800046920776,0.0,0.0
09/07/2018,0.20684100687503815,0.0,0.0
09/08/2018,0.2079939991235733,0.0,0.0
09/09/2018,0.19429099559783936,0.0,0.0
09/10/2018,0.1911190003156662,0.0,0.0
09/11/2018,0.19147999584674835,0.0,0.0
09/12/2018,0.201214000582695,0.0,0.0
09/13/2018,0.1979150027036667,0.0,0.0
09/14/2018,0.2069779932498932,0.0,0.0
09/15/2018,0.20121100544929504,0.0,0.0
09/16/2018,0.2030860036611557,0.0,0.0
09/17/2018,0.2061080038547516,0.0,0.0
09/18/2018,0.19649499654769897,0.0,0.0
09/19/2018,0.2075120061635971,0.0,0.0
09/20/2018,0.20656800270080566,0.0,0.0
09/21/2018,0.23304200172424316,0.0,0.0
09/22/2018,0.24806399643421173,0.0,0.0
09/23/2018,0.23943300545215607,0.0,0.0
09/24/2018,0.27983298897743225,0.0,0.0
09/25/2018,0.2583949863910675,0.0,0.0
09/26/2018,0.25061899423599243,0.0,0.0
09/27/2018,0.24398499727249146,0.0,0.0
09/28/2018,0.25999701023101807,0.0,0.0
09/29/2018,0.2524529993534088,0.0,0.0
09/30/2018,0.2544479966163635,0.0,0.0
10/01/2018,0.25908100605010986,0.0,0.0
10/02/2018,0.2582570016384125,0.0,0.0
10/03/2018,0.2479339987039566,0.0,0.0
10/04/2018,0.24065400660037994,0.0,0.0
10/05/2018,0.2434999942779541,0.0,0.0
10/06/2018,0.24513700604438782,0.0,0.0
10/07/2018,0.24237200617790222,0.0,0.0
10/08/2018,0.24399100244045258,0.0,0.0
10/09/2018,0.24956899881362915,0.0,0.0
10/10/2018,0.2436639964580536,0.0,0.0
10/11/2018,0.24094100296497345,0.0,0.0
10/12/2018,0.20647700130939484,0.0,0.0
10/13/2018,0.2155890017747879,0.0,0.0
10/14/2018,0.21476499736309052,0.0,0.0
10/15/2018,0.20966200530529022,0.0,0.0
10/16/2018,0.22247500717639923,0.0,0.0
10/17/2018,0.22956299781799316,0.0,0.0
10/18/2018,0.2409690022468567,0.0,0.0
10/19/2018,0.23886899650096893,0.0,0.0
10/20/2018,0.24521900713443756,0.0,0.0
10/21/2018,0.24372200667858124,0.0,0.0
10/22/2018,0.24037399888038635,0.0,0.0
10/23/2018,0.2424910068511963,0.0,0.0
10/24/2018,0.24174900352954865,0.0,0.0
10/25/2018,0.2375349998474121,0.0,0.0
10/26/2018,0.23533199727535248,0.0,0.0
10/27/2018,0.23385800421237946,0.0,0.0
10/28/2018,0.2291879951953888,0.0,0.0
10/29/2018,0.23167799413204193,0.0,0.0
10/30/2018,0.22220000624656677,0.0,0.0
10/31/2018,0.22621800005435944,0.0,0.0
11/01/2018,0.22436000406742096,0.0,0.0
11/02/2018,0.2230139970779419,0.0,0.0
11/03/2018,0.23409800231456757,0.0,0.0
11/04/2018,0.2357880026102066,0.0,0.0
11/05/2018,0.24080699682235718,0.0,0.0
11/06/2018,0.24684900045394897,0.0,0.0
11/07/2018,0.2658750116825104,0.0,0.0
11/08/2018,0.25652700662612915,0.0,0.0
11/09/2018,0.25571098923683167,0.0,0.0
11/10/2018,0.25558799505233765,0.0,0.0
11/11/2018,0.2603830099105835,0.0,0.0
11/12/2018,0.27403900027275085,0.0,0.0
11/13/2018,0.26754799485206604,0.0,0.0
11/14/2018,0.25695499777793884,0.0,0.0
11/15/2018,0.2330549955368042,0.0,0.0
11/16/2018,0.2400670051574707,0.0,0.0
11/17/2018,0.23675300180912018,0.0,0.0
11/18/2018,0.24489399790763855,0.0,0.0
11/19/2018,0.24961400032043457,0.0,0.0
11/20/2018,0.22457300126552582,0.0,0.0
11/21/2018,0.1940149962902069,0.0,0.0
11/22/2018,0.2034589946269989,0.0,0.0
11/23/2018,0.18744100630283356,0.0,0.0
11/24/2018,0.18191200494766235,0.0,0.0
11/25/2018,0.15543000400066376,0.0,0.0
11/26/2018,0.15919500589370728,0.0,0.0
11/27/2018,0.14435499906539917,0.0,0.0
11/28/2018,0.14411099255084991,0.0,0.0
11/29/2018,0.16183100640773773,0.0,0.0
11/30/2018,0.16495700180530548,0.0,0.0
12/01/2018,0.15908800065517426,0.0,0.0
12/02/2018,0.1655140072107315,0.0,0.0
12/03/2018,0.16067899763584137,0.0,0.0
12/04/2018,0.14928700029850006,0.0,0.0
12/05/2018,0.14782099425792694,0.0,0.0
12/06/2018,0.13559100031852722,0.0,0.0
12/07/2018,0.1194709986448288,0.0,0.0
12/08/2018,0.11539100110530853,0.0,0.0
12/09/2018,0.11860000342130661,0.0,0.0
12/10/2018,0.12421800196170807,0.0,0.0
12/11/2018,0.11801700294017792,0.0,0.0
12/12/2018,0.11266399919986725,0.0,0.0
12/13/2018,0.11375399678945541,0.0,0.0
12/14/2018,0.10565599799156189,0.0,0.0
12/15/2018,0.09786699712276459,0.0,0.0
12/16/2018,0.09546999633312225,0.0,0.0
12/17/2018,0.09649000316858292,0.0,0.0
12/18/2018,0.10967099666595459,0.0,0.0
12/19/2018,0.11473099887371063,0.0,0.0
12/20/2018,0.11386500298976898,0.0,0.0
12/21/2018,0.12617899477481842,0.0,0.0
12/22/2018,0.11999700218439102,0.0,0.0
12/23/2018,0.12320800125598907,0.0,0.0
12/24/2018,0.12666800618171692,0.0,0.0
12/25/2018,0.1331229954957962,0.0,0.0
12/26/2018,0.12173499912023544,0.0,0.0
12/27/2018,0.12048699706792831,0.0,0.0
12/28/2018,0.11051300168037415,0.0,0.0
12/29/2018,0.12167699635028839,0.0,0.0
12/30/2018,0.11828400194644928,0.0,0.0
12/31/2018,0.11770900338888168,0.0,0.0
01/01/2019,0.1129319965839386,0.0,0.0
01/02/2019,0.1160539984703064,0.0,0.0
01/03/2019,0.11894600093364716,0.0,0.0
01/04/2019,0.1137780025601387,0.0,0.0
01/05/2019,0.11512800306081772,0.0,0.0
01/06/2019,0.1140730008482933,0.0,0.0
01/07/2019,0.12030299752950668,0.0,0.0
01/08/2019,0.123259998857975,0.0,0.0
01/09/2019,0.12321300059556961,0.0,0.0
01/10/2019,0.12382999807596207,0.0,0.0
01/11/2019,0.10877600312232971,0.0,0.0
01/12/2019,0.10726899653673172,0.0,0.0
01/13/2019,0.1067579984664917,0.0,0.0
01/14/2019,0.10364899784326553,0.0,0.0
01/15/2019,0.1094219982624054,0.0,0.0
01/16/2019,0.10583700239658356,0.0,0.0
01/17/2019,0.10670799762010574,0.0,0.0
01/18/2019,0.10831200331449509,0.0,0.0
01/19/2019,0.10686299949884415,0.0,0.0
01/20/2019,0.108194999396801,0.0,0.0
01/21/2019,0.10468299686908722,0.0,0.0
01/22/2019,0.10365000367164612,0.0,0.0
01/23/2019,0.10413400083780289,0.0,0.0
01/24/2019,0.1023700013756752,0.0,0.0
01/25/2019,0.10196900367736816,0.0,0.0
01/26/2019,0.10168900340795517,0.0,0.0
01/27/2019,0.09988799691200256,0.0,0.0
01/28/2019,0.09638699889183044,0.0,0.0
01/29/2019,0.08832299709320068,0.0,0.0
01/30/2019,0.08371700346469879,0.0,0.0
01/31/2019,0.08565499633550644,0.0,0.0
02/01/2019,0.08280300348997116,0.0,0.0
02/02/2019,0.0832889974117279,0.0,0.0
02/03/2019,0.08308299630880356,0.0,0.0
02/04/2019,0.08129599690437317,0.0,0.0
02/05/2019,0.07958099991083145,0.0,0.0
02/06/2019,0.07806400209665298,0.0,0.0
02/07/2019,0.07449399679899216,0.0,0.0
02/08/2019,0.07471700012683868,0.0,0.0
02/09/2019,0.08124200254678726,0.0,0.0
02/10/2019,0.08089400082826614,0.0,0.0
02/11/2019,0.080656997859478,0.0,0.0
02/12/2019,0.07757200300693512,0.0,0.0
02/13/2019,0.07766100019216537,0.0,0.0
02/14/2019,0.0769760012626648,0.0,0.0
02/15/2019,0.076664999127388,0.0,0.0
02/16/2019,0.07920700311660767,0.0,0.0
02/17/2019,0.07840999960899353,0.0,0.0
02/18/2019,0.07960300147533417,0.0,0.0
02/19/2019,0.08381599932909012,0.0,0.0
02/20/2019,0.09002900123596191,0.0,0.0
02/21/2019,0.09178999811410904,0.0,0.0
02/22/2019,0.08894699811935425,0.0,0.0
02/23/2019,0.0907210037112236,0.0,0.0
02/24/2019,0.09438599646091461,0.0,0.0
02/25/2019,0.08389700204133987,0.0,0.0
02/26/2019,0.08716999739408493,0.0,0.0
02/27/2019,0.08692800253629684,0.0,0.0
02/28/2019,0.08601400256156921,0.0,0.0
03/01/2019,0.08550500124692917,0.0,0.0
03/02/2019,0.08585800230503082,0.0,0.0
03/03/2019,0.08430299907922745,0.0,0.0
03/04/2019,0.0869240015745163,0.0,0.0
03/05/2019,0.08350399881601334,0.0,0.0
03/06/2019,0.08633799850940704,0.0,0.0
03/07/2019,0.0855339989066124,0.0,0.0
03/08/2019,0.08560799807310104,0.0,0.0
03/09/2019,0.08703800290822983,0.0,0.0
03/10/2019,0.09005499631166458,0.0,0.0
03/11/2019,0.09986499696969986,0.0,0.0
03/12/2019,0.10232199728488922,0.0,0.0
03/13/2019,0.10451199859380722,0.0,0.0
03/14/2019,0.10810299962759018,0.0,0.0
03/15/2019,0.10721000283956528,0.0,0.0
03/16/2019,0.10783600062131882,0.0,0.0
03/17/2019,0.10958400368690491,0.0,0.0
03/18/2019,0.10948599874973297,0.0,0.0
03/19/2019,0.11619800329208374,0.0,0.0
03/20/2019,0.11358600109815598,0.0,0.0
03/21/2019,0.11150500178337097,0.0,0.0
03/22/2019,0.10794799774885178,0.0,0.0
03/23/2019,0.10852000117301941,0.0,0.0
03/24/2019,0.10794399678707123,0.0,0.0
03/25/2019,0.10610699653625488,0.0,0.0
03/26/2019,0.10248500108718872,0.0,0.0
03/27/2019,0.10338100045919418,0.0,0.0
03/28/2019,0.10801699757575989,0.0,0.0
03/29/2019,0.10741599649190903,0.0,0.0
03/30/2019,0.10757800191640854,0.0,0.0
03/31/2019,0.10742300003767014,0.0,0.0
04/01/2019,0.10764200240373611,0.0,0.0
04/02/2019,0.10962799936532974,0.0,0.0
04/03/2019,0.12185899913311005,0.0,0.0
04/04/2019,0.12131399661302567,0.0,0.0
04/05/2019,0.11879000067710876,0.0,0.0
04/06/2019,0.12637799978256226,0.0,0.0
04/07/2019,0.12470699846744537,0.0,0.0
04/08/2019,0.13049499690532684,0.0,0.0
04/09/2019,0.13201500475406647,0.0,0.0
04/10/2019,0.12536199390888214,0.0,0.0
04/11/2019,0.12548500299453735,0.0,0.0
04/12/2019,0.11674699932336807,0.0,0.0
04/13/2019,0.1145860031247139,0.0,0.0
04/14/2019,0.11591800302267075,0.0,0.0
04/15/2019,0.11664699763059616,0.0,0.0
04/16/2019,0.11364000290632248,0.0,0.0
04/17/2019,0.11751200258731842,0.0,0.0
04/18/2019,0.11665499955415726,0.0,0.0
04/19/2019,0.11727699637413025,0.0,0.0
04/20/2019,0.11582700163125992,0.0,0.0
04/21/2019,0.1154789999127388,0.0,0.0
04/22/2019,0.11243800073862076,0.0,0.0
04/23/2019,0.11349999904632568,0.0,0.0
04/24/2019,0.11179299652576447,0.0,0.0
04/25/2019,0.10328400135040283,0.0,0.0
04/26/2019,0.09912700206041336,0.0,0.0
04/27/2019,0.09922300279140472,0.0,0.0
04/28/2019,0.09999199956655502,0.0,0.0
04/29/2019,0.0987360030412674,0.0,0.0
04/30/2019,0.09643799811601639,0.0,0.0
05/01/2019,0.09987899661064148,0.0,0.0
05/02/2019,0.10144100338220596,0.0,0.0
05/03/2019,0.10023999959230423,0.0,0.0
05/04/2019,0.10226500034332275,0.0,0.0
05/05/2019,0.09976299852132797,0.0,0.0
05/06/2019,0.09904400259256363,0.0,0.0
05/07/2019,0.09761399775743484,0.0,0.0
05/08/2019,0.09490799903869629,0.0,0.0
05/09/2019,0.09369099885225296,0.0,0.0
05/10/2019,0.0902710035443306,0.0,0.0
05/11/2019,0.09242399781942368,0.0,0.0
05/12/2019,0.10412800312042236,0.0,0.0
05/13/2019,0.0989530012011528,0.0,0.0
05/14/2019,0.1004360020160675,0.0,0.0
05/15/2019,0.11309599876403809,0.0,0.0
05/16/2019,0.13717199862003326,0.0,0.0
05/17/2019,0.13721300661563873,0.0,0.0
05/18/2019,0.12822400033473969,0.0,0.0
05/19/2019,0.12874600291252136,0.0,0.0
05/20/2019,0.14146199822425842,0.0,0.0
05/21/2019,0.13557599484920502,0.0,0.0
05/22/2019,0.13426700234413147,0.0,0.0
05/23/2019,0.12424000352621078,0.0,0.0
05/24/2019,0.12519000470638275,0.0,0.0
05/25/2019,0.1260010004043579,0.0,0.0
05/26/2019,0.12579600512981415,0.0,0.0
05/27/2019,0.13326500356197357,0.0,0.0
05/28/2019,0.13684099912643433,0.0,0.0
05/29/2019,0.13903899490833282,0.0,0.0
05/30/2019,0.1365250051021576,0.0,0.0
05/31/2019,0.13008800148963928,0.0,0.0
06/01/2019,0.13364499807357788,0.0,0.0
06/02/2019,0.13312600553035736,0.0,0.0
06/03/2019,0.13752399384975433,0.0,0.0
06/04/2019,0.13005399703979492,0.0,0.0
06/05/2019,0.12210100144147873,0.0,0.0
06/06/2019,0.12123599648475647,0.0,0.0
06/07/2019,0.12434700131416321,0.0,0.0
06/08/2019,0.1274999976158142,0.0,0.0
06/09/2019,0.1261579990386963,0.0,0.0
06/10/2019,0.11981099843978882,0.0,0.0
06/11/2019,0.12398400157690048,0.0,0.0
06/12/2019,0.12289399653673172,0.0,0.0
06/13/2019,0.12637299299240112,0.0,0.0
06/14/2019,0.12476400285959244,0.0,0.0
06/15/2019,0.12526200711727142,0.0,0.0
06/16/2019,0.1266849935054779,0.0,0.0
06/17/2019,0.12974800169467926,0.0,0.0
06/18/2019,0.1310579925775528,0.0,0.0
06/19/2019,0.1245260015130043,0.0,0.0
06/20/2019,0.1243550032377243,0.0,0.0
06/21/2019,0.12148299813270569,0.0,0.0
06/22/2019,0.12419600039720535,0.0,0.0
06/23/2019,0.12909600138664246,0.0,0.0
06/24/2019,0.12747199833393097,0.0,0.0
06/25/2019,0.1277730017900467,0.0,0.0
06/26/2019,0.1244800016283989,0.0,0.0
06/27/2019,0.12268999963998795,0.0,0.0
06/28/2019,0.10750800371170044,0.0,0.0
06/29/2019,0.11203700304031372,0.0,0.0
06/30/2019,0.11513099819421768,0.0,0.0
07/01/2019,0.10438700020313263,0.0,0.0
07/02/2019,0.10521099716424942,0.0,0.0
07/03/2019,0.10336600244045258,0.0,0.0
07/04/2019,0.10673999786376953,0.0,0.0
07/05/2019,0.09968999773263931,0.0,0.0
07/06/2019,0.09989199787378311,0.0,0.0
07/07/2019,0.10292699933052063,0.0,0.0
07/08/2019,0.10499399900436401,0.0,0.0
07/09/2019,0.10508199781179428,0.0,0.0
07/10/2019,0.10183600336313248,0.0,0.0
07/11/2019,0.09506899863481522,0.0,0.0
07/12/2019,0.08702400326728821,0.0,0.0
07/13/2019,0.0979589968919754,0.0,0.0
07/14/2019,0.09569600224494934,0.0,0.0
07/15/2019,0.08623699843883514,0.0,0.0
07/16/2019,0.08644600212574005,0.0,0.0
07/17/2019,0.07820499688386917,0.0,0.0
07/18/2019,0.08065599948167801,0.0,0.0
07/19/2019,0.08884300291538239,0.0,0.0
07/20/2019,0.09380199760198593,0.0,0.0
07/21/2019,0.09501300007104874,0.0,0.0
07/22/2019,0.09120800346136093,0.0,0.0
07/23/2019,0.0888110026717186,0.0,0.0
07/24/2019,0.08445999771356583,0.0,0.0
07/25/2019,0.08607500046491623,0.0,0.0
07/26/2019,0.08568199723958969,0.0,0.0
07/27/2019,0.08794199675321579,0.0,0.0
07/28/2019,0.08434399962425232,0.0,0.0
07/29/2019,0.08358599990606308,0.0,0.0
07/30/2019,0.08350999653339386,0.0,0.0
07/31/2019,0.08353699743747711,0.0,0.0
08/01/2019,0.08398299664258957,0.0,0.0
08/02/2019,0.08305700123310089,0.0,0.0
08/03/2019,0.0819770023226738,0.0,0.0
08/04/2019,0.08240599930286407,0.0,0.0
08/05/2019,0.08210299909114838,0.0,0.0
08/06/2019,0.08268199861049652,0.0,0.0
08/07/2019,0.07821899652481079,0.0,0.0
08/08/2019,0.07863499969244003,0.0,0.0
08/09/2019,0.07684499770402908,0.0,0.0
08/10/2019,0.07223200052976608,0.0,0.0
08/11/2019,0.07374799996614456,0.0,0.0
08/12/2019,0.077844999730587,0.0,0.0
08/13/2019,0.07539399713277817,0.0,0.0
08/14/2019,0.07417800277471542,0.0,0.0
08/15/2019,0.06919799745082855,0.0,0.0
08/16/2019,0.07027799636125565,0.0,0.0
08/17/2019,0.06893700361251831,0.0,0.0
08/18/2019,0.06792599707841873,0.0,0.0
08/19/2019,0.07078900188207626,0.0,0.0
08/20/2019,0.07182899862527847,0.0,0.0
08/21/2019,0.07030899822711945,0.0,0.0
08/22/2019,0.0676560029387474,0.0,0.0
08/23/2019,0.06615100055932999,0.0,0.0
08/24/2019,0.06896299868822098,0.0,0.0
08/25/2019,0.06725399941205978,0.0,0.0
08/26/2019,0.0715470016002655,0.0,0.0
08/27/2019,0.0702110007405281,0.0,0.0
08/28/2019,0.06876900047063828,0.0,0.0
08/29/2019,0.0664059966802597,0.0,0.0
08/30/2019,0.06305400282144547,0.0,0.0
08/31/2019,0.06230400130152702,0.0,0.0
09/01/2019,0.06293399631977081,0.0,0.0
09/02/2019,0.062470000237226486,0.0,0.0
09/03/2019,0.06325200200080872,0.0,0.0
09/04/2019,0.06322299689054489,0.0,0.0
09/05/2019,0.062189001590013504,0.0,0.0
09/06/2019,0.06046599894762039,0.0,0.0
09/07/2019,0.05859500169754028,0.0,0.0
09/08/2019,0.0595880001783371,0.0,0.0
09/09/2019,0.06089099869132042,0.0,0.0
09/10/2019,0.059822000563144684,0.0,0.0
09/11/2019,0.05838700011372566,0.0,0.0
09/12/2019,0.0598520003259182,0.0,0.0
09/13/2019,0.055580999702215195,0.0,0.0
09/14/2019,0.05687100067734718,0.0,0.0
09/15/2019,0.05775799974799156,0.0,0.0
09/16/2019,0.058171000331640244,0.0,0.0
09/17/2019,0.058639999479055405,0.0,0.0
09/18/2019,0.06364999711513519,0.0,0.0
09/19/2019,0.08313199877738953,0.0,0.0
09/20/2019,0.08142399787902832,0.0,0.0
09/21/2019,0.07389699667692184,0.0,0.0
09/22/2019,0.07120399922132492,0.0,0.0
09/23/2019,0.06896799802780151,0.0,0.0
09/24/2019,0.0627100020647049,0.0,0.0
09/25/2019,0.05432799831032753,0.0,0.0
09/26/2019,0.057016000151634216,0.0,0.0
09/27/2019,0.0585159994661808,0.0,0.0
09/28/2019,0.059797000139951706,0.0,0.0
09/29/2019,0.058671001344919205,0.0,0.0
09/30/2019,0.05810900032520294,0.0,0.0
10/01/2019,0.06154000014066696,0.0,0.0
10/02/2019,0.059080999344587326,0.0,0.0
10/03/2019,0.059769999235868454,0.0,0.0
10/04/2019,0.05882899835705757,0.0,0.0
10/05/2019,0.05905500054359436,0.0,0.0
10/06/2019,0.05904800072312355,0.0,0.0
10/07/2019,0.05907899886369705,0.0,0.0
10/08/2019,0.06138300150632858,0.0,0.0
10/09/2019,0.06188099831342697,0.0,0.0
10/10/2019,0.0633310005068779,0.0,0.0
10/11/2019,0.06202099844813347,0.0,0.0
10/12/2019,0.060787998139858246,0.0,0.0
10/13/2019,0.05959099903702736,0.0,0.0
10/14/2019,0.060187000781297684,0.0,0.0
10/15/2019,0.06491900235414505,0.0,0.0
10/16/2019,0.06431899964809418,0.0,0.0
10/17/2019,0.0624300017952919,0.0,0.0
10/18/2019,0.06453700363636017,0.0,0.0
10/19/2019,0.0637580007314682,0.0,0.0
10/20/2019,0.06310199946165085,0.0,0.0
10/21/2019,0.06325999647378922,0.0,0.0
10/22/2019,0.0640449970960617,0.0,0.0
10/23/2019,0.0629350021481514,0.0,0.0
10/24/2019,0.060058001428842545,0.0,0.0
10/25/2019,0.060642000287771225,0.0,0.0
10/26/2019,0.06374000012874603,0.0,0.0
10/27/2019,0.0625850036740303,0.0,0.0
10/28/2019,0.06454899907112122,0.0,0.0
10/29/2019,0.0647680014371872,0.0,0.0
10/30/2019,0.06627599895000458,0.0,0.0
10/31/2019,0.0646120011806488,0.0,0.0
11/01/2019,0.06518899649381638,0.0,0.0
11/02/2019,0.06921699643135071,0.0,0.0
11/03/2019,0.0712829977273941,0.0,0.0
11/04/2019,0.06916499882936478,0.0,0.0
11/05/2019,0.07681699842214584,0.0,0.0
11/06/2019,0.08223699778318405,0.0,0.0
11/07/2019,0.0783429965376854,0.0,0.0
11/08/2019,0.07500600069761276,0.0,0.0
11/09/2019,0.07184500247240067,0.0,0.0
11/10/2019,0.07287699729204178,0.0,0.0
11/11/2019,0.078234001994133,0.0,0.0
11/12/2019,0.07981300354003906,0.0,0.0
11/13/2019,0.0770919993519783,0.0,0.0
11/14/2019,0.07650599628686905,0.0,0.0
11/15/2019,0.07481600344181061,0.0,0.0
11/16/2019,0.0723470002412796,0.0,0.0
11/17/2019,0.07184799760580063,0.0,0.0
11/18/2019,0.07213299721479416,0.0,0.0
11/19/2019,0.06829100102186203,0.0,0.0
11/20/2019,0.06569100171327591,0.0,0.0
11/21/2019,0.06552200019359589,0.0,0.0
11/22/2019,0.061737000942230225,0.0,0.0
11/23/2019,0.059404999017715454,0.0,0.0
11/24/2019,0.06060200184583664,0.0,0.0
11/25/2019,0.056791000068187714,0.0,0.0
11/26/2019,0.05754199996590614,0.0,0.0
11/27/2019,0.058393001556396484,0.0,0.0
11/28/2019,0.05920799821615219,0.0,0.0
11/29/2019,0.058212000876665115,0.0,0.0
11/30/2019,0.05930599942803383,0.0,0.0
12/01/2019,0.0597510002553463,0.0,0.0
12/02/2019,0.058097999542951584,0.0,0.0
12/03/2019,0.05604200065135956,0.0,0.0
12/04/2019,0.05591699853539467,0.0,0.0
12/05/2019,0.05534699931740761,0.0,0.0
12/06/2019,0.055612001568078995,0.0,0.0
12/07/2019,0.055045001208782196,0.0,0.0
12/08/2019,0.05504100024700165,0.0,0.0
12/09/2019,0.056092001497745514,0.0,0.0
12/10/2019,0.05447600036859512,0.0,0.0
12/11/2019,0.05362100154161453,0.0,0.0
12/12/2019,0.052710000425577164,0.0,0.0
12/13/2019,0.052724000066518784,0.0,0.0
12/14/2019,0.0530720017850399,0.0,0.0
12/15/2019,0.051709000021219254,0.0,0.0
12/16/2019,0.05140199884772301,0.0,0.0
12/17/2019,0.04855800047516823,0.0,0.0
12/18/2019,0.04424599930644035,0.0,0.0
12/19/2019,0.04603299871087074,0.0,0.0
12/20/2019,0.04498500004410744,0.0,0.0
12/21/2019,0.04620400071144104,0.0,0.0
12/22/2019,0.04632199928164482,0.0,0.0
12/23/2019,0.04733999818563461,0.0,0.0
12/24/2019,0.04480699822306633,0.0,0.0
12/25/2019,0.04502899944782257,0.0,0.0
12/26/2019,0.04357200115919113,0.0,0.0
12/27/2019,0.04509200155735016,0.0,0.0
12/28/2019,0.04601500183343887,0.0,0.0
12/29/2019,0.045138001441955566,0.0,0.0
12/30/2019,0.046202998608350754,0.0,0.0
12/31/2019,0.046052999794483185,0.0,0.0
01/01/2020,0.045118000358343124,0.0,0.0
01/02/2020,0.04539800062775612,0.0,0.0
01/03/2020,0.04400099813938141,0.0,0.0
01/04/2020,0.04522699862718582,0.0,0.0
01/05/2020,0.04616500064730644,0.0,0.0
01/06/2020,0.04543200135231018,0.0,0.0
01/07/2020,0.049024999141693115,0.0,0.0
01/08/2020,0.04991599917411804,0.0,0.0
01/09/2020,0.04761600121855736,0.0,0.0
01/10/2020,0.046268001198768616,0.0,0.0
01/11/2020,0.0463780015707016,0.0,0.0
01/12/2020,0.04758000001311302,0.0,0.0
01/13/2020,0.048229001462459564,0.0,0.0
01/14/2020,0.04808500036597252,0.0,0.0
01/15/2020,0.05203999951481819,0.0,0.0
01/16/2020,0.05481699854135513,0.0,0.0
01/17/2020,0.05382800102233887,0.0,0.0
01/18/2020,0.05996999889612198,0.0,0.0
01/19/2020,0.06114400178194046,0.0,0.0
01/20/2020,0.05999099835753441,0.0,0.0
01/21/2020,0.06202499940991402,0.0,0.0
01/22/2020,0.06239499896764755,0.0,0.0
01/23/2020,0.05999499931931496,0.0,0.0
01/24/2020,0.059401001781225204,0.0,0.0
01/25/2020,0.05725700035691261,0.0,0.0
01/26/2020,0.05611100047826767,0.0,0.0
01/27/2020,0.05866000056266785,0.0,0.0
01/28/2020,0.059606000781059265,0.0,0.0
01/29/2020,0.06032700091600418,0.0,0.0
01/30/2020,0.06168200075626373,0.0,0.0
01/31/2020,0.06126900017261505,0.0,0.0
02/01/2020,0.061546001583337784,0.0,0.0
02/02/2020,0.06054199859499931,0.0,0.0
02/03/2020,0.0633850023150444,0.0,0.0
02/04/2020,0.06404999643564224,0.0,0.0
02/05/2020,0.06631900370121002,0.0,0.0
02/06/2020,0.06876300275325775,0.0,0.0
02/07/2020,0.07052599638700485,0.0,0.0
02/08/2020,0.07161299884319305,0.0,0.0
02/09/2020,0.0708170011639595,0.0,0.0
02/10/2020,0.07298900187015533,0.0,0.0
02/11/2020,0.07089000195264816,0.0,0.0
02/12/2020,0.07373200356960297,0.0,0.0
02/13/2020,0.08004000037908554,0.0,0.0
02/14/2020,0.08261699974536896,0.0,0.0
02/15/2020,0.0858130007982254,0.0,0.0
02/16/2020,0.07940100133419037,0.0,0.0
02/17/2020,0.07490400224924088,0.0,0.0
02/18/2020,0.07192099839448929,0.0,0.0
02/19/2020,0.07547000050544739,0.0,0.0
02/20/2020,0.07067599892616272,0.0,0.0
02/21/2020,0.0711280032992363,0.0,0.0
02/22/2020,0.07196400314569473,0.0,0.0
02/23/2020,0.06946899741888046,0.0,0.0
02/24/2020,0.07350700348615646,0.0,0.0
02/25/2020,0.06940899789333344,0.0,0.0
02/26/2020,0.06533999741077423,0.0,0.0
02/27/2020,0.05930300056934357,0.0,0.0
02/28/2020,0.060022998601198196,0.0,0.0
02/29/2020,0.05827900022268295,0.0,0.0
03/01/2020,0.05736299976706505,0.0,0.0
03/02/2020,0.05622199922800064,0.0,0.0
03/03/2020,0.0592229999601841,0.0,0.0
03/04/2020,0.058357998728752136,0.0,0.0
03/05/2020,0.05857599899172783,0.0,0.0
03/06/2020,0.05976499989628792,0.0,0.0
03/07/2020,0.06116500124335289,0.0,0.0
03/08/2020,0.05843200162053108,0.0,0.0
03/09/2020,0.05065099895000458,0.0,0.0
03/10/2020,0.05219800025224686,0.0,0.0
03/11/2020,0.05200599879026413,0.0,0.0
03/12/2020,0.05037900060415268,0.0,0.0
03/13/2020,0.03347599878907204,0.0,0.0
03/14/2020,0.03955499827861786,0.0,0.0
03/15/2020,0.03724600002169609,0.0,0.0
03/16/2020,0.03832000121474266,0.0,0.0
03/17/2020,0.03521699830889702,0.0,0.0
03/18/2020,0.03674200177192688,0.0,0.0
03/19/2020,0.03593999892473221,0.0,0.0
03/20/2020,0.04147399961948395,0.0,0.0
03/21/2020,0.03995800018310547,0.0,0.0
03/22/2020,0.03962299972772598,0.0,0.0
03/23/2020,0.0371909998357296,0.0,0.0
03/24/2020,0.039239998906850815,0.0,0.0
03/25/2020,0.04031199961900711,0.0,0.0
03/26/2020,0.04058099910616875,0.0,0.0
03/27/2020,0.042562998831272125,0.0,0.0
03/28/2020,0.041143998503685,0.0,0.0
03/29/2020,0.03995399922132492,0.0,0.0
03/30/2020,0.03810099884867668,0.0,0.0
03/31/2020,0.040196001529693604,0.0,0.0
04/01/2020,0.04085500165820122,0.0,0.0
04/02/2020,0.04077700152993202,0.0,0.0
04/03/2020,0.04132699966430664,0.0,0.0
04/04/2020,0.04141699895262718,0.0,0.0
04/05/2020,0.041944000869989395,0.0,0.0
04/06/2020,0.04349900037050247,0.0,0.0
04/07/2020,0.049504999071359634,0.0,0.0
04/08/2020,0.04833099991083145,0.0,0.0
04/09/2020,0.05102799832820892,0.0,0.0
04/10/2020,0.05200900137424469,0.0,0.0
04/11/2020,0.04785199835896492,0.0,0.0
04/12/2020,0.04954399913549423,0.0,0.0
04/13/2020,0.049529001116752625,0.0,0.0
04/14/2020,0.04833199828863144,0.0,0.0
04/15/2020,0.04800700023770332,0.0,0.0
04/16/2020,0.046365998685359955,0.0,0.0
04/18/2020,0.04904099926352501,0.0,0.0
04/19/2020,0.050498999655246735,0.0,0.0
04/20/2020,0.049199000000953674,0.0,0.0
04/21/2020,0.049924999475479126,0.0,0.0
04/22/2020,0.051208000630140305,0.0,0.0
04/23/2020,0.0548349991440773,0.0,0.0
04/24/2020,0.061824001371860504,0.0,0.0
04/25/2020,0.06161100044846535,0.0,0.0
04/26/2020,0.06200899928808212,0.0,0.0
04/27/2020,0.06208699941635132,0.0,0.0
04/28/2020,0.06727299839258194,0.0,0.0
04/29/2020,0.06904099881649017,0.0,0.0
04/30/2020,0.07238499820232391,0.0,0.0
05/01/2020,0.06778199970722198,0.0,0.0
05/02/2020,0.07310900092124939,0.0,0.0
05/03/2020,0.07557699829339981,0.0,0.0
05/04/2020,0.07308399677276611,0.0,0.0
05/05/2020,0.07374399900436401,0.0,0.0
05/06/2020,0.07238700240850449,0.0,0.0
05/07/2020,0.07119599729776382,0.0,0.0
05/08/2020,0.07236400246620178,0.0,0.0
05/09/2020,0.07292500138282776,0.0,0.0
05/10/2020,0.0719669982790947,0.0,0.0
05/11/2020,0.06430699676275253,0.0,0.0
05/12/2020,0.0627949982881546,0.0,0.0
05/13/2020,0.06992900371551514,0.0,0.0
05/14/2020,0.0696450024843216,0.0,0.0
05/15/2020,0.06908400356769562,0.0,0.0
05/16/2020,0.06740300357341766,0.0,0.0
05/17/2020,0.06796599924564362,0.0,0.0
05/18/2020,0.0690620020031929,0.0,0.0
05/19/2020,0.07005800306797028,0.0,0.0
05/20/2020,0.06940700113773346,0.0,0.0
05/21/2020,0.0709960013628006,0.0,0.0
05/22/2020,0.06672800332307816,0.0,0.0
05/23/2020,0.06815999746322632,0.0,0.0
05/24/2020,0.06754899770021439,0.0,0.0
05/25/2020,0.06464599817991257,0.0,0.0
05/26/2020,0.06621599942445755,0.0,0.0
05/27/2020,0.06511899828910828,0.0,0.0
05/28/2020,0.06629599630832672,0.0,0.0
05/29/2020,0.06882400065660477,0.0,0.0
05/30/2020,0.06784199923276901,0.0,0.0
05/31/2020,0.07239899784326553,0.0,0.0
06/01/2020,0.0706309974193573,0.0,0.0
06/02/2020,0.07541000097990036,0.0,0.0
06/03/2020,0.07934899628162384,0.0,0.0
06/04/2020,0.08270800113677979,0.0,0.0
06/05/2020,0.08240599930286407,0.0,0.0
06/06/2020,0.07949399948120117,0.0,0.0
06/07/2020,0.07986299693584442,0.0,0.0
06/08/2020,0.07897499948740005,0.0,0.0
06/09/2020,0.07998000085353851,0.0,0.0
06/10/2020,0.07853800058364868,0.0,0.0
06/11/2020,0.07871399819850922,0.0,0.0
06/12/2020,0.07142899930477142,0.0,0.0
06/13/2020,0.07299300283193588,0.0,0.0
06/14/2020,0.07438500225543976,0.0,0.0
06/15/2020,0.07141400128602982,0.0,0.0
06/16/2020,0.07102400064468384,0.0,0.0
06/17/2020,0.0713609978556633,0.0,0.0
06/18/2020,0.07190100103616714,0.0,0.0
06/19/2020,0.07094000279903412,0.0,0.0
06/20/2020,0.06927099823951721,0.0,0.0
06/21/2020,0.06983000040054321,0.0,0.0
06/22/2020,0.06875500082969666,0.0,0.0
06/23/2020,0.07188999652862549,0.0,0.0
06/24/2020,0.07129299640655518,0.0,0.0
06/25/2020,0.06931699812412262,0.0,0.0
06/26/2020,0.06785299628973007,0.0,0.0
06/27/2020,0.06708700209856033,0.0,0.0
06/28/2020,0.06318899989128113,0.0,0.0
06/29/2020,0.06446699798107147,0.0,0.0
06/30/2020,0.06507600098848343,0.0,0.0
07/01/2020,0.0671050027012825,0.0,0.0
07/02/2020,0.06852500140666962,0.0,0.0
07/03/2020,0.0684100016951561,0.0,0.0
07/04/2020,0.06723400205373764,0.0,0.0
07/05/2020,0.06785400211811066,0.0,0.0
07/06/2020,0.06717699766159058,0.0,0.0
07/07/2020,0.07167000323534012,0.0,0.0
07/08/2020,0.0732870027422905,0.0,0.0
07/09/2020,0.0848739966750145,0.0,0.0
07/10/2020,0.09052400290966034,0.0,0.0
07/11/2020,0.08892600238323212,0.0,0.0
07/12/2020,0.09433399885892868,0.0,0.0
07/13/2020,0.09500200301408768,0.0,0.0
07/14/2020,0.09021999686956406,0.0,0.0
07/15/2020,0.0919559970498085,0.0,0.0
07/16/2020,0.09406399726867676,0.0,0.0
07/17/2020,0.10075800120830536,0.0,0.0
07/18/2020,0.10377500206232071,0.0,0.0
07/19/2020,0.10070700198411942,0.0,0.0
07/20/2020,0.09989800304174423,0.0,0.0
07/21/2020,0.09459999948740005,0.0,0.0
07/22/2020,0.09617000073194504,0.0,0.0
07/23/2020,0.09726099669933319,0.0,0.0
07/24/2020,0.09776400029659271,0.0,0.0
07/25/2020,0.09566199779510498,0.0,0.0
07/26/2020,0.10011500120162964,0.0,0.0
07/27/2020,0.0986810028553009,0.0,0.0
07/28/2020,0.09452900290489197,0.0,0.0
07/29/2020,0.09697700291872025,0.0,0.0
07/30/2020,0.09530200064182281,0.0,0.0
07/31/2020,0.09667100012302399,0.0,0.0
08/01/2020,0.09693100303411484,0.0,0.0
08/02/2020,0.1070059984922409,0.0,0.0
08/03/2020,0.10264000296592712,0.0,0.0
08/04/2020,0.10505600273609161,0.0,0.0
08/05/2020,0.1099110022187233,0.0,0.0
08/06/2020,0.10786300152540207,0.0,0.0
08/07/2020,0.10642699897289276,0.0,0.0
08/08/2020,0.10317700356245041,0.0,0.0
08/09/2020,0.10315100103616714,0.0,0.0
08/10/2020,0.10518600046634674,0.0,0.0
08/11/2020,0.10602600127458572,0.0,0.0
08/12/2020,0.1009650006890297,0.0,0.0
08/13/2020,0.10214599967002869,0.0,0.0
08/14/2020,0.1021760031580925,0.0,0.0
08/15/2020,0.10498800128698349,0.0,0.0
08/16/2020,0.10676199942827225,0.0,0.0
08/17/2020,0.11461900174617767,0.0,0.0
08/18/2020,0.11364900320768356,0.0,0.0
08/19/2020,0.10880299657583237,0.0,0.0
08/20/2020,0.10251999646425247,0.0,0.0
08/21/2020,0.10722800344228745,0.0,0.0
08/22/2020,0.10043899714946747,0.0,0.0
08/23/2020,0.10239899903535843,0.0,0.0
08/24/2020,0.10297299921512604,0.0,0.0
08/25/2020,0.10351800173521042,0.0,0.0
08/26/2020,0.09807900339365005,0.0,0.0
08/27/2020,0.09836199879646301,0.0,0.0
08/28/2020,0.09392599761486053,0.0,0.0
08/29/2020,0.09579700231552124,0.0,0.0
08/30/2020,0.09671299904584885,0.0,0.0
08/31/2020,0.09831500053405762,0.0,0.0
09/01/2020,0.09728299826383591,0.0,0.0
09/02/2020,0.09935200214385986,0.0,0.0
09/03/2020,0.09260399639606476,0.0,0.0
09/04/2020,0.07931400090456009,0.0,0.0
09/05/2020,0.08137399703264236,0.0,0.0
09/06/2020,0.07551199942827225,0.0,0.0
09/07/2020,0.07785899937152863,0.0,0.0
09/08/2020,0.07868299633264542,0.0,0.0
09/09/2020,0.07754000276327133,0.0,0.0
09/10/2020,0.07861199975013733,0.0,0.0
09/11/2020,0.081324003636837,0.0,0.0
09/12/2020,0.08389099687337875,0.0,0.0
09/13/2020,0.0841049998998642,0.0,0.0
09/14/2020,0.08006399869918823,0.0,0.0
09/15/2020,0.080485999584198,0.0,0.0
09/16/2020,0.07829599827528,0.0,0.0
09/17/2020,0.08030399680137634,0.0,0.0
09/18/2020,0.080424003303051,0.0,0.0
09/19/2020,0.07847599685192108,0.0,0.0
09/20/2020,0.0789790004491806,0.0,0.0
09/21/2020,0.07741899788379669,0.0,0.0
09/22/2020,0.07066299766302109,0.0,0.0
09/23/2020,0.07198700308799744,0.0,0.0
09/24/2020,0.06775400042533875,0.0,0.0
09/25/2020,0.07061299681663513,0.0,0.0
09/26/2020,0.07471899688243866,0.0,0.0
09/27/2020,0.07422900199890137,0.0,0.0
09/28/2020,0.0736289992928505,0.0,0.0
09/29/2020,0.0736669972538948,0.0,0.0
09/30/2020,0.07441499829292297,0.0,0.0
10/01/2020,0.07506900280714035,0.0,0.0
10/02/2020,0.07339700311422348,0.0,0.0
10/03/2020,0.07129400223493576,0.0,0.0
10/04/2020,0.07151000201702118,0.0,0.0
10/05/2020,0.07329100370407104,0.0,0.0
10/06/2020,0.07358899712562561,0.0,0.0
10/07/2020,0.07264500111341476,0.0,0.0
10/08/2020,0.07258500158786774,0.0,0.0
10/10/2020,0.0750960037112236,0.0,0.0
10/11/2020,0.07735099643468857,0.0,0.0
10/14/2020,0.07636599987745285,0.0,0.0
10/15/2020,0.07419899851083755,0.0,0.0
10/16/2020,0.0740479975938797,0.0,0.0
10/17/2020,0.07895399630069733,0.0,0.0
10/18/2020,0.08174200356006622,0.0,0.0
10/19/2020,0.07958099991083145,0.0,0.0
10/20/2020,0.08528299629688263,0.0,0.0
10/21/2020,0.08091499656438828,0.0,0.0
10/22/2020,0.0837400034070015,0.0,0.0
10/23/2020,0.08544199913740158,0.0,0.0
10/24/2020,0.08379600197076797,0.0,0.0
10/25/2020,0.08543699979782104,0.0,0.0
10/26/2020,0.08314300328493118,0.0,0.0
10/27/2020,0.08090600371360779,0.0,0.0
10/28/2020,0.08180899918079376,0.0,0.0
10/29/2020,0.07859200239181519,0.0,0.0
10/30/2020,0.07745400071144104,0.0,0.0
10/31/2020,0.07676299661397934,0.0,0.0
11/01/2020,0.07767300307750702,0.0,0.0
11/02/2020,0.0784749984741211,0.0,0.0
11/03/2020,0.07565999776124954,0.0,0.0
11/04/2020,0.07531999796628952,0.0,0.0
11/05/2020,0.07459399849176407,0.0,0.0
11/06/2020,0.08016800135374069,0.0,0.0
11/07/2020,0.08387400209903717,0.0,0.0
11/08/2020,0.07961399853229523,0.0,0.0
11/09/2020,0.08154000341892242,0.0,0.0
11/10/2020,0.07968699932098389,0.0,0.0
11/11/2020,0.07982700318098068,0.0,0.0
11/12/2020,0.08068899810314178,0.0,0.0
11/13/2020,0.08066300302743912,0.0,0.0
11/14/2020,0.08231800049543381,0.0,0.0
11/15/2020,0.08115799725055695,0.0,0.0
11/16/2020,0.08029399812221527,0.0,0.0
11/17/2020,0.08396200090646744,0.0,0.0
11/18/2020,0.08607199788093567,0.0,0.0
11/19/2020,0.08361600339412689,0.0,0.0
11/20/2020,0.08390799909830093,0.0,0.0
11/21/2020,0.08830700069665909,0.0,0.0
11/22/2020,0.10840500146150589,0.0,0.0
11/23/2020,0.10352600365877151,0.0,0.0
11/24/2020,0.13065099716186523,0.0,0.0
11/25/2020,0.19505800306797028,0.0,0.0
11/26/2020,0.19496199488639832,0.0,0.0
11/27/2020,0.1678050011396408,0.0,0.0
11/28/2020,0.20666000247001648,0.0,0.0
11/29/2020,0.2002979964017868,0.0,0.0
11/30/2020,0.1941950023174286,0.0,0.0
12/01/2020,0.20216000080108643,0.0,0.0
12/02/2020,0.18447299301624298,0.0,0.0
12/03/2020,0.18524900078773499,0.0,0.0
12/04/2020,0.18432800471782684,0.0,0.0
12/05/2020,0.1627029925584793,0.0,0.0
12/06/2020,0.17172999680042267,0.0,0.0
12/07/2020,0.17563199996948242,0.0,0.0
12/08/2020,0.16847099363803864,0.0,0.0
12/09/2020,0.15277400612831116,0.0,0.0
12/10/2020,0.1722950041294098,0.0,0.0
12/11/2020,0.1611119955778122,0.0,0.0
12/12/2020,0.15113100409507751,0.0,0.0
12/13/2020,0.15895900130271912,0.0,0.0
12/14/2020,0.17520099878311157,0.0,0.0
12/15/2020,0.16978800296783447,0.0,0.0
12/16/2020,0.1665019989013672,0.0,0.0
12/17/2020,0.19126999378204346,0.0,0.0
12/18/2020,0.18597100675106049,0.0,0.0
12/19/2020,0.18507200479507446,0.0,0.0
12/20/2020,0.18183200061321259,0.0,0.0
12/21/2020,0.17697399854660034,0.0,0.0
12/22/2020,0.16617800295352936,0.0,0.0
12/23/2020,0.16221299767494202,0.0,0.0
12/24/2020,0.12681999802589417,0.0,0.0
12/25/2020,0.15919500589370728,0.0,0.0
12/26/2020,0.15251900255680084,0.0,0.0
12/27/2020,0.14704400300979614,0.0,0.0
12/28/2020,0.1450989991426468,0.0,0.0
12/29/2020,0.14435899257659912,0.0,0.0
12/30/2020,0.13876000046730042,0.0,0.0
12/31/2020,0.1319890022277832,0.0,0.0
01/01/2021,0.12832100689411163,0.0,0.0
01/02/2021,0.1324709951877594,0.0,0.0
01/03/2021,0.12784700095653534,0.0,0.0
01/04/2021,0.13664400577545166,0.0,0.0
01/05/2021,0.16509400308132172,0.0,0.0
01/06/2021,0.19467100501060486,0.0,0.0
01/07/2021,0.3431580066680908,0.0,0.0
01/08/2021,0.3156229853630066,0.0,0.0
01/09/2021,0.30270999670028687,0.0,0.0
01/10/2021,0.3121660053730011,0.0,0.0
01/11/2021,0.288331001996994,0.0,0.0
01/12/2021,0.27209898829460144,0.0,0.0
01/13/2021,0.28151801228523254,0.0,0.0
01/14/2021,0.30419498682022095,0.0,0.0
01/15/2021,0.30269700288772583,0.0,0.0
01/16/2021,0.2847859859466553,0.0,0.0
01/17/2021,0.29190799593925476,0.0,0.0
01/18/2021,0.3033660054206848,0.0,0.0
01/19/2021,0.30375200510025024,0.0,0.0
01/20/2021,0.2990899980068207,0.0,0.0
01/21/2021,0.2943969964981079,0.0,0.0
01/22/2021,0.25239500403404236,0.0,0.0
01/23/2021,0.2699339985847473,0.0,0.0
01/24/2021,0.26968398690223694,0.0,0.0
01/25/2021,0.2714729905128479,0.0,0.0
01/26/2021,0.262006014585495,0.0,0.0
01/27/2021,0.26159998774528503,0.0,0.0
01/28/2021,0.23892100155353546,0.0,0.0
01/29/2021,0.3044250011444092,0.0,0.0
01/30/2021,0.29414400458335876,0.0,0.0
01/31/2021,0.3249930143356323,0.0,0.0
02/01/2021,0.30574899911880493,0.0,0.0
02/02/2021,0.3218429982662201,0.0,0.0
02/03/2021,0.3368990123271942,0.0,0.0
02/04/2021,0.34219399094581604,0.0,0.0
02/05/2021,0.32513898611068726,0.0,0.0
02/06/2021,0.3492859899997711,0.0,0.0
02/07/2021,0.37604600191116333,0.0,0.0
02/08/2021,0.38333800435066223,0.0,0.0
02/09/2021,0.3952629864215851,0.0,0.0
02/10/2021,0.39662298560142517,0.0,0.0
02/11/2021,0.41179099678993225,0.0,0.0
02/12/2021,0.4528999924659729,0.0,0.0
02/13/2021,0.5268539786338806,0.0,0.0
02/14/2021,0.5609210133552551,0.0,0.0
02/15/2021,0.5164160132408142,0.0,0.0
02/16/2021,0.4934450089931488,0.0,0.0
02/17/2021,0.4865269958972931,0.0,0.0
02/18/2021,0.4968309998512268,0.0,0.0
02/19/2021,0.49759700894355774,0.0,0.0
02/20/2021,0.5135440230369568,0.0,0.0
02/21/2021,0.48737001419067383,0.0,0.0
02/22/2021,0.4986259937286377,0.0,0.0
02/23/2021,0.46654200553894043,0.0,0.0
02/24/2021,0.3867950141429901,0.0,0.0
02/25/2021,0.40708398818969727,0.0,0.0
02/26/2021,0.3822050094604492,0.0,0.0
02/27/2021,0.40101999044418335,0.0,0.0
02/28/2021,0.4415130019187927,0.0,0.0
03/01/2021,0.4069420099258423,0.0,0.0
03/02/2021,0.4304090142250061,0.0,0.0
03/03/2021,0.42012399435043335,0.0,0.0
03/04/2021,0.4218760132789612,0.0,0.0
03/05/2021,0.41279199719429016,0.0,0.0
03/06/2021,0.4058609902858734,0.0,0.0
03/07/2021,0.4033600091934204,0.0,0.0
03/08/2021,0.412990003824234,0.0,0.0
03/09/2021,0.4174889922142029,0.0,0.0
03/10/2021,0.43233001232147217,0.0,0.0
03/11/2021,0.4103879928588867,0.0,0.0
03/12/2021,0.40615901350975037,0.0,0.0
03/13/2021,0.38794100284576416,0.0,0.0
03/14/2021,0.408053994178772,0.0,0.0
03/15/2021,0.3913779854774475,0.0,0.0
03/16/2021,0.3853369951248169,0.0,0.0
03/17/2021,0.39580100774765015,0.0,0.0
03/18/2021,0.40469199419021606,0.0,0.0
03/19/2021,0.3974510133266449,0.0,0.0
03/20/2021,0.39828601479530334,0.0,0.0
03/21/2021,0.417620986700058,0.0,0.0
03/22/2021,0.4049820005893707,0.0,0.0
03/23/2021,0.39663299918174744,0.0,0.0
03/24/2021,0.3999350070953369,0.0,0.0
03/25/2021,0.3684000074863434,0.0,0.0
03/26/2021,0.3659999966621399,0.0,0.0
03/27/2021,0.38745999336242676,0.0,0.0
03/28/2021,0.38472801446914673,0.0,0.0
03/29/2021,0.39977899193763733,0.0,0.0
03/30/2021,0.4078029990196228,0.0,0.0
03/31/2021,0.4059099853038788,0.0,0.0
04/01/2021,0.41113799810409546,0.0,0.0
04/02/2021,0.4323889911174774,0.0,0.0
04/03/2021,0.44604000449180603,0.0,0.0
04/04/2021,0.4180450141429901,0.0,0.0
04/05/2021,0.4378269910812378,0.0,0.0
04/06/2021,0.5390740036964417,0.0,0.0
04/07/2021,0.5431259870529175,0.0,0.0
04/08/2021,0.4736950099468231,0.0,0.0
04/09/2021,0.507053017616272,0.0,0.0
04/10/2021,0.48693498969078064,0.0,0.0
04/11/2021,0.5625929832458496,0.0,0.0
04/12/2021,0.5852720141410828,0.0,0.0
04/13/2021,0.5902659893035889,0.0,0.0
04/14/2021,0.6554710268974304,0.0,0.0
04/15/2021,0.6366459727287292,0.0,0.0
04/16/2021,0.6404989957809448,0.0,0.0
04/17/2021,0.6114680171012878,0.0,0.0
04/18/2021,0.5985810160636902,0.0,0.0
04/19/2021,0.5455939769744873,0.0,0.0
04/20/2021,0.4996579885482788,0.0,0.0
04/21/2021,0.5294349789619446,0.0,0.0
04/22/2021,0.4906199872493744,0.0,0.0
04/23/2021,0.45024600625038147,0.0,0.0
04/24/2021,0.45102301239967346,0.0,0.0
04/25/2021,0.4253830015659332,0.0,0.0
04/26/2021,0.4166580140590668,0.0,0.0
04/27/2021,0.4865629971027374,0.0,0.0
04/28/2021,0.5098580121994019,0.0,0.0
04/29/2021,0.4975230097770691,0.0,0.0
04/30/2021,0.49198099970817566,0.0,0.0
05/01/2021,0.5295140147209167,0.0,0.0
05/02/2021,0.540107011795044,0.0,0.0
05/03/2021,0.5555499792098999,0.0,0.0
05/04/2021,0.5510810017585754,0.0,0.0
05/05/2021,0.5019469857215881,0.0,0.0
05/06/2021,0.6057149767875671,0.0,0.0
05/07/2021,0.6498119831085205,0.0,0.0
05/08/2021,0.6308609843254089,0.0,0.0
05/09/2021,0.6149150133132935,0.0,0.0
05/10/2021,0.6279090046882629,0.0,0.0
05/11/2021,0.6574289798736572,0.0,0.0
05/12/2021,0.7331219911575317,0.0,0.0
05/13/2021,0.5926929712295532,0.0,0.0
05/14/2021,0.6499159932136536,0.0,0.0
05/15/2021,0.666113018989563,0.0,0.0
05/16/2021,0.6812639832496643,0.0,0.0
05/17/2021,0.7113209962844849,0.0,0.0
05/18/2021,0.6426540017127991,0.0,0.0
05/19/2021,0.6468679904937744,0.0,0.0
05/20/2021,0.4455449879169464,0.0,0.0
05/21/2021,0.49583700299263,0.0,0.0
05/22/2021,0.41991499066352844,0.0,0.0
05/23/2021,0.3897779881954193,0.0,0.0
05/24/2021,0.3650830090045929,0.0,0.0
05/25/2021,0.4396829903125763,0.0,0.0
05/26/2021,0.43008100986480713,0.0,0.0
05/27/2021,0.4446359872817993,0.0,0.0
05/28/2021,0.4201430082321167,0.0,0.0
05/29/2021,0.3993400037288666,0.0,0.0
05/30/2021,0.3672589957714081,0.0,0.0
05/31/2021,0.3749530017375946,0.0,0.0
06/01/2021,0.4026530086994171,0.0,0.0
06/02/2021,0.41851499676704407,0.0,0.0
06/03/2021,0.41910499334335327,0.0,0.0
06/04/2021,0.42561501264572144,0.0,0.0
06/05/2021,0.3852219879627228,0.0,0.0
06/06/2021,0.37549498677253723,0.0,0.0
06/07/2021,0.3813129961490631,0.0,0.0
06/08/2021,0.3468460142612457,0.0,0.0
06/09/2021,0.34970301389694214,0.0,0.0
06/10/2021,0.36561301350593567,0.0,0.0
06/11/2021,0.33939000964164734,0.0,0.0
06/12/2021,0.3186030089855194,0.0,0.0
06/13/2021,0.3282240033149719,0.0,0.0
06/14/2021,0.3449710011482239,0.0,0.0
06/15/2021,0.3440279960632324,0.0,0.0
06/16/2021,0.3341740071773529,0.0,0.0
06/17/2021,0.3178279995918274,0.0,0.0
06/18/2021,0.3179439902305603,0.0,0.0
06/19/2021,0.29774200916290283,0.0,0.0
06/20/2021,0.2900710105895996,0.0,0.0
06/21/2021,0.29746198654174805,0.0,0.0
06/22/2021,0.23621900379657745,0.0,0.0
06/23/2021,0.23497000336647034,0.0,0.0
06/24/2021,0.2559260129928589,0.0,0.0
06/25/2021,0.26857900619506836,0.0,0.0
06/26/2021,0.24171100556850433,0.0,0.0
06/27/2021,0.24942000210285187,0.0,0.0
06/28/2021,0.2594110071659088,0.0,0.0
06/29/2021,0.26373499631881714,0.0,0.0
06/30/2021,0.2826490104198456,0.0,0.0
07/01/2021,0.2831819951534271,0.0,0.0
07/02/2021,0.26914799213409424,0.0,0.0
07/03/2021,0.2633039951324463,0.0,0.0
07/04/2021,0.26425400376319885,0.0,0.0
07/05/2021,0.2682720124721527,0.0,0.0
07/06/2021,0.2539309859275818,0.0,0.0
07/07/2021,0.2605940103530884,0.0,0.0
07/08/2021,0.25706401467323303,0.0,0.0
07/09/2021,0.24295400083065033,0.0,0.0
07/10/2021,0.24595099687576294,0.0,0.0
07/11/2021,0.24525399506092072,0.0,0.0
07/12/2021,0.24640999734401703,0.0,0.0
07/13/2021,0.23893800377845764,0.0,0.0
07/14/2021,0.23274600505828857,0.0,0.0
07/15/2021,0.24028000235557556,0.0,0.0
07/16/2021,0.2407359927892685,0.0,0.0
07/17/2021,0.23535700142383575,0.0,0.0
07/18/2021,0.23304900527000427,0.0,0.0
07/19/2021,0.2304989993572235,0.0,0.0
07/20/2021,0.21164299547672272,0.0,0.0
07/21/2021,0.21223799884319305,0.0,0.0
07/22/2021,0.22836799919605255,0.0,0.0
07/23/2021,0.2638069987297058,0.0,0.0
07/24/2021,0.2689180076122284,0.0,0.0
07/25/2021,0.26747000217437744,0.0,0.0
07/26/2021,0.2617749869823456,0.0,0.0
07/27/2021,0.26075899600982666,0.0,0.0
07/28/2021,0.2632260024547577,0.0,0.0
07/29/2021,0.26994699239730835,0.0,0.0
07/30/2021,0.27374890446662903,0.0,0.0
