ZEC-USD,Zcash USD,
Date,Price,Dividend,Annualized Dividend
10/29/2016,4293.3701171875,0.0,0.0
10/30/2016,2014.3800048828125,0.0,0.0
10/31/2016,570.9119873046875,0.0,0.0
11/01/2016,1599.719970703125,0.0,0.0
11/02/2016,1326.2900390625,0.0,0.0
11/03/2016,940.6610107421875,0.0,0.0
11/04/2016,887.6640014648438,0.0,0.0
11/05/2016,599.5189819335938,0.0,0.0
11/06/2016,504.2699890136719,0.0,0.0
11/07/2016,319.2330017089844,0.0,0.0
11/08/2016,233.7790069580078,0.0,0.0
11/09/2016,331.69000244140625,0.0,0.0
11/10/2016,254.93699645996094,0.0,0.0
11/11/2016,224.6719970703125,0.0,0.0
11/12/2016,183.02000427246094,0.0,0.0
11/13/2016,143.1739959716797,0.0,0.0
11/14/2016,117.55400085449219,0.0,0.0
11/15/2016,105.15499877929688,0.0,0.0
11/16/2016,109.70999908447266,0.0,0.0
11/17/2016,97.47769927978516,0.0,0.0
11/18/2016,87.32939910888672,0.0,0.0
11/19/2016,71.11640167236328,0.0,0.0
11/20/2016,65.28790283203125,0.0,0.0
11/21/2016,59.96160125732422,0.0,0.0
11/22/2016,54.01340103149414,0.0,0.0
11/23/2016,57.535701751708984,0.0,0.0
11/24/2016,78.43350219726562,0.0,0.0
11/25/2016,96.63939666748047,0.0,0.0
11/26/2016,91.1333999633789,0.0,0.0
11/27/2016,77.32939910888672,0.0,0.0
11/28/2016,69.26470184326172,0.0,0.0
11/29/2016,71.84459686279297,0.0,0.0
11/30/2016,68.75969696044922,0.0,0.0
12/01/2016,68.45559692382812,0.0,0.0
12/02/2016,63.62670135498047,0.0,0.0
12/03/2016,59.84629821777344,0.0,0.0
12/04/2016,59.46260070800781,0.0,0.0
12/05/2016,58.38949966430664,0.0,0.0
12/06/2016,50.97129821777344,0.0,0.0
12/07/2016,48.73970031738281,0.0,0.0
12/08/2016,54.00090026855469,0.0,0.0
12/09/2016,53.37990188598633,0.0,0.0
12/10/2016,50.354698181152344,0.0,0.0
12/11/2016,49.60060119628906,0.0,0.0
12/12/2016,48.48040008544922,0.0,0.0
12/13/2016,50.022300720214844,0.0,0.0
12/14/2016,46.817501068115234,0.0,0.0
12/15/2016,44.410499572753906,0.0,0.0
12/16/2016,40.477298736572266,0.0,0.0
12/17/2016,40.21889877319336,0.0,0.0
12/18/2016,35.82160186767578,0.0,0.0
12/19/2016,36.54629898071289,0.0,0.0
12/20/2016,34.55500030517578,0.0,0.0
12/21/2016,36.165199279785156,0.0,0.0
12/22/2016,36.29249954223633,0.0,0.0
12/23/2016,48.019100189208984,0.0,0.0
12/24/2016,51.98939895629883,0.0,0.0
12/25/2016,48.517601013183594,0.0,0.0
12/26/2016,45.89059829711914,0.0,0.0
12/27/2016,43.50270080566406,0.0,0.0
12/28/2016,44.02280044555664,0.0,0.0
12/29/2016,48.42850112915039,0.0,0.0
12/30/2016,50.52360153198242,0.0,0.0
12/31/2016,50.48059844970703,0.0,0.0
01/01/2017,48.048500061035156,0.0,0.0
01/02/2017,48.358299255371094,0.0,0.0
01/03/2017,50.08639907836914,0.0,0.0
01/04/2017,49.80009841918945,0.0,0.0
01/05/2017,57.220001220703125,0.0,0.0
01/06/2017,49.79130172729492,0.0,0.0
01/07/2017,47.70899963378906,0.0,0.0
01/08/2017,47.39229965209961,0.0,0.0
01/09/2017,46.11819839477539,0.0,0.0
01/10/2017,46.21839904785156,0.0,0.0
01/11/2017,45.6338996887207,0.0,0.0
01/12/2017,40.066898345947266,0.0,0.0
01/13/2017,42.66120147705078,0.0,0.0
01/14/2017,43.210201263427734,0.0,0.0
01/15/2017,43.62889862060547,0.0,0.0
01/16/2017,45.10060119628906,0.0,0.0
01/17/2017,43.58250045776367,0.0,0.0
01/18/2017,44.736000061035156,0.0,0.0
01/19/2017,43.88520050048828,0.0,0.0
01/20/2017,44.21780014038086,0.0,0.0
01/21/2017,43.599700927734375,0.0,0.0
01/22/2017,43.497798919677734,0.0,0.0
01/23/2017,43.33649826049805,0.0,0.0
01/24/2017,42.673099517822266,0.0,0.0
01/25/2017,41.41310119628906,0.0,0.0
01/26/2017,40.088199615478516,0.0,0.0
01/27/2017,38.70940017700195,0.0,0.0
01/28/2017,38.23320007324219,0.0,0.0
01/29/2017,38.26240158081055,0.0,0.0
01/30/2017,38.6510009765625,0.0,0.0
01/31/2017,39.80059814453125,0.0,0.0
02/01/2017,39.56769943237305,0.0,0.0
02/02/2017,39.91210174560547,0.0,0.0
02/03/2017,39.24810028076172,0.0,0.0
02/04/2017,39.03670120239258,0.0,0.0
02/05/2017,39.368900299072266,0.0,0.0
02/06/2017,38.18159866333008,0.0,0.0
02/07/2017,37.6255989074707,0.0,0.0
02/08/2017,36.453399658203125,0.0,0.0
02/09/2017,35.32320022583008,0.0,0.0
02/10/2017,33.352699279785156,0.0,0.0
02/11/2017,32.71200180053711,0.0,0.0
02/12/2017,32.703800201416016,0.0,0.0
02/13/2017,31.515300750732422,0.0,0.0
02/14/2017,30.398099899291992,0.0,0.0
02/15/2017,32.303199768066406,0.0,0.0
02/16/2017,33.562801361083984,0.0,0.0
02/17/2017,32.54130172729492,0.0,0.0
02/18/2017,32.096500396728516,0.0,0.0
02/19/2017,30.790800094604492,0.0,0.0
02/20/2017,30.599000930786133,0.0,0.0
02/21/2017,30.888700485229492,0.0,0.0
02/22/2017,29.932899475097656,0.0,0.0
02/23/2017,27.184200286865234,0.0,0.0
02/24/2017,30.1112003326416,0.0,0.0
02/25/2017,30.119699478149414,0.0,0.0
02/26/2017,29.138099670410156,0.0,0.0
02/27/2017,29.36989974975586,0.0,0.0
02/28/2017,36.41559982299805,0.0,0.0
03/01/2017,37.27949905395508,0.0,0.0
03/02/2017,41.57749938964844,0.0,0.0
03/03/2017,39.709598541259766,0.0,0.0
03/04/2017,41.855098724365234,0.0,0.0
03/05/2017,41.6713981628418,0.0,0.0
03/06/2017,39.43629837036133,0.0,0.0
03/07/2017,40.12820053100586,0.0,0.0
03/08/2017,38.027400970458984,0.0,0.0
03/09/2017,35.75320053100586,0.0,0.0
03/10/2017,36.70119857788086,0.0,0.0
03/11/2017,35.29759979248047,0.0,0.0
03/12/2017,39.877498626708984,0.0,0.0
03/13/2017,40.174198150634766,0.0,0.0
03/14/2017,47.745201110839844,0.0,0.0
03/15/2017,45.05979919433594,0.0,0.0
03/16/2017,45.64799880981445,0.0,0.0
03/17/2017,49.12480163574219,0.0,0.0
03/18/2017,48.27000045776367,0.0,0.0
03/19/2017,63.48139953613281,0.0,0.0
03/20/2017,70.06819915771484,0.0,0.0
03/21/2017,72.09239959716797,0.0,0.0
03/22/2017,66.14550018310547,0.0,0.0
03/23/2017,69.339599609375,0.0,0.0
03/24/2017,66.57260131835938,0.0,0.0
03/25/2017,64.77429962158203,0.0,0.0
03/26/2017,63.56050109863281,0.0,0.0
03/27/2017,60.04180145263672,0.0,0.0
03/28/2017,54.666500091552734,0.0,0.0
03/29/2017,64.956298828125,0.0,0.0
03/30/2017,63.262298583984375,0.0,0.0
03/31/2017,66.93399810791016,0.0,0.0
04/01/2017,70.1666030883789,0.0,0.0
04/02/2017,64.56690216064453,0.0,0.0
04/03/2017,64.0416030883789,0.0,0.0
04/04/2017,63.50419998168945,0.0,0.0
04/05/2017,62.58919906616211,0.0,0.0
04/06/2017,59.1697998046875,0.0,0.0
04/07/2017,57.782901763916016,0.0,0.0
04/08/2017,59.52619934082031,0.0,0.0
04/09/2017,63.527400970458984,0.0,0.0
04/10/2017,62.77289962768555,0.0,0.0
04/11/2017,64.90979766845703,0.0,0.0
04/12/2017,61.89720153808594,0.0,0.0
04/13/2017,62.07279968261719,0.0,0.0
04/14/2017,64.81089782714844,0.0,0.0
04/15/2017,71.90730285644531,0.0,0.0
04/16/2017,72.94170379638672,0.0,0.0
04/17/2017,71.59220123291016,0.0,0.0
04/18/2017,70.25479888916016,0.0,0.0
04/19/2017,71.783203125,0.0,0.0
04/20/2017,71.0177993774414,0.0,0.0
04/21/2017,67.29920196533203,0.0,0.0
04/22/2017,68.00469970703125,0.0,0.0
04/23/2017,68.75379943847656,0.0,0.0
04/24/2017,66.55799865722656,0.0,0.0
04/25/2017,67.84819793701172,0.0,0.0
04/26/2017,69.14219665527344,0.0,0.0
04/27/2017,72.09549713134766,0.0,0.0
04/28/2017,76.86319732666016,0.0,0.0
04/29/2017,84.07330322265625,0.0,0.0
04/30/2017,96.18270111083984,0.0,0.0
05/01/2017,93.73040008544922,0.0,0.0
05/02/2017,90.44080352783203,0.0,0.0
05/03/2017,91.60769653320312,0.0,0.0
05/04/2017,91.09320068359375,0.0,0.0
05/05/2017,99.51899719238281,0.0,0.0
05/06/2017,103.85800170898438,0.0,0.0
05/07/2017,107.83499908447266,0.0,0.0
05/08/2017,104.07599639892578,0.0,0.0
05/09/2017,105.83999633789062,0.0,0.0
05/10/2017,96.4551010131836,0.0,0.0
05/11/2017,96.93890380859375,0.0,0.0
05/12/2017,95.37159729003906,0.0,0.0
05/13/2017,97.38379669189453,0.0,0.0
05/14/2017,96.71219635009766,0.0,0.0
05/15/2017,96.7926025390625,0.0,0.0
05/16/2017,93.53399658203125,0.0,0.0
05/17/2017,90.63780212402344,0.0,0.0
05/18/2017,92.71720123291016,0.0,0.0
05/19/2017,94.61489868164062,0.0,0.0
05/20/2017,105.86499786376953,0.0,0.0
05/21/2017,108.36299896240234,0.0,0.0
05/22/2017,120.4469985961914,0.0,0.0
05/23/2017,203.7949981689453,0.0,0.0
05/24/2017,239.06399536132812,0.0,0.0
05/25/2017,236.9770050048828,0.0,0.0
05/26/2017,222.0240020751953,0.0,0.0
05/27/2017,198.7220001220703,0.0,0.0
05/28/2017,191.3560028076172,0.0,0.0
05/29/2017,195.88400268554688,0.0,0.0
05/30/2017,206.0070037841797,0.0,0.0
05/31/2017,233.49600219726562,0.0,0.0
06/01/2017,235.718994140625,0.0,0.0
06/02/2017,249.16000366210938,0.0,0.0
06/03/2017,241.5229949951172,0.0,0.0
06/04/2017,229.02200317382812,0.0,0.0
06/05/2017,238.8249969482422,0.0,0.0
06/06/2017,254.20399475097656,0.0,0.0
06/07/2017,259.4989929199219,0.0,0.0
06/08/2017,264.3580017089844,0.0,0.0
06/09/2017,271.552001953125,0.0,0.0
06/10/2017,281.3139953613281,0.0,0.0
06/11/2017,328.9630126953125,0.0,0.0
06/12/2017,329.7460021972656,0.0,0.0
06/13/2017,311.5509948730469,0.0,0.0
06/14/2017,368.08599853515625,0.0,0.0
06/15/2017,381.72900390625,0.0,0.0
06/16/2017,395.4840087890625,0.0,0.0
06/17/2017,388.4469909667969,0.0,0.0
06/18/2017,387.1390075683594,0.0,0.0
06/19/2017,375.6700134277344,0.0,0.0
06/20/2017,393.2569885253906,0.0,0.0
06/21/2017,394.25201416015625,0.0,0.0
06/22/2017,378.9599914550781,0.0,0.0
06/23/2017,370.6409912109375,0.0,0.0
06/24/2017,381.1629943847656,0.0,0.0
06/25/2017,356.8599853515625,0.0,0.0
06/26/2017,324.5929870605469,0.0,0.0
06/27/2017,310.2239990234375,0.0,0.0
06/28/2017,327.42498779296875,0.0,0.0
06/29/2017,337.427001953125,0.0,0.0
06/30/2017,318.72198486328125,0.0,0.0
07/01/2017,299.4110107421875,0.0,0.0
07/02/2017,282.7749938964844,0.0,0.0
07/03/2017,295.3999938964844,0.0,0.0
07/04/2017,289.43798828125,0.0,0.0
07/05/2017,280.2359924316406,0.0,0.0
07/06/2017,281.6409912109375,0.0,0.0
07/07/2017,285.7099914550781,0.0,0.0
07/08/2017,249.02200317382812,0.0,0.0
07/09/2017,252.4949951171875,0.0,0.0
07/10/2017,242.2100067138672,0.0,0.0
07/11/2017,197.80299377441406,0.0,0.0
07/12/2017,178.02699279785156,0.0,0.0
07/13/2017,214.3719940185547,0.0,0.0
07/14/2017,192.32200622558594,0.0,0.0
07/15/2017,178.218994140625,0.0,0.0
07/16/2017,160.03799438476562,0.0,0.0
07/17/2017,165.66400146484375,0.0,0.0
07/18/2017,180.45899963378906,0.0,0.0
07/19/2017,199.4949951171875,0.0,0.0
07/20/2017,182.36099243164062,0.0,0.0
07/21/2017,210.2239990234375,0.0,0.0
07/22/2017,203.01699829101562,0.0,0.0
07/23/2017,217.3000030517578,0.0,0.0
07/24/2017,211.61500549316406,0.0,0.0
07/25/2017,210.08799743652344,0.0,0.0
07/26/2017,186.88400268554688,0.0,0.0
07/27/2017,190.6909942626953,0.0,0.0
07/28/2017,187.05599975585938,0.0,0.0
07/29/2017,176.4550018310547,0.0,0.0
07/30/2017,185.10800170898438,0.0,0.0
07/31/2017,175.4770050048828,0.0,0.0
08/01/2017,172.9320068359375,0.0,0.0
08/02/2017,190.31300354003906,0.0,0.0
08/03/2017,188.92999267578125,0.0,0.0
08/04/2017,188.94200134277344,0.0,0.0
08/05/2017,187.58900451660156,0.0,0.0
08/06/2017,205.5189971923828,0.0,0.0
08/07/2017,206.98300170898438,0.0,0.0
08/08/2017,209.17999267578125,0.0,0.0
08/09/2017,245.89300537109375,0.0,0.0
08/10/2017,242.51300048828125,0.0,0.0
08/11/2017,231.04299926757812,0.0,0.0
08/12/2017,234.2169952392578,0.0,0.0
08/13/2017,223.3419952392578,0.0,0.0
08/14/2017,214.53799438476562,0.0,0.0
08/15/2017,209.93699645996094,0.0,0.0
08/16/2017,211.91600036621094,0.0,0.0
08/17/2017,217.052001953125,0.0,0.0
08/18/2017,208.92599487304688,0.0,0.0
08/19/2017,201.6540069580078,0.0,0.0
08/20/2017,232.05099487304688,0.0,0.0
08/21/2017,241.2220001220703,0.0,0.0
08/22/2017,239.67300415039062,0.0,0.0
08/23/2017,227.1320037841797,0.0,0.0
08/24/2017,228.11599731445312,0.0,0.0
08/25/2017,227.89700317382812,0.0,0.0
08/26/2017,238.72000122070312,0.0,0.0
08/27/2017,292.74700927734375,0.0,0.0
08/28/2017,273.22198486328125,0.0,0.0
08/29/2017,274.6789855957031,0.0,0.0
08/30/2017,270.74200439453125,0.0,0.0
08/31/2017,272.1199951171875,0.0,0.0
09/01/2017,283.81298828125,0.0,0.0
09/02/2017,304.71600341796875,0.0,0.0
09/03/2017,254.75599670410156,0.0,0.0
09/04/2017,260.6629943847656,0.0,0.0
09/05/2017,219.3560028076172,0.0,0.0
09/06/2017,227.80499267578125,0.0,0.0
09/07/2017,247.79800415039062,0.0,0.0
09/08/2017,247.4029998779297,0.0,0.0
09/09/2017,213.9499969482422,0.0,0.0
09/10/2017,213.302001953125,0.0,0.0
09/11/2017,212.18699645996094,0.0,0.0
09/12/2017,207.89599609375,0.0,0.0
09/13/2017,207.33599853515625,0.0,0.0
09/14/2017,197.67599487304688,0.0,0.0
09/15/2017,159.0800018310547,0.0,0.0
09/16/2017,181.1020050048828,0.0,0.0
09/17/2017,172.30099487304688,0.0,0.0
09/18/2017,174.01199340820312,0.0,0.0
09/19/2017,193.41799926757812,0.0,0.0
09/20/2017,186.98800659179688,0.0,0.0
09/21/2017,187.2550048828125,0.0,0.0
09/22/2017,175.52699279785156,0.0,0.0
09/23/2017,195.5030059814453,0.0,0.0
09/24/2017,204.01800537109375,0.0,0.0
09/25/2017,205.64500427246094,0.0,0.0
09/26/2017,230.70399475097656,0.0,0.0
09/27/2017,231.26199340820312,0.0,0.0
09/28/2017,285.65399169921875,0.0,0.0
09/29/2017,311.49200439453125,0.0,0.0
09/30/2017,289.9630126953125,0.0,0.0
10/01/2017,277.34698486328125,0.0,0.0
10/02/2017,264.5069885253906,0.0,0.0
10/03/2017,258.1579895019531,0.0,0.0
10/04/2017,252.99600219726562,0.0,0.0
10/05/2017,237.64100646972656,0.0,0.0
10/06/2017,254.8489990234375,0.0,0.0
10/07/2017,257.25299072265625,0.0,0.0
10/08/2017,253.52099609375,0.0,0.0
10/09/2017,241.46200561523438,0.0,0.0
10/10/2017,229.7050018310547,0.0,0.0
10/11/2017,235.32000732421875,0.0,0.0
10/12/2017,236.44500732421875,0.0,0.0
10/13/2017,227.0540008544922,0.0,0.0
10/14/2017,240.05099487304688,0.0,0.0
10/15/2017,240.66000366210938,0.0,0.0
10/16/2017,231.95700073242188,0.0,0.0
10/17/2017,233.10899353027344,0.0,0.0
10/18/2017,231.1479949951172,0.0,0.0
10/19/2017,229.38600158691406,0.0,0.0
10/20/2017,230.1999969482422,0.0,0.0
10/21/2017,222.0469970703125,0.0,0.0
10/22/2017,212.82000732421875,0.0,0.0
10/23/2017,213.40499877929688,0.0,0.0
10/24/2017,206.59300231933594,0.0,0.0
10/25/2017,215.89599609375,0.0,0.0
10/26/2017,217.35800170898438,0.0,0.0
10/27/2017,233.33399963378906,0.0,0.0
10/28/2017,243.7239990234375,0.0,0.0
10/29/2017,231.63499450683594,0.0,0.0
10/30/2017,233.63099670410156,0.0,0.0
10/31/2017,239.85899353027344,0.0,0.0
11/01/2017,233.92599487304688,0.0,0.0
11/02/2017,222.91200256347656,0.0,0.0
11/03/2017,217.8780059814453,0.0,0.0
11/04/2017,232.63499450683594,0.0,0.0
11/05/2017,230.32000732421875,0.0,0.0
11/06/2017,225.64700317382812,0.0,0.0
11/07/2017,228.75100708007812,0.0,0.0
11/08/2017,240.13400268554688,0.0,0.0
11/09/2017,250.55299377441406,0.0,0.0
11/10/2017,261.9549865722656,0.0,0.0
11/11/2017,238.16200256347656,0.0,0.0
11/12/2017,253.625,0.0,0.0
11/13/2017,298.7340087890625,0.0,0.0
11/14/2017,265.57598876953125,0.0,0.0
11/15/2017,271.17401123046875,0.0,0.0
11/16/2017,290.24798583984375,0.0,0.0
11/17/2017,293.3940124511719,0.0,0.0
11/18/2017,290.8330078125,0.0,0.0
11/19/2017,298.2229919433594,0.0,0.0
11/20/2017,299.3190002441406,0.0,0.0
11/21/2017,301.8680114746094,0.0,0.0
11/22/2017,290.8909912109375,0.0,0.0
11/23/2017,319.4549865722656,0.0,0.0
11/24/2017,310.44000244140625,0.0,0.0
11/25/2017,348.5929870605469,0.0,0.0
11/26/2017,344.8330078125,0.0,0.0
11/27/2017,340.1839904785156,0.0,0.0
11/28/2017,347.656005859375,0.0,0.0
11/29/2017,371.1730041503906,0.0,0.0
11/30/2017,309.4230041503906,0.0,0.0
12/01/2017,306.19000244140625,0.0,0.0
12/02/2017,335.3840026855469,0.0,0.0
12/03/2017,329.52899169921875,0.0,0.0
12/04/2017,323.0820007324219,0.0,0.0
12/05/2017,330.9630126953125,0.0,0.0
12/06/2017,322.9150085449219,0.0,0.0
12/07/2017,339.8659973144531,0.0,0.0
12/08/2017,308.0400085449219,0.0,0.0
12/09/2017,327.78399658203125,0.0,0.0
12/10/2017,317.2770080566406,0.0,0.0
12/11/2017,290.02899169921875,0.0,0.0
12/12/2017,320.552001953125,0.0,0.0
12/13/2017,372.13299560546875,0.0,0.0
12/14/2017,416.4079895019531,0.0,0.0
12/15/2017,510.8169860839844,0.0,0.0
12/16/2017,469.39300537109375,0.0,0.0
12/17/2017,471.6310119628906,0.0,0.0
12/18/2017,538.4450073242188,0.0,0.0
12/19/2017,595.7869873046875,0.0,0.0
12/20/2017,613.2919921875,0.0,0.0
12/21/2017,674.6580200195312,0.0,0.0
12/22/2017,652.9229736328125,0.0,0.0
12/23/2017,542.1859741210938,0.0,0.0
12/24/2017,595.385986328125,0.0,0.0
12/25/2017,536.1270141601562,0.0,0.0
12/26/2017,559.9990234375,0.0,0.0
12/27/2017,574.1630249023438,0.0,0.0
12/28/2017,552.5759887695312,0.0,0.0
12/29/2017,507.9700012207031,0.0,0.0
12/30/2017,574.0999755859375,0.0,0.0
12/31/2017,482.8190002441406,0.0,0.0
01/01/2018,508.0010070800781,0.0,0.0
01/02/2018,578.0759887695312,0.0,0.0
01/03/2018,581.2930297851562,0.0,0.0
01/04/2018,583.0809936523438,0.0,0.0
01/05/2018,590.8679809570312,0.0,0.0
01/06/2018,587.9110107421875,0.0,0.0
01/07/2018,756.3720092773438,0.0,0.0
01/08/2018,884.27197265625,0.0,0.0
01/09/2018,693.2410278320312,0.0,0.0
01/10/2018,672.3939819335938,0.0,0.0
01/11/2018,719.10400390625,0.0,0.0
01/12/2018,651.177001953125,0.0,0.0
01/13/2018,703.7570190429688,0.0,0.0
01/14/2018,701.8469848632812,0.0,0.0
01/15/2018,671.7319946289062,0.0,0.0
01/16/2018,627.1430053710938,0.0,0.0
01/17/2018,509.26800537109375,0.0,0.0
01/18/2018,497.6780090332031,0.0,0.0
01/19/2018,486.5929870605469,0.0,0.0
01/20/2018,528.864013671875,0.0,0.0
01/21/2018,559.7239990234375,0.0,0.0
01/22/2018,492.5539855957031,0.0,0.0
01/23/2018,446.39898681640625,0.0,0.0
01/24/2018,442.1199951171875,0.0,0.0
01/25/2018,457.5849914550781,0.0,0.0
01/26/2018,473.6839904785156,0.0,0.0
01/27/2018,456.531005859375,0.0,0.0
01/28/2018,453.468994140625,0.0,0.0
01/29/2018,471.4339904785156,0.0,0.0
01/30/2018,448.9219970703125,0.0,0.0
01/31/2018,383.864990234375,0.0,0.0
02/01/2018,399.25799560546875,0.0,0.0
02/02/2018,398.8290100097656,0.0,0.0
02/03/2018,384.5060119628906,0.0,0.0
02/04/2018,388.7250061035156,0.0,0.0
02/05/2018,343.0199890136719,0.0,0.0
02/06/2018,307.34600830078125,0.0,0.0
02/07/2018,368.75299072265625,0.0,0.0
02/08/2018,355.68701171875,0.0,0.0
02/09/2018,437.0979919433594,0.0,0.0
02/10/2018,475.0979919433594,0.0,0.0
02/11/2018,482.73199462890625,0.0,0.0
02/12/2018,436.6619873046875,0.0,0.0
02/13/2018,462.0369873046875,0.0,0.0
02/14/2018,445.5220031738281,0.0,0.0
02/15/2018,483.8269958496094,0.0,0.0
02/16/2018,484.1889953613281,0.0,0.0
02/17/2018,480.4289855957031,0.0,0.0
02/18/2018,491.6109924316406,0.0,0.0
02/19/2018,449.5169982910156,0.0,0.0
02/20/2018,474.2430114746094,0.0,0.0
02/21/2018,438.74700927734375,0.0,0.0
02/22/2018,441.60699462890625,0.0,0.0
02/23/2018,396.8420104980469,0.0,0.0
02/24/2018,415.3500061035156,0.0,0.0
02/25/2018,391.60101318359375,0.0,0.0
02/26/2018,391.6510009765625,0.0,0.0
02/27/2018,405.0530090332031,0.0,0.0
02/28/2018,408.5159912109375,0.0,0.0
03/01/2018,382.6199951171875,0.0,0.0
03/02/2018,399.4259948730469,0.0,0.0
03/03/2018,387.02398681640625,0.0,0.0
03/04/2018,386.9230041503906,0.0,0.0
03/05/2018,408.781005859375,0.0,0.0
03/06/2018,392.3949890136719,0.0,0.0
03/07/2018,384.2120056152344,0.0,0.0
03/08/2018,347.6809997558594,0.0,0.0
03/09/2018,316.9639892578125,0.0,0.0
03/10/2018,310.8869934082031,0.0,0.0
03/11/2018,287.67999267578125,0.0,0.0
03/12/2018,308.760009765625,0.0,0.0
03/13/2018,290.4440002441406,0.0,0.0
03/14/2018,284.5459899902344,0.0,0.0
03/15/2018,250.2530059814453,0.0,0.0
03/16/2018,243.08299255371094,0.0,0.0
03/17/2018,236.82200622558594,0.0,0.0
03/18/2018,220.19000244140625,0.0,0.0
03/19/2018,244.59100341796875,0.0,0.0
03/20/2018,255.7469940185547,0.0,0.0
03/21/2018,259.760009765625,0.0,0.0
03/22/2018,260.54998779296875,0.0,0.0
03/23/2018,249.54100036621094,0.0,0.0
03/24/2018,259.43499755859375,0.0,0.0
03/25/2018,240.83399963378906,0.0,0.0
03/26/2018,238.8560028076172,0.0,0.0
03/27/2018,225.947998046875,0.0,0.0
03/28/2018,216.2310028076172,0.0,0.0
03/29/2018,210.90899658203125,0.0,0.0
03/30/2018,186.3719940185547,0.0,0.0
03/31/2018,189.8679962158203,0.0,0.0
04/01/2018,185.62600708007812,0.0,0.0
04/02/2018,183.07200622558594,0.0,0.0
04/03/2018,194.0659942626953,0.0,0.0
04/04/2018,206.06399536132812,0.0,0.0
04/05/2018,183.48500061035156,0.0,0.0
04/06/2018,183.4149932861328,0.0,0.0
04/07/2018,175.39300537109375,0.0,0.0
04/08/2018,181.6999969482422,0.0,0.0
04/09/2018,184.2239990234375,0.0,0.0
04/10/2018,177.75,0.0,0.0
04/11/2018,179.94400024414062,0.0,0.0
04/12/2018,185.3979949951172,0.0,0.0
04/13/2018,216.30999755859375,0.0,0.0
04/14/2018,228.35400390625,0.0,0.0
04/15/2018,222.6540069580078,0.0,0.0
04/16/2018,232.4320068359375,0.0,0.0
04/17/2018,225.56399536132812,0.0,0.0
04/18/2018,221.8800048828125,0.0,0.0
04/19/2018,247.95599365234375,0.0,0.0
04/20/2018,263.1300048828125,0.0,0.0
04/21/2018,281.8009948730469,0.0,0.0
04/22/2018,270.1650085449219,0.0,0.0
04/23/2018,272.2659912109375,0.0,0.0
04/24/2018,298.177001953125,0.0,0.0
04/25/2018,318.39801025390625,0.0,0.0
04/26/2018,284.47698974609375,0.0,0.0
04/27/2018,303.43701171875,0.0,0.0
04/28/2018,282.62701416015625,0.0,0.0
04/29/2018,296.56500244140625,0.0,0.0
04/30/2018,293.4830017089844,0.0,0.0
05/01/2018,285.4309997558594,0.0,0.0
05/02/2018,290.27899169921875,0.0,0.0
05/03/2018,292.9169921875,0.0,0.0
05/04/2018,308.7510070800781,0.0,0.0
05/05/2018,296.7409973144531,0.0,0.0
05/06/2018,306.63800048828125,0.0,0.0
05/07/2018,291.4410095214844,0.0,0.0
05/08/2018,281.34698486328125,0.0,0.0
05/09/2018,275.34600830078125,0.0,0.0
05/10/2018,276.50201416015625,0.0,0.0
05/11/2018,263.6390075683594,0.0,0.0
05/12/2018,238.6699981689453,0.0,0.0
05/13/2018,245.58299255371094,0.0,0.0
05/14/2018,261.0769958496094,0.0,0.0
05/15/2018,312.239990234375,0.0,0.0
05/16/2018,354.3900146484375,0.0,0.0
05/17/2018,367.94500732421875,0.0,0.0
05/18/2018,315.6839904785156,0.0,0.0
05/19/2018,359.3340148925781,0.0,0.0
05/20/2018,344.8580017089844,0.0,0.0
05/21/2018,351.8599853515625,0.0,0.0
05/22/2018,330.260986328125,0.0,0.0
05/23/2018,314.2820129394531,0.0,0.0
05/24/2018,287.2349853515625,0.0,0.0
05/25/2018,298.02398681640625,0.0,0.0
05/26/2018,283.34600830078125,0.0,0.0
05/27/2018,274.9779968261719,0.0,0.0
05/28/2018,263.15399169921875,0.0,0.0
05/29/2018,229.2550048828125,0.0,0.0
05/30/2018,253.62600708007812,0.0,0.0
05/31/2018,244.5469970703125,0.0,0.0
06/01/2018,242.58599853515625,0.0,0.0
06/02/2018,240.8179931640625,0.0,0.0
06/03/2018,249.27000427246094,0.0,0.0
06/04/2018,254.10400390625,0.0,0.0
06/05/2018,236.32400512695312,0.0,0.0
06/06/2018,239.7550048828125,0.0,0.0
06/07/2018,236.16900634765625,0.0,0.0
06/08/2018,239.3209991455078,0.0,0.0
06/09/2018,244.7449951171875,0.0,0.0
06/10/2018,231.68899536132812,0.0,0.0
06/11/2018,203.9149932861328,0.0,0.0
06/12/2018,202.18899536132812,0.0,0.0
06/13/2018,197.8520050048828,0.0,0.0
06/14/2018,184.9409942626953,0.0,0.0
06/15/2018,199.3769989013672,0.0,0.0
06/16/2018,195.37399291992188,0.0,0.0
06/17/2018,194.84500122070312,0.0,0.0
06/18/2018,191.25999450683594,0.0,0.0
06/19/2018,200.33099365234375,0.0,0.0
06/20/2018,199.28900146484375,0.0,0.0
06/21/2018,193.76300048828125,0.0,0.0
06/22/2018,191.7030029296875,0.0,0.0
06/23/2018,168.33599853515625,0.0,0.0
06/24/2018,171.63099670410156,0.0,0.0
06/25/2018,167.05999755859375,0.0,0.0
06/26/2018,176.91900634765625,0.0,0.0
06/27/2018,163.2209930419922,0.0,0.0
06/28/2018,166.24099731445312,0.0,0.0
06/29/2018,154.21499633789062,0.0,0.0
06/30/2018,163.71099853515625,0.0,0.0
07/01/2018,169.38900756835938,0.0,0.0
07/02/2018,165.2050018310547,0.0,0.0
07/03/2018,182.63299560546875,0.0,0.0
07/04/2018,180.0989990234375,0.0,0.0
07/05/2018,183.13600158691406,0.0,0.0
07/06/2018,177.23599243164062,0.0,0.0
07/07/2018,175.18699645996094,0.0,0.0
07/08/2018,177.41400146484375,0.0,0.0
07/09/2018,172.406005859375,0.0,0.0
07/10/2018,167.29800415039062,0.0,0.0
07/11/2018,161.45599365234375,0.0,0.0
07/12/2018,159.1959991455078,0.0,0.0
07/13/2018,155.10400390625,0.0,0.0
07/14/2018,175.36700439453125,0.0,0.0
07/15/2018,174.01800537109375,0.0,0.0
07/16/2018,175.1479949951172,0.0,0.0
07/17/2018,191.08999633789062,0.0,0.0
07/18/2018,212.21600341796875,0.0,0.0
07/19/2018,209.36599731445312,0.0,0.0
07/20/2018,200.0500030517578,0.0,0.0
07/21/2018,184.447998046875,0.0,0.0
07/22/2018,191.77999877929688,0.0,0.0
07/23/2018,192.34300231933594,0.0,0.0
07/24/2018,193.91700744628906,0.0,0.0
07/25/2018,222.5760040283203,0.0,0.0
07/26/2018,226.1750030517578,0.0,0.0
07/27/2018,220.54200744628906,0.0,0.0
07/28/2018,220.66299438476562,0.0,0.0
07/29/2018,220.03199768066406,0.0,0.0
07/30/2018,217.41299438476562,0.0,0.0
07/31/2018,213.55099487304688,0.0,0.0
08/01/2018,208.2030029296875,0.0,0.0
08/02/2018,198.41600036621094,0.0,0.0
08/03/2018,187.04100036621094,0.0,0.0
08/04/2018,186.08900451660156,0.0,0.0
08/05/2018,176.53799438476562,0.0,0.0
08/06/2018,180.96600341796875,0.0,0.0
08/07/2018,182.03199768066406,0.0,0.0
08/08/2018,177.48500061035156,0.0,0.0
08/09/2018,162.35800170898438,0.0,0.0
08/10/2018,176.12899780273438,0.0,0.0
08/11/2018,161.1929931640625,0.0,0.0
08/12/2018,157.74200439453125,0.0,0.0
08/13/2018,156.98500061035156,0.0,0.0
08/14/2018,144.1790008544922,0.0,0.0
08/15/2018,133.52200317382812,0.0,0.0
08/16/2018,136.56399536132812,0.0,0.0
08/17/2018,141.5850067138672,0.0,0.0
08/18/2018,154.07899475097656,0.0,0.0
08/19/2018,143.96200561523438,0.0,0.0
08/20/2018,143.71200561523438,0.0,0.0
08/21/2018,129.9929962158203,0.0,0.0
08/22/2018,135.1540069580078,0.0,0.0
08/23/2018,131.3560028076172,0.0,0.0
08/24/2018,131.8679962158203,0.0,0.0
08/25/2018,140.96400451660156,0.0,0.0
08/26/2018,139.38900756835938,0.0,0.0
08/27/2018,136.78900146484375,0.0,0.0
08/28/2018,149.38699340820312,0.0,0.0
08/29/2018,154.0659942626953,0.0,0.0
08/30/2018,153.1060028076172,0.0,0.0
08/31/2018,152.3520050048828,0.0,0.0
09/01/2018,149.22000122070312,0.0,0.0
09/02/2018,158.67100524902344,0.0,0.0
09/03/2018,155.37600708007812,0.0,0.0
09/04/2018,155.93600463867188,0.0,0.0
09/05/2018,155.49099731445312,0.0,0.0
09/06/2018,133.3979949951172,0.0,0.0
09/07/2018,131.51699829101562,0.0,0.0
09/08/2018,126.64099884033203,0.0,0.0
09/09/2018,122.16500091552734,0.0,0.0
09/10/2018,118.58499908447266,0.0,0.0
09/11/2018,120.0479965209961,0.0,0.0
09/12/2018,113.12200164794922,0.0,0.0
09/13/2018,110.68699645996094,0.0,0.0
09/14/2018,117.37300109863281,0.0,0.0
09/15/2018,119.80999755859375,0.0,0.0
09/16/2018,120.5979995727539,0.0,0.0
09/17/2018,118.41100311279297,0.0,0.0
09/18/2018,109.93499755859375,0.0,0.0
09/19/2018,111.9729995727539,0.0,0.0
09/20/2018,114.23799896240234,0.0,0.0
09/21/2018,119.20500183105469,0.0,0.0
09/22/2018,126.80599975585938,0.0,0.0
09/23/2018,124.00800323486328,0.0,0.0
09/24/2018,131.35800170898438,0.0,0.0
09/25/2018,137.2469940185547,0.0,0.0
09/26/2018,136.18299865722656,0.0,0.0
09/27/2018,133.1179962158203,0.0,0.0
09/28/2018,143.00900268554688,0.0,0.0
09/29/2018,136.32400512695312,0.0,0.0
09/30/2018,133.86500549316406,0.0,0.0
10/01/2018,131.88600158691406,0.0,0.0
10/02/2018,127.09400177001953,0.0,0.0
10/03/2018,127.05000305175781,0.0,0.0
10/04/2018,122.35800170898438,0.0,0.0
10/05/2018,124.2239990234375,0.0,0.0
10/06/2018,127.88999938964844,0.0,0.0
10/07/2018,125.3270034790039,0.0,0.0
10/08/2018,125.33999633789062,0.0,0.0
10/09/2018,126.26799774169922,0.0,0.0
10/10/2018,125.98799896240234,0.0,0.0
10/11/2018,123.53700256347656,0.0,0.0
10/12/2018,109.06500244140625,0.0,0.0
10/13/2018,110.49099731445312,0.0,0.0
10/14/2018,112.02999877929688,0.0,0.0
10/15/2018,109.16100311279297,0.0,0.0
10/16/2018,113.16400146484375,0.0,0.0
10/17/2018,115.66300201416016,0.0,0.0
10/18/2018,118.5739974975586,0.0,0.0
10/19/2018,119.26599884033203,0.0,0.0
10/20/2018,120.11199951171875,0.0,0.0
10/21/2018,126.2969970703125,0.0,0.0
10/22/2018,125.14399719238281,0.0,0.0
10/23/2018,122.96900177001953,0.0,0.0
10/24/2018,121.28500366210938,0.0,0.0
10/25/2018,126.98400115966797,0.0,0.0
10/26/2018,125.48100280761719,0.0,0.0
10/27/2018,121.63999938964844,0.0,0.0
10/28/2018,119.61000061035156,0.0,0.0
10/29/2018,123.25900268554688,0.0,0.0
10/30/2018,116.99099731445312,0.0,0.0
10/31/2018,116.07099914550781,0.0,0.0
11/01/2018,115.53700256347656,0.0,0.0
11/02/2018,117.26000213623047,0.0,0.0
11/03/2018,118.12300109863281,0.0,0.0
11/04/2018,118.9280014038086,0.0,0.0
11/05/2018,121.31500244140625,0.0,0.0
11/06/2018,122.06400299072266,0.0,0.0
11/07/2018,130.41700744628906,0.0,0.0
11/08/2018,129.53700256347656,0.0,0.0
11/09/2018,136.5189971923828,0.0,0.0
11/10/2018,133.71299743652344,0.0,0.0
11/11/2018,130.58200073242188,0.0,0.0
11/12/2018,129.4040069580078,0.0,0.0
11/13/2018,134.91200256347656,0.0,0.0
11/14/2018,126.65299987792969,0.0,0.0
11/15/2018,111.04000091552734,0.0,0.0
11/16/2018,110.56500244140625,0.0,0.0
11/17/2018,109.72599792480469,0.0,0.0
11/18/2018,111.2030029296875,0.0,0.0
11/19/2018,112.94999694824219,0.0,0.0
11/20/2018,98.4468994140625,0.0,0.0
11/21/2018,85.1666030883789,0.0,0.0
11/22/2018,85.6072998046875,0.0,0.0
11/23/2018,78.05580139160156,0.0,0.0
11/24/2018,77.84310150146484,0.0,0.0
11/25/2018,67.80169677734375,0.0,0.0
11/26/2018,70.01260375976562,0.0,0.0
11/27/2018,66.51200103759766,0.0,0.0
11/28/2018,73.25749969482422,0.0,0.0
11/29/2018,80.10953521728516,0.0,0.0
11/30/2018,88.03636169433594,0.0,0.0
12/01/2018,80.66336822509766,0.0,0.0
12/02/2018,80.30884552001953,0.0,0.0
12/03/2018,79.4050064086914,0.0,0.0
12/04/2018,70.74446868896484,0.0,0.0
12/05/2018,74.69587707519531,0.0,0.0
12/06/2018,66.10662841796875,0.0,0.0
12/07/2018,58.25437927246094,0.0,0.0
12/08/2018,59.24666213989258,0.0,0.0
12/09/2018,57.37568664550781,0.0,0.0
12/10/2018,60.872188568115234,0.0,0.0
12/11/2018,56.815818786621094,0.0,0.0
12/12/2018,54.385982513427734,0.0,0.0
12/13/2018,55.58842086791992,0.0,0.0
12/14/2018,51.83214569091797,0.0,0.0
12/15/2018,49.2982063293457,0.0,0.0
12/16/2018,50.10699462890625,0.0,0.0
12/17/2018,51.47489929199219,0.0,0.0
12/18/2018,56.50918960571289,0.0,0.0
12/19/2018,58.696617126464844,0.0,0.0
12/20/2018,57.609092712402344,0.0,0.0
12/21/2018,66.11078643798828,0.0,0.0
12/22/2018,61.90662384033203,0.0,0.0
12/23/2018,63.469905853271484,0.0,0.0
12/24/2018,65.24516296386719,0.0,0.0
12/25/2018,68.3744888305664,0.0,0.0
12/26/2018,61.470279693603516,0.0,0.0
12/27/2018,61.07162094116211,0.0,0.0
12/28/2018,56.25209045410156,0.0,0.0
12/29/2018,63.071876525878906,0.0,0.0
12/30/2018,60.340667724609375,0.0,0.0
12/31/2018,59.76937484741211,0.0,0.0
01/01/2019,56.43060302734375,0.0,0.0
01/02/2019,60.01542282104492,0.0,0.0
01/03/2019,61.34834289550781,0.0,0.0
01/04/2019,58.344661712646484,0.0,0.0
01/05/2019,58.57170104980469,0.0,0.0
01/06/2019,57.95784378051758,0.0,0.0
01/07/2019,61.886619567871094,0.0,0.0
01/08/2019,60.73189926147461,0.0,0.0
01/09/2019,60.648529052734375,0.0,0.0
01/10/2019,60.48663330078125,0.0,0.0
01/11/2019,54.960968017578125,0.0,0.0
01/12/2019,56.236602783203125,0.0,0.0
01/13/2019,56.233055114746094,0.0,0.0
01/14/2019,53.40719985961914,0.0,0.0
01/15/2019,55.891204833984375,0.0,0.0
01/16/2019,53.9113655090332,0.0,0.0
01/17/2019,53.19062042236328,0.0,0.0
01/18/2019,54.74917221069336,0.0,0.0
01/19/2019,53.3190803527832,0.0,0.0
01/20/2019,54.24971008300781,0.0,0.0
01/21/2019,53.17775344848633,0.0,0.0
01/22/2019,52.42267990112305,0.0,0.0
01/23/2019,52.63859939575195,0.0,0.0
01/24/2019,52.47964096069336,0.0,0.0
01/25/2019,53.81949996948242,0.0,0.0
01/26/2019,52.89920425415039,0.0,0.0
01/27/2019,52.52146530151367,0.0,0.0
01/28/2019,51.430641174316406,0.0,0.0
01/29/2019,49.3889045715332,0.0,0.0
01/30/2019,48.823890686035156,0.0,0.0
01/31/2019,49.823429107666016,0.0,0.0
02/01/2019,49.06803512573242,0.0,0.0
02/02/2019,48.74753952026367,0.0,0.0
02/03/2019,49.1566162109375,0.0,0.0
02/04/2019,48.39152526855469,0.0,0.0
02/05/2019,48.46037292480469,0.0,0.0
02/06/2019,48.29642868041992,0.0,0.0
02/07/2019,46.610721588134766,0.0,0.0
02/08/2019,46.67533874511719,0.0,0.0
02/09/2019,49.70119094848633,0.0,0.0
02/10/2019,50.38048553466797,0.0,0.0
02/11/2019,50.68687438964844,0.0,0.0
02/12/2019,51.44095993041992,0.0,0.0
02/13/2019,53.6843376159668,0.0,0.0
02/14/2019,52.96245574951172,0.0,0.0
02/15/2019,51.758853912353516,0.0,0.0
02/16/2019,51.09675216674805,0.0,0.0
02/17/2019,51.660404205322266,0.0,0.0
02/18/2019,52.04121398925781,0.0,0.0
02/19/2019,54.88978958129883,0.0,0.0
02/20/2019,55.30720520019531,0.0,0.0
02/21/2019,54.9430046081543,0.0,0.0
02/22/2019,53.67134475708008,0.0,0.0
02/23/2019,54.224327087402344,0.0,0.0
02/24/2019,56.9047966003418,0.0,0.0
02/25/2019,52.217464447021484,0.0,0.0
02/26/2019,53.13312530517578,0.0,0.0
02/27/2019,52.76475524902344,0.0,0.0
02/28/2019,52.77941131591797,0.0,0.0
03/01/2019,51.92777633666992,0.0,0.0
03/02/2019,52.25969314575195,0.0,0.0
03/03/2019,51.814964294433594,0.0,0.0
03/04/2019,51.04838180541992,0.0,0.0
03/05/2019,49.08570098876953,0.0,0.0
03/06/2019,51.10623550415039,0.0,0.0
03/07/2019,50.78426742553711,0.0,0.0
03/08/2019,50.498023986816406,0.0,0.0
03/09/2019,49.982906341552734,0.0,0.0
03/10/2019,51.610897064208984,0.0,0.0
03/11/2019,50.94073486328125,0.0,0.0
03/12/2019,49.94176483154297,0.0,0.0
03/13/2019,53.111610412597656,0.0,0.0
03/14/2019,51.51184844970703,0.0,0.0
03/15/2019,52.7408332824707,0.0,0.0
03/16/2019,53.65480041503906,0.0,0.0
03/17/2019,55.03822326660156,0.0,0.0
03/18/2019,54.658084869384766,0.0,0.0
03/19/2019,54.670921325683594,0.0,0.0
03/20/2019,57.19426345825195,0.0,0.0
03/21/2019,59.184661865234375,0.0,0.0
03/22/2019,56.288021087646484,0.0,0.0
03/23/2019,55.428218841552734,0.0,0.0
03/24/2019,57.11936950683594,0.0,0.0
03/25/2019,57.691566467285156,0.0,0.0
03/26/2019,55.64358139038086,0.0,0.0
03/27/2019,55.21773147583008,0.0,0.0
03/28/2019,57.730594635009766,0.0,0.0
03/29/2019,56.94210433959961,0.0,0.0
03/30/2019,57.04045486450195,0.0,0.0
03/31/2019,56.832767486572266,0.0,0.0
04/01/2019,58.48184585571289,0.0,0.0
04/02/2019,62.499305725097656,0.0,0.0
04/03/2019,69.90447998046875,0.0,0.0
04/04/2019,69.18295288085938,0.0,0.0
04/05/2019,66.96089172363281,0.0,0.0
04/06/2019,72.2127685546875,0.0,0.0
04/07/2019,71.1943359375,0.0,0.0
04/08/2019,74.31439208984375,0.0,0.0
04/09/2019,72.75748443603516,0.0,0.0
04/10/2019,71.06531524658203,0.0,0.0
04/11/2019,71.68383026123047,0.0,0.0
04/12/2019,69.53547668457031,0.0,0.0
04/13/2019,71.0902328491211,0.0,0.0
04/14/2019,69.40206909179688,0.0,0.0
04/15/2019,69.7598876953125,0.0,0.0
04/16/2019,67.39777374267578,0.0,0.0
04/17/2019,69.53237915039062,0.0,0.0
04/18/2019,70.26872253417969,0.0,0.0
04/19/2019,70.3991470336914,0.0,0.0
04/20/2019,69.74846649169922,0.0,0.0
04/21/2019,69.7685775756836,0.0,0.0
04/22/2019,68.2789535522461,0.0,0.0
04/23/2019,69.2255630493164,0.0,0.0
04/24/2019,67.34827423095703,0.0,0.0
04/25/2019,65.048828125,0.0,0.0
04/26/2019,61.93326950073242,0.0,0.0
04/27/2019,61.394203186035156,0.0,0.0
04/28/2019,61.49396514892578,0.0,0.0
04/29/2019,60.17686462402344,0.0,0.0
04/30/2019,58.46640396118164,0.0,0.0
05/01/2019,60.6666259765625,0.0,0.0
05/02/2019,61.094573974609375,0.0,0.0
05/03/2019,59.70832061767578,0.0,0.0
05/04/2019,62.71095275878906,0.0,0.0
05/05/2019,60.8958740234375,0.0,0.0
05/06/2019,60.00947189331055,0.0,0.0
05/07/2019,59.970848083496094,0.0,0.0
05/08/2019,57.754051208496094,0.0,0.0
05/09/2019,58.32487487792969,0.0,0.0
05/10/2019,56.493316650390625,0.0,0.0
05/11/2019,57.58686447143555,0.0,0.0
05/12/2019,63.834190368652344,0.0,0.0
05/13/2019,60.34953308105469,0.0,0.0
05/14/2019,63.62809371948242,0.0,0.0
05/15/2019,67.55908966064453,0.0,0.0
05/16/2019,76.9652328491211,0.0,0.0
05/17/2019,75.29902648925781,0.0,0.0
05/18/2019,73.00888061523438,0.0,0.0
05/19/2019,71.90464782714844,0.0,0.0
05/20/2019,78.17742156982422,0.0,0.0
05/21/2019,76.12956237792969,0.0,0.0
05/22/2019,74.89958953857422,0.0,0.0
05/23/2019,70.1288833618164,0.0,0.0
05/24/2019,71.85523223876953,0.0,0.0
05/25/2019,72.49081420898438,0.0,0.0
05/26/2019,72.25594329833984,0.0,0.0
05/27/2019,75.84017944335938,0.0,0.0
05/28/2019,76.76502227783203,0.0,0.0
05/29/2019,85.53878784179688,0.0,0.0
05/30/2019,84.99491882324219,0.0,0.0
05/31/2019,83.4951171875,0.0,0.0
06/01/2019,90.5014877319336,0.0,0.0
06/02/2019,86.74163818359375,0.0,0.0
06/03/2019,88.83039093017578,0.0,0.0
06/04/2019,84.1519775390625,0.0,0.0
06/05/2019,77.76762390136719,0.0,0.0
06/06/2019,80.7664566040039,0.0,0.0
06/07/2019,79.935302734375,0.0,0.0
06/08/2019,83.94014739990234,0.0,0.0
06/09/2019,80.80945587158203,0.0,0.0
06/10/2019,77.55877685546875,0.0,0.0
06/11/2019,80.29357147216797,0.0,0.0
06/12/2019,79.81007385253906,0.0,0.0
06/13/2019,91.49314880371094,0.0,0.0
06/14/2019,87.80998229980469,0.0,0.0
06/15/2019,90.95955657958984,0.0,0.0
06/16/2019,92.601806640625,0.0,0.0
06/17/2019,93.73428344726562,0.0,0.0
06/18/2019,102.40291595458984,0.0,0.0
06/19/2019,112.14592742919922,0.0,0.0
06/20/2019,110.99571228027344,0.0,0.0
06/21/2019,109.67082214355469,0.0,0.0
06/22/2019,110.01889038085938,0.0,0.0
06/23/2019,112.63839721679688,0.0,0.0
06/24/2019,109.76387023925781,0.0,0.0
06/25/2019,108.8039779663086,0.0,0.0
06/26/2019,105.24559020996094,0.0,0.0
06/27/2019,112.83940124511719,0.0,0.0
06/28/2019,105.05139923095703,0.0,0.0
06/29/2019,112.19254302978516,0.0,0.0
06/30/2019,114.14014434814453,0.0,0.0
07/01/2019,102.61730194091797,0.0,0.0
07/02/2019,103.22514343261719,0.0,0.0
07/03/2019,101.77335357666016,0.0,0.0
07/04/2019,106.3936538696289,0.0,0.0
07/05/2019,101.23405456542969,0.0,0.0
07/06/2019,100.029541015625,0.0,0.0
07/07/2019,103.31231689453125,0.0,0.0
07/08/2019,106.66284942626953,0.0,0.0
07/09/2019,105.19462585449219,0.0,0.0
07/10/2019,100.85465240478516,0.0,0.0
07/11/2019,97.1391830444336,0.0,0.0
07/12/2019,88.29791259765625,0.0,0.0
07/13/2019,93.40361785888672,0.0,0.0
07/14/2019,89.7723617553711,0.0,0.0
07/15/2019,82.03575897216797,0.0,0.0
07/16/2019,80.62586212158203,0.0,0.0
07/17/2019,66.87158966064453,0.0,0.0
07/18/2019,74.01702117919922,0.0,0.0
07/19/2019,79.38457489013672,0.0,0.0
07/20/2019,75.5682144165039,0.0,0.0
07/21/2019,78.07762908935547,0.0,0.0
07/22/2019,75.50476837158203,0.0,0.0
07/23/2019,73.2079086303711,0.0,0.0
07/24/2019,70.7926254272461,0.0,0.0
07/25/2019,71.08129119873047,0.0,0.0
07/26/2019,70.18183135986328,0.0,0.0
07/27/2019,71.68141174316406,0.0,0.0
07/28/2019,69.13561248779297,0.0,0.0
07/29/2019,68.84967803955078,0.0,0.0
07/30/2019,67.58827209472656,0.0,0.0
07/31/2019,66.76432037353516,0.0,0.0
08/01/2019,68.21366119384766,0.0,0.0
08/02/2019,67.94474029541016,0.0,0.0
08/03/2019,66.65699768066406,0.0,0.0
08/04/2019,65.31480407714844,0.0,0.0
08/05/2019,66.1447982788086,0.0,0.0
08/06/2019,67.11363220214844,0.0,0.0
08/07/2019,62.48609161376953,0.0,0.0
08/08/2019,62.24187088012695,0.0,0.0
08/09/2019,62.30573654174805,0.0,0.0
08/10/2019,58.621456146240234,0.0,0.0
08/11/2019,56.938785552978516,0.0,0.0
08/12/2019,59.90345001220703,0.0,0.0
08/13/2019,56.84734344482422,0.0,0.0
08/14/2019,55.301361083984375,0.0,0.0
08/15/2019,50.43972396850586,0.0,0.0
08/16/2019,50.79359436035156,0.0,0.0
08/17/2019,48.957115173339844,0.0,0.0
08/18/2019,50.09389877319336,0.0,0.0
08/19/2019,52.83985137939453,0.0,0.0
08/20/2019,54.4192008972168,0.0,0.0
08/21/2019,51.98633575439453,0.0,0.0
08/22/2019,49.8914909362793,0.0,0.0
08/23/2019,50.79808044433594,0.0,0.0
08/24/2019,51.04958724975586,0.0,0.0
08/25/2019,50.23944854736328,0.0,0.0
08/26/2019,50.20552062988281,0.0,0.0
08/27/2019,51.63204574584961,0.0,0.0
08/28/2019,50.49022674560547,0.0,0.0
08/29/2019,46.8057861328125,0.0,0.0
08/30/2019,45.06544876098633,0.0,0.0
08/31/2019,44.70248794555664,0.0,0.0
09/01/2019,44.89414978027344,0.0,0.0
09/02/2019,45.472190856933594,0.0,0.0
09/03/2019,46.7982063293457,0.0,0.0
09/04/2019,45.75091552734375,0.0,0.0
09/05/2019,44.94364547729492,0.0,0.0
09/06/2019,44.95555877685547,0.0,0.0
09/07/2019,46.009464263916016,0.0,0.0
09/08/2019,47.15080642700195,0.0,0.0
09/09/2019,48.371917724609375,0.0,0.0
09/10/2019,47.24380874633789,0.0,0.0
09/11/2019,45.04515838623047,0.0,0.0
09/12/2019,44.67367935180664,0.0,0.0
09/13/2019,44.77227783203125,0.0,0.0
09/14/2019,44.796390533447266,0.0,0.0
09/15/2019,46.28247833251953,0.0,0.0
09/16/2019,46.867958068847656,0.0,0.0
09/17/2019,48.672996520996094,0.0,0.0
09/18/2019,51.0152473449707,0.0,0.0
09/19/2019,52.74702072143555,0.0,0.0
09/20/2019,51.2956657409668,0.0,0.0
09/21/2019,48.88450241088867,0.0,0.0
09/22/2019,47.84062957763672,0.0,0.0
09/23/2019,46.356876373291016,0.0,0.0
09/24/2019,44.27640151977539,0.0,0.0
09/25/2019,36.096153259277344,0.0,0.0
09/26/2019,38.09658432006836,0.0,0.0
09/27/2019,35.09636688232422,0.0,0.0
09/28/2019,37.876007080078125,0.0,0.0
09/29/2019,40.629241943359375,0.0,0.0
09/30/2019,37.979679107666016,0.0,0.0
10/01/2019,38.80839920043945,0.0,0.0
10/02/2019,38.35955047607422,0.0,0.0
10/03/2019,38.23556900024414,0.0,0.0
10/04/2019,37.428131103515625,0.0,0.0
10/05/2019,37.42409896850586,0.0,0.0
10/06/2019,36.9978141784668,0.0,0.0
10/07/2019,36.093814849853516,0.0,0.0
10/08/2019,37.81322479248047,0.0,0.0
10/09/2019,36.80083465576172,0.0,0.0
10/10/2019,38.16905975341797,0.0,0.0
10/11/2019,37.50923156738281,0.0,0.0
10/12/2019,36.49797821044922,0.0,0.0
10/13/2019,36.6788330078125,0.0,0.0
10/14/2019,37.09532928466797,0.0,0.0
10/15/2019,37.20220184326172,0.0,0.0
10/16/2019,36.93446350097656,0.0,0.0
10/17/2019,36.07426452636719,0.0,0.0
10/18/2019,36.2108154296875,0.0,0.0
10/19/2019,35.99315643310547,0.0,0.0
10/20/2019,36.050010681152344,0.0,0.0
10/21/2019,36.39167404174805,0.0,0.0
10/22/2019,36.86994552612305,0.0,0.0
10/23/2019,35.927459716796875,0.0,0.0
10/24/2019,33.01199722290039,0.0,0.0
10/25/2019,33.50568389892578,0.0,0.0
10/26/2019,37.146453857421875,0.0,0.0
10/27/2019,36.15788269042969,0.0,0.0
10/28/2019,37.5309944152832,0.0,0.0
10/29/2019,37.90658950805664,0.0,0.0
10/30/2019,39.209144592285156,0.0,0.0
10/31/2019,38.747066497802734,0.0,0.0
11/01/2019,37.91862487792969,0.0,0.0
11/02/2019,37.919952392578125,0.0,0.0
11/03/2019,37.816707611083984,0.0,0.0
11/04/2019,37.184539794921875,0.0,0.0
11/05/2019,37.93392562866211,0.0,0.0
11/06/2019,38.76522445678711,0.0,0.0
11/07/2019,39.02977752685547,0.0,0.0
11/08/2019,38.85449981689453,0.0,0.0
11/09/2019,36.60400390625,0.0,0.0
11/10/2019,36.81680679321289,0.0,0.0
11/11/2019,37.666751861572266,0.0,0.0
11/12/2019,36.72883987426758,0.0,0.0
11/13/2019,36.88511657714844,0.0,0.0
11/14/2019,36.934814453125,0.0,0.0
11/15/2019,36.622398376464844,0.0,0.0
11/16/2019,36.23320770263672,0.0,0.0
11/17/2019,36.13935852050781,0.0,0.0
11/18/2019,36.06101989746094,0.0,0.0
11/19/2019,35.18977737426758,0.0,0.0
11/20/2019,34.29519271850586,0.0,0.0
11/21/2019,33.970497131347656,0.0,0.0
11/22/2019,31.36017417907715,0.0,0.0
11/23/2019,29.18178367614746,0.0,0.0
11/24/2019,29.960559844970703,0.0,0.0
11/25/2019,27.70572280883789,0.0,0.0
11/26/2019,27.32145881652832,0.0,0.0
11/27/2019,28.377073287963867,0.0,0.0
11/28/2019,28.567243576049805,0.0,0.0
11/29/2019,28.70392608642578,0.0,0.0
11/30/2019,29.482969284057617,0.0,0.0
12/01/2019,29.04524803161621,0.0,0.0
12/02/2019,28.03155517578125,0.0,0.0
12/03/2019,27.796241760253906,0.0,0.0
12/04/2019,27.412567138671875,0.0,0.0
12/05/2019,26.90903663635254,0.0,0.0
12/06/2019,30.4837703704834,0.0,0.0
12/07/2019,29.240575790405273,0.0,0.0
12/08/2019,29.74635887145996,0.0,0.0
12/09/2019,29.487619400024414,0.0,0.0
12/10/2019,31.135812759399414,0.0,0.0
12/11/2019,30.218549728393555,0.0,0.0
12/12/2019,31.411104202270508,0.0,0.0
12/13/2019,31.988935470581055,0.0,0.0
12/14/2019,33.411590576171875,0.0,0.0
12/15/2019,32.33328628540039,0.0,0.0
12/16/2019,33.057762145996094,0.0,0.0
12/17/2019,29.673858642578125,0.0,0.0
12/18/2019,27.74421501159668,0.0,0.0
12/19/2019,29.34058380126953,0.0,0.0
12/20/2019,28.78511619567871,0.0,0.0
12/21/2019,28.564125061035156,0.0,0.0
12/22/2019,28.475139617919922,0.0,0.0
12/23/2019,29.195676803588867,0.0,0.0
12/24/2019,28.344066619873047,0.0,0.0
12/25/2019,28.295894622802734,0.0,0.0
12/26/2019,27.7337646484375,0.0,0.0
12/27/2019,27.716930389404297,0.0,0.0
12/28/2019,27.78399085998535,0.0,0.0
12/29/2019,28.1917724609375,0.0,0.0
12/30/2019,29.30369758605957,0.0,0.0
12/31/2019,28.56465721130371,0.0,0.0
01/01/2020,27.628389358520508,0.0,0.0
01/02/2020,28.0186710357666,0.0,0.0
01/03/2020,27.132450103759766,0.0,0.0
01/04/2020,28.551237106323242,0.0,0.0
01/05/2020,30.237430572509766,0.0,0.0
01/06/2020,30.953548431396484,0.0,0.0
01/07/2020,32.935882568359375,0.0,0.0
01/08/2020,32.314491271972656,0.0,0.0
01/09/2020,31.116830825805664,0.0,0.0
01/10/2020,31.04674530029297,0.0,0.0
01/11/2020,33.69449234008789,0.0,0.0
01/12/2020,34.955570220947266,0.0,0.0
01/13/2020,35.640350341796875,0.0,0.0
01/14/2020,38.40993118286133,0.0,0.0
01/15/2020,43.92723083496094,0.0,0.0
01/16/2020,54.81494903564453,0.0,0.0
01/17/2020,50.85832214355469,0.0,0.0
01/18/2020,61.73413848876953,0.0,0.0
01/19/2020,51.47809982299805,0.0,0.0
01/20/2020,51.79163360595703,0.0,0.0
01/21/2020,53.674705505371094,0.0,0.0
01/22/2020,53.253997802734375,0.0,0.0
01/23/2020,52.14875411987305,0.0,0.0
01/24/2020,49.46991729736328,0.0,0.0
01/25/2020,49.05710220336914,0.0,0.0
01/26/2020,49.090755462646484,0.0,0.0
01/27/2020,53.87273025512695,0.0,0.0
01/28/2020,55.34006118774414,0.0,0.0
01/29/2020,57.115562438964844,0.0,0.0
01/30/2020,61.9195671081543,0.0,0.0
01/31/2020,66.9054183959961,0.0,0.0
02/01/2020,66.61399841308594,0.0,0.0
02/02/2020,65.89035034179688,0.0,0.0
02/03/2020,66.45906829833984,0.0,0.0
02/04/2020,65.71406555175781,0.0,0.0
02/05/2020,64.32231903076172,0.0,0.0
02/06/2020,71.37049865722656,0.0,0.0
02/07/2020,70.18693542480469,0.0,0.0
02/08/2020,68.40298461914062,0.0,0.0
02/09/2020,70.07315063476562,0.0,0.0
02/10/2020,71.05899810791016,0.0,0.0
02/11/2020,70.1545639038086,0.0,0.0
02/12/2020,72.82345581054688,0.0,0.0
02/13/2020,73.19046783447266,0.0,0.0
02/14/2020,72.18551635742188,0.0,0.0
02/15/2020,72.66453552246094,0.0,0.0
02/16/2020,65.08518981933594,0.0,0.0
02/17/2020,60.15922164916992,0.0,0.0
02/18/2020,64.49656677246094,0.0,0.0
02/19/2020,65.71908569335938,0.0,0.0
02/20/2020,62.213558197021484,0.0,0.0
02/21/2020,60.887062072753906,0.0,0.0
02/22/2020,61.7830810546875,0.0,0.0
02/23/2020,60.88772964477539,0.0,0.0
02/24/2020,63.40925598144531,0.0,0.0
02/25/2020,60.75154495239258,0.0,0.0
02/26/2020,57.15546417236328,0.0,0.0
02/27/2020,51.61345672607422,0.0,0.0
02/28/2020,52.643409729003906,0.0,0.0
02/29/2020,50.659358978271484,0.0,0.0
03/01/2020,49.268733978271484,0.0,0.0
03/02/2020,49.270198822021484,0.0,0.0
03/03/2020,51.99951934814453,0.0,0.0
03/04/2020,50.922935485839844,0.0,0.0
03/05/2020,50.18574523925781,0.0,0.0
03/06/2020,52.000675201416016,0.0,0.0
03/07/2020,53.06909942626953,0.0,0.0
03/08/2020,50.69547653198242,0.0,0.0
03/09/2020,43.076602935791016,0.0,0.0
03/10/2020,42.029232025146484,0.0,0.0
03/11/2020,41.522804260253906,0.0,0.0
03/12/2020,40.110565185546875,0.0,0.0
03/13/2020,26.275388717651367,0.0,0.0
03/14/2020,27.416271209716797,0.0,0.0
03/15/2020,24.982524871826172,0.0,0.0
03/16/2020,25.77454376220703,0.0,0.0
03/17/2020,24.26608657836914,0.0,0.0
03/18/2020,24.540752410888672,0.0,0.0
03/19/2020,28.50094223022461,0.0,0.0
03/20/2020,32.05582809448242,0.0,0.0
03/21/2020,32.86293411254883,0.0,0.0
03/22/2020,32.98419189453125,0.0,0.0
03/23/2020,29.575801849365234,0.0,0.0
03/24/2020,31.89828872680664,0.0,0.0
03/25/2020,32.81568145751953,0.0,0.0
03/26/2020,32.169368743896484,0.0,0.0
03/27/2020,32.34110641479492,0.0,0.0
03/28/2020,31.629520416259766,0.0,0.0
03/29/2020,30.366483688354492,0.0,0.0
03/30/2020,28.431087493896484,0.0,0.0
03/31/2020,30.760290145874023,0.0,0.0
04/01/2020,31.09578514099121,0.0,0.0
04/02/2020,31.339542388916016,0.0,0.0
04/03/2020,32.35205841064453,0.0,0.0
04/04/2020,32.726043701171875,0.0,0.0
04/05/2020,33.20340347290039,0.0,0.0
04/06/2020,32.631290435791016,0.0,0.0
04/07/2020,37.10852813720703,0.0,0.0
04/08/2020,36.458221435546875,0.0,0.0
04/09/2020,37.77268600463867,0.0,0.0
04/10/2020,41.059913635253906,0.0,0.0
04/11/2020,36.76934814453125,0.0,0.0
04/12/2020,36.152103424072266,0.0,0.0
04/13/2020,36.81393051147461,0.0,0.0
04/14/2020,35.74332046508789,0.0,0.0
04/15/2020,35.39226150512695,0.0,0.0
04/16/2020,35.171287536621094,0.0,0.0
04/18/2020,40.67055130004883,0.0,0.0
04/19/2020,42.08509826660156,0.0,0.0
04/20/2020,46.66456985473633,0.0,0.0
04/21/2020,42.37517166137695,0.0,0.0
04/22/2020,42.414424896240234,0.0,0.0
04/23/2020,45.50849533081055,0.0,0.0
04/24/2020,44.268768310546875,0.0,0.0
04/25/2020,44.494972229003906,0.0,0.0
04/26/2020,44.954078674316406,0.0,0.0
04/27/2020,44.65251541137695,0.0,0.0
04/28/2020,44.58485794067383,0.0,0.0
04/29/2020,44.94353103637695,0.0,0.0
04/30/2020,47.13138961791992,0.0,0.0
05/01/2020,44.97681427001953,0.0,0.0
05/02/2020,45.920536041259766,0.0,0.0
05/03/2020,46.640159606933594,0.0,0.0
05/04/2020,44.8745231628418,0.0,0.0
05/05/2020,44.20480728149414,0.0,0.0
05/06/2020,43.834896087646484,0.0,0.0
05/07/2020,43.102455139160156,0.0,0.0
05/08/2020,44.15754318237305,0.0,0.0
05/09/2020,47.0624885559082,0.0,0.0
05/10/2020,45.21199417114258,0.0,0.0
05/11/2020,40.956024169921875,0.0,0.0
05/12/2020,39.821319580078125,0.0,0.0
05/13/2020,42.13934326171875,0.0,0.0
05/14/2020,42.87910079956055,0.0,0.0
05/15/2020,43.00106430053711,0.0,0.0
05/16/2020,41.98381042480469,0.0,0.0
05/17/2020,42.54359436035156,0.0,0.0
05/18/2020,46.3211784362793,0.0,0.0
05/19/2020,48.06843566894531,0.0,0.0
05/20/2020,48.63370132446289,0.0,0.0
05/21/2020,48.40909957885742,0.0,0.0
05/22/2020,46.10674285888672,0.0,0.0
05/23/2020,47.829898834228516,0.0,0.0
05/24/2020,47.180206298828125,0.0,0.0
05/25/2020,45.38346862792969,0.0,0.0
05/26/2020,45.9939079284668,0.0,0.0
05/27/2020,44.78814697265625,0.0,0.0
05/28/2020,46.06086730957031,0.0,0.0
05/29/2020,47.59275817871094,0.0,0.0
05/30/2020,46.7072868347168,0.0,0.0
05/31/2020,54.75624465942383,0.0,0.0
06/01/2020,51.60765075683594,0.0,0.0
06/02/2020,54.55643081665039,0.0,0.0
06/03/2020,51.41526794433594,0.0,0.0
06/04/2020,52.76924133300781,0.0,0.0
06/05/2020,52.28462600708008,0.0,0.0
06/06/2020,52.90486526489258,0.0,0.0
06/07/2020,52.79013442993164,0.0,0.0
06/08/2020,52.304656982421875,0.0,0.0
06/09/2020,52.41035461425781,0.0,0.0
06/10/2020,52.129581451416016,0.0,0.0
06/11/2020,55.14152526855469,0.0,0.0
06/12/2020,49.92695236206055,0.0,0.0
06/13/2020,51.75722122192383,0.0,0.0
06/14/2020,52.78490447998047,0.0,0.0
06/15/2020,51.3380241394043,0.0,0.0
06/16/2020,52.292179107666016,0.0,0.0
06/17/2020,52.921661376953125,0.0,0.0
06/18/2020,52.89167785644531,0.0,0.0
06/19/2020,52.165496826171875,0.0,0.0
06/20/2020,51.169010162353516,0.0,0.0
06/21/2020,51.30941390991211,0.0,0.0
06/22/2020,50.56538391113281,0.0,0.0
06/23/2020,53.33344268798828,0.0,0.0
06/24/2020,58.382720947265625,0.0,0.0
06/25/2020,55.19645690917969,0.0,0.0
06/26/2020,55.94459533691406,0.0,0.0
06/27/2020,55.65629196166992,0.0,0.0
06/28/2020,52.68545150756836,0.0,0.0
06/29/2020,51.92473602294922,0.0,0.0
06/30/2020,52.455421447753906,0.0,0.0
07/01/2020,51.58054733276367,0.0,0.0
07/02/2020,51.88361358642578,0.0,0.0
07/03/2020,51.80482864379883,0.0,0.0
07/04/2020,51.1903190612793,0.0,0.0
07/05/2020,51.38098907470703,0.0,0.0
07/06/2020,51.19088363647461,0.0,0.0
07/07/2020,55.46923828125,0.0,0.0
07/08/2020,55.00916290283203,0.0,0.0
07/09/2020,57.936668395996094,0.0,0.0
07/10/2020,57.23251724243164,0.0,0.0
07/11/2020,55.9332389831543,0.0,0.0
07/12/2020,56.00058364868164,0.0,0.0
07/13/2020,58.6008186340332,0.0,0.0
07/14/2020,61.239688873291016,0.0,0.0
07/15/2020,61.813629150390625,0.0,0.0
07/16/2020,61.284828186035156,0.0,0.0
07/17/2020,58.840293884277344,0.0,0.0
07/18/2020,59.5334358215332,0.0,0.0
07/19/2020,58.939762115478516,0.0,0.0
07/20/2020,58.363712310791016,0.0,0.0
07/21/2020,57.13604736328125,0.0,0.0
07/22/2020,62.26933288574219,0.0,0.0
07/23/2020,64.24512481689453,0.0,0.0
07/24/2020,63.48152160644531,0.0,0.0
07/25/2020,63.08217239379883,0.0,0.0
07/26/2020,65.3668441772461,0.0,0.0
07/27/2020,65.76904296875,0.0,0.0
07/28/2020,70.70673370361328,0.0,0.0
07/29/2020,70.91011810302734,0.0,0.0
07/30/2020,72.42951202392578,0.0,0.0
07/31/2020,70.91072082519531,0.0,0.0
08/01/2020,74.6041030883789,0.0,0.0
08/02/2020,89.5865249633789,0.0,0.0
08/03/2020,83.92362976074219,0.0,0.0
08/04/2020,82.46620178222656,0.0,0.0
08/05/2020,84.1227035522461,0.0,0.0
08/06/2020,95.99311065673828,0.0,0.0
08/07/2020,95.05998992919922,0.0,0.0
08/08/2020,92.25638580322266,0.0,0.0
08/09/2020,94.12873077392578,0.0,0.0
08/10/2020,90.2511978149414,0.0,0.0
08/11/2020,87.85050201416016,0.0,0.0
08/12/2020,81.34368896484375,0.0,0.0
08/13/2020,84.14067077636719,0.0,0.0
08/14/2020,87.58138275146484,0.0,0.0
08/15/2020,84.45738220214844,0.0,0.0
08/16/2020,84.740234375,0.0,0.0
08/17/2020,84.39485168457031,0.0,0.0
08/18/2020,85.7747802734375,0.0,0.0
08/19/2020,83.26168823242188,0.0,0.0
08/20/2020,77.14209747314453,0.0,0.0
08/21/2020,79.57112121582031,0.0,0.0
08/22/2020,75.64043426513672,0.0,0.0
08/23/2020,78.2392578125,0.0,0.0
08/24/2020,83.69351196289062,0.0,0.0
08/25/2020,80.81616973876953,0.0,0.0
08/26/2020,74.6345443725586,0.0,0.0
08/27/2020,76.50674438476562,0.0,0.0
08/28/2020,74.37162017822266,0.0,0.0
08/29/2020,77.63179779052734,0.0,0.0
08/30/2020,79.83658599853516,0.0,0.0
08/31/2020,81.46241760253906,0.0,0.0
09/01/2020,79.47437286376953,0.0,0.0
09/02/2020,83.31859588623047,0.0,0.0
09/03/2020,77.05793762207031,0.0,0.0
09/04/2020,57.18939208984375,0.0,0.0
09/05/2020,60.05366516113281,0.0,0.0
09/06/2020,55.36286926269531,0.0,0.0
09/07/2020,58.92272186279297,0.0,0.0
09/08/2020,61.933013916015625,0.0,0.0
09/09/2020,58.91073989868164,0.0,0.0
09/10/2020,60.06882858276367,0.0,0.0
09/11/2020,62.49307632446289,0.0,0.0
09/12/2020,63.43301773071289,0.0,0.0
09/13/2020,65.9892578125,0.0,0.0
09/14/2020,62.4343147277832,0.0,0.0
09/15/2020,63.34077453613281,0.0,0.0
09/16/2020,59.56868362426758,0.0,0.0
09/17/2020,58.467864990234375,0.0,0.0
09/18/2020,59.59866714477539,0.0,0.0
09/19/2020,57.81621551513672,0.0,0.0
09/20/2020,58.04567337036133,0.0,0.0
09/21/2020,57.62577819824219,0.0,0.0
09/22/2020,52.06093978881836,0.0,0.0
09/23/2020,53.45518493652344,0.0,0.0
09/24/2020,51.918365478515625,0.0,0.0
09/25/2020,55.013587951660156,0.0,0.0
09/26/2020,54.96622085571289,0.0,0.0
09/27/2020,56.423431396484375,0.0,0.0
09/28/2020,55.51791763305664,0.0,0.0
09/29/2020,56.33356475830078,0.0,0.0
09/30/2020,61.226661682128906,0.0,0.0
10/01/2020,67.17756652832031,0.0,0.0
10/02/2020,64.58492279052734,0.0,0.0
10/03/2020,63.52922821044922,0.0,0.0
10/04/2020,60.861854553222656,0.0,0.0
10/05/2020,63.18325424194336,0.0,0.0
10/06/2020,65.82217407226562,0.0,0.0
10/07/2020,61.727012634277344,0.0,0.0
10/08/2020,61.57944869995117,0.0,0.0
10/10/2020,65.39085388183594,0.0,0.0
10/11/2020,68.11294555664062,0.0,0.0
10/14/2020,71.17251586914062,0.0,0.0
10/15/2020,70.15897369384766,0.0,0.0
10/16/2020,69.66450500488281,0.0,0.0
10/17/2020,62.374290466308594,0.0,0.0
10/18/2020,62.96382522583008,0.0,0.0
10/19/2020,66.65663146972656,0.0,0.0
10/20/2020,66.74286651611328,0.0,0.0
10/21/2020,57.770145416259766,0.0,0.0
10/22/2020,61.0916748046875,0.0,0.0
10/23/2020,65.6975326538086,0.0,0.0
10/24/2020,63.0011100769043,0.0,0.0
10/25/2020,63.86809158325195,0.0,0.0
10/26/2020,62.81461715698242,0.0,0.0
10/27/2020,60.522247314453125,0.0,0.0
10/28/2020,61.12137985229492,0.0,0.0
10/29/2020,57.08556365966797,0.0,0.0
10/30/2020,56.85593032836914,0.0,0.0
10/31/2020,58.37055587768555,0.0,0.0
11/01/2020,58.12144088745117,0.0,0.0
11/02/2020,58.07456970214844,0.0,0.0
11/03/2020,55.06162643432617,0.0,0.0
11/04/2020,53.186344146728516,0.0,0.0
11/05/2020,53.8587760925293,0.0,0.0
11/06/2020,56.618289947509766,0.0,0.0
11/07/2020,61.275299072265625,0.0,0.0
11/08/2020,57.3194694519043,0.0,0.0
11/09/2020,60.63766860961914,0.0,0.0
11/10/2020,58.4661865234375,0.0,0.0
11/11/2020,58.95978546142578,0.0,0.0
11/12/2020,58.99089050292969,0.0,0.0
11/13/2020,62.59516143798828,0.0,0.0
11/14/2020,64.91378784179688,0.0,0.0
11/15/2020,63.78718566894531,0.0,0.0
11/16/2020,61.222782135009766,0.0,0.0
11/17/2020,65.30461120605469,0.0,0.0
11/18/2020,66.47019958496094,0.0,0.0
11/19/2020,63.15412521362305,0.0,0.0
11/20/2020,62.45672607421875,0.0,0.0
11/21/2020,63.143741607666016,0.0,0.0
11/22/2020,70.78903198242188,0.0,0.0
11/23/2020,68.54122924804688,0.0,0.0
11/24/2020,79.27596282958984,0.0,0.0
11/25/2020,86.17170715332031,0.0,0.0
11/26/2020,78.4081039428711,0.0,0.0
11/27/2020,69.85710144042969,0.0,0.0
11/28/2020,68.65087127685547,0.0,0.0
11/29/2020,73.85063934326172,0.0,0.0
11/30/2020,74.57942962646484,0.0,0.0
12/01/2020,78.14373016357422,0.0,0.0
12/02/2020,75.10780334472656,0.0,0.0
12/03/2020,76.40560150146484,0.0,0.0
12/04/2020,75.91387939453125,0.0,0.0
12/05/2020,70.4002685546875,0.0,0.0
12/06/2020,71.75221252441406,0.0,0.0
12/07/2020,73.87442779541016,0.0,0.0
12/08/2020,74.79219055175781,0.0,0.0
12/09/2020,69.44812774658203,0.0,0.0
12/10/2020,68.8692855834961,0.0,0.0
12/11/2020,66.25411987304688,0.0,0.0
12/12/2020,64.68889617919922,0.0,0.0
12/13/2020,65.75049591064453,0.0,0.0
12/14/2020,67.13529968261719,0.0,0.0
12/15/2020,67.14906311035156,0.0,0.0
12/16/2020,68.052734375,0.0,0.0
12/17/2020,71.32860565185547,0.0,0.0
12/18/2020,74.89783477783203,0.0,0.0
12/19/2020,74.58883666992188,0.0,0.0
12/20/2020,74.38911437988281,0.0,0.0
12/21/2020,74.27471923828125,0.0,0.0
12/22/2020,67.90977478027344,0.0,0.0
12/23/2020,67.36825561523438,0.0,0.0
12/24/2020,54.78505325317383,0.0,0.0
12/25/2020,60.85051727294922,0.0,0.0
12/26/2020,62.14942932128906,0.0,0.0
12/27/2020,66.1382827758789,0.0,0.0
12/28/2020,67.66263580322266,0.0,0.0
12/29/2020,69.01197814941406,0.0,0.0
12/30/2020,66.52490997314453,0.0,0.0
12/31/2020,64.19914245605469,0.0,0.0
01/01/2021,63.97918701171875,0.0,0.0
01/02/2021,56.84847640991211,0.0,0.0
01/03/2021,57.8128662109375,0.0,0.0
01/04/2021,59.238067626953125,0.0,0.0
01/05/2021,59.28226089477539,0.0,0.0
01/06/2021,59.59794998168945,0.0,0.0
01/07/2021,62.95460510253906,0.0,0.0
01/08/2021,68.55489349365234,0.0,0.0
01/09/2021,68.89505004882812,0.0,0.0
01/10/2021,77.98702239990234,0.0,0.0
01/11/2021,96.55018615722656,0.0,0.0
01/12/2021,88.06379699707031,0.0,0.0
01/13/2021,99.36166381835938,0.0,0.0
01/14/2021,117.23307800292969,0.0,0.0
01/15/2021,109.93001556396484,0.0,0.0
01/16/2021,103.13411712646484,0.0,0.0
01/17/2021,109.01296997070312,0.0,0.0
01/18/2021,101.54666137695312,0.0,0.0
01/19/2021,104.09986114501953,0.0,0.0
01/20/2021,103.91065216064453,0.0,0.0
01/21/2021,96.29718780517578,0.0,0.0
01/22/2021,84.94209289550781,0.0,0.0
01/23/2021,87.21054077148438,0.0,0.0
01/24/2021,86.14411163330078,0.0,0.0
01/25/2021,89.72384643554688,0.0,0.0
01/26/2021,88.97550964355469,0.0,0.0
01/27/2021,86.91036987304688,0.0,0.0
01/28/2021,79.50444793701172,0.0,0.0
01/29/2021,87.68917846679688,0.0,0.0
01/30/2021,85.85995483398438,0.0,0.0
01/31/2021,84.15827178955078,0.0,0.0
02/01/2021,85.7403335571289,0.0,0.0
02/02/2021,88.0068588256836,0.0,0.0
02/03/2021,92.35978698730469,0.0,0.0
02/04/2021,95.58667755126953,0.0,0.0
02/05/2021,91.74806213378906,0.0,0.0
02/06/2021,96.2420425415039,0.0,0.0
02/07/2021,95.65953063964844,0.0,0.0
02/08/2021,92.57826232910156,0.0,0.0
02/09/2021,96.94036102294922,0.0,0.0
02/10/2021,108.59197998046875,0.0,0.0
02/11/2021,115.13836669921875,0.0,0.0
02/12/2021,142.31927490234375,0.0,0.0
02/13/2021,143.44818115234375,0.0,0.0
02/14/2021,176.22927856445312,0.0,0.0
02/15/2021,157.2394561767578,0.0,0.0
02/16/2021,159.5673370361328,0.0,0.0
02/17/2021,155.3372802734375,0.0,0.0
02/18/2021,168.71054077148438,0.0,0.0
02/19/2021,168.43179321289062,0.0,0.0
02/20/2021,180.2967529296875,0.0,0.0
02/21/2021,164.14385986328125,0.0,0.0
02/22/2021,162.64666748046875,0.0,0.0
02/23/2021,144.82359313964844,0.0,0.0
02/24/2021,124.89537048339844,0.0,0.0
02/25/2021,130.41665649414062,0.0,0.0
02/26/2021,124.00279998779297,0.0,0.0
02/27/2021,117.8309097290039,0.0,0.0
02/28/2021,119.70118713378906,0.0,0.0
03/01/2021,109.74044036865234,0.0,0.0
03/02/2021,122.13702392578125,0.0,0.0
03/03/2021,119.51887512207031,0.0,0.0
03/04/2021,123.23723602294922,0.0,0.0
03/05/2021,121.20353698730469,0.0,0.0
03/06/2021,121.03231811523438,0.0,0.0
03/07/2021,123.92940521240234,0.0,0.0
03/08/2021,128.47145080566406,0.0,0.0
03/09/2021,127.94956970214844,0.0,0.0
03/10/2021,136.21826171875,0.0,0.0
03/11/2021,139.5664825439453,0.0,0.0
03/12/2021,152.11705017089844,0.0,0.0
03/13/2021,146.40292358398438,0.0,0.0
03/14/2021,155.5332489013672,0.0,0.0
03/15/2021,144.875732421875,0.0,0.0
03/16/2021,135.2017364501953,0.0,0.0
03/17/2021,137.75062561035156,0.0,0.0
03/18/2021,144.66139221191406,0.0,0.0
03/19/2021,143.53848266601562,0.0,0.0
03/20/2021,151.0660858154297,0.0,0.0
03/21/2021,156.1185302734375,0.0,0.0
03/22/2021,148.5128936767578,0.0,0.0
03/23/2021,140.93028259277344,0.0,0.0
03/24/2021,136.91925048828125,0.0,0.0
03/25/2021,128.42808532714844,0.0,0.0
03/26/2021,123.73236846923828,0.0,0.0
03/27/2021,132.79330444335938,0.0,0.0
03/28/2021,133.77230834960938,0.0,0.0
03/29/2021,144.16896057128906,0.0,0.0
03/30/2021,149.94281005859375,0.0,0.0
03/31/2021,154.33053588867188,0.0,0.0
04/01/2021,156.9245147705078,0.0,0.0
04/02/2021,164.2087860107422,0.0,0.0
04/03/2021,169.7620849609375,0.0,0.0
04/04/2021,173.20660400390625,0.0,0.0
04/05/2021,188.84524536132812,0.0,0.0
04/06/2021,197.20957946777344,0.0,0.0
04/07/2021,191.1029052734375,0.0,0.0
04/08/2021,171.50863647460938,0.0,0.0
04/09/2021,181.41903686523438,0.0,0.0
04/10/2021,194.99008178710938,0.0,0.0
04/11/2021,206.02505493164062,0.0,0.0
04/12/2021,222.10165405273438,0.0,0.0
04/13/2021,221.00607299804688,0.0,0.0
04/14/2021,226.1583251953125,0.0,0.0
04/15/2021,236.70321655273438,0.0,0.0
04/16/2021,252.22108459472656,0.0,0.0
04/17/2021,269.8116760253906,0.0,0.0
04/18/2021,283.6344909667969,0.0,0.0
04/19/2021,259.5451354980469,0.0,0.0
04/20/2021,226.01646423339844,0.0,0.0
04/21/2021,249.4701690673828,0.0,0.0
04/22/2021,240.0257568359375,0.0,0.0
04/23/2021,224.8168487548828,0.0,0.0
04/24/2021,220.2930145263672,0.0,0.0
04/25/2021,201.27284240722656,0.0,0.0
04/26/2021,203.2432403564453,0.0,0.0
04/27/2021,225.1663360595703,0.0,0.0
04/28/2021,239.8599395751953,0.0,0.0
04/29/2021,240.2074737548828,0.0,0.0
04/30/2021,230.4439697265625,0.0,0.0
05/01/2021,245.5220184326172,0.0,0.0
05/02/2021,255.8468780517578,0.0,0.0
05/03/2021,243.9473114013672,0.0,0.0
05/04/2021,250.35032653808594,0.0,0.0
05/05/2021,241.0725860595703,0.0,0.0
05/06/2021,290.2897644042969,0.0,0.0
05/07/2021,308.0009460449219,0.0,0.0
05/08/2021,319.55828857421875,0.0,0.0
05/09/2021,314.878173828125,0.0,0.0
05/10/2021,304.36798095703125,0.0,0.0
05/11/2021,283.8600769042969,0.0,0.0
05/12/2021,301.9524841308594,0.0,0.0
05/13/2021,281.390625,0.0,0.0
05/14/2021,296.0203857421875,0.0,0.0
05/15/2021,305.66436767578125,0.0,0.0
05/16/2021,270.54608154296875,0.0,0.0
05/17/2021,262.2207946777344,0.0,0.0
05/18/2021,235.08428955078125,0.0,0.0
05/19/2021,255.21519470214844,0.0,0.0
05/20/2021,146.65176391601562,0.0,0.0
05/21/2021,182.6879119873047,0.0,0.0
05/22/2021,157.04275512695312,0.0,0.0
05/23/2021,142.64427185058594,0.0,0.0
05/24/2021,114.58763122558594,0.0,0.0
05/25/2021,149.33428955078125,0.0,0.0
05/26/2021,145.5142059326172,0.0,0.0
05/27/2021,158.70509338378906,0.0,0.0
05/28/2021,149.9054412841797,0.0,0.0
05/29/2021,164.68409729003906,0.0,0.0
05/30/2021,149.16683959960938,0.0,0.0
05/31/2021,150.06951904296875,0.0,0.0
06/01/2021,161.95616149902344,0.0,0.0
06/02/2021,154.05323791503906,0.0,0.0
06/03/2021,164.46649169921875,0.0,0.0
06/04/2021,172.9189910888672,0.0,0.0
06/05/2021,155.58944702148438,0.0,0.0
06/06/2021,153.8731689453125,0.0,0.0
06/07/2021,149.55563354492188,0.0,0.0
06/08/2021,135.95401000976562,0.0,0.0
06/09/2021,131.06016540527344,0.0,0.0
06/10/2021,145.0667266845703,0.0,0.0
06/11/2021,134.08663940429688,0.0,0.0
06/12/2021,124.77093505859375,0.0,0.0
06/13/2021,125.93602752685547,0.0,0.0
06/14/2021,132.94847106933594,0.0,0.0
06/15/2021,138.2722625732422,0.0,0.0
06/16/2021,136.7019805908203,0.0,0.0
06/17/2021,136.9214630126953,0.0,0.0
06/18/2021,142.30953979492188,0.0,0.0
06/19/2021,132.7281951904297,0.0,0.0
06/20/2021,128.2910919189453,0.0,0.0
06/21/2021,131.9056854248047,0.0,0.0
06/22/2021,101.27780151367188,0.0,0.0
06/23/2021,106.34351348876953,0.0,0.0
06/24/2021,111.75147247314453,0.0,0.0
06/25/2021,112.77088165283203,0.0,0.0
06/26/2021,100.30296325683594,0.0,0.0
06/27/2021,103.5710678100586,0.0,0.0
06/28/2021,107.51670837402344,0.0,0.0
06/29/2021,117.89369201660156,0.0,0.0
06/30/2021,126.21263885498047,0.0,0.0
07/01/2021,130.8295440673828,0.0,0.0
07/02/2021,120.38762664794922,0.0,0.0
07/03/2021,118.56979370117188,0.0,0.0
07/04/2021,116.20284271240234,0.0,0.0
07/05/2021,120.32926177978516,0.0,0.0
07/06/2021,111.32181549072266,0.0,0.0
07/07/2021,117.55072021484375,0.0,0.0
07/08/2021,118.5116958618164,0.0,0.0
07/09/2021,109.1278305053711,0.0,0.0
07/10/2021,110.9788589477539,0.0,0.0
07/11/2021,108.1209487915039,0.0,0.0
07/12/2021,110.79861450195312,0.0,0.0
07/13/2021,108.00948333740234,0.0,0.0
07/14/2021,104.11082458496094,0.0,0.0
07/15/2021,104.54619598388672,0.0,0.0
07/16/2021,100.0053482055664,0.0,0.0
07/17/2021,93.12779235839844,0.0,0.0
07/18/2021,93.18519592285156,0.0,0.0
07/19/2021,93.98905181884766,0.0,0.0
07/20/2021,89.24715423583984,0.0,0.0
07/21/2021,85.7066650390625,0.0,0.0
07/22/2021,95.17833709716797,0.0,0.0
07/23/2021,97.49762725830078,0.0,0.0
07/24/2021,97.68182373046875,0.0,0.0
07/25/2021,99.29412078857422,0.0,0.0
07/26/2021,100.4267807006836,0.0,0.0
07/27/2021,101.50928497314453,0.0,0.0
07/28/2021,103.00598907470703,0.0,0.0
07/29/2021,105.78825378417969,0.0,0.0
07/30/2021,107.81681823730469,0.0,0.0
